state,year,month,unemployment_rate,employment,labor_force
Alabama,2015.0,1.0,6.2,2033561,2166864
Alaska,2015.0,1.0,6.3,339969,362704
Arizona,2015.0,1.0,6.4,2893441,3090768
Arkansas,2015.0,1.0,5.5,1258688,1331412
California,2015.0,1.0,6.8,17534241,18818212
Colorado,2015.0,1.0,4.1,2692237,2807587
Connecticut,2015.0,1.0,6,1798490,1912878
Delaware,2015.0,1.0,5,435087,458015
District of Columbia,2015.0,1.0,7.3,351723,379620
Florida,2015.0,1.0,5.9,8985862,9547419
Georgia,2015.0,1.0,6.5,4433176,4739013
Hawaii,2015.0,1.0,3.8,654379,680210
Idaho,2015.0,1.0,3.9,758658,789286
Illinois,2015.0,1.0,6.1,6132193,6530801
Indiana,2015.0,1.0,5.4,3071983,3246591
Iowa,2015.0,1.0,3.9,1641989,1708406
Kansas,2015.0,1.0,4.3,1433010,1497763
Kentucky,2015.0,1.0,5.4,1880712,1987156
Louisiana,2015.0,1.0,6.7,2023380,2169690
Maine,2015.0,1.0,4.9,661015,695333
Maryland,2015.0,1.0,5.4,2988575,3157724
Massachusetts,2015.0,1.0,5.2,3445330,3632559
Michigan,2015.0,1.0,6,4478524,4764774
Minnesota,2015.0,1.0,3.8,2886685,3002256
Mississippi,2015.0,1.0,6.8,1164541,1249462
Missouri,2015.0,1.0,5.6,2874992,3046324
Montana,2015.0,1.0,4.3,495156,517396
Nebraska,2015.0,1.0,2.9,983736,1013018
Nevada,2015.0,1.0,7.4,1286014,1389305
New Hampshire,2015.0,1.0,3.8,721759,750638
New Jersey,2015.0,1.0,6.3,4307181,4599138
New Mexico,2015.0,1.0,6.5,879963,940698
New York,2015.0,1.0,5.7,9153255,9705061
North Carolina,2015.0,1.0,5.7,4412586,4680763
North Dakota,2015.0,1.0,2.6,405169,416126
Ohio,2015.0,1.0,5.2,5440311,5737312
Oklahoma,2015.0,1.0,4,1740647,1813648
Oregon,2015.0,1.0,5.8,1844099,1958638
Pennsylvania,2015.0,1.0,5.5,6087410,6444939
Rhode Island,2015.0,1.0,6.5,529233,566321
South Carolina,2015.0,1.0,6.4,2089533,2233242
South Dakota,2015.0,1.0,3.2,435204,449519
Tennessee,2015.0,1.0,6.1,2879087,3065281
Texas,2015.0,1.0,4.5,12413821,13005030
Utah,2015.0,1.0,3.5,1392252,1443189
Vermont,2015.0,1.0,3.7,340483,353493
Virginia,2015.0,1.0,4.7,4037511,4237002
Washington,2015.0,1.0,5.6,3323383,3519204
West Virginia,2015.0,1.0,6.4,744197,795082
Wisconsin,2015.0,1.0,4.7,2947348,3093599
Wyoming,2015.0,1.0,4,289817,302001
Alabama,2015.0,2.0,6.1,2036524,2169495
Alaska,2015.0,2.0,6.3,339800,362522
Arizona,2015.0,2.0,6.3,2898478,3093823
Arkansas,2015.0,2.0,5.4,1259787,1332284
California,2015.0,2.0,6.7,17560173,18826972
Colorado,2015.0,2.0,4.1,2693949,2808391
Connecticut,2015.0,2.0,5.9,1800235,1912990
Delaware,2015.0,2.0,5,435866,458674
District of Columbia,2015.0,2.0,7.3,351894,379593
Florida,2015.0,2.0,5.8,8995968,9552483
Georgia,2015.0,2.0,6.4,4434740,4737111
Hawaii,2015.0,2.0,3.7,655219,680652
Idaho,2015.0,2.0,3.9,760580,791359
Illinois,2015.0,2.0,6.1,6135825,6531408
Indiana,2015.0,2.0,5.2,3076931,3247085
Iowa,2015.0,2.0,3.8,1642043,1707615
Kansas,2015.0,2.0,4.4,1432269,1497519
Kentucky,2015.0,2.0,5.3,1879944,1985437
Louisiana,2015.0,2.0,6.7,2022376,2167248
Maine,2015.0,2.0,4.8,660850,694372
Maryland,2015.0,2.0,5.3,2992240,3160431
Massachusetts,2015.0,2.0,5.1,3445625,3630125
Michigan,2015.0,2.0,5.9,4482822,4763075
Minnesota,2015.0,2.0,3.8,2890005,3005497
Mississippi,2015.0,2.0,6.7,1168167,1252238
Missouri,2015.0,2.0,5.6,2878083,3048541
Montana,2015.0,2.0,4.3,496331,518398
Nebraska,2015.0,2.0,2.9,982946,1012312
Nevada,2015.0,2.0,7.3,1288563,1390782
New Hampshire,2015.0,2.0,3.8,722306,750753
New Jersey,2015.0,2.0,6.3,4310233,4599819
New Mexico,2015.0,2.0,6.5,879741,941207
New York,2015.0,2.0,5.6,9170153,9718246
North Carolina,2015.0,2.0,5.7,4417077,4686531
North Dakota,2015.0,2.0,2.7,404332,415394
Ohio,2015.0,2.0,5.2,5435824,5731526
Oklahoma,2015.0,2.0,4.1,1744211,1818867
Oregon,2015.0,2.0,5.8,1846491,1959179
Pennsylvania,2015.0,2.0,5.6,6090379,6448785
Rhode Island,2015.0,2.0,6.4,530218,566771
South Carolina,2015.0,2.0,6.4,2092926,2235851
South Dakota,2015.0,2.0,3.2,435277,449491
Tennessee,2015.0,2.0,6,2883222,3067489
Texas,2015.0,2.0,4.5,12412813,12996949
Utah,2015.0,2.0,3.5,1395382,1446330
Vermont,2015.0,2.0,3.6,340633,353453
Virginia,2015.0,2.0,4.7,4036591,4234354
Washington,2015.0,2.0,5.5,3328956,3523168
West Virginia,2015.0,2.0,6.5,743045,794759
Wisconsin,2015.0,2.0,4.7,2947687,3092455
Wyoming,2015.0,2.0,4,289615,301683
Alabama,2015.0,3.0,6.1,2038730,2171897
Alaska,2015.0,3.0,6.3,339561,362346
Arizona,2015.0,3.0,6.3,2903640,3097355
Arkansas,2015.0,3.0,5.4,1261263,1333305
California,2015.0,3.0,6.6,17587613,18838028
Colorado,2015.0,3.0,4,2696447,2809713
Connecticut,2015.0,3.0,5.8,1800921,1912140
Delaware,2015.0,3.0,5,436691,459436
District of Columbia,2015.0,3.0,7.2,352295,379763
Florida,2015.0,3.0,5.8,9008250,9560034
Georgia,2015.0,3.0,6.3,4437340,4736589
Hawaii,2015.0,3.0,3.7,656158,681108
Idaho,2015.0,3.0,3.9,762528,793573
Illinois,2015.0,3.0,6,6141482,6536364
Indiana,2015.0,3.0,5.1,3083199,3248870
Iowa,2015.0,3.0,3.8,1642145,1707029
Kansas,2015.0,3.0,4.4,1431738,1497293
Kentucky,2015.0,3.0,5.3,1878941,1983941
Louisiana,2015.0,3.0,6.6,2021504,2164327
Maine,2015.0,3.0,4.7,660558,693273
Maryland,2015.0,3.0,5.3,2996917,3163898
Massachusetts,2015.0,3.0,5,3445772,3627911
Michigan,2015.0,3.0,5.8,4487914,4763675
Minnesota,2015.0,3.0,3.8,2894084,3009713
Mississippi,2015.0,3.0,6.6,1171967,1255338
Missouri,2015.0,3.0,5.5,2881363,3050531
Montana,2015.0,3.0,4.2,497301,519291
Nebraska,2015.0,3.0,2.9,982371,1012006
Nevada,2015.0,3.0,7.3,1291256,1392287
New Hampshire,2015.0,3.0,3.7,722483,750431
New Jersey,2015.0,3.0,6.2,4314341,4600965
New Mexico,2015.0,3.0,6.6,879470,941739
New York,2015.0,3.0,5.6,9187558,9730674
North Carolina,2015.0,3.0,5.8,4421751,4693481
North Dakota,2015.0,3.0,2.7,403271,414498
Ohio,2015.0,3.0,5.1,5434385,5728534
Oklahoma,2015.0,3.0,4.2,1747012,1823690
Oregon,2015.0,3.0,5.7,1849561,1961126
Pennsylvania,2015.0,3.0,5.6,6095810,6454403
Rhode Island,2015.0,3.0,6.4,530920,567037
South Carolina,2015.0,3.0,6.3,2096610,2238395
South Dakota,2015.0,3.0,3.1,435380,449521
Tennessee,2015.0,3.0,5.9,2888465,3070631
Texas,2015.0,3.0,4.5,12414507,12994457
Utah,2015.0,3.0,3.5,1398739,1449776
Vermont,2015.0,3.0,3.6,340619,353266
Virginia,2015.0,3.0,4.6,4037220,4232923
Washington,2015.0,3.0,5.5,3334727,3528031
West Virginia,2015.0,3.0,6.6,742009,794694
Wisconsin,2015.0,3.0,4.6,2948476,3091803
Wyoming,2015.0,3.0,4,289372,301424
Alabama,2015.0,4.0,6.1,2040484,2173967
Alaska,2015.0,4.0,6.3,339383,362180
Arizona,2015.0,4.0,6.2,2909268,3101717
Arkansas,2015.0,4.0,5.3,1263225,1334305
California,2015.0,4.0,6.5,17616628,18848322
Colorado,2015.0,4.0,4,2700190,2811615
Connecticut,2015.0,4.0,5.7,1800501,1910119
Delaware,2015.0,4.0,4.9,437613,460259
District of Columbia,2015.0,4.0,7.1,353070,380227
Florida,2015.0,4.0,5.7,9023183,9569380
Georgia,2015.0,4.0,6.2,4440239,4735953
Hawaii,2015.0,4.0,3.6,657239,681613
Idaho,2015.0,4.0,3.9,764464,795780
Illinois,2015.0,4.0,6,6149640,6544294
Indiana,2015.0,4.0,5,3090897,3252300
Iowa,2015.0,4.0,3.8,1642018,1706203
Kansas,2015.0,4.0,4.4,1431866,1497182
Kentucky,2015.0,4.0,5.3,1877847,1982464
Louisiana,2015.0,4.0,6.5,2020626,2160724
Maine,2015.0,4.0,4.6,660181,692064
Maryland,2015.0,4.0,5.2,3002031,3167278
Massachusetts,2015.0,4.0,5,3446745,3626445
Michigan,2015.0,4.0,5.7,4494470,4766275
Minnesota,2015.0,4.0,3.8,2898454,3014026
Mississippi,2015.0,4.0,6.6,1175386,1257989
Missouri,2015.0,4.0,5.5,2885247,3051973
Montana,2015.0,4.0,4.2,497907,519870
Nebraska,2015.0,4.0,3,982306,1012259
Nevada,2015.0,4.0,7.1,1294093,1393710
New Hampshire,2015.0,4.0,3.6,722492,749781
New Jersey,2015.0,4.0,6.1,4319441,4601645
New Mexico,2015.0,4.0,6.7,879300,942216
New York,2015.0,4.0,5.5,9204589,9740242
North Carolina,2015.0,4.0,5.8,4427027,4700619
North Dakota,2015.0,4.0,2.8,402259,413654
Ohio,2015.0,4.0,5.1,5436356,5727608
Oklahoma,2015.0,4.0,4.3,1748825,1827272
Oregon,2015.0,4.0,5.6,1853504,1964359
Pennsylvania,2015.0,4.0,5.5,6104015,6461555
Rhode Island,2015.0,4.0,6.3,531331,566925
South Carolina,2015.0,4.0,6.2,2100758,2240573
South Dakota,2015.0,4.0,3.1,435586,449658
Tennessee,2015.0,4.0,5.8,2894532,3074122
Texas,2015.0,4.0,4.4,12420862,12997813
Utah,2015.0,4.0,3.5,1402347,1453518
Vermont,2015.0,4.0,3.5,340437,352923
Virginia,2015.0,4.0,4.6,4039414,4232210
Washington,2015.0,4.0,5.5,3340930,3533695
West Virginia,2015.0,4.0,6.7,741231,794714
Wisconsin,2015.0,4.0,4.6,2949987,3091466
Wyoming,2015.0,4.0,4,289115,301225
Alabama,2015.0,5.0,6.1,2040868,2174501
Alaska,2015.0,5.0,6.3,339207,361928
Arizona,2015.0,5.0,6.2,2914891,3106411
Arkansas,2015.0,5.0,5.2,1265338,1334929
California,2015.0,5.0,6.4,17643698,18852828
Colorado,2015.0,5.0,3.9,2704756,2813611
Connecticut,2015.0,5.0,5.7,1799142,1907097
Delaware,2015.0,5.0,4.9,438587,461075
District of Columbia,2015.0,5.0,7,353993,380770
Florida,2015.0,5.0,5.6,9039337,9578842
Georgia,2015.0,5.0,6.2,4443721,4735356
Hawaii,2015.0,5.0,3.5,658354,682114
Idaho,2015.0,5.0,4,766262,797796
Illinois,2015.0,5.0,6,6158683,6551834
Indiana,2015.0,5.0,4.8,3099232,3256839
Iowa,2015.0,5.0,3.7,1641329,1704780
Kansas,2015.0,5.0,4.3,1432655,1497110
Kentucky,2015.0,5.0,5.3,1876487,1980575
Louisiana,2015.0,5.0,6.4,2019193,2156254
Maine,2015.0,5.0,4.5,659760,690812
Maryland,2015.0,5.0,5.1,3006518,3169758
Massachusetts,2015.0,5.0,4.9,3447680,3624724
Michigan,2015.0,5.0,5.6,4502137,4769372
Minnesota,2015.0,5.0,3.8,2902062,3017178
Mississippi,2015.0,5.0,6.5,1178249,1259898
Missouri,2015.0,5.0,5.3,2889427,3052454
Montana,2015.0,5.0,4.2,498101,520065
Nebraska,2015.0,5.0,3,982672,1012908
Nevada,2015.0,5.0,7,1296756,1394779
New Hampshire,2015.0,5.0,3.5,722321,748830
New Jersey,2015.0,5.0,6,4324741,4600754
New Mexico,2015.0,5.0,6.7,879126,942410
New York,2015.0,5.0,5.4,9219213,9744552
North Carolina,2015.0,5.0,5.8,4432283,4706315
North Dakota,2015.0,5.0,2.8,401458,412965
Ohio,2015.0,5.0,5,5440072,5726888
Oklahoma,2015.0,5.0,4.3,1749307,1828834
Oregon,2015.0,5.0,5.6,1858192,1968414
Pennsylvania,2015.0,5.0,5.5,6113327,6468552
Rhode Island,2015.0,5.0,6.2,531461,566373
South Carolina,2015.0,5.0,6.1,2104903,2241910
South Dakota,2015.0,5.0,3.1,435854,449843
Tennessee,2015.0,5.0,5.7,2900641,3077173
Texas,2015.0,5.0,4.4,12429664,13004689
Utah,2015.0,5.0,3.5,1405887,1457187
Vermont,2015.0,5.0,3.5,340094,352438
Virginia,2015.0,5.0,4.5,4042017,4231145
Washington,2015.0,5.0,5.4,3347069,3539458
West Virginia,2015.0,5.0,6.8,740604,794426
Wisconsin,2015.0,5.0,4.5,2951990,3091078
Wyoming,2015.0,5.0,4.1,288812,301027
Alabama,2015.0,6.0,6.1,2040000,2173391
Alaska,2015.0,6.0,6.2,338950,361540
Arizona,2015.0,6.0,6.1,2919814,3110554
Arkansas,2015.0,6.0,5.1,1267143,1334831
California,2015.0,6.0,6.3,17665593,18848420
Colorado,2015.0,6.0,3.8,2709421,2815094
Connecticut,2015.0,6.0,5.6,1797091,1903378
Delaware,2015.0,6.0,4.8,439535,461824
District of Columbia,2015.0,6.0,6.9,354843,381214
Florida,2015.0,6.0,5.5,9055124,9586944
Georgia,2015.0,6.0,6.1,4447025,4734169
Hawaii,2015.0,6.0,3.4,659330,682503
Idaho,2015.0,6.0,4,767771,799382
Illinois,2015.0,6.0,6,6166066,6556268
Indiana,2015.0,6.0,4.7,3107195,3261547
Iowa,2015.0,6.0,3.7,1640132,1702889
Kansas,2015.0,6.0,4.2,1433791,1496942
Kentucky,2015.0,6.0,5.2,1874754,1978069
Louisiana,2015.0,6.0,6.2,2016752,2150797
Maine,2015.0,6.0,4.4,659278,689522
Maryland,2015.0,6.0,5.1,3009469,3170663
Massachusetts,2015.0,6.0,4.8,3447433,3621649
Michigan,2015.0,6.0,5.5,4510140,4771847
Minnesota,2015.0,6.0,3.8,2904003,3018332
Mississippi,2015.0,6.0,6.4,1180051,1260610
Missouri,2015.0,6.0,5.2,2893337,3051939
Montana,2015.0,6.0,4.2,498041,520020
Nebraska,2015.0,6.0,3,983255,1013724
Nevada,2015.0,6.0,6.9,1298919,1395265
New Hampshire,2015.0,6.0,3.4,721993,747698
New Jersey,2015.0,6.0,5.8,4329561,4597878
New Mexico,2015.0,6.0,6.7,878794,942102
New York,2015.0,6.0,5.3,9229744,9742165
North Carolina,2015.0,6.0,5.8,4436722,4709361
North Dakota,2015.0,6.0,2.8,400880,412415
Ohio,2015.0,6.0,4.9,5443078,5724503
Oklahoma,2015.0,6.0,4.4,1748366,1828173
Oregon,2015.0,6.0,5.5,1863321,1972552
Pennsylvania,2015.0,6.0,5.4,6121599,6473711
Rhode Island,2015.0,6.0,6,531319,565447
South Carolina,2015.0,6.0,6,2108504,2242091
South Dakota,2015.0,6.0,3.1,436105,449968
Tennessee,2015.0,6.0,5.6,2905909,3078968
Texas,2015.0,6.0,4.4,12437703,13012436
Utah,2015.0,6.0,3.5,1409012,1460409
Vermont,2015.0,6.0,3.5,339631,351857
Virginia,2015.0,6.0,4.4,4043889,4228911
Washington,2015.0,6.0,5.4,3352409,3544400
West Virginia,2015.0,6.0,6.7,739950,793510
Wisconsin,2015.0,6.0,4.4,2954013,3090401
Wyoming,2015.0,6.0,4.1,288422,300779
Alabama,2015.0,7.0,6.1,2038753,2171593
Alaska,2015.0,7.0,6.2,338644,361138
Arizona,2015.0,7.0,6.1,2923947,3113926
Arkansas,2015.0,7.0,4.9,1268565,1334168
California,2015.0,7.0,6.1,17683551,18839426
Colorado,2015.0,7.0,3.6,2714079,2816411
Connecticut,2015.0,7.0,5.5,1794895,1899802
Delaware,2015.0,7.0,4.8,440447,462553
District of Columbia,2015.0,7.0,6.8,355633,381639
Florida,2015.0,7.0,5.5,9070599,9594674
Georgia,2015.0,7.0,6,4449743,4732561
Hawaii,2015.0,7.0,3.3,660162,682855
Idaho,2015.0,7.0,3.9,769082,800658
Illinois,2015.0,7.0,5.9,6171075,6558362
Indiana,2015.0,7.0,4.6,3114746,3266590
Iowa,2015.0,7.0,3.7,1638912,1701152
Kansas,2015.0,7.0,4.1,1435120,1496837
Kentucky,2015.0,7.0,5.2,1873354,1975923
Louisiana,2015.0,7.0,6.1,2013476,2144721
Maine,2015.0,7.0,4.3,658800,688316
Maryland,2015.0,7.0,5,3011021,3170232
Massachusetts,2015.0,7.0,4.7,3445963,3617532
Michigan,2015.0,7.0,5.4,4518278,4773803
Minnesota,2015.0,7.0,3.8,2904592,3018015
Mississippi,2015.0,7.0,6.3,1180996,1260747
Missouri,2015.0,7.0,5,2897044,3051015
Montana,2015.0,7.0,4.2,498044,520051
Nebraska,2015.0,7.0,3,984055,1014675
Nevada,2015.0,7.0,6.8,1300599,1395389
New Hampshire,2015.0,7.0,3.3,721800,746770
New Jersey,2015.0,7.0,5.7,4334275,4594206
New Mexico,2015.0,7.0,6.7,878314,941385
New York,2015.0,7.0,5.1,9237777,9736639
North Carolina,2015.0,7.0,5.7,4440973,4710903
North Dakota,2015.0,7.0,2.8,400580,412068
Ohio,2015.0,7.0,4.8,5444284,5720710
Oklahoma,2015.0,7.0,4.4,1746645,1826170
Oregon,2015.0,7.0,5.5,1868817,1976675
Pennsylvania,2015.0,7.0,5.4,6128703,6477709
Rhode Island,2015.0,7.0,5.9,531080,564458
South Carolina,2015.0,7.0,5.8,2111492,2241576
South Dakota,2015.0,7.0,3,436350,450029
Tennessee,2015.0,7.0,5.5,2910253,3079697
Texas,2015.0,7.0,4.4,12444249,13021327
Utah,2015.0,7.0,3.5,1411732,1463234
Vermont,2015.0,7.0,3.5,339191,351320
Virginia,2015.0,7.0,4.3,4045134,4226202
Washington,2015.0,7.0,5.4,3357201,3549209
West Virginia,2015.0,7.0,6.7,739274,792080
Wisconsin,2015.0,7.0,4.3,2956190,3090169
Wyoming,2015.0,7.0,4.2,287965,300513
Alabama,2015.0,8.0,6.1,2038592,2170789
Alaska,2015.0,8.0,6.2,338311,360803
Arizona,2015.0,8.0,6.1,2927735,3116760
Arkansas,2015.0,8.0,4.8,1269753,1333299
California,2015.0,8.0,6,17700481,18832394
Colorado,2015.0,8.0,3.5,2719018,2818352
Connecticut,2015.0,8.0,5.5,1793233,1897248
Delaware,2015.0,8.0,4.7,441354,463324
District of Columbia,2015.0,8.0,6.7,356395,382112
Florida,2015.0,8.0,5.4,9086573,9603740
Georgia,2015.0,8.0,5.9,4451724,4730889
Hawaii,2015.0,8.0,3.3,660999,683337
Idaho,2015.0,8.0,3.9,770313,801819
Illinois,2015.0,8.0,5.9,6174592,6560595
Indiana,2015.0,8.0,4.6,3122057,3272212
Iowa,2015.0,8.0,3.6,1638194,1700151
Kansas,2015.0,8.0,4,1436586,1497096
Kentucky,2015.0,8.0,5.2,1872988,1975210
Louisiana,2015.0,8.0,6,2009846,2138864
Maine,2015.0,8.0,4.2,658378,687297
Maryland,2015.0,8.0,5,3011997,3169189
Massachusetts,2015.0,8.0,4.7,3443969,3613335
Michigan,2015.0,8.0,5.2,4526683,4775840
Minnesota,2015.0,8.0,3.7,2904692,3017335
Mississippi,2015.0,8.0,6.3,1181419,1260887
Missouri,2015.0,8.0,4.9,2900782,3050439
Montana,2015.0,8.0,4.2,498282,520343
Nebraska,2015.0,8.0,3,985078,1015778
Nevada,2015.0,8.0,6.7,1302015,1395502
New Hampshire,2015.0,8.0,3.3,721985,746324
New Jersey,2015.0,8.0,5.5,4339449,4591020
New Mexico,2015.0,8.0,6.7,877754,940443
New York,2015.0,8.0,5,9245181,9732451
North Carolina,2015.0,8.0,5.7,4445724,4712347
North Dakota,2015.0,8.0,2.8,400542,411965
Ohio,2015.0,8.0,4.8,5443854,5717012
Oklahoma,2015.0,8.0,4.3,1744694,1823735
Oregon,2015.0,8.0,5.4,1874617,1980845
Pennsylvania,2015.0,8.0,5.3,6135356,6481593
Rhode Island,2015.0,8.0,5.8,530853,563629
South Carolina,2015.0,8.0,5.7,2114050,2241066
South Dakota,2015.0,8.0,3,436624,450086
Tennessee,2015.0,8.0,5.4,2914272,3080105
Texas,2015.0,8.0,4.5,12449698,13031358
Utah,2015.0,8.0,3.5,1414293,1465935
Vermont,2015.0,8.0,3.4,338865,350907
Virginia,2015.0,8.0,4.2,4045861,4223634
Washington,2015.0,8.0,5.4,3362097,3554823
West Virginia,2015.0,8.0,6.6,738638,790472
Wisconsin,2015.0,8.0,4.3,2958907,3091273
Wyoming,2015.0,8.0,4.3,287466,300273
Alabama,2015.0,9.0,6.1,2039481,2170975
Alaska,2015.0,9.0,6.3,337964,360526
Arizona,2015.0,9.0,6,2932087,3119596
Arkansas,2015.0,9.0,4.6,1271022,1332649
California,2015.0,9.0,5.9,17720714,18832610
Colorado,2015.0,9.0,3.4,2724911,2821852
Connecticut,2015.0,9.0,5.5,1792415,1895796
Delaware,2015.0,9.0,4.7,442333,464181
District of Columbia,2015.0,9.0,6.7,357080,382552
Florida,2015.0,9.0,5.3,9104753,9615536
Georgia,2015.0,9.0,5.8,4455084,4731195
Hawaii,2015.0,9.0,3.2,662028,684081
Idaho,2015.0,9.0,3.9,771568,802951
Illinois,2015.0,9.0,5.9,6178507,6565320
Indiana,2015.0,9.0,4.5,3129795,3278980
Iowa,2015.0,9.0,3.6,1638374,1700298
Kansas,2015.0,9.0,4,1438185,1497880
Kentucky,2015.0,9.0,5.2,1874199,1976555
Louisiana,2015.0,9.0,6,2006675,2134210
Maine,2015.0,9.0,4.1,658183,686620
Maryland,2015.0,9.0,4.9,3013556,3168394
Massachusetts,2015.0,9.0,4.6,3442842,3610168
Michigan,2015.0,9.0,5.1,4536323,4779395
Minnesota,2015.0,9.0,3.7,2905367,3017390
Mississippi,2015.0,9.0,6.3,1182453,1262078
Missouri,2015.0,9.0,4.8,2904897,3050791
Montana,2015.0,9.0,4.2,498755,520872
Nebraska,2015.0,9.0,3,986287,1017033
Nevada,2015.0,9.0,6.6,1303525,1395804
New Hampshire,2015.0,9.0,3.2,722671,746425
New Jersey,2015.0,9.0,5.3,4345839,4589208
New Mexico,2015.0,9.0,6.6,877366,939512
New York,2015.0,9.0,4.9,9254257,9732729
North Carolina,2015.0,9.0,5.6,4451487,4714568
North Dakota,2015.0,9.0,2.8,400709,412104
Ohio,2015.0,9.0,4.8,5443268,5715547
Oklahoma,2015.0,9.0,4.3,1743041,1821679
Oregon,2015.0,9.0,5.3,1880948,1985425
Pennsylvania,2015.0,9.0,5.3,6142650,6486574
Rhode Island,2015.0,9.0,5.7,530670,562994
South Carolina,2015.0,9.0,5.6,2116812,2241281
South Dakota,2015.0,9.0,2.9,436979,450221
Tennessee,2015.0,9.0,5.3,2919088,3081151
Texas,2015.0,9.0,4.5,12457708,13043523
Utah,2015.0,9.0,3.5,1417085,1468803
Vermont,2015.0,9.0,3.4,338696,350639
Virginia,2015.0,9.0,4.2,4046350,4221591
Washington,2015.0,9.0,5.4,3367955,3561553
West Virginia,2015.0,9.0,6.5,738169,789089
Wisconsin,2015.0,9.0,4.3,2962659,3094258
Wyoming,2015.0,9.0,4.4,286971,300090
Alabama,2015.0,10.0,6,2042129,2173053
Alaska,2015.0,10.0,6.3,337673,360364
Arizona,2015.0,10.0,5.9,2938149,3123660
Arkansas,2015.0,10.0,4.5,1272936,1332905
California,2015.0,10.0,5.8,17749464,18846578
Colorado,2015.0,10.0,3.4,2732409,2827738
Connecticut,2015.0,10.0,5.4,1792613,1895443
Delaware,2015.0,10.0,4.7,443464,465198
District of Columbia,2015.0,10.0,6.6,357727,382995
Florida,2015.0,10.0,5.2,9127220,9632214
Georgia,2015.0,10.0,5.8,4461180,4734979
Hawaii,2015.0,10.0,3.2,663407,685238
Idaho,2015.0,10.0,3.9,773071,804326
Illinois,2015.0,10.0,5.9,6185365,6575528
Indiana,2015.0,10.0,4.5,3139115,3288343
Iowa,2015.0,10.0,3.6,1639918,1702038
Kansas,2015.0,10.0,4,1439859,1499217
Kentucky,2015.0,10.0,5.2,1877123,1980054
Louisiana,2015.0,10.0,6,2004805,2131724
Maine,2015.0,10.0,4.1,658459,686563
Maryland,2015.0,10.0,4.8,3016768,3168925
Massachusetts,2015.0,10.0,4.6,3444261,3609632
Michigan,2015.0,10.0,5,4548241,4786771
Minnesota,2015.0,10.0,3.7,2907405,3019206
Mississippi,2015.0,10.0,6.3,1183986,1264017
Missouri,2015.0,10.0,4.7,2909879,3052804
Montana,2015.0,10.0,4.3,499467,521678
Nebraska,2015.0,10.0,3,987747,1018552
Nevada,2015.0,10.0,6.5,1305577,1396707
New Hampshire,2015.0,10.0,3.1,723903,747110
New Jersey,2015.0,10.0,5.1,4354418,4590617
New Mexico,2015.0,10.0,6.6,877466,939028
New York,2015.0,10.0,4.9,9267002,9740366
North Carolina,2015.0,10.0,5.5,4459502,4719324
North Dakota,2015.0,10.0,2.8,400992,412475
Ohio,2015.0,10.0,4.8,5445048,5719033
Oklahoma,2015.0,10.0,4.3,1742362,1821067
Oregon,2015.0,10.0,5.2,1888482,1991370
Pennsylvania,2015.0,10.0,5.3,6152413,6494946
Rhode Island,2015.0,10.0,5.7,530643,562667
South Carolina,2015.0,10.0,5.5,2120519,2243185
South Dakota,2015.0,10.0,2.9,437488,450545
Tennessee,2015.0,10.0,5.1,2926120,3084457
Texas,2015.0,10.0,4.5,12474063,13062295
Utah,2015.0,10.0,3.5,1420602,1472335
Vermont,2015.0,10.0,3.4,338740,350573
Virginia,2015.0,10.0,4.1,4048007,4221568
Washington,2015.0,10.0,5.4,3375795,3570132
West Virginia,2015.0,10.0,6.4,738057,788343
Wisconsin,2015.0,10.0,4.2,2968092,3099569
Wyoming,2015.0,10.0,4.5,286548,300031
Alabama,2015.0,11.0,6,2045804,2176431
Alaska,2015.0,11.0,6.3,337483,360361
Arizona,2015.0,11.0,5.9,2946042,3129489
Arkansas,2015.0,11.0,4.4,1275637,1334180
California,2015.0,11.0,5.8,17787329,18875380
Colorado,2015.0,11.0,3.3,2741401,2835878
Connecticut,2015.0,11.0,5.4,1793823,1896095
Delaware,2015.0,11.0,4.6,444707,466327
District of Columbia,2015.0,11.0,6.5,358428,383528
Florida,2015.0,11.0,5.2,9153493,9653667
Georgia,2015.0,11.0,5.7,4470177,4742569
Hawaii,2015.0,11.0,3.2,665042,686702
Idaho,2015.0,11.0,3.9,774954,806140
Illinois,2015.0,11.0,6,6196100,6592406
Indiana,2015.0,11.0,4.6,3150054,3300603
Iowa,2015.0,11.0,3.7,1642944,1705349
Kansas,2015.0,11.0,4,1441430,1500810
Kentucky,2015.0,11.0,5.2,1881277,1984895
Louisiana,2015.0,11.0,6,2004230,2131345
Maine,2015.0,11.0,4.1,659308,687257
Maryland,2015.0,11.0,4.7,3021734,3171082
Massachusetts,2015.0,11.0,4.5,3449339,3612914
Michigan,2015.0,11.0,4.9,4562325,4798667
Minnesota,2015.0,11.0,3.7,2910779,3022960
Mississippi,2015.0,11.0,6.3,1185882,1266257
Missouri,2015.0,11.0,4.6,2915456,3056290
Montana,2015.0,11.0,4.3,500323,522689
Nebraska,2015.0,11.0,3,989343,1020251
Nevada,2015.0,11.0,6.4,1308257,1398385
New Hampshire,2015.0,11.0,3,725674,748406
New Jersey,2015.0,11.0,5,4364483,4595758
New Mexico,2015.0,11.0,6.5,878127,939278
New York,2015.0,11.0,4.8,9282085,9754221
North Carolina,2015.0,11.0,5.4,4470623,4727836
North Dakota,2015.0,11.0,2.8,401282,413014
Ohio,2015.0,11.0,4.9,5450990,5728965
Oklahoma,2015.0,11.0,4.4,1742760,1822170
Oregon,2015.0,11.0,5.1,1897461,1999157
Pennsylvania,2015.0,11.0,5.3,6164201,6506860
Rhode Island,2015.0,11.0,5.7,530868,562726
South Carolina,2015.0,11.0,5.4,2125210,2246987
South Dakota,2015.0,11.0,2.9,438109,451039
Tennessee,2015.0,11.0,5,2935594,3090661
Texas,2015.0,11.0,4.5,12499878,13088927
Utah,2015.0,11.0,3.5,1424957,1476757
Vermont,2015.0,11.0,3.3,338993,350711
Virginia,2015.0,11.0,4.1,4051459,4224180
Washington,2015.0,11.0,5.4,3385688,3580721
West Virginia,2015.0,11.0,6.3,738300,788293
Wisconsin,2015.0,11.0,4.2,2974946,3106733
Wyoming,2015.0,11.0,4.6,286207,300146
Alabama,2015.0,12.0,6,2050043,2180375
Alaska,2015.0,12.0,6.4,337412,360496
Arizona,2015.0,12.0,5.8,2954882,3136316
Arkansas,2015.0,12.0,4.3,1278578,1335781
California,2015.0,12.0,5.7,17829444,18910415
Colorado,2015.0,12.0,3.3,2750999,2845145
Connecticut,2015.0,12.0,5.3,1795728,1897121
Delaware,2015.0,12.0,4.6,445909,467363
District of Columbia,2015.0,12.0,6.5,359247,384123
Florida,2015.0,12.0,5.1,9180930,9676271
Georgia,2015.0,12.0,5.7,4479634,4750782
Hawaii,2015.0,12.0,3.1,666688,688148
Idaho,2015.0,12.0,3.8,777132,808241
Illinois,2015.0,12.0,6.1,6208945,6612670
Indiana,2015.0,12.0,4.6,3161388,3313993
Iowa,2015.0,12.0,3.7,1646902,1709426
Kansas,2015.0,12.0,4,1442672,1502058
Kentucky,2015.0,12.0,5.2,1885936,1989899
Louisiana,2015.0,12.0,6,2004291,2131888
Maine,2015.0,12.0,4,660622,688481
Maryland,2015.0,12.0,4.6,3027524,3173815
Massachusetts,2015.0,12.0,4.5,3457271,3618835
Michigan,2015.0,12.0,4.9,4577238,4813134
Minnesota,2015.0,12.0,3.7,2914640,3027432
Mississippi,2015.0,12.0,6.3,1187690,1267894
Missouri,2015.0,12.0,4.5,2920734,3059863
Montana,2015.0,12.0,4.3,501126,523658
Nebraska,2015.0,12.0,3,990824,1021789
Nevada,2015.0,12.0,6.4,1311254,1400386
New Hampshire,2015.0,12.0,3,727764,750055
New Jersey,2015.0,12.0,5,4373885,4602656
New Mexico,2015.0,12.0,6.5,879172,940098
New York,2015.0,12.0,4.8,9295938,9768487
North Carolina,2015.0,12.0,5.4,4483813,4738519
North Dakota,2015.0,12.0,2.9,401493,413573
Ohio,2015.0,12.0,4.9,5460627,5743561
Oklahoma,2015.0,12.0,4.4,1743519,1823974
Oregon,2015.0,12.0,5,1907157,2007927
Pennsylvania,2015.0,12.0,5.3,6175511,6519532
Rhode Island,2015.0,12.0,5.6,531276,563002
South Carolina,2015.0,12.0,5.4,2130294,2251491
South Dakota,2015.0,12.0,2.8,438712,451549
Tennessee,2015.0,12.0,4.9,2946065,3098226
Texas,2015.0,12.0,4.5,12531243,13119457
Utah,2015.0,12.0,3.5,1429825,1481723
Vermont,2015.0,12.0,3.3,339377,350950
Virginia,2015.0,12.0,4.1,4055780,4227902
Washington,2015.0,12.0,5.4,3396833,3592144
West Virginia,2015.0,12.0,6.3,738746,788672
Wisconsin,2015.0,12.0,4.2,2982272,3114079
Wyoming,2015.0,12.0,4.8,285890,300374
Alabama,2016.0,1.0,5.9,2054673,2184528
Alaska,2016.0,1.0,6.4,337440,360705
Arizona,2016.0,1.0,5.7,2963663,3143360
Arkansas,2016.0,1.0,4.2,1281130,1337081
California,2016.0,1.0,5.7,17869644,18943234
Colorado,2016.0,1.0,3.3,2759974,2854015
Connecticut,2016.0,1.0,5.3,1798050,1898182
Delaware,2016.0,1.0,4.5,446863,468108
District of Columbia,2016.0,1.0,6.4,360243,384806
Florida,2016.0,1.0,5.1,9206659,9696667
Georgia,2016.0,1.0,5.7,4487585,4757099
Hawaii,2016.0,1.0,3.1,668125,689357
Idaho,2016.0,1.0,3.8,779359,810355
Illinois,2016.0,1.0,6.2,6221167,6630981
Indiana,2016.0,1.0,4.6,3171242,3325676
Iowa,2016.0,1.0,3.6,1650457,1712835
Kansas,2016.0,1.0,3.9,1443453,1502719
Kentucky,2016.0,1.0,5.2,1890455,1994227
Louisiana,2016.0,1.0,6,2004346,2132364
Maine,2016.0,1.0,4,662232,689942
Maryland,2016.0,1.0,4.5,3032971,3175927
Massachusetts,2016.0,1.0,4.4,3465868,3624936
Michigan,2016.0,1.0,4.9,4591001,4827409
Minnesota,2016.0,1.0,3.7,2917614,3030919
Mississippi,2016.0,1.0,6.3,1189006,1268405
Missouri,2016.0,1.0,4.5,2925136,3062796
Montana,2016.0,1.0,4.3,501721,524396
Nebraska,2016.0,1.0,3,992040,1022997
Nevada,2016.0,1.0,6.3,1314196,1402291
New Hampshire,2016.0,1.0,2.9,729827,751713
New Jersey,2016.0,1.0,4.9,4380800,4608942
New Mexico,2016.0,1.0,6.5,880263,941174
New York,2016.0,1.0,4.8,9305342,9777801
North Carolina,2016.0,1.0,5.3,4497062,4748878
North Dakota,2016.0,1.0,3,401581,414024
Ohio,2016.0,1.0,5,5471385,5758397
Oklahoma,2016.0,1.0,4.5,1743713,1825278
Oregon,2016.0,1.0,5,1916387,2016473
Pennsylvania,2016.0,1.0,5.3,6184080,6529917
Rhode Island,2016.0,1.0,5.6,531797,563314
South Carolina,2016.0,1.0,5.3,2135021,2255437
South Dakota,2016.0,1.0,2.8,439216,451982
Tennessee,2016.0,1.0,4.8,2955799,3105368
Texas,2016.0,1.0,4.5,12562798,13149367
Utah,2016.0,1.0,3.5,1434798,1486793
Vermont,2016.0,1.0,3.2,339823,351226
Virginia,2016.0,1.0,4,4060211,4231483
Washington,2016.0,1.0,5.4,3408231,3603119
West Virginia,2016.0,1.0,6.3,739171,789107
Wisconsin,2016.0,1.0,4.2,2988999,3119928
Wyoming,2016.0,1.0,5,285541,300618
Alabama,2016.0,2.0,5.9,2058744,2187960
Alaska,2016.0,2.0,6.5,337505,360932
Arizona,2016.0,2.0,5.7,2971732,3150141
Arkansas,2016.0,2.0,4.1,1282907,1337797
California,2016.0,2.0,5.6,17903852,18970382
Colorado,2016.0,2.0,3.3,2767596,2861699
Connecticut,2016.0,2.0,5.2,1800732,1899395
Delaware,2016.0,2.0,4.5,447434,468495
District of Columbia,2016.0,2.0,6.3,361248,385458
Florida,2016.0,2.0,5,9229177,9714027
Georgia,2016.0,2.0,5.6,4493667,4761300
Hawaii,2016.0,2.0,3.1,669286,690351
Idaho,2016.0,2.0,3.8,781465,812327
Illinois,2016.0,2.0,6.2,6230715,6643168
Indiana,2016.0,2.0,4.7,3178692,3334079
Iowa,2016.0,2.0,3.6,1652390,1714546
Kansas,2016.0,2.0,3.9,1443626,1502778
Kentucky,2016.0,2.0,5.2,1894518,1997526
Louisiana,2016.0,2.0,6,2004045,2132466
Maine,2016.0,2.0,4,663988,691473
Maryland,2016.0,2.0,4.4,3037255,3177021
Massachusetts,2016.0,2.0,4.3,3473775,3629994
Michigan,2016.0,2.0,4.9,4602195,4839932
Minnesota,2016.0,2.0,3.7,2918620,3032318
Mississippi,2016.0,2.0,6.2,1189921,1268163
Missouri,2016.0,2.0,4.5,2928355,3065131
Montana,2016.0,2.0,4.3,502053,524830
Nebraska,2016.0,2.0,3,992840,1023801
Nevada,2016.0,2.0,6.2,1316869,1403929
New Hampshire,2016.0,2.0,2.9,731637,753232
New Jersey,2016.0,2.0,5,4384641,4613440
New Mexico,2016.0,2.0,6.5,881101,942292
New York,2016.0,2.0,4.8,9308167,9779589
North Carolina,2016.0,2.0,5.2,4508697,4757377
North Dakota,2016.0,2.0,3.1,401564,414326
Ohio,2016.0,2.0,5,5480556,5769621
Oklahoma,2016.0,2.0,4.5,1742793,1825449
Oregon,2016.0,2.0,4.9,1924039,2023889
Pennsylvania,2016.0,2.0,5.3,6188253,6536043
Rhode Island,2016.0,2.0,5.5,532406,563637
South Carolina,2016.0,2.0,5.3,2138767,2258099
South Dakota,2016.0,2.0,2.8,439579,452332
Tennessee,2016.0,2.0,4.7,2963588,3111174
Texas,2016.0,2.0,4.5,12589950,13176511
Utah,2016.0,2.0,3.5,1439594,1491654
Vermont,2016.0,2.0,3.2,340271,351520
Virginia,2016.0,2.0,4,4063952,4234176
Washington,2016.0,2.0,5.4,3418921,3613000
West Virginia,2016.0,2.0,6.3,739298,789137
Wisconsin,2016.0,2.0,4.1,2994182,3123491
Wyoming,2016.0,2.0,5.2,285123,300772
Alabama,2016.0,3.0,5.9,2061715,2190007
Alaska,2016.0,3.0,6.5,337490,361055
Arizona,2016.0,3.0,5.6,2978716,3156053
Arkansas,2016.0,3.0,4,1283776,1337808
California,2016.0,3.0,5.6,17930902,18990181
Colorado,2016.0,3.0,3.3,2773603,2867811
Connecticut,2016.0,3.0,5.1,1803806,1900911
Delaware,2016.0,3.0,4.5,447655,468579
District of Columbia,2016.0,3.0,6.2,362018,385881
Florida,2016.0,3.0,4.9,9248384,9728409
Georgia,2016.0,3.0,5.5,4532578,4798093
Hawaii,2016.0,3.0,3,670191,691167
Idaho,2016.0,3.0,3.8,783365,814072
Illinois,2016.0,3.0,6.2,6236786,6646990
Indiana,2016.0,3.0,4.6,3183899,3338943
Iowa,2016.0,3.0,3.6,1652356,1714396
Kansas,2016.0,3.0,3.9,1442998,1502176
Kentucky,2016.0,3.0,5.1,1898334,2000062
Louisiana,2016.0,3.0,6,2002899,2131596
Maine,2016.0,3.0,3.9,665761,692953
Maryland,2016.0,3.0,4.3,3040324,3177364
Massachusetts,2016.0,3.0,4.2,3481028,3634170
Michigan,2016.0,3.0,4.9,4610410,4849814
Minnesota,2016.0,3.0,3.8,2917610,3031641
Mississippi,2016.0,3.0,6.1,1190601,1267598
Missouri,2016.0,3.0,4.5,2930128,3066965
Montana,2016.0,3.0,4.3,502130,524949
Nebraska,2016.0,3.0,3,993056,1024063
Nevada,2016.0,3.0,6.1,1319219,1405134
New Hampshire,2016.0,3.0,2.8,733024,754502
New Jersey,2016.0,3.0,5,4385513,4615485
New Mexico,2016.0,3.0,6.5,881532,943263
New York,2016.0,3.0,4.8,9304138,9773761
North Carolina,2016.0,3.0,5.2,4517867,4763203
North Dakota,2016.0,3.0,3.1,401524,414495
Ohio,2016.0,3.0,5,5486233,5774990
Oklahoma,2016.0,3.0,4.6,1740720,1824396
Oregon,2016.0,3.0,4.9,1929601,2029635
Pennsylvania,2016.0,3.0,5.3,6188001,6537416
Rhode Island,2016.0,3.0,5.5,533059,563970
South Carolina,2016.0,3.0,5.2,2141221,2259058
South Dakota,2016.0,3.0,2.8,439760,452580
Tennessee,2016.0,3.0,4.7,2969388,3115694
Texas,2016.0,3.0,4.5,12610661,13200366
Utah,2016.0,3.0,3.5,1444077,1495995
Vermont,2016.0,3.0,3.2,340672,351797
Virginia,2016.0,3.0,4,4066471,4235617
Washington,2016.0,3.0,5.3,3428294,3621461
West Virginia,2016.0,3.0,6.3,739007,788478
Wisconsin,2016.0,3.0,4.1,2997590,3124851
Wyoming,2016.0,3.0,5.4,284624,300728
Alabama,2016.0,4.0,5.8,2064266,2191598
Alaska,2016.0,4.0,6.6,337390,361098
Arizona,2016.0,4.0,5.6,2984730,3161164
Arkansas,2016.0,4.0,4,1283850,1337326
California,2016.0,4.0,5.5,17952732,19006193
Colorado,2016.0,4.0,3.3,2778500,2872742
Connecticut,2016.0,4.0,5,1806958,1902644
Delaware,2016.0,4.0,4.5,447658,468519
District of Columbia,2016.0,4.0,6.1,362377,385998
Florida,2016.0,4.0,4.9,9265848,9742453
Georgia,2016.0,4.0,5.5,4569340,4833155
Hawaii,2016.0,4.0,3,670953,691859
Idaho,2016.0,4.0,3.8,785042,815631
Illinois,2016.0,4.0,6.1,6239060,6643484
Indiana,2016.0,4.0,4.6,3187529,3341156
Iowa,2016.0,4.0,3.6,1651013,1713159
Kansas,2016.0,4.0,4,1441554,1501053
Kentucky,2016.0,4.0,5,1902132,2002623
Louisiana,2016.0,4.0,6.1,2000785,2129776
Maine,2016.0,4.0,3.9,667394,694281
Maryland,2016.0,4.0,4.2,3042801,3177822
Massachusetts,2016.0,4.0,4.1,3488450,3638657
Michigan,2016.0,4.0,5,4616786,4857719
Minnesota,2016.0,4.0,3.8,2915718,3030266
Mississippi,2016.0,4.0,6,1190724,1266739
Missouri,2016.0,4.0,4.5,2930495,3068645
Montana,2016.0,4.0,4.3,502110,524919
Nebraska,2016.0,4.0,3,992676,1023824
Nevada,2016.0,4.0,6,1321366,1406068
New Hampshire,2016.0,4.0,2.9,733959,755519
New Jersey,2016.0,4.0,5,4384603,4615927
New Mexico,2016.0,4.0,6.6,881640,944166
New York,2016.0,4.0,4.8,9296018,9764691
North Carolina,2016.0,4.0,5.1,4524801,4767111
North Dakota,2016.0,4.0,3.1,401585,414631
Ohio,2016.0,4.0,5,5488344,5775604
Oklahoma,2016.0,4.0,4.6,1737790,1822517
Oregon,2016.0,4.0,4.9,1933453,2033924
Pennsylvania,2016.0,4.0,5.4,6184963,6535650
Rhode Island,2016.0,4.0,5.4,533702,564333
South Carolina,2016.0,4.0,5.1,2142635,2258691
South Dakota,2016.0,4.0,2.9,439760,452748
Tennessee,2016.0,4.0,4.7,2974284,3120233
Texas,2016.0,4.0,4.5,12625596,13222774
Utah,2016.0,4.0,3.4,1448296,1499835
Vermont,2016.0,4.0,3.1,340979,352019
Virginia,2016.0,4.0,4,4068481,4236956
Washington,2016.0,4.0,5.3,3436499,3629039
West Virginia,2016.0,4.0,6.2,738310,787246
Wisconsin,2016.0,4.0,4,2999694,3124946
Wyoming,2016.0,4.0,5.5,284076,300469
Alabama,2016.0,5.0,5.8,2066501,2193285
Alaska,2016.0,5.0,6.6,337257,361131
Arizona,2016.0,5.0,5.6,2990416,3166155
Arkansas,2016.0,5.0,4,1283555,1336764
California,2016.0,5.0,5.5,17973039,19024146
Colorado,2016.0,5.0,3.3,2783316,2877408
Connecticut,2016.0,5.0,5,1810024,1904535
Delaware,2016.0,5.0,4.5,447570,468464
District of Columbia,2016.0,5.0,6.1,362517,386077
Florida,2016.0,5.0,4.9,9284163,9759763
Georgia,2016.0,5.0,5.4,4604271,4867615
Hawaii,2016.0,5.0,3,671833,692653
Idaho,2016.0,5.0,3.7,786561,817117
Illinois,2016.0,5.0,6,6238066,6635761
Indiana,2016.0,5.0,4.5,3190354,3341816
Iowa,2016.0,5.0,3.6,1649326,1711784
Kansas,2016.0,5.0,4,1439612,1499791
Kentucky,2016.0,5.0,5,1906233,2006137
Louisiana,2016.0,5.0,6.1,1998046,2127371
Maine,2016.0,5.0,3.8,668817,695464
Maryland,2016.0,5.0,4.2,3045613,3179432
Massachusetts,2016.0,5.0,4.1,3496787,3644454
Michigan,2016.0,5.0,5,4622595,4864670
Minnesota,2016.0,5.0,3.8,2914230,3029700
Mississippi,2016.0,5.0,6,1190840,1266420
Missouri,2016.0,5.0,4.6,2929952,3070475
Montana,2016.0,5.0,4.3,502120,524896
Nebraska,2016.0,5.0,3.1,991892,1023339
Nevada,2016.0,5.0,5.9,1323547,1407087
New Hampshire,2016.0,5.0,2.9,734584,756318
New Jersey,2016.0,5.0,5,4383590,4616116
New Mexico,2016.0,5.0,6.7,881613,945142
New York,2016.0,5.0,4.8,9287621,9758146
North Carolina,2016.0,5.0,5,4530248,4770739
North Dakota,2016.0,5.0,3.1,401817,414808
Ohio,2016.0,5.0,5,5487616,5773817
Oklahoma,2016.0,5.0,4.7,1734516,1820290
Oregon,2016.0,5.0,4.9,1936377,2037219
Pennsylvania,2016.0,5.0,5.4,6181330,6533018
Rhode Island,2016.0,5.0,5.4,534302,564737
South Carolina,2016.0,5.0,5.1,2143670,2257759
South Dakota,2016.0,5.0,2.9,439648,452898
Tennessee,2016.0,5.0,4.7,2979358,3125918
Texas,2016.0,5.0,4.6,12637404,13245429
Utah,2016.0,5.0,3.4,1452435,1503476
Vermont,2016.0,5.0,3.1,341200,352187
Virginia,2016.0,5.0,4,4071159,4239689
Washington,2016.0,5.0,5.3,3444275,3636571
West Virginia,2016.0,5.0,6.2,737380,785844
Wisconsin,2016.0,5.0,4,3001170,3124789
Wyoming,2016.0,5.0,5.5,283534,300034
Alabama,2016.0,6.0,5.8,2068363,2195096
Alaska,2016.0,6.0,6.7,337098,361123
Arizona,2016.0,6.0,5.5,2996266,3171328
Arkansas,2016.0,6.0,4,1283205,1336276
California,2016.0,6.0,5.5,17993197,19044461
Colorado,2016.0,6.0,3.2,2788948,2882414
Connecticut,2016.0,6.0,4.9,1812956,1906346
Delaware,2016.0,6.0,4.5,447434,468431
District of Columbia,2016.0,6.0,6.1,362616,386269
Florida,2016.0,6.0,4.9,9304264,9780867
Georgia,2016.0,6.0,5.4,4638424,4902692
Hawaii,2016.0,6.0,3,673001,693665
Idaho,2016.0,6.0,3.7,788023,818611
Illinois,2016.0,6.0,5.9,6234833,6625995
Indiana,2016.0,6.0,4.5,3192693,3341421
Iowa,2016.0,6.0,3.7,1647879,1710646
Kansas,2016.0,6.0,4.1,1437546,1498626
Kentucky,2016.0,6.0,5,1910657,2010684
Louisiana,2016.0,6.0,6.1,1994906,2124381
Maine,2016.0,6.0,3.8,670037,696513
Maryland,2016.0,6.0,4.2,3049247,3182594
Massachusetts,2016.0,6.0,4,3505572,3651003
Michigan,2016.0,6.0,5,4628158,4871098
Minnesota,2016.0,6.0,3.9,2913553,3030303
Mississippi,2016.0,6.0,6,1191693,1267320
Missouri,2016.0,6.0,4.7,2928959,3072043
Montana,2016.0,6.0,4.3,502212,524902
Nebraska,2016.0,6.0,3.1,990863,1022721
Nevada,2016.0,6.0,5.9,1325918,1408330
New Hampshire,2016.0,6.0,2.9,735020,756851
New Jersey,2016.0,6.0,5,4383136,4615959
New Mexico,2016.0,6.0,6.8,881525,946073
New York,2016.0,6.0,4.9,9281266,9756519
North Carolina,2016.0,6.0,5,4534902,4775075
North Dakota,2016.0,6.0,3.1,402174,415001
Ohio,2016.0,6.0,5,5484778,5771173
Oklahoma,2016.0,6.0,4.8,1731613,1818130
Oregon,2016.0,6.0,4.9,1939208,2039991
Pennsylvania,2016.0,6.0,5.4,6178247,6530436
Rhode Island,2016.0,6.0,5.3,534866,565081
South Carolina,2016.0,6.0,5,2144724,2256628
South Dakota,2016.0,6.0,3,439490,453038
Tennessee,2016.0,6.0,4.7,2985128,3132837
Texas,2016.0,6.0,4.7,12648392,13267182
Utah,2016.0,6.0,3.3,1456632,1507116
Vermont,2016.0,6.0,3.1,341376,352315
Virginia,2016.0,6.0,4,4074787,4243995
Washington,2016.0,6.0,5.3,3452115,3644173
West Virginia,2016.0,6.0,6.1,736495,784631
Wisconsin,2016.0,6.0,3.9,3002499,3124936
Wyoming,2016.0,6.0,5.5,283038,299452
Alabama,2016.0,7.0,5.8,2070489,2197442
Alaska,2016.0,7.0,6.7,336921,361046
Arizona,2016.0,7.0,5.5,3002403,3176533
Arkansas,2016.0,7.0,4,1282900,1335816
California,2016.0,7.0,5.5,18013049,19064645
Colorado,2016.0,7.0,3.2,2795641,2887674
Connecticut,2016.0,7.0,4.8,1815783,1907844
Delaware,2016.0,7.0,4.5,447284,468408
District of Columbia,2016.0,7.0,6.2,362753,386583
Florida,2016.0,7.0,4.9,9325400,9803758
Georgia,2016.0,7.0,5.4,4672139,4938298
Hawaii,2016.0,7.0,2.9,674425,694824
Idaho,2016.0,7.0,3.7,789450,820032
Illinois,2016.0,7.0,5.8,6230521,6615725
Indiana,2016.0,7.0,4.4,3194231,3339869
Iowa,2016.0,7.0,3.7,1646936,1709736
Kansas,2016.0,7.0,4.1,1435677,1497614
Kentucky,2016.0,7.0,5,1915027,2015566
Louisiana,2016.0,7.0,6.1,1991517,2120892
Maine,2016.0,7.0,3.8,671099,697414
Maryland,2016.0,7.0,4.2,3053975,3187356
Massachusetts,2016.0,7.0,3.9,3514244,3657583
Michigan,2016.0,7.0,5,4633567,4877110
Minnesota,2016.0,7.0,3.9,2913546,3031789
Mississippi,2016.0,7.0,6,1193070,1268776
Missouri,2016.0,7.0,4.7,2927905,3072807
Montana,2016.0,7.0,4.3,502386,524936
Nebraska,2016.0,7.0,3.2,989682,1021957
Nevada,2016.0,7.0,5.8,1328498,1409759
New Hampshire,2016.0,7.0,2.9,735337,757124
New Jersey,2016.0,7.0,5,4383494,4615331
New Mexico,2016.0,7.0,6.9,881452,946815
New York,2016.0,7.0,4.9,9278229,9759182
North Carolina,2016.0,7.0,5,4539875,4780755
North Dakota,2016.0,7.0,3,402494,415106
Ohio,2016.0,7.0,5,5481144,5768861
Oklahoma,2016.0,7.0,4.8,1729685,1816449
Oregon,2016.0,7.0,4.9,1942876,2042757
Pennsylvania,2016.0,7.0,5.4,6175454,6527033
Rhode Island,2016.0,7.0,5.3,535390,565236
South Carolina,2016.0,7.0,4.9,2146068,2255543
South Dakota,2016.0,7.0,3.1,439346,453169
Tennessee,2016.0,7.0,4.7,2991612,3140466
Texas,2016.0,7.0,4.7,12659997,13287060
Utah,2016.0,7.0,3.3,1460884,1510805
Vermont,2016.0,7.0,3.1,341528,352402
Virginia,2016.0,7.0,4,4079400,4249505
Washington,2016.0,7.0,5.2,3460165,3651065
West Virginia,2016.0,7.0,6.1,735894,783746
Wisconsin,2016.0,7.0,3.9,3003969,3125470
Wyoming,2016.0,7.0,5.4,282605,298779
Alabama,2016.0,8.0,5.8,2072871,2200157
Alaska,2016.0,8.0,6.7,336740,360925
Arizona,2016.0,8.0,5.4,3008563,3181636
Arkansas,2016.0,8.0,3.9,1282586,1335289
California,2016.0,8.0,5.5,18031471,19082707
Colorado,2016.0,8.0,3.1,2802926,2892940
Connecticut,2016.0,8.0,4.7,1818532,1909188
Delaware,2016.0,8.0,4.5,447178,468437
District of Columbia,2016.0,8.0,6.2,362996,387048
Florida,2016.0,8.0,4.9,9345882,9826036
Georgia,2016.0,8.0,5.4,4705744,4974373
Hawaii,2016.0,8.0,2.9,675902,695946
Idaho,2016.0,8.0,3.7,790830,821305
Illinois,2016.0,8.0,5.8,6225784,6606604
Indiana,2016.0,8.0,4.3,3194525,3337265
Iowa,2016.0,8.0,3.7,1646026,1708506
Kansas,2016.0,8.0,4.2,1434105,1496592
Kentucky,2016.0,8.0,5,1918757,2020087
Louisiana,2016.0,8.0,6.1,1987834,2116858
Maine,2016.0,8.0,3.7,672068,698224
Maryland,2016.0,8.0,4.2,3059594,3193447
Massachusetts,2016.0,8.0,3.9,3522287,3663943
Michigan,2016.0,8.0,5,4638629,4882900
Minnesota,2016.0,8.0,3.9,2913987,3033760
Mississippi,2016.0,8.0,6,1194493,1270198
Missouri,2016.0,8.0,4.7,2926892,3072255
Montana,2016.0,8.0,4.3,502597,525004
Nebraska,2016.0,8.0,3.2,988408,1021036
Nevada,2016.0,8.0,5.7,1331205,1411375
New Hampshire,2016.0,8.0,2.9,735501,757169
New Jersey,2016.0,8.0,5,4384607,4614705
New Mexico,2016.0,8.0,7,881411,947311
New York,2016.0,8.0,5,9278605,9764203
North Carolina,2016.0,8.0,5.1,4545676,4787885
North Dakota,2016.0,8.0,3,402618,415035
Ohio,2016.0,8.0,5,5477886,5768142
Oklahoma,2016.0,8.0,4.8,1728822,1815346
Oregon,2016.0,8.0,4.8,1947146,2045298
Pennsylvania,2016.0,8.0,5.4,6171898,6521875
Rhode Island,2016.0,8.0,5.2,535924,565256
South Carolina,2016.0,8.0,4.7,2147660,2254749
South Dakota,2016.0,8.0,3.1,439236,453279
Tennessee,2016.0,8.0,4.8,2997536,3147411
Texas,2016.0,8.0,4.8,12671722,13304597
Utah,2016.0,8.0,3.3,1465068,1514535
Vermont,2016.0,8.0,3.1,341692,352500
Virginia,2016.0,8.0,4,4084821,4255870
Washington,2016.0,8.0,5.2,3468267,3657057
West Virginia,2016.0,8.0,6.1,735645,783172
Wisconsin,2016.0,8.0,3.9,3005406,3126052
Wyoming,2016.0,8.0,5.3,282226,298091
Alabama,2016.0,9.0,5.8,2074895,2202528
Alaska,2016.0,9.0,6.7,336637,360893
Arizona,2016.0,9.0,5.4,3014341,3186647
Arkansas,2016.0,9.0,3.9,1282176,1334672
California,2016.0,9.0,5.5,18046714,19097439
Colorado,2016.0,9.0,3,2810016,2897936
Connecticut,2016.0,9.0,4.7,1821155,1910739
Delaware,2016.0,9.0,4.6,447157,468589
District of Columbia,2016.0,9.0,6.3,363421,387727
Florida,2016.0,9.0,4.9,9363737,9845564
Georgia,2016.0,9.0,5.4,4722965,4994147
Hawaii,2016.0,9.0,2.8,677204,696866
Idaho,2016.0,9.0,3.7,792232,822564
Illinois,2016.0,9.0,5.7,6220926,6598952
Indiana,2016.0,9.0,4.2,3193177,3333790
Iowa,2016.0,9.0,3.6,1644548,1706420
Kansas,2016.0,9.0,4.2,1432800,1495401
Kentucky,2016.0,9.0,5.1,1921545,2023973
Louisiana,2016.0,9.0,6.1,1984151,2112570
Maine,2016.0,9.0,3.7,672939,698968
Maryland,2016.0,9.0,4.2,3065509,3200294
Massachusetts,2016.0,9.0,3.8,3528960,3669893
Michigan,2016.0,9.0,5,4642683,4888654
Minnesota,2016.0,9.0,4,2914717,3035888
Mississippi,2016.0,9.0,5.9,1195857,1271504
Missouri,2016.0,9.0,4.7,2925764,3070113
Montana,2016.0,9.0,4.2,502791,525100
Nebraska,2016.0,9.0,3.2,987105,1020007
Nevada,2016.0,9.0,5.6,1333912,1413245
New Hampshire,2016.0,9.0,2.9,735362,756983
New Jersey,2016.0,9.0,4.9,4385808,4614140
New Mexico,2016.0,9.0,7,881256,947474
New York,2016.0,9.0,5,9281345,9769629
North Carolina,2016.0,9.0,5.1,4552222,4796073
North Dakota,2016.0,9.0,3,402506,414793
Ohio,2016.0,9.0,5.1,5475825,5770193
Oklahoma,2016.0,9.0,4.7,1728573,1814459
Oregon,2016.0,9.0,4.7,1951231,2047051
Pennsylvania,2016.0,9.0,5.3,6166976,6514917
Rhode Island,2016.0,9.0,5.1,536560,565326
South Carolina,2016.0,9.0,4.7,2149126,2254325
South Dakota,2016.0,9.0,3.1,439137,453352
Tennessee,2016.0,9.0,4.8,3001875,3152701
Texas,2016.0,9.0,4.8,12681206,13319196
Utah,2016.0,9.0,3.2,1469021,1518277
Vermont,2016.0,9.0,3.1,341847,352623
Virginia,2016.0,9.0,4,4090821,4262873
Washington,2016.0,9.0,5.1,3476104,3662632
West Virginia,2016.0,9.0,6,735733,782806
Wisconsin,2016.0,9.0,3.8,3006439,3126447
Wyoming,2016.0,9.0,5.2,281877,297448
Alabama,2016.0,10.0,5.8,2076812,2204273
Alaska,2016.0,10.0,6.7,336654,360955
Arizona,2016.0,10.0,5.4,3019783,3191461
Arkansas,2016.0,10.0,3.9,1281640,1333826
California,2016.0,10.0,5.5,18059728,19107156
Colorado,2016.0,10.0,2.9,2816813,2902399
Connecticut,2016.0,10.0,4.6,1823732,1912534
Delaware,2016.0,10.0,4.6,447248,468855
District of Columbia,2016.0,10.0,6.3,364017,388522
Florida,2016.0,10.0,4.9,9378734,9860520
Georgia,2016.0,10.0,5.4,4772979,5045509
Hawaii,2016.0,10.0,2.8,678253,697509
Idaho,2016.0,10.0,3.7,793711,823829
Illinois,2016.0,10.0,5.7,6216550,6591007
Indiana,2016.0,10.0,4.2,3190501,3329267
Iowa,2016.0,10.0,3.6,1642192,1703087
Kansas,2016.0,10.0,4.2,1431927,1494001
Kentucky,2016.0,10.0,5.1,1923748,2027187
Louisiana,2016.0,10.0,6,1981151,2108513
Maine,2016.0,10.0,3.7,673752,699586
Maryland,2016.0,10.0,4.2,3071405,3207056
Massachusetts,2016.0,10.0,3.8,3534101,3675108
Michigan,2016.0,10.0,5.1,4645601,4893430
Minnesota,2016.0,10.0,4,2916085,3037832
Mississippi,2016.0,10.0,5.9,1197103,1272365
Missouri,2016.0,10.0,4.6,2924613,3066332
Montana,2016.0,10.0,4.2,502928,525144
Nebraska,2016.0,10.0,3.2,985912,1018853
Nevada,2016.0,10.0,5.6,1336655,1415296
New Hampshire,2016.0,10.0,2.9,734896,756584
New Jersey,2016.0,10.0,4.9,4386458,4612396
New Mexico,2016.0,10.0,7,881003,947276
New York,2016.0,10.0,5,9286139,9773080
North Carolina,2016.0,10.0,5.1,4559430,4804146
North Dakota,2016.0,10.0,2.9,402214,414415
Ohio,2016.0,10.0,5.2,5475221,5774241
Oklahoma,2016.0,10.0,4.7,1728459,1813225
Oregon,2016.0,10.0,4.5,1954692,2047689
Pennsylvania,2016.0,10.0,5.3,6161217,6506582
Rhode Island,2016.0,10.0,5,537335,565487
South Carolina,2016.0,10.0,4.6,2150405,2254017
South Dakota,2016.0,10.0,3.2,439056,453370
Tennessee,2016.0,10.0,4.8,3004775,3155934
Texas,2016.0,10.0,4.8,12687966,13330344
Utah,2016.0,10.0,3.2,1472765,1521999
Vermont,2016.0,10.0,3.1,341970,352761
Virginia,2016.0,10.0,4,4097239,4269893
Washington,2016.0,10.0,5,3483434,3667584
West Virginia,2016.0,10.0,5.9,736125,782451
Wisconsin,2016.0,10.0,3.8,3007034,3126280
Wyoming,2016.0,10.0,5.2,281562,296866
Alabama,2016.0,11.0,5.7,2079175,2205335
Alaska,2016.0,11.0,6.7,336792,361063
Arizona,2016.0,11.0,5.3,3025580,3196332
Arkansas,2016.0,11.0,3.9,1281386,1333086
California,2016.0,11.0,5.4,18075298,19113583
Colorado,2016.0,11.0,2.8,2824141,2906799
Connecticut,2016.0,11.0,4.6,1826588,1914777
Delaware,2016.0,11.0,4.6,447562,469288
District of Columbia,2016.0,11.0,6.3,364667,389247
Florida,2016.0,11.0,4.8,9393753,9872058
Georgia,2016.0,11.0,5.4,4775224,5046935
Hawaii,2016.0,11.0,2.7,679175,697993
Idaho,2016.0,11.0,3.6,795391,825147
Illinois,2016.0,11.0,5.6,6213500,6581198
Indiana,2016.0,11.0,4.1,3188213,3324425
Iowa,2016.0,11.0,3.5,1639313,1698894
Kansas,2016.0,11.0,4.1,1431725,1492606
Kentucky,2016.0,11.0,5.1,1926267,2030274
Louisiana,2016.0,11.0,6,1979652,2105462
Maine,2016.0,11.0,3.6,674643,700125
Maryland,2016.0,11.0,4.2,3077655,3213515
Massachusetts,2016.0,11.0,3.8,3538619,3679999
Michigan,2016.0,11.0,5.1,4648509,4896498
Minnesota,2016.0,11.0,4,2918967,3039925
Mississippi,2016.0,11.0,5.8,1198535,1272916
Missouri,2016.0,11.0,4.5,2924082,3061737
Montana,2016.0,11.0,4.2,503111,525201
Nebraska,2016.0,11.0,3.2,985137,1017746
Nevada,2016.0,11.0,5.5,1339753,1417614
New Hampshire,2016.0,11.0,2.9,734367,756175
New Jersey,2016.0,11.0,4.8,4387598,4609536
New Mexico,2016.0,11.0,7,880964,946974
New York,2016.0,11.0,4.9,9294636,9774939
North Carolina,2016.0,11.0,5.1,4567649,4811353
North Dakota,2016.0,11.0,2.9,401977,414089
Ohio,2016.0,11.0,5.2,5476862,5779152
Oklahoma,2016.0,11.0,4.6,1728653,1811787
Oregon,2016.0,11.0,4.4,1957997,2047929
Pennsylvania,2016.0,11.0,5.3,6157345,6499466
Rhode Island,2016.0,11.0,4.9,538249,565758
South Carolina,2016.0,11.0,4.5,2151916,2253877
South Dakota,2016.0,11.0,3.2,439086,453396
Tennessee,2016.0,11.0,4.8,3007482,3157653
Texas,2016.0,11.0,4.8,12696201,13340963
Utah,2016.0,11.0,3.2,1476621,1525847
Vermont,2016.0,11.0,3.1,342126,352973
Virginia,2016.0,11.0,4,4104635,4277138
Washington,2016.0,11.0,4.9,3490934,3672426
West Virginia,2016.0,11.0,5.8,736871,782104
Wisconsin,2016.0,11.0,3.8,3008131,3125852
Wyoming,2016.0,11.0,5.1,281335,296344
Alabama,2016.0,12.0,5.6,2082127,2205647
Alaska,2016.0,12.0,6.7,336998,361165
Arizona,2016.0,12.0,5.3,3032350,3201857
Arkansas,2016.0,12.0,3.8,1281884,1332977
California,2016.0,12.0,5.4,18097891,19121219
Colorado,2016.0,12.0,2.7,2832609,2911887
Connecticut,2016.0,12.0,4.6,1829996,1917802
Delaware,2016.0,12.0,4.6,448203,469975
District of Columbia,2016.0,12.0,6.3,365379,389937
Florida,2016.0,12.0,4.8,9412292,9883785
Georgia,2016.0,12.0,5.3,4780923,5049842
Hawaii,2016.0,12.0,2.6,680054,698455
Idaho,2016.0,12.0,3.5,797403,826671
Illinois,2016.0,12.0,5.4,6212838,6570574
Indiana,2016.0,12.0,4,3188136,3320740
Iowa,2016.0,12.0,3.4,1636673,1694792
Kansas,2016.0,12.0,4,1432170,1491522
Kentucky,2016.0,12.0,5.1,1929700,2033706
Louisiana,2016.0,12.0,5.9,1980040,2104052
Maine,2016.0,12.0,3.6,675624,700689
Maryland,2016.0,12.0,4.2,3084594,3219929
Massachusetts,2016.0,12.0,3.9,3543791,3685695
Michigan,2016.0,12.0,5,4652754,4897910
Minnesota,2016.0,12.0,3.9,2923692,3042724
Mississippi,2016.0,12.0,5.7,1200374,1273490
Missouri,2016.0,12.0,4.4,2924716,3057795
Montana,2016.0,12.0,4.2,503506,525469
Nebraska,2016.0,12.0,3.1,985048,1017062
Nevada,2016.0,12.0,5.4,1343501,1420468
New Hampshire,2016.0,12.0,2.9,734080,756026
New Jersey,2016.0,12.0,4.7,4390595,4607400
New Mexico,2016.0,12.0,6.9,881399,946881
New York,2016.0,12.0,4.8,9307666,9778376
North Carolina,2016.0,12.0,5,4577097,4817768
North Dakota,2016.0,12.0,2.9,402030,414022
Ohio,2016.0,12.0,5.2,5481576,5784601
Oklahoma,2016.0,12.0,4.5,1729476,1810688
Oregon,2016.0,12.0,4.2,1962012,2048991
Pennsylvania,2016.0,12.0,5.2,6157585,6496248
Rhode Island,2016.0,12.0,4.7,539327,566195
South Carolina,2016.0,12.0,4.4,2154028,2254263
South Dakota,2016.0,12.0,3.1,439307,453528
Tennessee,2016.0,12.0,4.7,3011676,3159171
Texas,2016.0,12.0,4.8,12710451,13355421
Utah,2016.0,12.0,3.2,1480889,1530053
Vermont,2016.0,12.0,3.1,342361,353293
Virginia,2016.0,12.0,4,4113787,4285563
Washington,2016.0,12.0,4.9,3499555,3678337
West Virginia,2016.0,12.0,5.6,737878,781715
Wisconsin,2016.0,12.0,3.7,3010827,3126065
Wyoming,2016.0,12.0,5,281246,295904
Alabama,2017.0,1.0,5.4,2086487,2206228
Alaska,2017.0,1.0,6.7,337246,361276
Arizona,2017.0,1.0,5.2,3040323,3208506
Arkansas,2017.0,1.0,3.8,1283229,1333689
California,2017.0,1.0,5.3,18128436,19132994
Colorado,2017.0,1.0,2.6,2842343,2918255
Connecticut,2017.0,1.0,4.6,1833677,1921297
Delaware,2017.0,1.0,4.6,449166,470908
District of Columbia,2017.0,1.0,6.3,366198,390694
Florida,2017.0,1.0,4.7,9436060,9898705
Georgia,2017.0,1.0,5.2,4790056,5054953
Hawaii,2017.0,1.0,2.6,680867,698896
Idaho,2017.0,1.0,3.5,799782,828467
Illinois,2017.0,1.0,5.3,6214763,6561466
Indiana,2017.0,1.0,3.9,3191170,3319366
Iowa,2017.0,1.0,3.3,1635216,1691889
Kansas,2017.0,1.0,3.9,1432993,1490813
Kentucky,2017.0,1.0,5.1,1934018,2037523
Louisiana,2017.0,1.0,5.8,1981915,2103859
Maine,2017.0,1.0,3.5,676585,701296
Maryland,2017.0,1.0,4.2,3092100,3226423
Massachusetts,2017.0,1.0,3.9,3550567,3693139
Michigan,2017.0,1.0,4.9,4659222,4898119
Minnesota,2017.0,1.0,3.8,2930380,3046821
Mississippi,2017.0,1.0,5.6,1201816,1273483
Missouri,2017.0,1.0,4.2,2926318,3055068
Montana,2017.0,1.0,4.2,504201,526046
Nebraska,2017.0,1.0,3.1,985628,1016947
Nevada,2017.0,1.0,5.3,1347936,1423972
New Hampshire,2017.0,1.0,2.9,734224,756274
New Jersey,2017.0,1.0,4.6,4395510,4607318
New Mexico,2017.0,1.0,6.8,882444,947172
New York,2017.0,1.0,4.7,9324353,9785983
North Carolina,2017.0,1.0,4.9,4587484,4823602
North Dakota,2017.0,1.0,2.8,402468,414262
Ohio,2017.0,1.0,5.2,5489730,5791153
Oklahoma,2017.0,1.0,4.4,1731013,1810280
Oregon,2017.0,1.0,4.1,1967270,2051780
Pennsylvania,2017.0,1.0,5.2,6161887,6497414
Rhode Island,2017.0,1.0,4.6,540499,566778
South Carolina,2017.0,1.0,4.4,2156883,2255404
South Dakota,2017.0,1.0,3.1,439687,453764
Tennessee,2017.0,1.0,4.5,3018331,3161588
Texas,2017.0,1.0,4.8,12732635,13375477
Utah,2017.0,1.0,3.2,1485579,1534672
Vermont,2017.0,1.0,3.1,342662,353658
Virginia,2017.0,1.0,4,4124816,4295344
Washington,2017.0,1.0,4.8,3509739,3686194
West Virginia,2017.0,1.0,5.4,738931,781243
Wisconsin,2017.0,1.0,3.6,3015550,3127673
Wyoming,2017.0,1.0,4.8,281301,295543
Alabama,2017.0,2.0,5.2,2091060,2206285
Alaska,2017.0,2.0,6.6,337475,361365
Arizona,2017.0,2.0,5.2,3049421,3216026
Arkansas,2017.0,2.0,3.7,1285311,1335151
California,2017.0,2.0,5.1,18165196,19148790
Colorado,2017.0,2.0,2.5,2853181,2926209
Connecticut,2017.0,2.0,4.5,1837092,1924477
Delaware,2017.0,2.0,4.6,450321,471950
District of Columbia,2017.0,2.0,6.2,367009,391426
Florida,2017.0,2.0,4.6,9464994,9917690
Georgia,2017.0,2.0,5.1,4801698,5061813
Hawaii,2017.0,2.0,2.5,681624,699271
Idaho,2017.0,2.0,3.4,802450,830471
Illinois,2017.0,2.0,5.1,6218512,6554923
Indiana,2017.0,2.0,3.7,3197036,3320361
Iowa,2017.0,2.0,3.3,1635408,1690683
Kansas,2017.0,2.0,3.8,1434129,1490558
Kentucky,2017.0,2.0,5,1938738,2041438
Louisiana,2017.0,2.0,5.7,1984642,2103948
Maine,2017.0,2.0,3.5,677465,701917
Maryland,2017.0,2.0,4.1,3099918,3232846
Massachusetts,2017.0,2.0,3.9,3558580,3701716
Michigan,2017.0,2.0,4.7,4667652,4897485
Minnesota,2017.0,2.0,3.7,2938701,3052170
Mississippi,2017.0,2.0,5.5,1203266,1273487
Missouri,2017.0,2.0,4.1,2928708,3053362
Montana,2017.0,2.0,4.1,505163,526882
Nebraska,2017.0,2.0,3,986806,1017385
Nevada,2017.0,2.0,5.3,1352931,1427984
New Hampshire,2017.0,2.0,2.9,734811,756804
New Jersey,2017.0,2.0,4.5,4401732,4609280
New Mexico,2017.0,2.0,6.7,884026,947755
New York,2017.0,2.0,4.6,9344486,9799491
North Carolina,2017.0,2.0,4.8,4598476,4829087
North Dakota,2017.0,2.0,2.8,403234,414721
Ohio,2017.0,2.0,5.1,5500476,5798781
Oklahoma,2017.0,2.0,4.3,1733336,1810692
Oregon,2017.0,2.0,4,1974053,2056697
Pennsylvania,2017.0,2.0,5.1,6169098,6501514
Rhode Island,2017.0,2.0,4.5,541572,567373
South Carolina,2017.0,2.0,4.3,2160505,2257293
South Dakota,2017.0,2.0,3.1,440199,454090
Tennessee,2017.0,2.0,4.3,3027509,3165138
Texas,2017.0,2.0,4.7,12762728,13399052
Utah,2017.0,2.0,3.2,1490531,1539544
Vermont,2017.0,2.0,3.1,343009,353982
Virginia,2017.0,2.0,3.9,4137189,4305591
Washington,2017.0,2.0,4.7,3521606,3696053
West Virginia,2017.0,2.0,5.2,739929,780830
Wisconsin,2017.0,2.0,3.5,3022127,3130817
Wyoming,2017.0,2.0,4.7,281460,295221
Alabama,2017.0,3.0,5,2095470,2206076
Alaska,2017.0,3.0,6.6,337593,361397
Arizona,2017.0,3.0,5.1,3058824,3223652
Arkansas,2017.0,3.0,3.7,1287615,1336992
California,2017.0,3.0,5,18202131,19166879
Colorado,2017.0,3.0,2.4,2864385,2935526
Connecticut,2017.0,3.0,4.5,1839434,1926439
Delaware,2017.0,3.0,4.5,451429,472919
District of Columbia,2017.0,3.0,6.2,367751,392114
Florida,2017.0,3.0,4.5,9495853,9939194
Georgia,2017.0,3.0,5,4814134,5069575
Hawaii,2017.0,3.0,2.5,682210,699458
Idaho,2017.0,3.0,3.3,805197,832549
Illinois,2017.0,3.0,5,6221979,6550862
Indiana,2017.0,3.0,3.6,3203831,3322728
Iowa,2017.0,3.0,3.2,1636792,1690865
Kansas,2017.0,3.0,3.7,1435375,1490797
Kentucky,2017.0,3.0,5,1942832,2044781
Louisiana,2017.0,3.0,5.5,1987521,2103789
Maine,2017.0,3.0,3.5,678132,702440
Maryland,2017.0,3.0,4.1,3107122,3238618
Massachusetts,2017.0,3.0,3.9,3566378,3709927
Michigan,2017.0,3.0,4.5,4676101,4896456
Minnesota,2017.0,3.0,3.6,2946919,3057640
Mississippi,2017.0,3.0,5.4,1204476,1273512
Missouri,2017.0,3.0,4,2931437,3052451
Montana,2017.0,3.0,4.1,506222,527826
Nebraska,2017.0,3.0,2.9,988311,1018267
Nevada,2017.0,3.0,5.2,1358112,1432257
New Hampshire,2017.0,3.0,2.9,735640,757373
New Jersey,2017.0,3.0,4.4,4407830,4612471
New Mexico,2017.0,3.0,6.6,885740,948296
New York,2017.0,3.0,4.6,9364375,9816438
North Carolina,2017.0,3.0,4.7,4609099,4834530
North Dakota,2017.0,3.0,2.7,404053,415160
Ohio,2017.0,3.0,5.1,5511227,5806189
Oklahoma,2017.0,3.0,4.2,1736281,1811936
Oregon,2017.0,3.0,4,1981655,2063292
Pennsylvania,2017.0,3.0,5.1,6176276,6505628
Rhode Island,2017.0,3.0,4.5,542357,567813
South Carolina,2017.0,3.0,4.2,2164214,2259503
South Dakota,2017.0,3.0,3,440777,454505
Tennessee,2017.0,3.0,4.1,3038175,3169407
Texas,2017.0,3.0,4.7,12796301,13421751
Utah,2017.0,3.0,3.2,1495332,1544341
Vermont,2017.0,3.0,3.1,343365,354222
Virginia,2017.0,3.0,3.8,4149138,4314559
Washington,2017.0,3.0,4.7,3534092,3707001
West Virginia,2017.0,3.0,5.1,740722,780633
Wisconsin,2017.0,3.0,3.4,3029196,3134796
Wyoming,2017.0,3.0,4.5,281632,294896
Alabama,2017.0,4.0,4.8,2100100,2206288
Alaska,2017.0,4.0,6.6,337534,361331
Arizona,2017.0,4.0,5,3068047,3230973
Arkansas,2017.0,4.0,3.7,1289834,1338968
California,2017.0,4.0,5,18236856,19187319
Colorado,2017.0,4.0,2.4,2875336,2945918
Connecticut,2017.0,4.0,4.5,1840416,1926784
Delaware,2017.0,4.0,4.5,452503,473853
District of Columbia,2017.0,4.0,6.2,368566,392905
Florida,2017.0,4.0,4.4,9524342,9959824
Georgia,2017.0,4.0,4.9,4827169,5078384
Hawaii,2017.0,4.0,2.4,682587,699424
Idaho,2017.0,4.0,3.2,807958,834705
Illinois,2017.0,4.0,5,6224830,6549587
Indiana,2017.0,4.0,3.5,3210283,3326115
Iowa,2017.0,4.0,3.1,1638792,1692030
Kansas,2017.0,4.0,3.7,1436627,1491539
Kentucky,2017.0,4.0,4.9,1946115,2047349
Louisiana,2017.0,4.0,5.4,1990404,2103524
Maine,2017.0,4.0,3.4,678618,702864
Maryland,2017.0,4.0,4,3113564,3243870
Massachusetts,2017.0,4.0,3.9,3573599,3717332
Michigan,2017.0,4.0,4.4,4683331,4896887
Minnesota,2017.0,4.0,3.5,2953992,3062642
Mississippi,2017.0,4.0,5.4,1205386,1273547
Missouri,2017.0,4.0,3.9,2934363,3052331
Montana,2017.0,4.0,4.1,507235,528766
Nebraska,2017.0,4.0,2.9,989906,1019505
Nevada,2017.0,4.0,5.1,1363325,1436691
New Hampshire,2017.0,4.0,2.8,736511,757871
New Jersey,2017.0,4.0,4.4,4412814,4616364
New Mexico,2017.0,4.0,6.5,887320,948576
New York,2017.0,4.0,4.6,9381374,9834089
North Carolina,2017.0,4.0,4.6,4619674,4841237
North Dakota,2017.0,4.0,2.6,404677,415409
Ohio,2017.0,4.0,5,5520965,5813051
Oklahoma,2017.0,4.0,4.1,1739992,1814313
Oregon,2017.0,4.0,3.9,1989039,2070638
Pennsylvania,2017.0,4.0,5,6181125,6507391
Rhode Island,2017.0,4.0,4.4,542886,568085
South Carolina,2017.0,4.0,4.2,2167636,2261845
South Dakota,2017.0,4.0,3,441404,455044
Tennessee,2017.0,4.0,3.9,3049779,3174476
Texas,2017.0,4.0,4.6,12830534,13442289
Utah,2017.0,4.0,3.2,1499829,1548933
Vermont,2017.0,4.0,3,343726,354394
Virginia,2017.0,4.0,3.7,4159883,4321755
Washington,2017.0,4.0,4.6,3546253,3718378
West Virginia,2017.0,4.0,5.1,741448,780887
Wisconsin,2017.0,4.0,3.3,3035599,3139051
Wyoming,2017.0,4.0,4.3,281782,294589
Alabama,2017.0,5.0,4.6,2104518,2206487
Alaska,2017.0,5.0,6.6,337323,361147
Arizona,2017.0,5.0,5,3076622,3237430
Arkansas,2017.0,5.0,3.7,1291755,1340849
California,2017.0,5.0,4.9,18268115,19207735
Colorado,2017.0,5.0,2.4,2885312,2956773
Connecticut,2017.0,5.0,4.4,1840071,1925556
Delaware,2017.0,5.0,4.5,453598,474779
District of Columbia,2017.0,5.0,6.2,369391,393708
Florida,2017.0,5.0,4.3,9546501,9975367
Georgia,2017.0,5.0,4.9,4840724,5087915
Hawaii,2017.0,5.0,2.3,682719,699050
Idaho,2017.0,5.0,3.1,810656,836926
Illinois,2017.0,5.0,4.9,6227404,6550628
Indiana,2017.0,5.0,3.4,3215339,3329948
Iowa,2017.0,5.0,3.1,1640676,1693382
Kansas,2017.0,5.0,3.7,1437808,1492460
Kentucky,2017.0,5.0,4.9,1948682,2049041
Louisiana,2017.0,5.0,5.2,1993110,2103007
Maine,2017.0,5.0,3.4,678964,703173
Maryland,2017.0,5.0,4,3119279,3248722
Massachusetts,2017.0,5.0,3.9,3580096,3723697
Michigan,2017.0,5.0,4.3,4688750,4900103
Minnesota,2017.0,5.0,3.5,2959582,3066694
Mississippi,2017.0,5.0,5.3,1206262,1273642
Missouri,2017.0,5.0,3.8,2937285,3052612
Montana,2017.0,5.0,4.1,508076,529560
Nebraska,2017.0,5.0,2.9,991412,1020874
Nevada,2017.0,5.0,5,1368464,1441113
New Hampshire,2017.0,5.0,2.8,737245,758267
New Jersey,2017.0,5.0,4.4,4415756,4619842
New Mexico,2017.0,5.0,6.3,888585,948424
New York,2017.0,5.0,4.6,9394766,9849999
North Carolina,2017.0,5.0,4.5,4630715,4849701
North Dakota,2017.0,5.0,2.5,404960,415392
Ohio,2017.0,5.0,5,5529534,5819388
Oklahoma,2017.0,5.0,4,1744418,1817808
Oregon,2017.0,5.0,4,1995181,2077500
Pennsylvania,2017.0,5.0,5,6182574,6505377
Rhode Island,2017.0,5.0,4.4,543251,568262
South Carolina,2017.0,5.0,4.1,2170546,2264136
South Dakota,2017.0,5.0,3,442048,455672
Tennessee,2017.0,5.0,3.7,3061581,3180235
Texas,2017.0,5.0,4.4,12863746,13460096
Utah,2017.0,5.0,3.2,1503951,1553118
Vermont,2017.0,5.0,2.9,344045,354489
Virginia,2017.0,5.0,3.7,4169284,4327413
Washington,2017.0,5.0,4.6,3557230,3729206
West Virginia,2017.0,5.0,5,742274,781625
Wisconsin,2017.0,5.0,3.3,3040700,3143102
Wyoming,2017.0,5.0,4.2,281873,294322
Alabama,2017.0,6.0,4.5,2108321,2206537
Alaska,2017.0,6.0,6.6,337008,360869
Arizona,2017.0,6.0,4.9,3083975,3242821
Arkansas,2017.0,6.0,3.7,1293030,1342321
California,2017.0,6.0,4.8,18293785,19224877
Colorado,2017.0,6.0,2.5,2893572,2967284
Connecticut,2017.0,6.0,4.4,1838360,1923005
Delaware,2017.0,6.0,4.4,454660,475670
District of Columbia,2017.0,6.0,6.2,370054,394337
Florida,2017.0,6.0,4.2,9560694,9984533
Georgia,2017.0,6.0,4.8,4853632,5097171
Hawaii,2017.0,6.0,2.2,682535,698244
Idaho,2017.0,6.0,3.1,813194,839209
Illinois,2017.0,6.0,4.9,6229491,6553254
Indiana,2017.0,6.0,3.5,3218268,3333471
Iowa,2017.0,6.0,3.1,1641771,1694172
Kansas,2017.0,6.0,3.6,1438671,1493099
Kentucky,2017.0,6.0,4.8,1950407,2049761
Louisiana,2017.0,6.0,5.1,1995366,2102287
Maine,2017.0,6.0,3.4,679084,703298
Maryland,2017.0,6.0,4,3123798,3252987
Massachusetts,2017.0,6.0,3.8,3585629,3729001
Michigan,2017.0,6.0,4.4,4692146,4905778
Minnesota,2017.0,6.0,3.4,2963535,3069405
Mississippi,2017.0,6.0,5.2,1206719,1273361
Missouri,2017.0,6.0,3.7,2939559,3052823
Montana,2017.0,6.0,4.1,508607,530094
Nebraska,2017.0,6.0,2.9,992635,1022133
Nevada,2017.0,6.0,5,1373295,1445370
New Hampshire,2017.0,6.0,2.7,737657,758505
New Jersey,2017.0,6.0,4.5,4415854,4622054
New Mexico,2017.0,6.0,6.2,889353,947781
New York,2017.0,6.0,4.6,9403710,9861994
North Carolina,2017.0,6.0,4.5,4641518,4859225
North Dakota,2017.0,6.0,2.5,404830,415098
Ohio,2017.0,6.0,5,5536790,5825444
Oklahoma,2017.0,6.0,4,1748771,1821622
Oregon,2017.0,6.0,4,1999099,2082582
Pennsylvania,2017.0,6.0,4.9,6180513,6500140
Rhode Island,2017.0,6.0,4.4,543455,568429
South Carolina,2017.0,6.0,4.1,2172533,2266113
South Dakota,2017.0,6.0,3,442609,456278
Tennessee,2017.0,6.0,3.6,3072205,3186200
Texas,2017.0,6.0,4.3,12893147,13475092
Utah,2017.0,6.0,3.2,1507489,1556664
Vermont,2017.0,6.0,2.9,344240,354500
Virginia,2017.0,6.0,3.6,4176630,4331491
Washington,2017.0,6.0,4.6,3566177,3738541
West Virginia,2017.0,6.0,5.1,743092,782674
Wisconsin,2017.0,6.0,3.2,3043966,3146203
Wyoming,2017.0,6.0,4.2,281846,294108
Alabama,2017.0,7.0,4.3,2111685,2206860
Alaska,2017.0,7.0,6.6,336591,360488
Arizona,2017.0,7.0,4.9,3090117,3247695
Arkansas,2017.0,7.0,3.7,1293485,1343174
California,2017.0,7.0,4.8,18313576,19237228
Colorado,2017.0,7.0,2.6,2900220,2977132
Connecticut,2017.0,7.0,4.4,1835685,1919727
Delaware,2017.0,7.0,4.4,455590,476462
District of Columbia,2017.0,7.0,6.1,370594,394808
Florida,2017.0,7.0,4.2,9568480,9988901
Georgia,2017.0,7.0,4.7,4864932,5105289
Hawaii,2017.0,7.0,2.2,682043,697091
Idaho,2017.0,7.0,3.1,815586,841602
Illinois,2017.0,7.0,5,6231582,6556805
Indiana,2017.0,7.0,3.5,3219617,3336419
Iowa,2017.0,7.0,3.1,1641910,1694106
Kansas,2017.0,7.0,3.6,1438974,1493133
Kentucky,2017.0,7.0,4.8,1951628,2049813
Louisiana,2017.0,7.0,5,1997221,2101693
Maine,2017.0,7.0,3.4,678988,703234
Maryland,2017.0,7.0,4,3126695,3256480
Massachusetts,2017.0,7.0,3.8,3590202,3733434
Michigan,2017.0,7.0,4.5,4693473,4912843
Minnesota,2017.0,7.0,3.4,2966036,3070848
Mississippi,2017.0,7.0,5.2,1206532,1272497
Missouri,2017.0,7.0,3.7,2940614,3052646
Montana,2017.0,7.0,4.1,508800,530358
Nebraska,2017.0,7.0,2.9,993426,1023162
Nevada,2017.0,7.0,4.9,1377764,1449501
New Hampshire,2017.0,7.0,2.7,737687,758542
New Jersey,2017.0,7.0,4.5,4412977,4622218
New Mexico,2017.0,7.0,6,889630,946764
New York,2017.0,7.0,4.7,9406658,9867628
North Carolina,2017.0,7.0,4.5,4650878,4868559
North Dakota,2017.0,7.0,2.5,404333,414597
Ohio,2017.0,7.0,4.9,5542458,5830854
Oklahoma,2017.0,7.0,4,1752323,1824900
Oregon,2017.0,7.0,4.1,2000430,2085221
Pennsylvania,2017.0,7.0,4.9,6176135,6493788
Rhode Island,2017.0,7.0,4.4,543552,568678
South Carolina,2017.0,7.0,4.2,2173205,2267366
South Dakota,2017.0,7.0,3,442992,456751
Tennessee,2017.0,7.0,3.5,3081045,3192239
Texas,2017.0,7.0,4.2,12917748,13488447
Utah,2017.0,7.0,3.2,1510433,1559600
Vermont,2017.0,7.0,2.9,344321,354485
Virginia,2017.0,7.0,3.5,4181599,4334243
Washington,2017.0,7.0,4.6,3572716,3746010
West Virginia,2017.0,7.0,5.1,743756,783873
Wisconsin,2017.0,7.0,3.3,3045299,3147834
Wyoming,2017.0,7.0,4.2,281690,293939
Alabama,2017.0,8.0,4.2,2114443,2207126
Alaska,2017.0,8.0,6.6,336072,359970
Arizona,2017.0,8.0,4.8,3095081,3252175
Arkansas,2017.0,8.0,3.7,1293085,1343225
California,2017.0,8.0,4.8,18327306,19241455
Colorado,2017.0,8.0,2.7,2905560,2985566
Connecticut,2017.0,8.0,4.4,1832452,1915998
Delaware,2017.0,8.0,4.3,456304,477045
District of Columbia,2017.0,8.0,6.1,370965,395026
Florida,2017.0,8.0,4.2,9572649,9990032
Georgia,2017.0,8.0,4.6,4873800,5110944
Hawaii,2017.0,8.0,2.1,681317,695734
Idaho,2017.0,8.0,3.1,817769,843971
Illinois,2017.0,8.0,5,6233762,6558898
Indiana,2017.0,8.0,3.5,3220049,3338006
Iowa,2017.0,8.0,3.1,1641271,1693072
Kansas,2017.0,8.0,3.6,1438552,1492235
Kentucky,2017.0,8.0,4.7,1952608,2049092
Louisiana,2017.0,8.0,4.9,1998933,2101344
Maine,2017.0,8.0,3.4,678679,702837
Maryland,2017.0,8.0,4,3127632,3258590
Massachusetts,2017.0,8.0,3.8,3594042,3736954
Michigan,2017.0,8.0,4.6,4692802,4918844
Minnesota,2017.0,8.0,3.4,2967301,3070821
Mississippi,2017.0,8.0,5.1,1206016,1271029
Missouri,2017.0,8.0,3.7,2940131,3051527
Montana,2017.0,8.0,4.1,508743,530354
Nebraska,2017.0,8.0,2.9,993730,1023753
Nevada,2017.0,8.0,4.9,1381819,1453361
New Hampshire,2017.0,8.0,2.8,737453,758410
New Jersey,2017.0,8.0,4.6,4407512,4619239
New Mexico,2017.0,8.0,5.9,889544,945445
New York,2017.0,8.0,4.7,9403019,9865075
North Carolina,2017.0,8.0,4.5,4657816,4875697
North Dakota,2017.0,8.0,2.5,403623,413993
Ohio,2017.0,8.0,4.9,5545257,5832815
Oklahoma,2017.0,8.0,4,1754860,1827186
Oregon,2017.0,8.0,4.1,1999824,2085667
Pennsylvania,2017.0,8.0,4.9,6170929,6487659
Rhode Island,2017.0,8.0,4.5,543568,568918
South Carolina,2017.0,8.0,4.2,2172555,2267455
South Dakota,2017.0,8.0,3,443144,456969
Tennessee,2017.0,8.0,3.4,3087732,3197704
Texas,2017.0,8.0,4.2,12938258,13500768
Utah,2017.0,8.0,3.1,1512774,1561846
Vermont,2017.0,8.0,2.9,344285,354420
Virginia,2017.0,8.0,3.5,4184267,4335627
Washington,2017.0,8.0,4.6,3576913,3751207
West Virginia,2017.0,8.0,5.2,744187,784909
Wisconsin,2017.0,8.0,3.3,3045026,3147461
Wyoming,2017.0,8.0,4.2,281410,293730
Alabama,2017.0,9.0,4.1,2116974,2207624
Alaska,2017.0,9.0,6.6,335460,359319
Arizona,2017.0,9.0,4.8,3099094,3256460
Arkansas,2017.0,9.0,3.8,1292023,1342538
California,2017.0,9.0,4.7,18335505,19237249
Colorado,2017.0,9.0,2.8,2909938,2992312
Connecticut,2017.0,9.0,4.3,1829212,1912320
Delaware,2017.0,9.0,4.3,456788,477373
District of Columbia,2017.0,9.0,6,371180,395016
Florida,2017.0,9.0,4.1,9576373,9990253
Georgia,2017.0,9.0,4.6,4879948,5113741
Hawaii,2017.0,9.0,2,680466,694382
Idaho,2017.0,9.0,3.1,819647,846071
Illinois,2017.0,9.0,4.9,6235808,6558492
Indiana,2017.0,9.0,3.5,3220211,3337967
Iowa,2017.0,9.0,3,1640300,1691448
Kansas,2017.0,9.0,3.6,1437460,1490502
Kentucky,2017.0,9.0,4.6,1953321,2047586
Louisiana,2017.0,9.0,4.8,2000360,2101001
Maine,2017.0,9.0,3.4,678193,702059
Maryland,2017.0,9.0,4.1,3126844,3259199
Massachusetts,2017.0,9.0,3.8,3597776,3740095
Michigan,2017.0,9.0,4.7,4690747,4921634
Minnesota,2017.0,9.0,3.3,2967722,3069623
Mississippi,2017.0,9.0,5,1205152,1269051
Missouri,2017.0,9.0,3.6,2938286,3049359
Montana,2017.0,9.0,4.1,508565,530194
Nebraska,2017.0,9.0,3,993669,1023897
Nevada,2017.0,9.0,4.9,1385488,1456885
New Hampshire,2017.0,9.0,2.8,737198,758258
New Jersey,2017.0,9.0,4.6,4400750,4613608
New Mexico,2017.0,9.0,5.8,889352,944028
New York,2017.0,9.0,4.7,9394183,9855369
North Carolina,2017.0,9.0,4.5,4661948,4879411
North Dakota,2017.0,9.0,2.5,402863,413394
Ohio,2017.0,9.0,4.9,5544362,5829158
Oklahoma,2017.0,9.0,3.9,1756631,1828537
Oregon,2017.0,9.0,4.1,1998456,2084965
Pennsylvania,2017.0,9.0,4.9,6166018,6482632
Rhode Island,2017.0,9.0,4.5,543502,569071
South Carolina,2017.0,9.0,4.2,2171143,2266486
South Dakota,2017.0,9.0,3,443092,456923
Tennessee,2017.0,9.0,3.4,3091822,3201719
Texas,2017.0,9.0,4.1,12956752,13513740
Utah,2017.0,9.0,3.1,1514568,1563453
Vermont,2017.0,9.0,2.9,344162,354302
Virginia,2017.0,9.0,3.5,4185403,4336048
Washington,2017.0,9.0,4.7,3579485,3754323
West Virginia,2017.0,9.0,5.2,744304,785534
Wisconsin,2017.0,9.0,3.2,3043943,3145226
Wyoming,2017.0,9.0,4.2,281030,293440
Alabama,2017.0,10.0,4,2118356,2207465
Alaska,2017.0,10.0,6.6,334824,358592
Arizona,2017.0,10.0,4.8,3102961,3261088
Arkansas,2017.0,10.0,3.8,1290667,1341423
California,2017.0,10.0,4.6,18341328,19228301
Colorado,2017.0,10.0,2.8,2913921,2997994
Connecticut,2017.0,10.0,4.3,1826621,1909315
Delaware,2017.0,10.0,4.3,457132,477521
District of Columbia,2017.0,10.0,6,371351,394951
Florida,2017.0,10.0,4.1,9582834,9992561
Georgia,2017.0,10.0,4.5,4883904,5114280
Hawaii,2017.0,10.0,2,679660,693299
Idaho,2017.0,10.0,3.1,821335,847840
Illinois,2017.0,10.0,4.9,6238406,6556880
Indiana,2017.0,10.0,3.5,3221467,3337543
Iowa,2017.0,10.0,3,1639620,1689899
Kansas,2017.0,10.0,3.5,1435980,1488379
Kentucky,2017.0,10.0,4.5,1953757,2045582
Louisiana,2017.0,10.0,4.7,2001407,2100649
Maine,2017.0,10.0,3.3,677627,700989
Maryland,2017.0,10.0,4.1,3125149,3258782
Massachusetts,2017.0,10.0,3.8,3602418,3743965
Michigan,2017.0,10.0,4.7,4688890,4921385
Minnesota,2017.0,10.0,3.3,2967904,3067975
Mississippi,2017.0,10.0,5,1204884,1267802
Missouri,2017.0,10.0,3.6,2935747,3046490
Montana,2017.0,10.0,4.1,508462,530057
Nebraska,2017.0,10.0,3,993513,1023841
Nevada,2017.0,10.0,4.9,1389018,1460220
New Hampshire,2017.0,10.0,2.8,737199,758293
New Jersey,2017.0,10.0,4.6,4394376,4606841
New Mexico,2017.0,10.0,5.7,889348,942756
New York,2017.0,10.0,4.7,9382584,9841071
North Carolina,2017.0,10.0,4.4,4663602,4879643
North Dakota,2017.0,10.0,2.6,402253,412936
Ohio,2017.0,10.0,4.8,5540886,5820642
Oklahoma,2017.0,10.0,3.9,1758109,1829311
Oregon,2017.0,10.0,4.2,1997077,2083825
Pennsylvania,2017.0,10.0,4.9,6162427,6478938
Rhode Island,2017.0,10.0,4.5,543422,569153
South Carolina,2017.0,10.0,4.2,2169807,2264971
South Dakota,2017.0,10.0,3,442936,456694
Tennessee,2017.0,10.0,3.4,3093705,3204205
Texas,2017.0,10.0,4.1,12975640,13529038
Utah,2017.0,10.0,3.1,1516080,1564691
Vermont,2017.0,10.0,2.9,344034,354172
Virginia,2017.0,10.0,3.5,4186249,4336283
Washington,2017.0,10.0,4.7,3581595,3756362
West Virginia,2017.0,10.0,5.3,744136,785741
Wisconsin,2017.0,10.0,3.2,3043013,3142143
Wyoming,2017.0,10.0,4.3,280618,293078
Alabama,2017.0,11.0,4,2120334,2208532
Alaska,2017.0,11.0,6.6,334203,357832
Arizona,2017.0,11.0,4.9,3107338,3266467
Arkansas,2017.0,11.0,3.8,1289264,1340197
California,2017.0,11.0,4.5,18346796,19218639
Colorado,2017.0,11.0,2.8,2917765,3003144
Connecticut,2017.0,11.0,4.3,1824891,1907135
Delaware,2017.0,11.0,4.2,457417,477579
District of Columbia,2017.0,11.0,5.9,371569,395001
Florida,2017.0,11.0,4.1,9592692,9997986
Georgia,2017.0,11.0,4.4,4886108,5113165
Hawaii,2017.0,11.0,2,679010,692653
Idaho,2017.0,11.0,3.1,822893,849291
Illinois,2017.0,11.0,4.8,6241805,6554599
Indiana,2017.0,11.0,3.4,3224313,3338026
Iowa,2017.0,11.0,2.9,1639458,1688795
Kansas,2017.0,11.0,3.5,1434554,1486470
Kentucky,2017.0,11.0,4.4,1953967,2043535
Louisiana,2017.0,11.0,4.7,2002322,2100733
Maine,2017.0,11.0,3.2,677066,699785
Maryland,2017.0,11.0,4.1,3123271,3257766
Massachusetts,2017.0,11.0,3.8,3608517,3749313
Michigan,2017.0,11.0,4.7,4688415,4919605
Minnesota,2017.0,11.0,3.2,2967801,3066127
Mississippi,2017.0,11.0,4.9,1204402,1266613
Missouri,2017.0,11.0,3.6,2933328,3043622
Montana,2017.0,11.0,4.1,508499,529992
Nebraska,2017.0,11.0,3,993495,1023864
Nevada,2017.0,11.0,4.8,1392574,1463526
New Hampshire,2017.0,11.0,2.8,737528,758611
New Jersey,2017.0,11.0,4.6,4388931,4599881
New Mexico,2017.0,11.0,5.5,889650,941750
New York,2017.0,11.0,4.6,9370253,9825046
North Carolina,2017.0,11.0,4.4,4663855,4877590
North Dakota,2017.0,11.0,2.6,401840,412665
Ohio,2017.0,11.0,4.7,5535448,5809489
Oklahoma,2017.0,11.0,3.8,1759464,1829780
Oregon,2017.0,11.0,4.2,1995796,2082386
Pennsylvania,2017.0,11.0,4.9,6160092,6476072
Rhode Island,2017.0,11.0,4.5,543396,569205
South Carolina,2017.0,11.0,4.2,2169220,2263175
South Dakota,2017.0,11.0,3,442795,456452
Tennessee,2017.0,11.0,3.5,3094526,3205969
Texas,2017.0,11.0,4.1,12994965,13546877
Utah,2017.0,11.0,3.1,1517480,1565804
Vermont,2017.0,11.0,2.9,343929,354051
Virginia,2017.0,11.0,3.4,4187612,4336807
Washington,2017.0,11.0,4.6,3584149,3758494
West Virginia,2017.0,11.0,5.3,743762,785656
Wisconsin,2017.0,11.0,3.1,3042341,3139070
Wyoming,2017.0,11.0,4.3,280233,292689
Alabama,2017.0,12.0,4,2122936,2210701
Alaska,2017.0,12.0,6.6,333697,357103
Arizona,2017.0,12.0,4.9,3113373,3273052
Arkansas,2017.0,12.0,3.8,1288255,1339224
California,2017.0,12.0,4.5,18357229,19214570
Colorado,2017.0,12.0,2.9,2922501,3008759
Connecticut,2017.0,12.0,4.3,1824544,1906047
Delaware,2017.0,12.0,4.2,457840,477707
District of Columbia,2017.0,12.0,5.9,371936,395250
Florida,2017.0,12.0,4,9607017,10007150
Georgia,2017.0,12.0,4.4,4887940,5111412
Hawaii,2017.0,12.0,2,678766,692634
Idaho,2017.0,12.0,3.1,824545,850626
Illinois,2017.0,12.0,4.7,6246895,6552397
Indiana,2017.0,12.0,3.3,3229529,3341073
Iowa,2017.0,12.0,2.9,1640345,1688678
Kansas,2017.0,12.0,3.5,1433981,1485497
Kentucky,2017.0,12.0,4.3,1954328,2042076
Louisiana,2017.0,12.0,4.7,2003667,2101751
Maine,2017.0,12.0,3.1,676786,698782
Maryland,2017.0,12.0,4.1,3122568,3256935
Massachusetts,2017.0,12.0,3.7,3617581,3757459
Michigan,2017.0,12.0,4.6,4691040,4918650
Minnesota,2017.0,12.0,3.2,2968072,3064718
Mississippi,2017.0,12.0,4.9,1204242,1266035
Missouri,2017.0,12.0,3.6,2932298,3041674
Montana,2017.0,12.0,4,508796,530058
Nebraska,2017.0,12.0,3,993978,1024266
Nevada,2017.0,12.0,4.8,1396626,1467126
New Hampshire,2017.0,12.0,2.8,738340,759358
New Jersey,2017.0,12.0,4.5,4385709,4593657
New Mexico,2017.0,12.0,5.4,890480,941150
New York,2017.0,12.0,4.6,9361966,9810886
North Carolina,2017.0,12.0,4.3,4665504,4875928
North Dakota,2017.0,12.0,2.6,401654,412576
Ohio,2017.0,12.0,4.6,5530246,5799019
Oklahoma,2017.0,12.0,3.8,1761160,1830382
Oregon,2017.0,12.0,4.1,1994796,2080849
Pennsylvania,2017.0,12.0,4.9,6160795,6474865
Rhode Island,2017.0,12.0,4.5,543668,569398
South Carolina,2017.0,12.0,4,2170371,2261625
South Dakota,2017.0,12.0,3,442860,456396
Tennessee,2017.0,12.0,3.5,3095960,3208324
Texas,2017.0,12.0,4.1,13017098,13568610
Utah,2017.0,12.0,3.1,1519268,1567240
Vermont,2017.0,12.0,2.8,343953,354016
Virginia,2017.0,12.0,3.4,4190826,4338678
Washington,2017.0,12.0,4.6,3588913,3762487
West Virginia,2017.0,12.0,5.4,743600,785676
Wisconsin,2017.0,12.0,3,3042204,3136815
Wyoming,2017.0,12.0,4.2,279991,292378
Alabama,2018.0,1.0,4,2126765,2214527
Alaska,2018.0,1.0,6.5,333399,356498
Arizona,2018.0,1.0,4.9,3121522,3281017
Arkansas,2018.0,1.0,3.8,1287906,1338772
California,2018.0,1.0,4.4,18376536,19222096
Colorado,2018.0,1.0,2.9,2928961,3015824
Connecticut,2018.0,1.0,4.2,1825828,1906315
Delaware,2018.0,1.0,4.1,458620,478139
District of Columbia,2018.0,1.0,5.9,372482,395730
Florida,2018.0,1.0,3.9,9626161,10020689
Georgia,2018.0,1.0,4.3,4891070,5110825
Hawaii,2018.0,1.0,2.1,679023,693275
Idaho,2018.0,1.0,3,826507,852121
Illinois,2018.0,1.0,4.5,6253124,6550963
Indiana,2018.0,1.0,3.3,3237478,3347959
Iowa,2018.0,1.0,2.8,1642992,1690271
Kansas,2018.0,1.0,3.4,1434730,1485942
Kentucky,2018.0,1.0,4.2,1955398,2042001
Louisiana,2018.0,1.0,4.7,2005560,2104108
Maine,2018.0,1.0,3.1,676986,698341
Maryland,2018.0,1.0,4.1,3124110,3257332
Massachusetts,2018.0,1.0,3.7,3630409,3769274
Michigan,2018.0,1.0,4.5,4697980,4920884
Minnesota,2018.0,1.0,3.1,2969361,3064496
Mississippi,2018.0,1.0,4.9,1204494,1266186
Missouri,2018.0,1.0,3.5,2933418,3041374
Montana,2018.0,1.0,3.9,509456,530392
Nebraska,2018.0,1.0,2.9,995183,1025277
Nevada,2018.0,1.0,4.7,1401511,1471357
New Hampshire,2018.0,1.0,2.8,739735,760670
New Jersey,2018.0,1.0,4.4,4386416,4590359
New Mexico,2018.0,1.0,5.2,891977,941212
New York,2018.0,1.0,4.5,9361990,9803080
North Carolina,2018.0,1.0,4.2,4670755,4877314
North Dakota,2018.0,1.0,2.6,401720,412653
Ohio,2018.0,1.0,4.6,5528236,5793192
Oklahoma,2018.0,1.0,3.7,1763627,1831536
Oregon,2018.0,1.0,4.1,1994389,2079631
Pennsylvania,2018.0,1.0,4.8,6166344,6476843
Rhode Island,2018.0,1.0,4.5,544409,569855
South Carolina,2018.0,1.0,3.9,2173905,2261165
South Dakota,2018.0,1.0,2.9,443244,456643
Tennessee,2018.0,1.0,3.5,3099678,3212889
Texas,2018.0,1.0,4.1,13044129,13595908
Utah,2018.0,1.0,3,1521817,1569406
Vermont,2018.0,1.0,2.8,344164,354113
Virginia,2018.0,1.0,3.4,4196731,4342632
Washington,2018.0,1.0,4.6,3597301,3769895
West Virginia,2018.0,1.0,5.4,744067,786241
Wisconsin,2018.0,1.0,3,3042747,3136136
Wyoming,2018.0,1.0,4.2,279961,292255
Alabama,2018.0,2.0,4,2132029,2220091
Alaska,2018.0,2.0,6.4,333341,356060
Arizona,2018.0,2.0,4.8,3131841,3290510
Arkansas,2018.0,2.0,3.8,1288386,1338982
California,2018.0,2.0,4.3,18406818,19243453
Colorado,2018.0,2.0,2.9,2937298,3024932
Connecticut,2018.0,2.0,4.2,1828894,1908198
Delaware,2018.0,2.0,4,459843,478988
District of Columbia,2018.0,2.0,5.9,373383,396596
Florida,2018.0,2.0,3.9,9649639,10038622
Georgia,2018.0,2.0,4.2,4896852,5113029
Hawaii,2018.0,2.0,2.1,679684,694409
Idaho,2018.0,2.0,2.9,828939,854034
Illinois,2018.0,2.0,4.4,6260549,6551798
Indiana,2018.0,2.0,3.3,3248071,3358941
Iowa,2018.0,2.0,2.7,1647615,1693853
Kansas,2018.0,2.0,3.4,1436771,1487776
Kentucky,2018.0,2.0,4.2,1957843,2043979
Louisiana,2018.0,2.0,4.7,2007821,2107711
Maine,2018.0,2.0,3,677722,698713
Maryland,2018.0,2.0,4,3128333,3259763
Massachusetts,2018.0,2.0,3.6,3646630,3784535
Michigan,2018.0,2.0,4.4,4709182,4927259
Minnesota,2018.0,2.0,3.1,2971966,3065788
Mississippi,2018.0,2.0,4.9,1205466,1267261
Missouri,2018.0,2.0,3.5,2936838,3042969
Montana,2018.0,2.0,3.9,510516,531118
Nebraska,2018.0,2.0,2.9,997144,1027012
Nevada,2018.0,2.0,4.7,1407392,1476371
New Hampshire,2018.0,2.0,2.7,741717,762613
New Jersey,2018.0,2.0,4.4,4392094,4592098
New Mexico,2018.0,2.0,5.1,894133,942012
New York,2018.0,2.0,4.4,9372131,9804282
North Carolina,2018.0,2.0,4.2,4680170,4882825
North Dakota,2018.0,2.0,2.6,402014,412835
Ohio,2018.0,2.0,4.5,5531475,5794297
Oklahoma,2018.0,2.0,3.6,1766854,1833233
Oregon,2018.0,2.0,4.1,1994698,2078914
Pennsylvania,2018.0,2.0,4.7,6177510,6482943
Rhode Island,2018.0,2.0,4.4,545687,570638
South Carolina,2018.0,2.0,3.7,2179944,2262610
South Dakota,2018.0,2.0,2.9,443969,457231
Tennessee,2018.0,2.0,3.5,3106759,3220532
Texas,2018.0,2.0,4.1,13077375,13629499
Utah,2018.0,2.0,3,1525321,1572534
Vermont,2018.0,2.0,2.8,344581,354366
Virginia,2018.0,2.0,3.3,4205546,4348614
Washington,2018.0,2.0,4.5,3609613,3781049
West Virginia,2018.0,2.0,5.4,745357,787537
Wisconsin,2018.0,2.0,3,3043863,3137140
Wyoming,2018.0,2.0,4.2,280179,292389
Alabama,2018.0,3.0,4,2137519,2225982
Alaska,2018.0,3.0,6.3,333482,355769
Arizona,2018.0,3.0,4.8,3143458,3300813
Arkansas,2018.0,3.0,3.7,1289560,1339618
California,2018.0,3.0,4.3,18443706,19272324
Colorado,2018.0,3.0,2.9,2946400,3035284
Connecticut,2018.0,3.0,4.1,1833417,1911441
Delaware,2018.0,3.0,3.9,461291,480050
District of Columbia,2018.0,3.0,5.8,374407,397571
Florida,2018.0,3.0,3.8,9674888,10058444
Georgia,2018.0,3.0,4.2,4904508,5117242
Hawaii,2018.0,3.0,2.2,680434,695627
Idaho,2018.0,3.0,2.9,831672,856277
Illinois,2018.0,3.0,4.4,6268079,6554433
Indiana,2018.0,3.0,3.3,3259971,3372302
Iowa,2018.0,3.0,2.7,1653481,1698663
Kansas,2018.0,3.0,3.4,1439529,1490246
Kentucky,2018.0,3.0,4.2,1961267,2047306
Louisiana,2018.0,3.0,4.8,2009679,2111364
Maine,2018.0,3.0,3,678722,699692
Maryland,2018.0,3.0,4,3134380,3263750
Massachusetts,2018.0,3.0,3.6,3663925,3800886
Michigan,2018.0,3.0,4.3,4722367,4935364
Minnesota,2018.0,3.0,3,2975407,3067888
Mississippi,2018.0,3.0,4.9,1207200,1269105
Missouri,2018.0,3.0,3.4,2941506,3045227
Montana,2018.0,3.0,3.8,511855,532148
Nebraska,2018.0,3.0,2.9,999542,1029174
Nevada,2018.0,3.0,4.6,1413899,1481806
New Hampshire,2018.0,3.0,2.7,744061,764962
New Jersey,2018.0,3.0,4.3,4401537,4598161
New Mexico,2018.0,3.0,4.9,896633,943279
New York,2018.0,3.0,4.3,9390650,9813082
North Carolina,2018.0,3.0,4.1,4692280,4891265
North Dakota,2018.0,3.0,2.6,402385,412956
Ohio,2018.0,3.0,4.5,5539187,5800942
Oklahoma,2018.0,3.0,3.5,1770147,1834709
Oregon,2018.0,3.0,4,1995326,2078289
Pennsylvania,2018.0,3.0,4.6,6192631,6491802
Rhode Island,2018.0,3.0,4.3,547282,571611
South Carolina,2018.0,3.0,3.5,2187637,2265979
South Dakota,2018.0,3.0,2.9,444871,457969
Tennessee,2018.0,3.0,3.5,3116287,3230150
Texas,2018.0,3.0,4,13114155,13665155
Utah,2018.0,3.0,3,1529405,1576272
Vermont,2018.0,3.0,2.7,345132,354697
Virginia,2018.0,3.0,3.2,4215726,4354678
Washington,2018.0,3.0,4.5,3624440,3794275
West Virginia,2018.0,3.0,5.3,747299,789331
Wisconsin,2018.0,3.0,3,3044707,3138675
Wyoming,2018.0,3.0,4.1,280557,292701
Alabama,2018.0,4.0,4,2142721,2231472
Alaska,2018.0,4.0,6.1,333634,355468
Arizona,2018.0,4.0,4.7,3154642,3310523
Arkansas,2018.0,4.0,3.7,1290778,1339999
California,2018.0,4.0,4.2,18476837,19296900
Colorado,2018.0,4.0,3,2954342,3044888
Connecticut,2018.0,4.0,4,1838503,1915210
Delaware,2018.0,4.0,3.8,462474,480845
District of Columbia,2018.0,4.0,5.8,375012,398044
Florida,2018.0,4.0,3.7,9699014,10076751
Georgia,2018.0,4.0,4.1,4910972,5120103
Hawaii,2018.0,4.0,2.2,680823,696418
Idaho,2018.0,4.0,2.8,834274,858466
Illinois,2018.0,4.0,4.3,6273427,6556223
Indiana,2018.0,4.0,3.4,3270547,3384540
Iowa,2018.0,4.0,2.6,1659036,1703146
Kansas,2018.0,4.0,3.4,1442082,1492261
Kentucky,2018.0,4.0,4.2,1964210,2050301
Louisiana,2018.0,4.0,4.9,2009891,2113091
Maine,2018.0,4.0,3,679495,700751
Maryland,2018.0,4.0,3.9,3140120,3267484
Massachusetts,2018.0,4.0,3.6,3679263,3815127
Michigan,2018.0,4.0,4.2,4733613,4940831
Minnesota,2018.0,4.0,3,2978285,3069300
Mississippi,2018.0,4.0,4.9,1208249,1270137
Missouri,2018.0,4.0,3.3,2945488,3046286
Montana,2018.0,4.0,3.8,513154,533182
Nebraska,2018.0,4.0,2.8,1001770,1031157
Nevada,2018.0,4.0,4.5,1420199,1486875
New Hampshire,2018.0,4.0,2.7,746301,767150
New Jersey,2018.0,4.0,4.2,4411555,4605163
New Mexico,2018.0,4.0,4.8,898840,944469
New York,2018.0,4.0,4.2,9411705,9823863
North Carolina,2018.0,4.0,4,4703477,4899267
North Dakota,2018.0,4.0,2.5,402569,412781
Ohio,2018.0,4.0,4.5,5548135,5808831
Oklahoma,2018.0,4.0,3.4,1772313,1834720
Oregon,2018.0,4.0,3.9,1995606,2077094
Pennsylvania,2018.0,4.0,4.5,6207975,6500303
Rhode Island,2018.0,4.0,4.1,548755,572453
South Carolina,2018.0,4.0,3.3,2195173,2270297
South Dakota,2018.0,4.0,2.8,445660,458546
Tennessee,2018.0,4.0,3.5,3125615,3239107
Texas,2018.0,4.0,4,13147247,13694410
Utah,2018.0,4.0,2.9,1533207,1579760
Vermont,2018.0,4.0,2.6,345656,354958
Virginia,2018.0,4.0,3.1,4223843,4357520
Washington,2018.0,4.0,4.4,3638946,3806442
West Virginia,2018.0,4.0,5.3,749328,790986
Wisconsin,2018.0,4.0,3,3044037,3138784
Wyoming,2018.0,4.0,4.1,280897,292992
Alabama,2018.0,5.0,4,2146112,2234988
Alaska,2018.0,5.0,6,333651,355095
Arizona,2018.0,5.0,4.7,3164168,3319150
Arkansas,2018.0,5.0,3.6,1291458,1339773
California,2018.0,5.0,4.2,18497884,19310247
Colorado,2018.0,5.0,3,2959917,3052254
Connecticut,2018.0,5.0,3.9,1842992,1918502
Delaware,2018.0,5.0,3.7,463109,481117
District of Columbia,2018.0,5.0,5.7,375001,397790
Florida,2018.0,5.0,3.7,9719961,10091633
Georgia,2018.0,5.0,4,4913776,5119347
Hawaii,2018.0,5.0,2.3,680474,696457
Idaho,2018.0,5.0,2.8,836427,860364
Illinois,2018.0,5.0,4.3,6275203,6556049
Indiana,2018.0,5.0,3.4,3277544,3392942
Iowa,2018.0,5.0,2.5,1663031,1706274
Kansas,2018.0,5.0,3.3,1443647,1493178
Kentucky,2018.0,5.0,4.2,1965390,2051706
Louisiana,2018.0,5.0,4.9,2007925,2111988
Maine,2018.0,5.0,3.1,679696,701466
Maryland,2018.0,5.0,3.8,3143852,3269533
Massachusetts,2018.0,5.0,3.5,3690853,3825483
Michigan,2018.0,5.0,4.1,4740310,4942041
Minnesota,2018.0,5.0,2.9,2979549,3069405
Mississippi,2018.0,5.0,4.9,1208341,1270079
Missouri,2018.0,5.0,3.2,2947403,3045398
Montana,2018.0,5.0,3.7,514144,533977
Nebraska,2018.0,5.0,2.8,1003338,1032631
Nevada,2018.0,5.0,4.4,1425669,1491150
New Hampshire,2018.0,5.0,2.7,747944,768610
New Jersey,2018.0,5.0,4.1,4419465,4610201
New Mexico,2018.0,5.0,4.8,900253,945219
New York,2018.0,5.0,4.1,9428535,9830800
North Carolina,2018.0,5.0,3.9,4710781,4904424
North Dakota,2018.0,5.0,2.4,402397,412241
Ohio,2018.0,5.0,4.5,5555058,5814368
Oklahoma,2018.0,5.0,3.3,1772700,1832883
Oregon,2018.0,5.0,3.9,1995017,2075233
Pennsylvania,2018.0,5.0,4.4,6220361,6506622
Rhode Island,2018.0,5.0,4,549751,572881
South Carolina,2018.0,5.0,3.2,2201129,2274737
South Dakota,2018.0,5.0,2.8,446127,458806
Tennessee,2018.0,5.0,3.5,3132665,3245698
Texas,2018.0,5.0,4,13171017,13712961
Utah,2018.0,5.0,2.9,1536111,1582426
Vermont,2018.0,5.0,2.5,346017,355045
Virginia,2018.0,5.0,2.9,4227301,4355424
Washington,2018.0,5.0,4.3,3650706,3815647
West Virginia,2018.0,5.0,5.2,750929,792107
Wisconsin,2018.0,5.0,3,3041044,3136204
Wyoming,2018.0,5.0,4.1,281062,293103
Alabama,2018.0,6.0,4,2148396,2237074
Alaska,2018.0,6.0,6,333509,354670
Arizona,2018.0,6.0,4.7,3172145,3327171
Arkansas,2018.0,6.0,3.6,1291689,1339258
California,2018.0,6.0,4.2,18506956,19313643
Colorado,2018.0,6.0,3.1,2963250,3057124
Connecticut,2018.0,6.0,3.9,1846578,1921010
Delaware,2018.0,6.0,3.7,463280,480929
District of Columbia,2018.0,6.0,5.7,374526,396959
Florida,2018.0,6.0,3.6,9736980,10102374
Georgia,2018.0,6.0,4,4913151,5115324
Hawaii,2018.0,6.0,2.4,679382,695776
Idaho,2018.0,6.0,2.8,838108,861966
Illinois,2018.0,6.0,4.3,6274294,6554579
Indiana,2018.0,6.0,3.4,3280390,3396811
Iowa,2018.0,6.0,2.5,1665279,1707955
Kansas,2018.0,6.0,3.3,1444101,1492967
Kentucky,2018.0,6.0,4.2,1964898,2051396
Louisiana,2018.0,6.0,4.9,2004570,2108638
Maine,2018.0,6.0,3.2,679367,701698
Maryland,2018.0,6.0,3.8,3145854,3269981
Massachusetts,2018.0,6.0,3.5,3698647,3831789
Michigan,2018.0,6.0,4,4742445,4940348
Minnesota,2018.0,6.0,2.9,2979399,3068591
Mississippi,2018.0,6.0,4.8,1207406,1268826
Missouri,2018.0,6.0,3.1,2947354,3042998
Montana,2018.0,6.0,3.7,514801,534497
Nebraska,2018.0,6.0,2.8,1004227,1033622
Nevada,2018.0,6.0,4.3,1430267,1494756
New Hampshire,2018.0,6.0,2.6,748880,769231
New Jersey,2018.0,6.0,4.1,4424839,4612096
New Mexico,2018.0,6.0,4.7,900836,945552
New York,2018.0,6.0,4,9438890,9832509
North Carolina,2018.0,6.0,3.9,4714182,4906758
North Dakota,2018.0,6.0,2.3,401958,411498
Ohio,2018.0,6.0,4.4,5558651,5816161
Oklahoma,2018.0,6.0,3.2,1771734,1829926
Oregon,2018.0,6.0,3.8,1993918,2073562
Pennsylvania,2018.0,6.0,4.3,6229246,6510858
Rhode Island,2018.0,6.0,4,550209,572875
South Carolina,2018.0,6.0,3.2,2205560,2279239
South Dakota,2018.0,6.0,2.7,446295,458793
Tennessee,2018.0,6.0,3.5,3137775,3250483
Texas,2018.0,6.0,3.9,13186203,13722218
Utah,2018.0,6.0,2.9,1538160,1584302
Vermont,2018.0,6.0,2.5,346171,354936
Virginia,2018.0,6.0,2.8,4226830,4350195
Washington,2018.0,6.0,4.3,3659243,3822176
West Virginia,2018.0,6.0,5.1,752001,792628
Wisconsin,2018.0,6.0,3,3036176,3131226
Wyoming,2018.0,6.0,4.1,281062,293022
Alabama,2018.0,7.0,3.9,2150399,2238463
Alaska,2018.0,7.0,5.9,333233,354202
Arizona,2018.0,7.0,4.7,3179042,3335123
Arkansas,2018.0,7.0,3.5,1291749,1338897
California,2018.0,7.0,4.2,18507679,19311140
Colorado,2018.0,7.0,3.1,2964993,3059993
Connecticut,2018.0,7.0,3.8,1849448,1922888
Delaware,2018.0,7.0,3.6,463197,480484
District of Columbia,2018.0,7.0,5.6,373870,395872
Florida,2018.0,7.0,3.6,9750327,10109684
Georgia,2018.0,7.0,3.9,4910334,5109510
Hawaii,2018.0,7.0,2.4,677753,694556
Idaho,2018.0,7.0,2.8,839437,863362
Illinois,2018.0,7.0,4.3,6271554,6552241
Indiana,2018.0,7.0,3.4,3279240,3396231
Iowa,2018.0,7.0,2.5,1666117,1708522
Kansas,2018.0,7.0,3.2,1443752,1491979
Kentucky,2018.0,7.0,4.2,1963079,2049557
Louisiana,2018.0,7.0,4.9,2000799,2103945
Maine,2018.0,7.0,3.3,678628,701436
Maryland,2018.0,7.0,3.7,3147134,3269608
Massachusetts,2018.0,7.0,3.4,3703238,3834581
Michigan,2018.0,7.0,4,4741552,4937813
Minnesota,2018.0,7.0,2.9,2978495,3067455
Mississippi,2018.0,7.0,4.8,1205608,1266735
Missouri,2018.0,7.0,3.1,2946039,3039930
Montana,2018.0,7.0,3.7,515257,534832
Nebraska,2018.0,7.0,2.9,1004723,1034310
Nevada,2018.0,7.0,4.3,1434174,1497993
New Hampshire,2018.0,7.0,2.6,749267,769227
New Jersey,2018.0,7.0,4,4428154,4611059
New Mexico,2018.0,7.0,4.7,900762,945649
New York,2018.0,7.0,3.9,9443658,9830902
North Carolina,2018.0,7.0,3.9,4714462,4906826
North Dakota,2018.0,7.0,2.3,401447,410769
Ohio,2018.0,7.0,4.4,5559003,5815042
Oklahoma,2018.0,7.0,3.1,1770044,1826644
Oregon,2018.0,7.0,3.9,1992436,2072518
Pennsylvania,2018.0,7.0,4.3,6235376,6513633
Rhode Island,2018.0,7.0,3.9,550161,572513
South Carolina,2018.0,7.0,3.3,2209256,2283852
South Dakota,2018.0,7.0,2.7,446275,458603
Tennessee,2018.0,7.0,3.5,3141385,3253879
Texas,2018.0,7.0,3.9,13195670,13725433
Utah,2018.0,7.0,2.9,1539651,1585625
Vermont,2018.0,7.0,2.4,346103,354645
Virginia,2018.0,7.0,2.8,4224330,4344543
Washington,2018.0,7.0,4.2,3665113,3827191
West Virginia,2018.0,7.0,5,752592,792602
Wisconsin,2018.0,7.0,3,3030551,3124973
Wyoming,2018.0,7.0,4.1,280949,292817
Alabama,2018.0,8.0,3.9,2151904,2239251
Alaska,2018.0,8.0,5.9,332823,353725
Arizona,2018.0,8.0,4.7,3185810,3344235
Arkansas,2018.0,8.0,3.5,1292051,1339306
California,2018.0,8.0,4.2,18506230,19311464
Colorado,2018.0,8.0,3.1,2966337,3062145
Connecticut,2018.0,8.0,3.8,1851828,1924548
Delaware,2018.0,8.0,3.5,463144,480135
District of Columbia,2018.0,8.0,5.5,373265,394964
Florida,2018.0,8.0,3.5,9761569,10116757
Georgia,2018.0,8.0,3.9,4907223,5104655
Hawaii,2018.0,8.0,2.5,675845,693097
Idaho,2018.0,8.0,2.8,840714,864894
Illinois,2018.0,8.0,4.3,6268612,6551206
Indiana,2018.0,8.0,3.5,3275860,3393393
Iowa,2018.0,8.0,2.5,1666367,1708907
Kansas,2018.0,8.0,3.2,1443209,1491132
Kentucky,2018.0,8.0,4.2,1960799,2047172
Louisiana,2018.0,8.0,4.9,1997548,2099491
Maine,2018.0,8.0,3.3,677758,700956
Maryland,2018.0,8.0,3.7,3149195,3270271
Massachusetts,2018.0,8.0,3.4,3706194,3835875
Michigan,2018.0,8.0,4,4740538,4937504
Minnesota,2018.0,8.0,2.9,2977839,3067472
Mississippi,2018.0,8.0,4.8,1204004,1265370
Missouri,2018.0,8.0,3.1,2944615,3037789
Montana,2018.0,8.0,3.6,515719,535249
Nebraska,2018.0,8.0,2.9,1005219,1035154
Nevada,2018.0,8.0,4.2,1437822,1501510
New Hampshire,2018.0,8.0,2.6,749443,769076
New Jersey,2018.0,8.0,3.9,4430703,4609237
New Mexico,2018.0,8.0,4.8,900421,945960
New York,2018.0,8.0,3.9,9445452,9830123
North Carolina,2018.0,8.0,3.9,4713811,4907147
North Dakota,2018.0,8.0,2.2,401087,410319
Ohio,2018.0,8.0,4.4,5558833,5815036
Oklahoma,2018.0,8.0,3.1,1768192,1823936
Oregon,2018.0,8.0,3.9,1991374,2073066
Pennsylvania,2018.0,8.0,4.2,6240646,6517145
Rhode Island,2018.0,8.0,3.9,549811,572055
South Carolina,2018.0,8.0,3.3,2213290,2288851
South Dakota,2018.0,8.0,2.7,446245,458463
Tennessee,2018.0,8.0,3.5,3144686,3257296
Texas,2018.0,8.0,3.8,13203553,13729166
Utah,2018.0,8.0,2.9,1541130,1586998
Vermont,2018.0,8.0,2.4,345913,354312
Virginia,2018.0,8.0,2.8,4222184,4341692
Washington,2018.0,8.0,4.2,3669943,3832666
West Virginia,2018.0,8.0,5,752830,792385
Wisconsin,2018.0,8.0,3,3025589,3119399
Wyoming,2018.0,8.0,4,280821,292638
Alabama,2018.0,9.0,3.9,2154733,2241462
Alaska,2018.0,9.0,5.9,332283,353257
Arizona,2018.0,9.0,4.8,3193079,3354886
Arkansas,2018.0,9.0,3.6,1292866,1340798
California,2018.0,9.0,4.2,18507042,19319744
Colorado,2018.0,9.0,3.1,2968487,3064766
Connecticut,2018.0,9.0,3.8,1853800,1926116
Delaware,2018.0,9.0,3.5,463315,480129
District of Columbia,2018.0,9.0,5.5,372769,394485
Florida,2018.0,9.0,3.5,9771929,10125597
Georgia,2018.0,9.0,3.9,4905185,5102401
Hawaii,2018.0,9.0,2.6,673878,691614
Idaho,2018.0,9.0,2.8,842158,866799
Illinois,2018.0,9.0,4.4,6266912,6553072
Indiana,2018.0,9.0,3.5,3272451,3390914
Iowa,2018.0,9.0,2.5,1666842,1709789
Kansas,2018.0,9.0,3.2,1442961,1491039
Kentucky,2018.0,9.0,4.2,1959052,2045292
Louisiana,2018.0,9.0,4.8,1995495,2096648
Maine,2018.0,9.0,3.3,677039,700467
Maryland,2018.0,9.0,3.7,3152964,3273262
Massachusetts,2018.0,9.0,3.3,3708869,3837319
Michigan,2018.0,9.0,4,4741445,4940876
Minnesota,2018.0,9.0,3,2977907,3069433
Mississippi,2018.0,9.0,4.9,1202258,1264589
Missouri,2018.0,9.0,3.1,2944069,3037702
Montana,2018.0,9.0,3.6,516321,535879
Nebraska,2018.0,9.0,2.9,1005925,1036376
Nevada,2018.0,9.0,4.3,1441590,1505705
New Hampshire,2018.0,9.0,2.5,749688,769164
New Jersey,2018.0,9.0,3.8,4433869,4608780
New Mexico,2018.0,9.0,4.9,900230,946826
New York,2018.0,9.0,3.9,9445333,9831476
North Carolina,2018.0,9.0,4,4715051,4910350
North Dakota,2018.0,9.0,2.3,401032,410309
Ohio,2018.0,9.0,4.4,5560421,5818652
Oklahoma,2018.0,9.0,3.1,1766581,1822416
Oregon,2018.0,9.0,4.1,1991537,2075673
Pennsylvania,2018.0,9.0,4.2,6246656,6522999
Rhode Island,2018.0,9.0,3.9,549433,571705
South Carolina,2018.0,9.0,3.3,2218167,2294065
South Dakota,2018.0,9.0,2.7,446352,458560
Tennessee,2018.0,9.0,3.5,3149212,3262243
Texas,2018.0,9.0,3.8,13212991,13738074
Utah,2018.0,9.0,2.9,1543053,1588869
Vermont,2018.0,9.0,2.4,345724,354055
Virginia,2018.0,9.0,2.8,4222230,4343694
Washington,2018.0,9.0,4.3,3675115,3840303
West Virginia,2018.0,9.0,5,752793,792251
Wisconsin,2018.0,9.0,3,3022004,3115610
Wyoming,2018.0,9.0,4,280775,292565
Alabama,2018.0,10.0,3.8,2158591,2244777
Alaska,2018.0,10.0,6,331734,352881
Arizona,2018.0,10.0,4.9,3200904,3366323
Arkansas,2018.0,10.0,3.6,1294294,1343176
California,2018.0,10.0,4.3,18512717,19336652
Colorado,2018.0,10.0,3.1,2972205,3068350
Connecticut,2018.0,10.0,3.7,1855347,1927456
Delaware,2018.0,10.0,3.5,463828,480587
District of Columbia,2018.0,10.0,5.6,372538,394609
Florida,2018.0,10.0,3.5,9782083,10136280
Georgia,2018.0,10.0,3.9,4905021,5102990
Hawaii,2018.0,10.0,2.6,672105,690314
Idaho,2018.0,10.0,2.9,843854,869088
Illinois,2018.0,10.0,4.4,6266596,6557352
Indiana,2018.0,10.0,3.5,3270499,3390302
Iowa,2018.0,10.0,2.5,1668040,1711575
Kansas,2018.0,10.0,3.3,1443269,1491851
Kentucky,2018.0,10.0,4.2,1958534,2044613
Louisiana,2018.0,10.0,4.8,1994939,2095746
Maine,2018.0,10.0,3.3,676620,700019
Maryland,2018.0,10.0,3.7,3158774,3278864
Massachusetts,2018.0,10.0,3.3,3711960,3839492
Michigan,2018.0,10.0,4.1,4744649,4947469
Minnesota,2018.0,10.0,3.1,2978814,3073134
Mississippi,2018.0,10.0,5,1201232,1265038
Missouri,2018.0,10.0,3.1,2945001,3040113
Montana,2018.0,10.0,3.7,517033,536633
Nebraska,2018.0,10.0,3,1006927,1037949
Nevada,2018.0,10.0,4.3,1445686,1510543
New Hampshire,2018.0,10.0,2.5,750168,769675
New Jersey,2018.0,10.0,3.7,4439032,4611131
New Mexico,2018.0,10.0,5,900507,948242
New York,2018.0,10.0,4,9445441,9835265
North Carolina,2018.0,10.0,4,4720133,4917554
North Dakota,2018.0,10.0,2.3,401339,410743
Ohio,2018.0,10.0,4.5,5564403,5825205
Oklahoma,2018.0,10.0,3.1,1765673,1822390
Oregon,2018.0,10.0,4.2,1993202,2079856
Pennsylvania,2018.0,10.0,4.3,6254222,6531837
Rhode Island,2018.0,10.0,3.9,549228,571513
South Carolina,2018.0,10.0,3.3,2223960,2299403
South Dakota,2018.0,10.0,2.7,446687,458985
Tennessee,2018.0,10.0,3.5,3155705,3269246
Texas,2018.0,10.0,3.8,13226519,13753322
Utah,2018.0,10.0,2.9,1545655,1591373
Vermont,2018.0,10.0,2.3,345619,353910
Virginia,2018.0,10.0,2.9,4225443,4350720
Washington,2018.0,10.0,4.4,3681241,3850601
West Virginia,2018.0,10.0,5,752567,792213
Wisconsin,2018.0,10.0,3,3020059,3113834
Wyoming,2018.0,10.0,4,280864,292591
Alabama,2018.0,11.0,3.8,2163413,2249040
Alaska,2018.0,11.0,6,331276,352588
Arizona,2018.0,11.0,5,3209036,3377407
Arkansas,2018.0,11.0,3.7,1296275,1345916
California,2018.0,11.0,4.3,18522233,19357820
Colorado,2018.0,11.0,3.1,2977544,3072875
Connecticut,2018.0,11.0,3.7,1856599,1928469
Delaware,2018.0,11.0,3.5,464665,481462
District of Columbia,2018.0,11.0,5.7,372708,395344
Florida,2018.0,11.0,3.5,9791957,10147309
Georgia,2018.0,11.0,3.9,4906909,5105686
Hawaii,2018.0,11.0,2.7,670654,689271
Idaho,2018.0,11.0,3,845845,871655
Illinois,2018.0,11.0,4.5,6267716,6563693
Indiana,2018.0,11.0,3.6,3271047,3392244
Iowa,2018.0,11.0,2.6,1670268,1714454
Kansas,2018.0,11.0,3.3,1444047,1493263
Kentucky,2018.0,11.0,4.2,1959264,2045199
Louisiana,2018.0,11.0,4.8,1995743,2096226
Maine,2018.0,11.0,3.3,676421,699497
Maryland,2018.0,11.0,3.7,3166305,3286490
Massachusetts,2018.0,11.0,3.3,3715336,3842042
Michigan,2018.0,11.0,4.2,4749291,4955714
Minnesota,2018.0,11.0,3.2,2980417,3077755
Mississippi,2018.0,11.0,5.2,1200982,1266560
Missouri,2018.0,11.0,3.2,2947203,3044344
Montana,2018.0,11.0,3.7,517769,537385
Nebraska,2018.0,11.0,3,1008170,1039691
Nevada,2018.0,11.0,4.3,1450135,1515722
New Hampshire,2018.0,11.0,2.6,750884,770555
New Jersey,2018.0,11.0,3.7,4446827,4616532
New Mexico,2018.0,11.0,5.1,901333,949952
New York,2018.0,11.0,4,9447743,9840824
North Carolina,2018.0,11.0,4,4729048,4927943
North Dakota,2018.0,11.0,2.3,401974,411530
Ohio,2018.0,11.0,4.5,5570595,5832678
Oklahoma,2018.0,11.0,3.2,1765886,1823766
Oregon,2018.0,11.0,4.2,1996216,2084734
Pennsylvania,2018.0,11.0,4.3,6262782,6542689
Rhode Island,2018.0,11.0,3.9,549213,571387
South Carolina,2018.0,11.0,3.2,2230384,2305056
South Dakota,2018.0,11.0,2.7,447210,459657
Tennessee,2018.0,11.0,3.5,3164192,3278109
Texas,2018.0,11.0,3.8,13244160,13772019
Utah,2018.0,11.0,2.9,1548930,1594411
Vermont,2018.0,11.0,2.3,345617,353874
Virginia,2018.0,11.0,3,4231752,4361260
Washington,2018.0,11.0,4.5,3688751,3863242
West Virginia,2018.0,11.0,5,752254,792142
Wisconsin,2018.0,11.0,3,3019651,3113859
Wyoming,2018.0,11.0,4,281075,292643
Alabama,2018.0,12.0,3.8,2168683,2253497
Alaska,2018.0,12.0,6.1,330933,352265
Arizona,2018.0,12.0,5,3217144,3387194
Arkansas,2018.0,12.0,3.7,1298530,1348399
California,2018.0,12.0,4.3,18533124,19375766
Colorado,2018.0,12.0,3,2983949,3077736
Connecticut,2018.0,12.0,3.7,1857610,1928999
Delaware,2018.0,12.0,3.5,465655,482538
District of Columbia,2018.0,12.0,5.9,373289,396511
Florida,2018.0,12.0,3.5,9801836,10157440
Georgia,2018.0,12.0,3.9,4910589,5109390
Hawaii,2018.0,12.0,2.7,669524,688415
Idaho,2018.0,12.0,3,848062,874256
Illinois,2018.0,12.0,4.6,6270288,6570620
Indiana,2018.0,12.0,3.6,3273416,3395076
Iowa,2018.0,12.0,2.6,1673437,1718151
Kansas,2018.0,12.0,3.3,1445061,1494764
Kentucky,2018.0,12.0,4.2,1961076,2046850
Louisiana,2018.0,12.0,4.8,1997597,2097319
Maine,2018.0,12.0,3.2,676266,698756
Maryland,2018.0,12.0,3.6,3174776,3294819
Massachusetts,2018.0,12.0,3.3,3718524,3844303
Michigan,2018.0,12.0,4.2,4754162,4963336
Minnesota,2018.0,12.0,3.2,2982332,3082118
Mississippi,2018.0,12.0,5.3,1201656,1268747
Missouri,2018.0,12.0,3.2,2950020,3049062
Montana,2018.0,12.0,3.6,518484,538060
Nebraska,2018.0,12.0,3.1,1009516,1041358
Nevada,2018.0,12.0,4.3,1454785,1520816
New Hampshire,2018.0,12.0,2.6,751783,771676
New Jersey,2018.0,12.0,3.6,4456667,4623928
New Mexico,2018.0,12.0,5.2,902557,951638
New York,2018.0,12.0,4,9452106,9846342
North Carolina,2018.0,12.0,4,4740426,4939598
North Dakota,2018.0,12.0,2.3,402814,412487
Ohio,2018.0,12.0,4.5,5578377,5838615
Oklahoma,2018.0,12.0,3.2,1767301,1826068
Oregon,2018.0,12.0,4.3,1999975,2089040
Pennsylvania,2018.0,12.0,4.3,6270961,6553509
Rhode Island,2018.0,12.0,3.8,549296,571182
South Carolina,2018.0,12.0,3.2,2236973,2311152
South Dakota,2018.0,12.0,2.7,447815,460408
Tennessee,2018.0,12.0,3.5,3174427,3288549
Texas,2018.0,12.0,3.8,13264412,13789571
Utah,2018.0,12.0,2.8,1552637,1597702
Vermont,2018.0,12.0,2.3,345676,353861
Virginia,2018.0,12.0,3,4240114,4373152
Washington,2018.0,12.0,4.6,3697998,3877111
West Virginia,2018.0,12.0,5,751867,791779
Wisconsin,2018.0,12.0,3,3019883,3114741
Wyoming,2018.0,12.0,3.9,281351,292639
Alabama,2019.0,1.0,3.7,2174406,2257760
Alaska,2019.0,1.0,6,330685,351831
Arizona,2019.0,1.0,5,3225026,3395349
Arkansas,2019.0,1.0,3.7,1300616,1350043
California,2019.0,1.0,4.3,18541902,19383306
Colorado,2019.0,1.0,3,2990566,3082124
Connecticut,2019.0,1.0,3.7,1858255,1928873
Delaware,2019.0,1.0,3.5,466492,483451
District of Columbia,2019.0,1.0,5.9,374167,397788
Florida,2019.0,1.0,3.5,9812329,10166080
Georgia,2019.0,1.0,3.9,4915228,5112734
Hawaii,2019.0,1.0,2.8,668664,687620
Idaho,2019.0,1.0,3,850324,876601
Illinois,2019.0,1.0,4.6,6273794,6574836
Indiana,2019.0,1.0,3.5,3275740,3396279
Iowa,2019.0,1.0,2.6,1676788,1721811
Kansas,2019.0,1.0,3.3,1446098,1495883
Kentucky,2019.0,1.0,4.2,1963434,2048937
Louisiana,2019.0,1.0,4.7,1999982,2098194
Maine,2019.0,1.0,3.1,676029,697766
Maryland,2019.0,1.0,3.6,3183271,3302346
Massachusetts,2019.0,1.0,3.2,3721258,3845803
Michigan,2019.0,1.0,4.2,4758116,4968381
Minnesota,2019.0,1.0,3.3,2984161,3085359
Mississippi,2019.0,1.0,5.4,1202623,1270606
Missouri,2019.0,1.0,3.3,2952751,3052904
Montana,2019.0,1.0,3.6,519058,538521
Nebraska,2019.0,1.0,3.1,1010764,1042759
Nevada,2019.0,1.0,4.3,1459404,1525441
New Hampshire,2019.0,1.0,2.6,752699,772781
New Jersey,2019.0,1.0,3.5,4467242,4631274
New Mexico,2019.0,1.0,5.1,903856,952922
New York,2019.0,1.0,4,9456377,9848899
North Carolina,2019.0,1.0,4,4751946,4950162
North Dakota,2019.0,1.0,2.4,403616,413331
Ohio,2019.0,1.0,4.4,5586624,5841057
Oklahoma,2019.0,1.0,3.2,1769415,1828407
Oregon,2019.0,1.0,4.2,2003416,2091488
Pennsylvania,2019.0,1.0,4.3,6277281,6561798
Rhode Island,2019.0,1.0,3.8,549378,570825
South Carolina,2019.0,1.0,3.2,2243037,2317068
South Dakota,2019.0,1.0,2.8,448392,461110
Tennessee,2019.0,1.0,3.5,3185366,3299516
Texas,2019.0,1.0,3.7,13285684,13802976
Utah,2019.0,1.0,2.8,1556445,1600912
Vermont,2019.0,1.0,2.3,345741,353775
Virginia,2019.0,1.0,3.1,4249056,4383817
Washington,2019.0,1.0,4.7,3709080,3890859
West Virginia,2019.0,1.0,5,751382,790996
Wisconsin,2019.0,1.0,3.1,3019647,3115259
Wyoming,2019.0,1.0,3.7,281629,292548
Alabama,2019.0,2.0,3.6,2179714,2260638
Alaska,2019.0,2.0,5.9,330642,351405
Arizona,2019.0,2.0,5,3232917,3402154
Arkansas,2019.0,2.0,3.6,1302199,1350615
California,2019.0,2.0,4.3,18548090,19379073
Colorado,2019.0,2.0,2.9,2997057,3085607
Connecticut,2019.0,2.0,3.6,1858624,1928104
Delaware,2019.0,2.0,3.5,467053,484023
District of Columbia,2019.0,2.0,5.9,375202,398888
Florida,2019.0,2.0,3.4,9825149,10174306
Georgia,2019.0,2.0,3.8,4920400,5114987
Hawaii,2019.0,2.0,2.7,668092,686884
Idaho,2019.0,2.0,3,852598,878651
Illinois,2019.0,2.0,4.5,6277875,6574311
Indiana,2019.0,2.0,3.5,3276633,3394503
Iowa,2019.0,2.0,2.6,1679914,1725006
Kansas,2019.0,2.0,3.3,1447176,1496519
Kentucky,2019.0,2.0,4.2,1965904,2051027
Louisiana,2019.0,2.0,4.6,2002039,2097947
Maine,2019.0,2.0,3,675734,696598
Maryland,2019.0,2.0,3.5,3191366,3308473
Massachusetts,2019.0,2.0,3.2,3723895,3846567
Michigan,2019.0,2.0,4.2,4761018,4970537
Minnesota,2019.0,2.0,3.3,2986158,3087605
Mississippi,2019.0,2.0,5.4,1203815,1272072
Missouri,2019.0,2.0,3.3,2955215,3055121
Montana,2019.0,2.0,3.6,519498,538740
Nebraska,2019.0,2.0,3.1,1011854,1043847
Nevada,2019.0,2.0,4.3,1463959,1529479
New Hampshire,2019.0,2.0,2.6,753508,773620
New Jersey,2019.0,2.0,3.4,4478287,4637559
New Mexico,2019.0,2.0,5.1,905053,953716
New York,2019.0,2.0,3.9,9459485,9846753
North Carolina,2019.0,2.0,4,4762008,4957944
North Dakota,2019.0,2.0,2.3,404206,413843
Ohio,2019.0,2.0,4.2,5595631,5841071
Oklahoma,2019.0,2.0,3.2,1771837,1830271
Oregon,2019.0,2.0,4.1,2005958,2091761
Pennsylvania,2019.0,2.0,4.3,6281058,6565351
Rhode Island,2019.0,2.0,3.7,549503,570400
South Carolina,2019.0,2.0,3.2,2248305,2322111
South Dakota,2019.0,2.0,2.8,448918,461712
Tennessee,2019.0,2.0,3.4,3195680,3309492
Texas,2019.0,2.0,3.7,13308177,13813223
Utah,2019.0,2.0,2.7,1560269,1603965
Vermont,2019.0,2.0,2.2,345754,353532
Virginia,2019.0,2.0,3,4257789,4391486
Washington,2019.0,2.0,4.6,3722107,3903516
West Virginia,2019.0,2.0,4.9,750967,789966
Wisconsin,2019.0,2.0,3.1,3018881,3115193
Wyoming,2019.0,2.0,3.6,281886,292427
Alabama,2019.0,3.0,3.4,2183829,2261633
Alaska,2019.0,3.0,5.8,330808,351131
Arizona,2019.0,3.0,4.9,3240881,3408470
Arkansas,2019.0,3.0,3.5,1302972,1350217
California,2019.0,3.0,4.2,18553148,19368541
Colorado,2019.0,3.0,2.8,3003318,3088437
Connecticut,2019.0,3.0,3.5,1858974,1927212
Delaware,2019.0,3.0,3.5,467401,484360
District of Columbia,2019.0,3.0,5.9,376305,399741
Florida,2019.0,3.0,3.4,9841663,10184993
Georgia,2019.0,3.0,3.7,4926172,5117188
Hawaii,2019.0,3.0,2.7,667806,686293
Idaho,2019.0,3.0,2.9,854902,880598
Illinois,2019.0,3.0,4.4,6282502,6569737
Indiana,2019.0,3.0,3.4,3275780,3390255
Iowa,2019.0,3.0,2.6,1682870,1727991
Kansas,2019.0,3.0,3.2,1448323,1496929
Kentucky,2019.0,3.0,4.1,1968564,2053518
Louisiana,2019.0,3.0,4.5,2002908,2096558
Maine,2019.0,3.0,2.9,675540,695522
Maryland,2019.0,3.0,3.5,3198856,3313711
Massachusetts,2019.0,3.0,3.1,3726886,3847301
Michigan,2019.0,3.0,4.2,4763235,4971497
Minnesota,2019.0,3.0,3.3,2988744,3089759
Mississippi,2019.0,3.0,5.4,1205433,1273768
Missouri,2019.0,3.0,3.2,2957508,3055937
Montana,2019.0,3.0,3.5,519959,538940
Nebraska,2019.0,3.0,3.1,1012790,1044756
Nevada,2019.0,3.0,4.2,1468427,1533106
New Hampshire,2019.0,3.0,2.6,754169,774158
New Jersey,2019.0,3.0,3.3,4490012,4643984
New Mexico,2019.0,3.0,5,906146,954323
New York,2019.0,3.0,3.9,9461113,9841664
North Carolina,2019.0,3.0,3.9,4769753,4963119
North Dakota,2019.0,3.0,2.3,404541,413983
Ohio,2019.0,3.0,4,5605556,5842012
Oklahoma,2019.0,3.0,3.1,1774252,1831661
Oregon,2019.0,3.0,4,2007640,2090798
Pennsylvania,2019.0,3.0,4.3,6282725,6564870
Rhode Island,2019.0,3.0,3.6,549771,570143
South Carolina,2019.0,3.0,3.1,2252961,2326037
South Dakota,2019.0,3.0,2.8,449410,462249
Tennessee,2019.0,3.0,3.4,3204739,3317717
Texas,2019.0,3.0,3.6,13332175,13824443
Utah,2019.0,3.0,2.7,1564070,1606966
Vermont,2019.0,3.0,2.1,345664,353135
Virginia,2019.0,3.0,2.9,4265799,4395452
Washington,2019.0,3.0,4.6,3736651,3915084
West Virginia,2019.0,3.0,4.9,750841,789152
Wisconsin,2019.0,3.0,3.1,3017870,3115048
Wyoming,2019.0,3.0,3.5,282120,292384
Alabama,2019.0,4.0,3.3,2187615,2262068
Alaska,2019.0,4.0,5.7,331194,351157
Arizona,2019.0,4.0,4.9,3249403,3415247
Arkansas,2019.0,4.0,3.4,1303119,1349361
California,2019.0,4.0,4.1,18562033,19360324
Colorado,2019.0,4.0,2.6,3009691,3091583
Connecticut,2019.0,4.0,3.5,1859811,1927024
Delaware,2019.0,4.0,3.5,467672,484637
District of Columbia,2019.0,4.0,5.7,377558,400515
Florida,2019.0,4.0,3.3,9862955,10200958
Georgia,2019.0,4.0,3.7,4933508,5121305
Hawaii,2019.0,4.0,2.6,667870,685978
Idaho,2019.0,4.0,2.9,857361,882732
Illinois,2019.0,4.0,4.2,6287948,6563224
Indiana,2019.0,4.0,3.3,3274295,3385579
Iowa,2019.0,4.0,2.6,1685909,1731138
Kansas,2019.0,4.0,3.2,1449725,1497527
Kentucky,2019.0,4.0,4.1,1971770,2056741
Louisiana,2019.0,4.0,4.4,2002706,2094892
Maine,2019.0,4.0,2.8,675723,694985
Maryland,2019.0,4.0,3.4,3206071,3319056
Massachusetts,2019.0,4.0,3.1,3730318,3848455
Michigan,2019.0,4.0,4.2,4765642,4973183
Minnesota,2019.0,4.0,3.2,2992563,3092908
Mississippi,2019.0,4.0,5.4,1207144,1275728
Missouri,2019.0,4.0,3.1,2960174,3056388
Montana,2019.0,4.0,3.5,520681,539439
Nebraska,2019.0,4.0,3.1,1013758,1045713
Nevada,2019.0,4.0,4.1,1473000,1536704
New Hampshire,2019.0,4.0,2.6,754855,774648
New Jersey,2019.0,4.0,3.2,4503205,4652828
New Mexico,2019.0,4.0,5,907274,954999
New York,2019.0,4.0,3.8,9463035,9837363
North Carolina,2019.0,4.0,3.9,4775947,4967418
North Dakota,2019.0,4.0,2.2,404706,413869
Ohio,2019.0,4.0,3.9,5615948,5846328
Oklahoma,2019.0,4.0,3.1,1776621,1832954
Oregon,2019.0,4.0,3.9,2008815,2089732
Pennsylvania,2019.0,4.0,4.2,6284234,6562992
Rhode Island,2019.0,4.0,3.5,550309,570303
South Carolina,2019.0,4.0,3.1,2257601,2328810
South Dakota,2019.0,4.0,2.8,449955,462807
Tennessee,2019.0,4.0,3.4,3212970,3324408
Texas,2019.0,4.0,3.5,13359727,13841956
Utah,2019.0,4.0,2.6,1568065,1610178
Vermont,2019.0,4.0,2,345508,352691
Virginia,2019.0,4.0,2.8,4273099,4396580
Washington,2019.0,4.0,4.4,3752090,3925819
West Virginia,2019.0,4.0,4.8,751235,789004
Wisconsin,2019.0,4.0,3.2,3016964,3115332
Wyoming,2019.0,4.0,3.5,282376,292522
Alabama,2019.0,5.0,3.2,2191116,2262486
Alaska,2019.0,5.0,5.6,331667,351420
Arizona,2019.0,5.0,4.8,3258244,3422662
Arkansas,2019.0,5.0,3.4,1302934,1348588
California,2019.0,5.0,4,18575756,19359399
Colorado,2019.0,5.0,2.6,3015688,3095112
Connecticut,2019.0,5.0,3.5,1861315,1928009
Delaware,2019.0,5.0,3.5,467872,484901
District of Columbia,2019.0,5.0,5.6,378691,401106
Florida,2019.0,5.0,3.3,9887639,10222100
Georgia,2019.0,5.0,3.6,4942456,5127960
Hawaii,2019.0,5.0,2.6,668337,686054
Idaho,2019.0,5.0,2.8,859931,885141
Illinois,2019.0,5.0,4,6292513,6555831
Indiana,2019.0,5.0,3.2,3273083,3382165
Iowa,2019.0,5.0,2.6,1688801,1734310
Kansas,2019.0,5.0,3.1,1451356,1498472
Kentucky,2019.0,5.0,4.1,1975451,2060345
Louisiana,2019.0,5.0,4.4,2001642,2093624
Maine,2019.0,5.0,2.7,676319,695172
Maryland,2019.0,5.0,3.4,3213040,3324957
Massachusetts,2019.0,5.0,3,3733250,3849467
Michigan,2019.0,5.0,4.2,4767893,4975072
Minnesota,2019.0,5.0,3.2,2997488,3097285
Mississippi,2019.0,5.0,5.4,1208864,1278107
Missouri,2019.0,5.0,3.1,2963224,3057416
Montana,2019.0,5.0,3.4,521730,540367
Nebraska,2019.0,5.0,3.1,1014775,1046784
Nevada,2019.0,5.0,4.1,1477590,1540468
New Hampshire,2019.0,5.0,2.5,755711,775362
New Jersey,2019.0,5.0,3.2,4517290,4665140
New Mexico,2019.0,5.0,5,908409,955806
New York,2019.0,5.0,3.8,9466372,9837115
North Carolina,2019.0,5.0,3.8,4781384,4972307
North Dakota,2019.0,5.0,2.1,404737,413606
Ohio,2019.0,5.0,3.9,5625077,5853828
Oklahoma,2019.0,5.0,3,1778716,1834399
Oregon,2019.0,5.0,3.8,2009685,2089040
Pennsylvania,2019.0,5.0,4.2,6286411,6561865
Rhode Island,2019.0,5.0,3.5,551133,570955
South Carolina,2019.0,5.0,2.9,2262151,2330127
South Dakota,2019.0,5.0,2.8,450553,463378
Tennessee,2019.0,5.0,3.3,3219861,3329352
Texas,2019.0,5.0,3.4,13390069,13867607
Utah,2019.0,5.0,2.6,1572190,1613584
Vermont,2019.0,5.0,2,345305,352296
Virginia,2019.0,5.0,2.7,4279344,4396207
Washington,2019.0,5.0,4.3,3767130,3935594
West Virginia,2019.0,5.0,4.8,752071,789596
Wisconsin,2019.0,5.0,3.2,3016218,3116035
Wyoming,2019.0,5.0,3.5,282635,292844
Alabama,2019.0,6.0,3,2193853,2262857
Alaska,2019.0,6.0,5.6,332051,351737
Arizona,2019.0,6.0,4.8,3267070,3430816
Arkansas,2019.0,6.0,3.4,1302779,1348406
California,2019.0,6.0,4,18593293,19368378
Colorado,2019.0,6.0,2.5,3020809,3098899
Connecticut,2019.0,6.0,3.5,1863363,1930248
Delaware,2019.0,6.0,3.5,467983,485170
District of Columbia,2019.0,6.0,5.5,379520,401452
Florida,2019.0,6.0,3.2,9913609,10246469
Georgia,2019.0,6.0,3.6,4952391,5136510
Hawaii,2019.0,6.0,2.5,669218,686584
Idaho,2019.0,6.0,2.8,862533,887824
Illinois,2019.0,6.0,3.9,6294604,6548423
Indiana,2019.0,6.0,3.2,3273055,3381252
Iowa,2019.0,6.0,2.7,1691231,1737297
Kansas,2019.0,6.0,3.1,1453245,1499973
Kentucky,2019.0,6.0,4.1,1979203,2064011
Louisiana,2019.0,6.0,4.5,2000165,2093370
Maine,2019.0,6.0,2.7,677173,696022
Maryland,2019.0,6.0,3.4,3219643,3331424
Massachusetts,2019.0,6.0,3,3735064,3850035
Michigan,2019.0,6.0,4.2,4769678,4976430
Minnesota,2019.0,6.0,3.2,3002599,3102516
Mississippi,2019.0,6.0,5.5,1210451,1280796
Missouri,2019.0,6.0,3.1,2966639,3060113
Montana,2019.0,6.0,3.4,523027,541687
Nebraska,2019.0,6.0,3.1,1015861,1048127
Nevada,2019.0,6.0,4,1482086,1544513
New Hampshire,2019.0,6.0,2.5,756740,776373
New Jersey,2019.0,6.0,3.2,4530891,4680591
New Mexico,2019.0,6.0,4.9,909430,956659
New York,2019.0,6.0,3.8,9470995,9842215
North Carolina,2019.0,6.0,3.9,4786799,4978585
North Dakota,2019.0,6.0,2.1,404698,413356
Ohio,2019.0,6.0,3.9,5631993,5863521
Oklahoma,2019.0,6.0,3,1780281,1836110
Oregon,2019.0,6.0,3.7,2010787,2089091
Pennsylvania,2019.0,6.0,4.2,6289359,6563128
Rhode Island,2019.0,6.0,3.5,552229,572075
South Carolina,2019.0,6.0,2.7,2266112,2330032
South Dakota,2019.0,6.0,2.8,451197,463987
Tennessee,2019.0,6.0,3.2,3224407,3332238
Texas,2019.0,6.0,3.4,13421095,13900435
Utah,2019.0,6.0,2.5,1576361,1617122
Vermont,2019.0,6.0,2,345098,352063
Virginia,2019.0,6.0,2.5,4284420,4396264
Washington,2019.0,6.0,4.2,3780599,3944443
West Virginia,2019.0,6.0,4.8,753047,790761
Wisconsin,2019.0,6.0,3.2,3015760,3116984
Wyoming,2019.0,6.0,3.6,282869,293296
Alabama,2019.0,7.0,3,2196517,2264164
Alaska,2019.0,7.0,5.6,332276,351966
Arizona,2019.0,7.0,4.8,3275630,3439397
Arkansas,2019.0,7.0,3.4,1303021,1349142
California,2019.0,7.0,4,18613227,19386987
Colorado,2019.0,7.0,2.5,3025030,3102890
Connecticut,2019.0,7.0,3.5,1865426,1933187
Delaware,2019.0,7.0,3.6,468044,485452
District of Columbia,2019.0,7.0,5.4,379958,401528
Florida,2019.0,7.0,3.2,9938743,10271048
Georgia,2019.0,7.0,3.6,4962621,5145890
Hawaii,2019.0,7.0,2.5,670406,687490
Idaho,2019.0,7.0,2.9,865072,890660
Illinois,2019.0,7.0,3.8,6293694,6541678
Indiana,2019.0,7.0,3.2,3274935,3383676
Iowa,2019.0,7.0,2.7,1693007,1739887
Kansas,2019.0,7.0,3.1,1455331,1502040
Kentucky,2019.0,7.0,4.1,1982762,2067508
Louisiana,2019.0,7.0,4.6,1998814,2094490
Maine,2019.0,7.0,2.8,678100,697314
Maryland,2019.0,7.0,3.4,3225891,3338080
Massachusetts,2019.0,7.0,3,3735572,3850030
Michigan,2019.0,7.0,4.1,4771284,4977230
Minnesota,2019.0,7.0,3.2,3006830,3107798
Mississippi,2019.0,7.0,5.6,1211236,1282858
Missouri,2019.0,7.0,3.1,2970369,3065029
Montana,2019.0,7.0,3.5,524380,543182
Nebraska,2019.0,7.0,3.1,1017001,1049736
Nevada,2019.0,7.0,4,1486403,1548834
New Hampshire,2019.0,7.0,2.5,757892,777618
New Jersey,2019.0,7.0,3.3,4542822,4697847
New Mexico,2019.0,7.0,4.9,910238,957408
New York,2019.0,7.0,3.8,9476011,9851433
North Carolina,2019.0,7.0,3.9,4792965,4986366
North Dakota,2019.0,7.0,2.1,404682,413259
Ohio,2019.0,7.0,4,5636671,5873940
Oklahoma,2019.0,7.0,3.1,1781445,1838190
Oregon,2019.0,7.0,3.7,2012639,2089970
Pennsylvania,2019.0,7.0,4.2,6292802,6567450
Rhode Island,2019.0,7.0,3.5,553547,573522
South Carolina,2019.0,7.0,2.6,2269131,2329158
South Dakota,2019.0,7.0,2.8,451873,464652
Tennessee,2019.0,7.0,3.2,3226641,3333856
Texas,2019.0,7.0,3.5,13450811,13936883
Utah,2019.0,7.0,2.5,1580487,1620725
Vermont,2019.0,7.0,2,344956,352070
Virginia,2019.0,7.0,2.5,4288470,4398330
Washington,2019.0,7.0,4.1,3792109,3952679
West Virginia,2019.0,7.0,4.8,753838,792173
Wisconsin,2019.0,7.0,3.3,3015506,3117826
Wyoming,2019.0,7.0,3.7,283048,293776
Alabama,2019.0,8.0,3,2198465,2265671
Alaska,2019.0,8.0,5.6,332377,352010
Arizona,2019.0,8.0,4.8,3283990,3447872
Arkansas,2019.0,8.0,3.5,1303902,1350723
California,2019.0,8.0,4,18636253,19413427
Colorado,2019.0,8.0,2.5,3028850,3107255
Connecticut,2019.0,8.0,3.6,1867329,1936278
Delaware,2019.0,8.0,3.6,468043,485641
District of Columbia,2019.0,8.0,5.3,380211,401516
Florida,2019.0,8.0,3.2,9962146,10293168
Georgia,2019.0,8.0,3.5,4972903,5155112
Hawaii,2019.0,8.0,2.4,671828,688673
Idaho,2019.0,8.0,2.9,867517,893421
Illinois,2019.0,8.0,3.7,6290401,6535211
Indiana,2019.0,8.0,3.3,3278571,3388710
Iowa,2019.0,8.0,2.7,1694175,1741821
Kansas,2019.0,8.0,3.1,1457440,1504286
Kentucky,2019.0,8.0,4.1,1985945,2070510
Louisiana,2019.0,8.0,4.7,1998144,2096783
Maine,2019.0,8.0,2.8,678928,698688
Maryland,2019.0,8.0,3.4,3231997,3344244
Massachusetts,2019.0,8.0,3,3734842,3849190
Michigan,2019.0,8.0,4.1,4773214,4977625
Minnesota,2019.0,8.0,3.3,3009920,3112298
Mississippi,2019.0,8.0,5.6,1211684,1284181
Missouri,2019.0,8.0,3.2,2974197,3071694
Montana,2019.0,8.0,3.5,525645,544623
Nebraska,2019.0,8.0,3.2,1018179,1051380
Nevada,2019.0,8.0,4,1490513,1553269
New Hampshire,2019.0,8.0,2.5,759084,778944
New Jersey,2019.0,8.0,3.4,4552738,4715055
New Mexico,2019.0,8.0,4.9,910941,958036
New York,2019.0,8.0,3.9,9482245,9863438
North Carolina,2019.0,8.0,3.9,4800148,4994655
North Dakota,2019.0,8.0,2.1,404723,413327
Ohio,2019.0,8.0,4.1,5639664,5883443
Oklahoma,2019.0,8.0,3.1,1782637,1840520
Oregon,2019.0,8.0,3.6,2015018,2090951
Pennsylvania,2019.0,8.0,4.2,6296626,6574318
Rhode Island,2019.0,8.0,3.5,554943,575011
South Carolina,2019.0,8.0,2.5,2271219,2328409
South Dakota,2019.0,8.0,2.7,452545,465308
Tennessee,2019.0,8.0,3.2,3227612,3335490
Texas,2019.0,8.0,3.5,13478544,13971964
Utah,2019.0,8.0,2.5,1584516,1624340
Vermont,2019.0,8.0,2.1,344942,352307
Virginia,2019.0,8.0,2.5,4292276,4403343
Washington,2019.0,8.0,4,3802203,3960828
West Virginia,2019.0,8.0,4.9,754337,793464
Wisconsin,2019.0,8.0,3.3,3015371,3118276
Wyoming,2019.0,8.0,3.8,283178,294213
Alabama,2019.0,9.0,3,2200175,2267415
Alaska,2019.0,9.0,5.5,332498,351834
Arizona,2019.0,9.0,4.7,3293195,3456418
Arkansas,2019.0,9.0,3.5,1305530,1352758
California,2019.0,9.0,4,18667908,19447796
Colorado,2019.0,9.0,2.5,3033428,3112667
Connecticut,2019.0,9.0,3.6,1869420,1939235
Delaware,2019.0,9.0,3.6,468100,485722
District of Columbia,2019.0,9.0,5.2,380776,401820
Florida,2019.0,9.0,3.2,9986607,10313778
Georgia,2019.0,9.0,3.5,4984455,5164623
Hawaii,2019.0,9.0,2.4,673558,690145
Idaho,2019.0,9.0,2.9,870110,896041
Illinois,2019.0,9.0,3.7,6287024,6528621
Indiana,2019.0,9.0,3.3,3284059,3395148
Iowa,2019.0,9.0,2.7,1695293,1743177
Kansas,2019.0,9.0,3.1,1459804,1506570
Kentucky,2019.0,9.0,4,1988909,2072853
Louisiana,2019.0,9.0,4.8,1998949,2099678
Maine,2019.0,9.0,2.9,679633,699915
Maryland,2019.0,9.0,3.3,3238992,3349967
Massachusetts,2019.0,9.0,3,3734283,3848299
Michigan,2019.0,9.0,4,4777590,4978659
Minnesota,2019.0,9.0,3.3,3013191,3116207
Mississippi,2019.0,9.0,5.6,1211954,1284212
Missouri,2019.0,9.0,3.3,2978472,3079035
Montana,2019.0,9.0,3.5,526966,546025
Nebraska,2019.0,9.0,3.2,1019668,1053008
Nevada,2019.0,9.0,4,1494787,1557832
New Hampshire,2019.0,9.0,2.6,760326,780237
New Jersey,2019.0,9.0,3.6,4561908,4731072
New Mexico,2019.0,9.0,4.9,911898,958766
New York,2019.0,9.0,3.9,9494954,9879755
North Carolina,2019.0,9.0,3.9,4809111,5002649
North Dakota,2019.0,9.0,2.1,404904,413540
Ohio,2019.0,9.0,4.2,5643974,5892364
Oklahoma,2019.0,9.0,3.2,1784481,1842891
Oregon,2019.0,9.0,3.5,2017745,2091578
Pennsylvania,2019.0,9.0,4.3,6301961,6582556
Rhode Island,2019.0,9.0,3.5,556370,576289
South Carolina,2019.0,9.0,2.4,2273239,2329050
South Dakota,2019.0,9.0,2.7,453268,465921
Tennessee,2019.0,9.0,3.3,3229237,3338521
Texas,2019.0,9.0,3.5,13508923,14004715
Utah,2019.0,9.0,2.4,1588812,1628202
Vermont,2019.0,9.0,2.1,345140,352715
Virginia,2019.0,9.0,2.6,4297359,4411433
Washington,2019.0,9.0,3.9,3813294,3969950
West Virginia,2019.0,9.0,5,754852,794502
Wisconsin,2019.0,9.0,3.3,3016011,3118566
Wyoming,2019.0,9.0,3.8,283339,294622
Alabama,2019.0,10.0,3,2200603,2268441
Alaska,2019.0,10.0,5.4,332582,351487
Arizona,2019.0,10.0,4.7,3302664,3465329
Arkansas,2019.0,10.0,3.5,1307203,1354577
California,2019.0,10.0,4,18702621,19487390
Colorado,2019.0,10.0,2.6,3038059,3118989
Connecticut,2019.0,10.0,3.6,1871049,1941593
Delaware,2019.0,10.0,3.6,468104,485617
District of Columbia,2019.0,10.0,5.2,381570,402517
Florida,2019.0,10.0,3.1,10010788,10332869
Georgia,2019.0,10.0,3.4,4995870,5174328
Hawaii,2019.0,10.0,2.4,675253,691555
Idaho,2019.0,10.0,2.9,872686,898402
Illinois,2019.0,10.0,3.7,6283626,6522043
Indiana,2019.0,10.0,3.3,3289206,3400846
Iowa,2019.0,10.0,2.7,1695854,1743449
Kansas,2019.0,10.0,3.1,1462039,1508618
Kentucky,2019.0,10.0,4,1990969,2074341
Louisiana,2019.0,10.0,4.8,2000120,2101729
Maine,2019.0,10.0,3,679981,700800
Maryland,2019.0,10.0,3.3,3246226,3355417
Massachusetts,2019.0,10.0,3,3733615,3847571
Michigan,2019.0,10.0,3.9,4783432,4979874
Minnesota,2019.0,10.0,3.3,3016917,3120234
Mississippi,2019.0,10.0,5.6,1212095,1283451
Missouri,2019.0,10.0,3.3,2982325,3085251
Montana,2019.0,10.0,3.5,528241,547383
Nebraska,2019.0,10.0,3.1,1021190,1054364
Nevada,2019.0,10.0,4.1,1498844,1562321
New Hampshire,2019.0,10.0,2.6,761267,781198
New Jersey,2019.0,10.0,3.7,4569881,4745300
New Mexico,2019.0,10.0,4.9,912874,959739
New York,2019.0,10.0,3.9,9511804,9899509
North Carolina,2019.0,10.0,3.8,4818362,5009614
North Dakota,2019.0,10.0,2.1,405076,413695
Ohio,2019.0,10.0,4.3,5650887,5901853
Oklahoma,2019.0,10.0,3.2,1786198,1844494
Oregon,2019.0,10.0,3.4,2020190,2091954
Pennsylvania,2019.0,10.0,4.3,6306483,6589900
Rhode Island,2019.0,10.0,3.4,557518,577212
South Carolina,2019.0,10.0,2.4,2274933,2331167
South Dakota,2019.0,10.0,2.7,453912,466380
Tennessee,2019.0,10.0,3.3,3231495,3342882
Texas,2019.0,10.0,3.5,13540444,14034173
Utah,2019.0,10.0,2.4,1592966,1632135
Vermont,2019.0,10.0,2.2,345433,353091
Virginia,2019.0,10.0,2.7,4302794,4420554
Washington,2019.0,10.0,3.9,3827171,3980986
West Virginia,2019.0,10.0,5,755311,795310
Wisconsin,2019.0,10.0,3.3,3016689,3118317
Wyoming,2019.0,10.0,3.9,283470,295036
Alabama,2019.0,11.0,3,2198939,2267842
Alaska,2019.0,11.0,5.3,332649,351197
Arizona,2019.0,11.0,4.7,3311260,3474207
Arkansas,2019.0,11.0,3.5,1308082,1355495
California,2019.0,11.0,4.1,18736108,19530764
Colorado,2019.0,11.0,2.7,3041753,3125737
Connecticut,2019.0,11.0,3.7,1871640,1942988
Delaware,2019.0,11.0,3.6,467867,485206
District of Columbia,2019.0,11.0,5.2,382314,403449
Florida,2019.0,11.0,3.1,10032088,10349460
Georgia,2019.0,11.0,3.4,5005020,5183356
Hawaii,2019.0,11.0,2.3,676681,692636
Idaho,2019.0,11.0,2.8,874976,900327
Illinois,2019.0,11.0,3.6,6279403,6515473
Indiana,2019.0,11.0,3.3,3291062,3403209
Iowa,2019.0,11.0,2.7,1694898,1741908
Kansas,2019.0,11.0,3.1,1463697,1510154
Kentucky,2019.0,11.0,4,1991284,2074502
Louisiana,2019.0,11.0,4.8,1999506,2100897
Maine,2019.0,11.0,3,679839,701194
Maryland,2019.0,11.0,3.2,3252445,3360556
Massachusetts,2019.0,11.0,3,3731635,3846073
Michigan,2019.0,11.0,3.8,4787678,4979379
Minnesota,2019.0,11.0,3.3,3020854,3124823
Mississippi,2019.0,11.0,5.5,1212026,1282570
Missouri,2019.0,11.0,3.4,2985077,3088996
Montana,2019.0,11.0,3.5,529245,548519
Nebraska,2019.0,11.0,3.1,1022330,1055146
Nevada,2019.0,11.0,4.1,1502115,1566205
New Hampshire,2019.0,11.0,2.5,761555,781476
New Jersey,2019.0,11.0,3.8,4576022,4757345
New Mexico,2019.0,11.0,4.9,913511,960847
New York,2019.0,11.0,4,9526610,9918398
North Carolina,2019.0,11.0,3.8,4826118,5015044
North Dakota,2019.0,11.0,2,404992,413459
Ohio,2019.0,11.0,4.3,5660377,5912001
Oklahoma,2019.0,11.0,3.1,1786699,1844480
Oregon,2019.0,11.0,3.4,2021459,2091919
Pennsylvania,2019.0,11.0,4.3,6307258,6592893
Rhode Island,2019.0,11.0,3.4,558111,577724
South Carolina,2019.0,11.0,2.5,2275745,2333912
South Dakota,2019.0,11.0,2.6,454373,466622
Tennessee,2019.0,11.0,3.4,3233186,3346774
Texas,2019.0,11.0,3.5,13570116,14060143
Utah,2019.0,11.0,2.4,1596451,1635740
Vermont,2019.0,11.0,2.1,345663,353175
Virginia,2019.0,11.0,2.7,4307111,4427891
Washington,2019.0,11.0,3.8,3841503,3991180
West Virginia,2019.0,11.0,5.1,755439,795798
Wisconsin,2019.0,11.0,3.2,3016458,3116817
Wyoming,2019.0,11.0,4,283497,295458
Alabama,2019.0,12.0,3.1,2194948,2265305
Alaska,2019.0,12.0,5.2,332607,351034
Arizona,2019.0,12.0,4.7,3316488,3480692
Arkansas,2019.0,12.0,3.5,1307431,1354907
California,2019.0,12.0,4.1,18760088,19571469
Colorado,2019.0,12.0,2.8,3042387,3130834
Connecticut,2019.0,12.0,3.7,1869936,1942216
Delaware,2019.0,12.0,3.6,467162,484362
District of Columbia,2019.0,12.0,5.4,382587,404214
Florida,2019.0,12.0,3,10041935,10356024
Georgia,2019.0,12.0,3.5,5008917,5189349
Hawaii,2019.0,12.0,2.2,677484,693073
Idaho,2019.0,12.0,2.8,876408,901475
Illinois,2019.0,12.0,3.6,6271187,6507243
Indiana,2019.0,12.0,3.3,3287554,3400865
Iowa,2019.0,12.0,2.7,1691055,1737538
Kansas,2019.0,12.0,3.1,1463792,1510339
Kentucky,2019.0,12.0,4,1988593,2072180
Louisiana,2019.0,12.0,4.8,1995126,2095489
Maine,2019.0,12.0,3.1,678902,700702
Maryland,2019.0,12.0,3.2,3255534,3364422
Massachusetts,2019.0,12.0,3,3724970,3840356
Michigan,2019.0,12.0,3.8,4785332,4973652
Minnesota,2019.0,12.0,3.4,3022875,3128223
Mississippi,2019.0,12.0,5.5,1210454,1280931
Missouri,2019.0,12.0,3.4,2985195,3088884
Montana,2019.0,12.0,3.5,529531,548951
Nebraska,2019.0,12.0,3.1,1022336,1054761
Nevada,2019.0,12.0,4.1,1503507,1568450
New Hampshire,2019.0,12.0,2.5,760561,780430
New Jersey,2019.0,12.0,3.9,4578023,4764786
New Mexico,2019.0,12.0,5,913180,961446
New York,2019.0,12.0,4,9530737,9928423
North Carolina,2019.0,12.0,3.7,4828806,5016582
North Dakota,2019.0,12.0,2,404366,412683
Ohio,2019.0,12.0,4.3,5666096,5919223
Oklahoma,2019.0,12.0,3.1,1784921,1842274
Oregon,2019.0,12.0,3.4,2020403,2090881
Pennsylvania,2019.0,12.0,4.4,6298989,6586413
Rhode Island,2019.0,12.0,3.4,557650,577514
South Carolina,2019.0,12.0,2.6,2274037,2335205
South Dakota,2019.0,12.0,2.6,454418,466473
Tennessee,2019.0,12.0,3.4,3231783,3346761
Texas,2019.0,12.0,3.5,13586609,14075288
Utah,2019.0,12.0,2.4,1598277,1637983
Vermont,2019.0,12.0,2.1,345513,352800
Virginia,2019.0,12.0,2.7,4307064,4428627
Washington,2019.0,12.0,3.7,3848926,3994995
West Virginia,2019.0,12.0,5.1,754822,795786
Wisconsin,2019.0,12.0,3.2,3014026,3112959
Wyoming,2019.0,12.0,4.2,283244,295727
Alabama,2020.0,1.0,3.2,2188319,2260440
Alaska,2020.0,1.0,5.3,332300,350862
Arizona,2020.0,1.0,4.8,3316688,3482745
Arkansas,2020.0,1.0,3.5,1305296,1352956
California,2020.0,1.0,4.3,18770034,19603988
Colorado,2020.0,1.0,3,3038695,3132612
Connecticut,2020.0,1.0,3.8,1865551,1938821
Delaware,2020.0,1.0,3.6,465967,483120
District of Columbia,2020.0,1.0,5.5,382061,404360
Florida,2020.0,1.0,3,10032574,10344346
Georgia,2020.0,1.0,3.6,5006478,5190786
Hawaii,2020.0,1.0,2.2,677484,692729
Idaho,2020.0,1.0,2.8,876677,901823
Illinois,2020.0,1.0,3.7,6259112,6498977
Indiana,2020.0,1.0,3.4,3278737,3393852
Iowa,2020.0,1.0,2.7,1683935,1730179
Kansas,2020.0,1.0,3.1,1461816,1508537
Kentucky,2020.0,1.0,4.1,1982555,2066984
Louisiana,2020.0,1.0,4.7,1987499,2086283
Maine,2020.0,1.0,3.2,677081,699130
Maryland,2020.0,1.0,3.3,3254556,3366208
Massachusetts,2020.0,1.0,3,3710784,3827335
Michigan,2020.0,1.0,3.8,4773316,4960108
Minnesota,2020.0,1.0,3.4,3020886,3128290
Mississippi,2020.0,1.0,5.6,1207281,1278699
Missouri,2020.0,1.0,3.4,2982038,3085527
Montana,2020.0,1.0,3.5,528993,548463
Nebraska,2020.0,1.0,3,1020834,1052941
Nevada,2020.0,1.0,4.2,1502314,1568532
New Hampshire,2020.0,1.0,2.5,758054,777848
New Jersey,2020.0,1.0,4,4573720,4765234
New Mexico,2020.0,1.0,5.1,911536,960993
New York,2020.0,1.0,4.1,9518640,9923358
North Carolina,2020.0,1.0,3.8,4825728,5013776
North Dakota,2020.0,1.0,2.1,403241,411689
Ohio,2020.0,1.0,4.4,5660918,5919390
Oklahoma,2020.0,1.0,3.1,1780907,1838271
Oregon,2020.0,1.0,3.4,2016997,2088910
Pennsylvania,2020.0,1.0,4.4,6279427,6570864
Rhode Island,2020.0,1.0,3.5,555930,576322
South Carolina,2020.0,1.0,2.8,2268881,2333553
South Dakota,2020.0,1.0,2.5,453941,465790
Tennessee,2020.0,1.0,3.4,3225772,3340825
Texas,2020.0,1.0,3.5,13580042,14072438
Utah,2020.0,1.0,2.5,1597963,1638196
Vermont,2020.0,1.0,2.1,344804,352082
Virginia,2020.0,1.0,2.8,4301214,4423464
Washington,2020.0,1.0,3.6,3844433,3989932
West Virginia,2020.0,1.0,5.2,753349,795017
Wisconsin,2020.0,1.0,3.1,3009062,3106453
Wyoming,2020.0,1.0,4.4,282599,295684
Alabama,2020.0,2.0,3.3,2180186,2254260
Alaska,2020.0,2.0,5.4,331648,350477
Arizona,2020.0,2.0,4.8,3311825,3480462
Arkansas,2020.0,2.0,3.6,1302219,1350347
California,2020.0,2.0,4.4,18768004,19628098
Colorado,2020.0,2.0,3.2,3030991,3130761
Connecticut,2020.0,2.0,3.8,1858917,1933315
Delaware,2020.0,2.0,3.6,464396,481636
District of Columbia,2020.0,2.0,5.7,380528,403489
Florida,2020.0,2.0,3,10001461,10310613
Georgia,2020.0,2.0,3.6,4998731,5187971
Hawaii,2020.0,2.0,2.2,676811,691778
Idaho,2020.0,2.0,2.8,875839,901500
Illinois,2020.0,2.0,3.8,6244925,6492991
Indiana,2020.0,2.0,3.5,3265422,3382274
Iowa,2020.0,2.0,2.7,1674165,1720272
Kansas,2020.0,2.0,3.1,1458043,1504763
Kentucky,2020.0,2.0,4.1,1973837,2059014
Louisiana,2020.0,2.0,4.7,1979105,2076123
Maine,2020.0,2.0,3.2,674445,696631
Maryland,2020.0,2.0,3.4,3250084,3365190
Massachusetts,2020.0,2.0,3.1,3688777,3806656
Michigan,2020.0,2.0,3.8,4752121,4937894
Minnesota,2020.0,2.0,3.5,3013964,3123869
Mississippi,2020.0,2.0,5.7,1202653,1275701
Missouri,2020.0,2.0,3.4,2976175,3081373
Montana,2020.0,2.0,3.5,527825,547170
Nebraska,2020.0,2.0,3,1018057,1049923
Nevada,2020.0,2.0,4.4,1498494,1566746
New Hampshire,2020.0,2.0,2.6,754347,774097
New Jersey,2020.0,2.0,4.1,4562044,4757142
New Mexico,2020.0,2.0,5.3,908652,959313
New York,2020.0,2.0,4.2,9488885,9901482
North Carolina,2020.0,2.0,3.8,4819159,5008917
North Dakota,2020.0,2.0,2.2,401873,410940
Ohio,2020.0,2.0,4.5,5642009,5909682
Oklahoma,2020.0,2.0,3.2,1775459,1833477
Oregon,2020.0,2.0,3.6,2011877,2086293
Pennsylvania,2020.0,2.0,4.6,6251276,6552353
Rhode Island,2020.0,2.0,3.6,553183,574053
South Carolina,2020.0,2.0,2.9,2260600,2328820
South Dakota,2020.0,2.0,2.5,453018,464574
Tennessee,2020.0,2.0,3.5,3214810,3330049
Texas,2020.0,2.0,3.6,13547699,14049555
Utah,2020.0,2.0,2.5,1595731,1636410
Vermont,2020.0,2.0,2.2,343598,351283
Virginia,2020.0,2.0,2.9,4291042,4418731
Washington,2020.0,2.0,3.8,3827847,3977324
West Virginia,2020.0,2.0,5.3,751009,793206
Wisconsin,2020.0,2.0,3.1,3001811,3097630
Wyoming,2020.0,2.0,4.6,281593,295291
Alabama,2020.0,3.0,3.4,2170896,2246584
Alaska,2020.0,3.0,5.4,330889,349856
Arizona,2020.0,3.0,4.9,3304570,3476237
Arkansas,2020.0,3.0,4.8,1299745,1365968
California,2020.0,3.0,5.5,18245996,19310026
Colorado,2020.0,3.0,3.4,3022075,3127030
Connecticut,2020.0,3.0,3.9,1851737,1927122
Delaware,2020.0,3.0,5,462872,487300
District of Columbia,2020.0,3.0,5.8,379477,402863
Florida,2020.0,3.0,4,9733440,10142457
Georgia,2020.0,3.0,3.7,4989980,5183442
Hawaii,2020.0,3.0,2.1,675985,690734
Idaho,2020.0,3.0,2.8,874605,899358
Illinois,2020.0,3.0,5.1,6108846,6434112
Indiana,2020.0,3.0,3.6,3184139,3301532
Iowa,2020.0,3.0,2.7,1663583,1709030
Kansas,2020.0,3.0,3.1,1453873,1500078
Kentucky,2020.0,3.0,4.1,1964589,2049594
Louisiana,2020.0,3.0,6.7,1973636,2114424
Maine,2020.0,3.0,3.2,671612,693833
Maryland,2020.0,3.0,3.5,3245239,3362349
Massachusetts,2020.0,3.0,3.1,3662178,3781020
Michigan,2020.0,3.0,3.7,4727009,4909618
Minnesota,2020.0,3.0,3.6,3003742,3115711
Mississippi,2020.0,3.0,5.9,1198781,1273409
Missouri,2020.0,3.0,3.6,2970104,3079549
Montana,2020.0,3.0,3.5,526397,545355
Nebraska,2020.0,3.0,4.4,1008463,1055316
Nevada,2020.0,3.0,7.2,1433426,1545207
New Hampshire,2020.0,3.0,2.6,750281,769939
New Jersey,2020.0,3.0,4.1,4546335,4742018
New Mexico,2020.0,3.0,5.9,892437,948526
New York,2020.0,3.0,4.2,9448828,9867923
North Carolina,2020.0,3.0,4,4594402,4785018
North Dakota,2020.0,3.0,2.5,400752,410959
Ohio,2020.0,3.0,4.8,5542627,5820292
Oklahoma,2020.0,3.0,3.2,1770475,1829534
Oregon,2020.0,3.0,3.7,2006927,2083882
Pennsylvania,2020.0,3.0,4.8,6220991,6536470
Rhode Island,2020.0,3.0,3.7,548795,569682
South Carolina,2020.0,3.0,3.1,2251335,2322570
South Dakota,2020.0,3.0,2.4,452018,463143
Tennessee,2020.0,3.0,3.5,3200642,3317696
Texas,2020.0,3.0,5,13195580,13893417
Utah,2020.0,3.0,2.5,1592987,1633767
Vermont,2020.0,3.0,2.4,342234,350738
Virginia,2020.0,3.0,3.2,4282186,4422545
Washington,2020.0,3.0,6,3703432,3941485
West Virginia,2020.0,3.0,5.3,748164,790450
Wisconsin,2020.0,3.0,3,2994584,3088431
Wyoming,2020.0,3.0,4.8,280490,294693
Alabama,2020.0,4.0,13.8,1883575,2184411
Alaska,2020.0,4.0,11.6,296559,335456
Arizona,2020.0,4.0,13.8,2924531,3393061
Arkansas,2020.0,4.0,10.1,1210815,1346793
California,2020.0,4.0,16.1,15688440,18698851
Colorado,2020.0,4.0,11.2,2662413,2997836
Connecticut,2020.0,4.0,8.3,1678890,1830788
Delaware,2020.0,4.0,13.1,409219,470723
District of Columbia,2020.0,4.0,11.3,347542,391628
Florida,2020.0,4.0,13.3,8121114,9372023
Georgia,2020.0,4.0,12.5,4329558,4947003
Hawaii,2020.0,4.0,22.5,503516,649436
Idaho,2020.0,4.0,11.8,781359,885500
Illinois,2020.0,4.0,18.3,5113022,6257113
Indiana,2020.0,4.0,16.9,2669400,3212876
Iowa,2020.0,4.0,11,1500822,1687201
Kansas,2020.0,4.0,12.1,1308191,1488328
Kentucky,2020.0,4.0,16.7,1697831,2038557
Louisiana,2020.0,4.0,13.5,1708721,1976206
Maine,2020.0,4.0,9.3,593939,654661
Maryland,2020.0,4.0,9,2912672,3199999
Massachusetts,2020.0,4.0,17.8,2885860,3509078
Michigan,2020.0,4.0,22.7,3525458,4561790
Minnesota,2020.0,4.0,8.9,2730746,2995933
Mississippi,2020.0,4.0,15.6,1019571,1207674
Missouri,2020.0,4.0,11.6,2587209,2926978
Montana,2020.0,4.0,11.9,472883,537056
Nebraska,2020.0,4.0,8.2,958924,1044553
Nevada,2020.0,4.0,30.5,1021012,1469449
New Hampshire,2020.0,4.0,16,623667,742138
New Jersey,2020.0,4.0,15,3808817,4478993
New Mexico,2020.0,4.0,9,818326,899628
New York,2020.0,4.0,15.7,7690871,9119448
North Carolina,2020.0,4.0,14.2,3969148,4625138
North Dakota,2020.0,4.0,8.7,374787,410498
Ohio,2020.0,4.0,16.5,4623650,5534863
Oklahoma,2020.0,4.0,12.5,1577690,1803349
Oregon,2020.0,4.0,13.7,1756401,2035720
Pennsylvania,2020.0,4.0,16.1,5321445,6344987
Rhode Island,2020.0,4.0,17.9,447938,545276
South Carolina,2020.0,4.0,11.7,2049869,2322650
South Dakota,2020.0,4.0,8.8,422939,463618
Tennessee,2020.0,4.0,15.7,2689150,3191792
Texas,2020.0,4.0,12.8,11597567,13300732
Utah,2020.0,4.0,10,1460961,1622532
Vermont,2020.0,4.0,14.1,302630,352456
Virginia,2020.0,4.0,11.9,3790008,4303723
Washington,2020.0,4.0,17.1,3296060,3974959
West Virginia,2020.0,4.0,15.8,640512,760840
Wisconsin,2020.0,4.0,14.1,2646643,3079693
Wyoming,2020.0,4.0,5.1,272762,287289
Alabama,2020.0,5.0,10.4,2026511,2261887
Alaska,2020.0,5.0,11.7,303349,343670
Arizona,2020.0,5.0,11.2,3060327,3446480
Arkansas,2020.0,5.0,8.9,1222525,1341710
California,2020.0,5.0,15.8,15635673,18560581
Colorado,2020.0,5.0,11.7,2732591,3095300
Connecticut,2020.0,5.0,11.9,1679272,1905059
Delaware,2020.0,5.0,13.4,428768,495353
District of Columbia,2020.0,5.0,8.8,346375,379861
Florida,2020.0,5.0,14.1,8657471,10084003
Georgia,2020.0,5.0,9.8,4557380,5053091
Hawaii,2020.0,5.0,20.7,528318,666396
Idaho,2020.0,5.0,9.1,815914,897591
Illinois,2020.0,5.0,14.7,5363986,6289916
Indiana,2020.0,5.0,12.5,2875421,3286059
Iowa,2020.0,5.0,8.5,1513731,1653803
Kansas,2020.0,5.0,9.2,1360049,1497235
Kentucky,2020.0,5.0,12.8,1790136,2053548
Louisiana,2020.0,5.0,12.3,1766332,2014205
Maine,2020.0,5.0,9.5,608213,672011
Maryland,2020.0,5.0,8.8,2921143,3204499
Massachusetts,2020.0,5.0,14.3,3144443,3670550
Michigan,2020.0,5.0,19.3,3942312,4882818
Minnesota,2020.0,5.0,11.1,2725981,3067745
Mississippi,2020.0,5.0,11.2,1084671,1221316
Missouri,2020.0,5.0,9.6,2594117,2870284
Montana,2020.0,5.0,9.2,491901,542022
Nebraska,2020.0,5.0,6.4,978145,1045313
Nevada,2020.0,5.0,24.7,1046193,1390094
New Hampshire,2020.0,5.0,11.8,667302,756642
New Jersey,2020.0,5.0,15.4,3865414,4571265
New Mexico,2020.0,5.0,9.3,826183,910703
New York,2020.0,5.0,16.7,7843927,9419207
North Carolina,2020.0,5.0,11.6,4208981,4763505
North Dakota,2020.0,5.0,7.3,378288,408037
Ohio,2020.0,5.0,12.8,4929520,5655129
Oklahoma,2020.0,5.0,9.8,1648294,1826774
Oregon,2020.0,5.0,11.8,1849522,2097682
Pennsylvania,2020.0,5.0,12.9,5629657,6461185
Rhode Island,2020.0,5.0,15.4,483213,571212
South Carolina,2020.0,5.0,9.3,2118489,2335076
South Dakota,2020.0,5.0,6.6,433438,464185
Tennessee,2020.0,5.0,12.1,2861788,3257118
Texas,2020.0,5.0,11.7,12240514,13854813
Utah,2020.0,5.0,7.7,1510025,1636328
Vermont,2020.0,5.0,9.6,306574,339027
Virginia,2020.0,5.0,10,3854479,4283943
Washington,2020.0,5.0,13.6,3388044,3921543
West Virginia,2020.0,5.0,12.5,676943,773503
Wisconsin,2020.0,5.0,10.5,2773088,3099770
Wyoming,2020.0,5.0,8.7,272565,298665
Alabama,2020.0,6.0,8.6,2069745,2263977
Alaska,2020.0,6.0,11.2,306465,345102
Arizona,2020.0,6.0,9.8,3109820,3446465
Arkansas,2020.0,6.0,7.9,1230840,1336181
California,2020.0,6.0,13.8,16411270,19030336
Colorado,2020.0,6.0,11.2,2764894,3114887
Connecticut,2020.0,6.0,11.5,1678421,1896424
Delaware,2020.0,6.0,12.8,436553,500448
District of Columbia,2020.0,6.0,8.6,345681,378357
Florida,2020.0,6.0,11.6,8825971,9984792
Georgia,2020.0,6.0,8.4,4566520,4986734
Hawaii,2020.0,6.0,17.3,550175,665341
Idaho,2020.0,6.0,7.5,829188,896772
Illinois,2020.0,6.0,12.6,5462469,6250781
Indiana,2020.0,6.0,10.3,2950669,3288130
Iowa,2020.0,6.0,6.8,1520822,1631941
Kansas,2020.0,6.0,7.5,1379158,1490499
Kentucky,2020.0,6.0,5.3,1822354,1924408
Louisiana,2020.0,6.0,11,1796277,2019373
Maine,2020.0,6.0,6.6,614084,657511
Maryland,2020.0,6.0,8.1,2929355,3187489
Massachusetts,2020.0,6.0,14.7,3223947,3777546
Michigan,2020.0,6.0,14.5,4288978,5013907
Minnesota,2020.0,6.0,8.9,2865047,3143556
Mississippi,2020.0,6.0,9.4,1108062,1222816
Missouri,2020.0,6.0,8,2728634,2966906
Montana,2020.0,6.0,7.7,499115,540468
Nebraska,2020.0,6.0,5.3,985838,1040691
Nevada,2020.0,6.0,18.9,1216199,1498919
New Hampshire,2020.0,6.0,9.6,681744,754070
New Jersey,2020.0,6.0,14.5,3957596,4628508
New Mexico,2020.0,6.0,9,830429,912682
New York,2020.0,6.0,13.6,8210170,9505600
North Carolina,2020.0,6.0,9.8,4299641,4764830
North Dakota,2020.0,6.0,6.5,380841,407323
Ohio,2020.0,6.0,11,5031405,5654610
Oklahoma,2020.0,6.0,8.2,1676501,1826978
Oregon,2020.0,6.0,10.2,1885566,2098606
Pennsylvania,2020.0,6.0,11.3,5733778,6462979
Rhode Island,2020.0,6.0,13.4,494770,571019
South Carolina,2020.0,6.0,7.8,2145445,2327707
South Dakota,2020.0,6.0,5.3,437656,462236
Tennessee,2020.0,6.0,10.2,2919984,3249984
Texas,2020.0,6.0,10.1,12458488,13855506
Utah,2020.0,6.0,6.4,1530068,1635237
Vermont,2020.0,6.0,7.7,308347,334214
Virginia,2020.0,6.0,8.9,3895766,4276850
Washington,2020.0,6.0,11.7,3422076,3875271
West Virginia,2020.0,6.0,10.6,688693,769941
Wisconsin,2020.0,6.0,8.7,2820477,3089775
Wyoming,2020.0,6.0,7.3,272912,294397
Alabama,2020.0,7.0,7.5,2103691,2274751
Alaska,2020.0,7.0,11.1,310124,348894
Arizona,2020.0,7.0,9,3157685,3468223
Arkansas,2020.0,7.0,7.3,1241227,1338897
California,2020.0,7.0,13.1,16561398,19067483
Colorado,2020.0,7.0,6.5,2803025,2997019
Connecticut,2020.0,7.0,11.7,1682788,1905098
Delaware,2020.0,7.0,7.6,444256,480623
District of Columbia,2020.0,7.0,8.7,346376,379497
Florida,2020.0,7.0,11.6,8991703,10171091
Georgia,2020.0,7.0,7.7,4589492,4973882
Hawaii,2020.0,7.0,15.6,570038,675151
Idaho,2020.0,7.0,6.6,842046,901562
Illinois,2020.0,7.0,11.4,5566545,6279917
Indiana,2020.0,7.0,8.9,3022835,3317415
Iowa,2020.0,7.0,6,1534034,1631388
Kansas,2020.0,7.0,6.7,1397670,1497882
Kentucky,2020.0,7.0,5.8,1852225,1965877
Louisiana,2020.0,7.0,10.4,1828760,2041235
Maine,2020.0,7.0,6.3,621578,663393
Maryland,2020.0,7.0,7.9,2946768,3198040
Massachusetts,2020.0,7.0,12.5,3298844,3769749
Michigan,2020.0,7.0,12.5,4333964,4955114
Minnesota,2020.0,7.0,7.8,2925708,3174740
Mississippi,2020.0,7.0,8.3,1130863,1233243
Missouri,2020.0,7.0,7.2,2853908,3074336
Montana,2020.0,7.0,6.7,506184,542691
Nebraska,2020.0,7.0,4.6,993818,1041693
Nevada,2020.0,7.0,16.7,1259686,1511703
New Hampshire,2020.0,7.0,8.3,695257,758132
New Jersey,2020.0,7.0,14.4,4048735,4732543
New Mexico,2020.0,7.0,9,837524,920262
New York,2020.0,7.0,12.6,8347465,9545521
North Carolina,2020.0,7.0,8.7,4388197,4807647
North Dakota,2020.0,7.0,6.2,384074,409306
Ohio,2020.0,7.0,9.8,5134029,5693398
Oklahoma,2020.0,7.0,7.4,1703499,1839352
Oregon,2020.0,7.0,9.2,1920053,2115076
Pennsylvania,2020.0,7.0,10.4,5829724,6507677
Rhode Island,2020.0,7.0,12.2,505541,575844
South Carolina,2020.0,7.0,7.1,2173869,2340450
South Dakota,2020.0,7.0,4.7,441950,463621
Tennessee,2020.0,7.0,9,2978595,3272977
Texas,2020.0,7.0,9.3,12667175,13960798
Utah,2020.0,7.0,5.7,1550316,1644579
Vermont,2020.0,7.0,6.6,311131,333176
Virginia,2020.0,7.0,8.3,3949167,4307354
Washington,2020.0,7.0,10.5,3466585,3874343
West Virginia,2020.0,7.0,9.5,699604,772857
Wisconsin,2020.0,7.0,7.6,2865613,3102968
Wyoming,2020.0,7.0,6.8,273923,293997
Alabama,2020.0,8.0,6.3,2129247,2273305
Alaska,2020.0,8.0,8.6,313403,342738
Arizona,2020.0,8.0,7.9,3197302,3472410
Arkansas,2020.0,8.0,6.4,1249524,1334391
California,2020.0,8.0,11.8,16673712,18910905
Colorado,2020.0,8.0,6.2,2835330,3022293
Connecticut,2020.0,8.0,9.6,1685344,1863999
Delaware,2020.0,8.0,7.4,450709,486581
District of Columbia,2020.0,8.0,8.5,347196,379636
Florida,2020.0,8.0,8.6,9126731,9988796
Georgia,2020.0,8.0,6.8,4607229,4945404
Hawaii,2020.0,8.0,13,585018,672517
Idaho,2020.0,8.0,5.4,852822,901894
Illinois,2020.0,8.0,9.7,5645050,6251667
Indiana,2020.0,8.0,7.2,3081133,3320672
Iowa,2020.0,8.0,5,1547511,1629051
Kansas,2020.0,8.0,5.8,1412936,1499726
Kentucky,2020.0,8.0,5.2,1874051,1976712
Louisiana,2020.0,8.0,9.2,1854529,2041973
Maine,2020.0,8.0,4.2,628349,655665
Maryland,2020.0,8.0,7.2,2958869,3188236
Massachusetts,2020.0,8.0,10.4,3357531,3745616
Michigan,2020.0,8.0,10,4395658,4884241
Minnesota,2020.0,8.0,6.7,2952413,3164264
Mississippi,2020.0,8.0,7.4,1147306,1239063
Missouri,2020.0,8.0,6.4,2864659,3059210
Montana,2020.0,8.0,5.6,511947,542412
Nebraska,2020.0,8.0,3.8,1000566,1040395
Nevada,2020.0,8.0,13.9,1291915,1500711
New Hampshire,2020.0,8.0,6.7,705596,756543
New Jersey,2020.0,8.0,13.3,4121175,4754575
New Mexico,2020.0,8.0,8.6,843798,922907
New York,2020.0,8.0,10.8,8454995,9483036
North Carolina,2020.0,8.0,7.4,4456139,4810221
North Dakota,2020.0,8.0,5.6,386723,409618
Ohio,2020.0,8.0,8.3,5218681,5691651
Oklahoma,2020.0,8.0,6.3,1724940,1841586
Oregon,2020.0,8.0,7.9,1948447,2116350
Pennsylvania,2020.0,8.0,9.3,5901859,6504603
Rhode Island,2020.0,8.0,10.4,513955,573333
South Carolina,2020.0,8.0,6.2,2198823,2344618
South Dakota,2020.0,8.0,3.9,445660,463942
Tennessee,2020.0,8.0,7.6,3028859,3279583
Texas,2020.0,8.0,8,12838098,13961664
Utah,2020.0,8.0,4.8,1567928,1647748
Vermont,2020.0,8.0,5.4,313378,331438
Virginia,2020.0,8.0,7.3,3994372,4310745
Washington,2020.0,8.0,9,3507192,3851942
West Virginia,2020.0,8.0,8.2,708000,771449
Wisconsin,2020.0,8.0,6.3,2901723,3098059
Wyoming,2020.0,8.0,6.2,275020,293244
Alabama,2020.0,9.0,5.9,2145758,2280339
Alaska,2020.0,9.0,7.8,316561,343274
Arizona,2020.0,9.0,7.5,3230463,3492702
Arkansas,2020.0,9.0,5.9,1256469,1335833
California,2020.0,9.0,9.9,16802992,18658461
Colorado,2020.0,9.0,6.3,2864520,3058030
Connecticut,2020.0,9.0,8.8,1688967,1852469
Delaware,2020.0,9.0,7.6,455937,493585
District of Columbia,2020.0,9.0,8.6,348224,380929
Florida,2020.0,9.0,8,9248335,10047622
Georgia,2020.0,9.0,6.5,4625843,4944916
Hawaii,2020.0,9.0,13.3,539759,622851
Idaho,2020.0,9.0,5,861930,906914
Illinois,2020.0,9.0,9.1,5714092,6282727
Indiana,2020.0,9.0,6.5,3128860,3345331
Iowa,2020.0,9.0,4.6,1561403,1637273
Kansas,2020.0,9.0,5.4,1425118,1506805
Kentucky,2020.0,9.0,5,1890728,1990824
Louisiana,2020.0,9.0,8.7,1875707,2055533
Maine,2020.0,9.0,4,635035,661558
Maryland,2020.0,9.0,7.1,2970468,3198191
Massachusetts,2020.0,9.0,9.6,3405859,3767786
Michigan,2020.0,9.0,8.9,4438831,4874366
Minnesota,2020.0,9.0,6.2,2962209,3156538
Mississippi,2020.0,9.0,7.1,1161302,1249420
Missouri,2020.0,9.0,5.9,2874592,3055128
Montana,2020.0,9.0,5.2,516396,544533
Nebraska,2020.0,9.0,3.4,1005563,1041358
Nevada,2020.0,9.0,12.7,1319667,1512177
New Hampshire,2020.0,9.0,6.1,713684,760133
New Jersey,2020.0,9.0,7.4,4185335,4520716
New Mexico,2020.0,9.0,8.7,849778,930263
New York,2020.0,9.0,10.2,8551410,9517449
North Carolina,2020.0,9.0,6.8,4511928,4840818
North Dakota,2020.0,9.0,5.3,388737,410286
Ohio,2020.0,9.0,7.6,5291173,5723287
Oklahoma,2020.0,9.0,5.9,1741504,1851630
Oregon,2020.0,9.0,7.5,1971045,2130328
Pennsylvania,2020.0,9.0,8.7,5955298,6524674
Rhode Island,2020.0,9.0,10,520861,578508
South Carolina,2020.0,9.0,5.8,2219532,2357123
South Dakota,2020.0,9.0,3.6,448677,465564
Tennessee,2020.0,9.0,7.1,3074592,3310277
Texas,2020.0,9.0,7.7,12981702,14059000
Utah,2020.0,9.0,4.5,1582938,1657580
Vermont,2020.0,9.0,4.9,315491,331583
Virginia,2020.0,9.0,6.7,4034648,4323725
Washington,2020.0,9.0,8.2,3545741,3862675
West Virginia,2020.0,9.0,7.6,714523,773605
Wisconsin,2020.0,9.0,5.8,2930742,3111737
Wyoming,2020.0,9.0,5.9,275965,293397
Alabama,2020.0,10.0,5.2,2154595,2273333
Alaska,2020.0,10.0,7.2,318880,343583
Arizona,2020.0,10.0,7,3253386,3497131
Arkansas,2020.0,10.0,5.4,1259976,1331810
California,2020.0,10.0,9.3,16887988,18609671
Colorado,2020.0,10.0,6.2,2883933,3074101
Connecticut,2020.0,10.0,7.9,1688499,1833002
Delaware,2020.0,10.0,5.2,459340,484594
District of Columbia,2020.0,10.0,8.3,348492,379889
Florida,2020.0,10.0,6.9,9338631,10035807
Georgia,2020.0,10.0,5.6,4903658,5196008
Hawaii,2020.0,10.0,11.3,570566,643350
Idaho,2020.0,10.0,4.4,868329,908485
Illinois,2020.0,10.0,8.2,5755856,6269218
Indiana,2020.0,10.0,5.6,3159467,3347475
Iowa,2020.0,10.0,4.2,1572042,1641742
Kansas,2020.0,10.0,4.9,1433041,1507319
Kentucky,2020.0,10.0,4.8,1899849,1996073
Louisiana,2020.0,10.0,8,1888194,2051790
Maine,2020.0,10.0,3.8,640172,665217
Maryland,2020.0,10.0,6.7,2972935,3186354
Massachusetts,2020.0,10.0,8.4,3436699,3751342
Michigan,2020.0,10.0,7.7,4457849,4827190
Minnesota,2020.0,10.0,5.5,2960148,3131796
Mississippi,2020.0,10.0,6.7,1169459,1254061
Missouri,2020.0,10.0,5.4,2880144,3043738
Montana,2020.0,10.0,4.6,518974,544035
Nebraska,2020.0,10.0,3.1,1008168,1040181
Nevada,2020.0,10.0,11.1,1338950,1506544
New Hampshire,2020.0,10.0,5.3,718465,758439
New Jersey,2020.0,10.0,7.1,4229192,4552900
New Mexico,2020.0,10.0,8.4,853260,931255
New York,2020.0,10.0,9.2,8611651,9485291
North Carolina,2020.0,10.0,6.1,4546022,4841029
North Dakota,2020.0,10.0,4.8,389672,409345
Ohio,2020.0,10.0,6.7,5336809,5722806
Oklahoma,2020.0,10.0,5.5,1751641,1853406
Oregon,2020.0,10.0,6.8,1985228,2130210
Pennsylvania,2020.0,10.0,8.1,5984265,6512518
Rhode Island,2020.0,10.0,7,525504,565011
South Carolina,2020.0,10.0,5.3,2233386,2359161
South Dakota,2020.0,10.0,3.3,450706,465928
Tennessee,2020.0,10.0,6.3,3107601,3317329
Texas,2020.0,10.0,7.1,13076265,14074423
Utah,2020.0,10.0,4,1593689,1660656
Vermont,2020.0,10.0,4.3,316513,330863
Virginia,2020.0,10.0,5.9,4058763,4311352
Washington,2020.0,10.0,7.3,3569748,3852136
West Virginia,2020.0,10.0,7,718520,772320
Wisconsin,2020.0,10.0,5.2,2948993,3110418
Wyoming,2020.0,10.0,5.6,276350,292832
Alabama,2020.0,11.0,4.8,2157108,2266541
Alaska,2020.0,11.0,7,320599,344857
Arizona,2020.0,11.0,6.7,3268855,3503661
Arkansas,2020.0,11.0,5.1,1261840,1330332
California,2020.0,11.0,9,16965156,18645846
Colorado,2020.0,11.0,6.2,2897218,3090232
Connecticut,2020.0,11.0,7.5,1686974,1824599
Delaware,2020.0,11.0,5.4,461372,487625
District of Columbia,2020.0,11.0,8,348443,378702
Florida,2020.0,11.0,6.5,9409945,10059672
Georgia,2020.0,11.0,5.3,4909361,5186243
Hawaii,2020.0,11.0,10.5,586084,654968
Idaho,2020.0,11.0,4.2,872680,911332
Illinois,2020.0,11.0,7.8,5785874,6277798
Indiana,2020.0,11.0,5.2,3177280,3352631
Iowa,2020.0,11.0,4.2,1580313,1648907
Kansas,2020.0,11.0,4.6,1437617,1507506
Kentucky,2020.0,11.0,4.8,1904264,1999542
Louisiana,2020.0,11.0,7.6,1896644,2053144
Maine,2020.0,11.0,3.9,644396,670431
Maryland,2020.0,11.0,6.6,2973694,3183549
Massachusetts,2020.0,11.0,7.8,3455226,3747109
Michigan,2020.0,11.0,7.1,4462804,4805259
Minnesota,2020.0,11.0,5.1,2950419,3108516
Mississippi,2020.0,11.0,6.6,1173816,1256992
Missouri,2020.0,11.0,5.1,2883137,3037942
Montana,2020.0,11.0,4.3,520291,543842
Nebraska,2020.0,11.0,3,1008919,1039673
Nevada,2020.0,11.0,10.2,1353393,1507611
New Hampshire,2020.0,11.0,4.9,720943,757804
New Jersey,2020.0,11.0,7.2,4260768,4591781
New Mexico,2020.0,11.0,8.4,855323,933270
New York,2020.0,11.0,8.9,8655601,9505123
North Carolina,2020.0,11.0,5.9,4568785,4852892
North Dakota,2020.0,11.0,4.5,390047,408591
Ohio,2020.0,11.0,6.4,5361397,5729613
Oklahoma,2020.0,11.0,5.3,1757490,1856097
Oregon,2020.0,11.0,6.6,1993461,2133469
Pennsylvania,2020.0,11.0,7.8,5997760,6506621
Rhode Island,2020.0,11.0,7,528738,568673
South Carolina,2020.0,11.0,5.1,2241588,2361097
South Dakota,2020.0,11.0,3.1,451938,466415
Tennessee,2020.0,11.0,5.9,3128513,3324647
Texas,2020.0,11.0,7,13134468,14116639
Utah,2020.0,11.0,3.8,1601128,1664110
Vermont,2020.0,11.0,4.2,317021,330924
Virginia,2020.0,11.0,5.3,4074447,4303410
Washington,2020.0,11.0,6.9,3584338,3851200
West Virginia,2020.0,11.0,6.6,721045,772124
Wisconsin,2020.0,11.0,5,2959623,3114064
Wyoming,2020.0,11.0,5.5,276287,292321
Alabama,2020.0,12.0,4.5,2156403,2257916
Alaska,2020.0,12.0,7.1,321753,346296
Arizona,2020.0,12.0,6.5,3279114,3508888
Arkansas,2020.0,12.0,5,1262592,1329230
California,2020.0,12.0,9,17023645,18707388
Colorado,2020.0,12.0,6.4,2905711,3103640
Connecticut,2020.0,12.0,7.4,1684200,1819771
Delaware,2020.0,12.0,5.6,462360,489830
District of Columbia,2020.0,12.0,7.8,347900,377139
Florida,2020.0,12.0,6.2,9463508,10092467
Georgia,2020.0,12.0,5.1,4911818,5177787
Hawaii,2020.0,12.0,10.2,597876,665803
Idaho,2020.0,12.0,4.2,875590,914166
Illinois,2020.0,12.0,7.6,5807529,6287051
Indiana,2020.0,12.0,5,3184497,3352059
Iowa,2020.0,12.0,4.2,1585106,1654872
Kansas,2020.0,12.0,4.4,1439746,1506105
Kentucky,2020.0,12.0,4.7,1906458,2001059
Louisiana,2020.0,12.0,7.4,1902481,2053751
Maine,2020.0,12.0,4.2,647601,676110
Maryland,2020.0,12.0,6.6,2971601,3182892
Massachusetts,2020.0,12.0,7.4,3464922,3741382
Michigan,2020.0,12.0,6.9,4390823,4718476
Minnesota,2020.0,12.0,4.8,2937276,3086270
Mississippi,2020.0,12.0,6.5,1175885,1258110
Missouri,2020.0,12.0,5,2883451,3034882
Montana,2020.0,12.0,4.2,520895,543566
Nebraska,2020.0,12.0,3,1008589,1039419
Nevada,2020.0,12.0,9.6,1363371,1508616
New Hampshire,2020.0,12.0,4.6,721844,756815
New Jersey,2020.0,12.0,7.3,4279403,4616267
New Mexico,2020.0,12.0,8.4,856189,934977
New York,2020.0,12.0,8.7,8682308,9513387
North Carolina,2020.0,12.0,5.8,4581569,4865981
North Dakota,2020.0,12.0,4.4,390105,407910
Ohio,2020.0,12.0,6.3,5369561,5731408
Oklahoma,2020.0,12.0,5.2,1760434,1856855
Oregon,2020.0,12.0,6.5,1997815,2137370
Pennsylvania,2020.0,12.0,7.6,6000956,6492960
Rhode Island,2020.0,12.0,7,531015,570803
South Carolina,2020.0,12.0,4.9,2245612,2360982
South Dakota,2020.0,12.0,3,452639,466744
Tennessee,2020.0,12.0,5.6,3138133,3324856
Texas,2020.0,12.0,6.9,13167936,14146644
Utah,2020.0,12.0,3.6,1606240,1666498
Vermont,2020.0,12.0,4.3,317197,331368
Virginia,2020.0,12.0,5,4082306,4298543
Washington,2020.0,12.0,6.7,3593814,3853271
West Virginia,2020.0,12.0,6.4,722482,772058
Wisconsin,2020.0,12.0,4.8,2964936,3115844
Wyoming,2020.0,12.0,5.4,275919,291741
Alabama,2021.0,1.0,4.2,2161088,2254758
Alaska,2021.0,1.0,6.9,322832,346800
Arizona,2021.0,1.0,6.3,3275395,3497439
Arkansas,2021.0,1.0,4.9,1264193,1328918
California,2021.0,1.0,8.7,17127940,18763665
Colorado,2021.0,1.0,6.3,2909098,3104044
Connecticut,2021.0,1.0,7.2,1682634,1813308
Delaware,2021.0,1.0,5.8,464648,493127
District of Columbia,2021.0,1.0,7.3,350349,377955
Florida,2021.0,1.0,5.8,9519249,10105097
Georgia,2021.0,1.0,4.9,4937371,5189120
Hawaii,2021.0,1.0,9.5,609459,673312
Idaho,2021.0,1.0,4.1,875366,912959
Illinois,2021.0,1.0,7.2,5857911,6312351
Indiana,2021.0,1.0,4.7,3193284,3352456
Iowa,2021.0,1.0,4.1,1587582,1655861
Kansas,2021.0,1.0,4.1,1443095,1504372
Kentucky,2021.0,1.0,4.6,1911039,2003999
Louisiana,2021.0,1.0,7,1913478,2057542
Maine,2021.0,1.0,4.5,650971,682002
Maryland,2021.0,1.0,6.4,2979760,3183214
Massachusetts,2021.0,1.0,6.8,3480423,3732439
Michigan,2021.0,1.0,6.5,4464007,4772367
Minnesota,2021.0,1.0,4.6,2929629,3071240
Mississippi,2021.0,1.0,6.4,1180487,1261573
Missouri,2021.0,1.0,4.8,2889581,3035817
Montana,2021.0,1.0,4,520673,542440
Nebraska,2021.0,1.0,2.9,1011420,1041758
Nevada,2021.0,1.0,8.9,1369114,1503398
New Hampshire,2021.0,1.0,4.3,723066,755556
New Jersey,2021.0,1.0,7.4,4310263,4652771
New Mexico,2021.0,1.0,8.2,855145,931915
New York,2021.0,1.0,8.5,8749662,9564884
North Carolina,2021.0,1.0,5.6,4598477,4873184
North Dakota,2021.0,1.0,4,391112,407494
Ohio,2021.0,1.0,6.1,5387536,5737522
Oklahoma,2021.0,1.0,5,1768706,1862363
Oregon,2021.0,1.0,6.3,2000576,2135608
Pennsylvania,2021.0,1.0,7.4,6013908,6491480
Rhode Island,2021.0,1.0,6.6,535148,572702
South Carolina,2021.0,1.0,4.6,2252139,2361738
South Dakota,2021.0,1.0,2.8,452893,466000
Tennessee,2021.0,1.0,5.3,3154068,3332130
Texas,2021.0,1.0,6.8,13239022,14197617
Utah,2021.0,1.0,3.4,1612797,1669577
Vermont,2021.0,1.0,4.2,317542,331327
Virginia,2021.0,1.0,4.8,4092868,4299365
Washington,2021.0,1.0,6.4,3612765,3860829
West Virginia,2021.0,1.0,6.4,724222,773631
Wisconsin,2021.0,1.0,4.6,2963582,3106354
Wyoming,2021.0,1.0,5.3,274433,289924
Alabama,2021.0,2.0,3.9,2162443,2250796
Alaska,2021.0,2.0,6.9,323614,347748
Arizona,2021.0,2.0,6.2,3284769,3502838
Arkansas,2021.0,2.0,4.8,1265256,1328912
California,2021.0,2.0,8.6,17189698,18803302
Colorado,2021.0,2.0,6.3,2917188,3113725
Connecticut,2021.0,2.0,7.2,1680475,1810438
Delaware,2021.0,2.0,5.9,465395,494603
District of Columbia,2021.0,2.0,7,350080,376629
Florida,2021.0,2.0,5.5,9566838,10128243
Georgia,2021.0,2.0,4.6,4943080,5183984
Hawaii,2021.0,2.0,9.1,616420,678431
Idaho,2021.0,2.0,4.1,877734,915043
Illinois,2021.0,2.0,7,5875965,6319025
Indiana,2021.0,2.0,4.6,3194663,3348384
Iowa,2021.0,2.0,4.2,1589848,1660122
Kansas,2021.0,2.0,3.9,1444503,1502973
Kentucky,2021.0,2.0,4.6,1914183,2006284
Louisiana,2021.0,2.0,6.8,1918051,2057436
Maine,2021.0,2.0,4.8,653054,685895
Maryland,2021.0,2.0,6.2,2978326,3175990
Massachusetts,2021.0,2.0,6.4,3489627,3728472
Michigan,2021.0,2.0,6.3,4460024,4757958
Minnesota,2021.0,2.0,4.4,2921808,3055700
Mississippi,2021.0,2.0,6.3,1181408,1261262
Missouri,2021.0,2.0,4.8,2891261,3035720
Montana,2021.0,2.0,3.9,521517,542687
Nebraska,2021.0,2.0,2.9,1011759,1042254
Nevada,2021.0,2.0,8.5,1375158,1502587
New Hampshire,2021.0,2.0,4.1,723421,754645
New Jersey,2021.0,2.0,7.4,4318620,4661369
New Mexico,2021.0,2.0,8.2,856309,932772
New York,2021.0,2.0,8.3,8769235,9567436
North Carolina,2021.0,2.0,5.5,4604632,4873283
North Dakota,2021.0,2.0,3.9,391610,407360
Ohio,2021.0,2.0,6,5388331,5734668
Oklahoma,2021.0,2.0,4.9,1771267,1862689
Oregon,2021.0,2.0,6.2,2004862,2137529
Pennsylvania,2021.0,2.0,7.1,6016233,6475772
Rhode Island,2021.0,2.0,6.4,536976,573659
South Carolina,2021.0,2.0,4.5,2255948,2361276
South Dakota,2021.0,2.0,2.8,453528,466536
Tennessee,2021.0,2.0,5.2,3152033,3325920
Texas,2021.0,2.0,6.6,13274585,14215983
Utah,2021.0,2.0,3.3,1617345,1671868
Vermont,2021.0,2.0,4.2,318069,332053
Virginia,2021.0,2.0,4.7,4097631,4298762
Washington,2021.0,2.0,6.2,3624516,3863282
West Virginia,2021.0,2.0,6.1,725420,772789
Wisconsin,2021.0,2.0,4.5,2967108,3106137
Wyoming,2021.0,2.0,5.3,274174,289472
Alabama,2021.0,3.0,3.8,2164425,2249183
Alaska,2021.0,3.0,7,324395,348755
Arizona,2021.0,3.0,6,3296097,3507832
Arkansas,2021.0,3.0,4.7,1267617,1329997
California,2021.0,3.0,8.5,17270928,18871089
Colorado,2021.0,3.0,6.2,2927736,3121205
Connecticut,2021.0,3.0,7.1,1679759,1808904
Delaware,2021.0,3.0,6,466440,496123
District of Columbia,2021.0,3.0,7,350644,376956
Florida,2021.0,3.0,5.4,9622020,10168684
Georgia,2021.0,3.0,4.5,4953012,5184856
Hawaii,2021.0,3.0,8.4,622020,679258
Idaho,2021.0,3.0,4,880488,916954
Illinois,2021.0,3.0,6.8,5897858,6331308
Indiana,2021.0,3.0,4.5,3198232,3347419
Iowa,2021.0,3.0,4.3,1593696,1665807
Kansas,2021.0,3.0,3.8,1446298,1503063
Kentucky,2021.0,3.0,4.6,1918499,2010171
Louisiana,2021.0,3.0,6.6,1923931,2059407
Maine,2021.0,3.0,4.9,654873,688862
Maryland,2021.0,3.0,6.1,2981867,3175455
Massachusetts,2021.0,3.0,6.1,3502286,3730088
Michigan,2021.0,3.0,6.1,4460020,4752272
Minnesota,2021.0,3.0,4.2,2919615,3047382
Mississippi,2021.0,3.0,6.2,1183573,1262028
Missouri,2021.0,3.0,4.7,2894995,3037230
Montana,2021.0,3.0,3.8,522861,543399
Nebraska,2021.0,3.0,2.9,1012776,1043184
Nevada,2021.0,3.0,8,1381288,1501449
New Hampshire,2021.0,3.0,4,724081,754290
New Jersey,2021.0,3.0,7.3,4329549,4668964
New Mexico,2021.0,3.0,8,859059,933552
New York,2021.0,3.0,8.1,8797725,9572842
North Carolina,2021.0,3.0,5.4,4613408,4877348
North Dakota,2021.0,3.0,3.7,392506,407557
Ohio,2021.0,3.0,6,5394758,5737031
Oklahoma,2021.0,3.0,4.8,1775108,1864425
Oregon,2021.0,3.0,6.1,2010800,2141052
Pennsylvania,2021.0,3.0,6.8,6023369,6464392
Rhode Island,2021.0,3.0,6.2,538686,574588
South Carolina,2021.0,3.0,4.3,2261348,2363497
South Dakota,2021.0,3.0,2.8,454294,467282
Tennessee,2021.0,3.0,5.1,3152485,3322826
Texas,2021.0,3.0,6.4,13325633,14243338
Utah,2021.0,3.0,3.1,1622623,1674841
Vermont,2021.0,3.0,4.2,319098,333038
Virginia,2021.0,3.0,4.6,4107572,4303699
Washington,2021.0,3.0,5.9,3639543,3869081
West Virginia,2021.0,3.0,5.9,727204,772808
Wisconsin,2021.0,3.0,4.3,2972461,3107600
Wyoming,2021.0,3.0,5.2,274181,289167
Alabama,2021.0,4.0,3.7,2167136,2250078
Alaska,2021.0,4.0,7,325171,349654
Arizona,2021.0,4.0,5.8,3308575,3513511
Arkansas,2021.0,4.0,4.6,1270234,1330963
California,2021.0,4.0,8.4,17369582,18953854
Colorado,2021.0,4.0,6.2,2939545,3132850
Connecticut,2021.0,4.0,7.2,1680099,1809856
Delaware,2021.0,4.0,6,467569,497291
District of Columbia,2021.0,4.0,7,351794,378365
Florida,2021.0,4.0,5.2,9681495,10214011
Georgia,2021.0,4.0,4.3,4964913,5188316
Hawaii,2021.0,4.0,7.8,626731,679398
Idaho,2021.0,4.0,3.9,883464,919157
Illinois,2021.0,4.0,6.7,5920601,6348410
Indiana,2021.0,4.0,4.4,3202826,3348883
Iowa,2021.0,4.0,4.4,1598547,1672106
Kansas,2021.0,4.0,3.7,1448164,1504490
Kentucky,2021.0,4.0,4.6,1922414,2014190
Louisiana,2021.0,4.0,6.4,1930089,2062219
Maine,2021.0,4.0,5.1,656293,691417
Maryland,2021.0,4.0,5.9,2987782,3176342
Massachusetts,2021.0,4.0,5.9,3517072,3739270
Michigan,2021.0,4.0,6.1,4463260,4755581
Minnesota,2021.0,4.0,4.1,2921525,3045401
Mississippi,2021.0,4.0,6.1,1185594,1262478
Missouri,2021.0,4.0,4.6,2899271,3038838
Montana,2021.0,4.0,3.7,524394,544550
Nebraska,2021.0,4.0,2.9,1014157,1044318
Nevada,2021.0,4.0,7.7,1387263,1502277
New Hampshire,2021.0,4.0,3.9,724879,754456
New Jersey,2021.0,4.0,7.3,4341063,4680821
New Mexico,2021.0,4.0,7.9,863000,936838
New York,2021.0,4.0,7.9,8831174,9589109
North Carolina,2021.0,4.0,5.3,4623125,4881480
North Dakota,2021.0,4.0,3.5,393484,407844
Ohio,2021.0,4.0,5.9,5406127,5743370
Oklahoma,2021.0,4.0,4.7,1779524,1866672
Oregon,2021.0,4.0,5.9,2017324,2144236
Pennsylvania,2021.0,4.0,6.6,6033354,6458242
Rhode Island,2021.0,4.0,6.2,540170,576149
South Carolina,2021.0,4.0,4.2,2267526,2367230
South Dakota,2021.0,4.0,2.8,455087,468139
Tennessee,2021.0,4.0,5,3157183,3324691
Texas,2021.0,4.0,6.2,13387438,14278926
Utah,2021.0,4.0,3,1628238,1678934
Vermont,2021.0,4.0,4.1,320444,334034
Virginia,2021.0,4.0,4.4,4119739,4309375
Washington,2021.0,4.0,5.7,3656261,3877141
West Virginia,2021.0,4.0,5.7,729419,773290
Wisconsin,2021.0,4.0,4.2,2978811,3110624
Wyoming,2021.0,4.0,5.1,274325,288944
Alabama,2021.0,5.0,3.6,2168838,2249304
Alaska,2021.0,5.0,6.8,325980,349824
Arizona,2021.0,5.0,5.6,3321266,3516676
Arkansas,2021.0,5.0,4.4,1272862,1331155
California,2021.0,5.0,8,17471124,18991064
Colorado,2021.0,5.0,6,2951414,3138610
Connecticut,2021.0,5.0,7,1681321,1807480
Delaware,2021.0,5.0,5.9,468528,497769
District of Columbia,2021.0,5.0,7.1,353511,380360
Florida,2021.0,5.0,5,9742648,10257231
Georgia,2021.0,5.0,4.1,4977440,5192208
Hawaii,2021.0,5.0,6.9,630669,677084
Idaho,2021.0,5.0,3.7,886474,920988
Illinois,2021.0,5.0,6.6,5943476,6361175
Indiana,2021.0,5.0,4.2,3206897,3348536
Iowa,2021.0,5.0,4.4,1603980,1677258
Kansas,2021.0,5.0,3.7,1449887,1505598
Kentucky,2021.0,5.0,4.5,1925515,2017224
Louisiana,2021.0,5.0,6.2,1936344,2063262
Maine,2021.0,5.0,5,657369,691780
Maryland,2021.0,5.0,5.7,2995520,3176782
Massachusetts,2021.0,5.0,5.6,3531396,3742276
Michigan,2021.0,5.0,6.1,4469538,4760327
Minnesota,2021.0,5.0,3.9,2925194,3044678
Mississippi,2021.0,5.0,5.9,1188039,1262799
Missouri,2021.0,5.0,4.4,2903840,3038881
Montana,2021.0,5.0,3.6,525737,545336
Nebraska,2021.0,5.0,2.8,1015670,1045142
Nevada,2021.0,5.0,7.2,1392677,1501490
New Hampshire,2021.0,5.0,3.8,725579,753961
New Jersey,2021.0,5.0,7,4351396,4679443
New Mexico,2021.0,5.0,7.6,867325,938282
New York,2021.0,5.0,7.5,8866350,9583194
North Carolina,2021.0,5.0,5.1,4633224,4884699
North Dakota,2021.0,5.0,3.3,394400,407962
Ohio,2021.0,5.0,5.7,5419880,5746962
Oklahoma,2021.0,5.0,4.5,1784024,1868128
Oregon,2021.0,5.0,5.6,2023211,2143176
Pennsylvania,2021.0,5.0,6.3,6043258,6451234
Rhode Island,2021.0,5.0,6.1,541420,576302
South Carolina,2021.0,5.0,4.1,2273506,2370980
South Dakota,2021.0,5.0,2.8,455869,468820
Tennessee,2021.0,5.0,4.9,3166312,3328130
Texas,2021.0,5.0,6,13455098,14311166
Utah,2021.0,5.0,2.9,1633786,1682606
Vermont,2021.0,5.0,3.9,321860,334778
Virginia,2021.0,5.0,4.2,4132937,4314973
Washington,2021.0,5.0,5.5,3672348,3884280
West Virginia,2021.0,5.0,5.4,731781,773854
Wisconsin,2021.0,5.0,4.1,2985077,3112287
Wyoming,2021.0,5.0,4.9,274462,288550
Alabama,2021.0,6.0,3.5,2169496,2248031
Alaska,2021.0,6.0,6.8,326908,350742
Arizona,2021.0,6.0,5.3,3332965,3518507
Arkansas,2021.0,6.0,4.2,1275296,1331297
California,2021.0,6.0,7.9,17578053,19080789
Colorado,2021.0,6.0,5.9,2962591,3149104
Connecticut,2021.0,6.0,6.9,1703488,1829853
Delaware,2021.0,6.0,5.8,469068,497850
District of Columbia,2021.0,6.0,7.2,355491,383219
Florida,2021.0,6.0,5,9800355,10311274
Georgia,2021.0,6.0,4,4987812,5195572
Hawaii,2021.0,6.0,6.3,634105,676611
Idaho,2021.0,6.0,3.6,889298,922941
Illinois,2021.0,6.0,6.4,5964054,6374986
Indiana,2021.0,6.0,4.1,3208954,3346692
Iowa,2021.0,6.0,4.3,1609625,1681621
Kansas,2021.0,6.0,3.7,1451075,1506197
Kentucky,2021.0,6.0,4.6,1927735,2019820
Louisiana,2021.0,6.0,6,1941754,2065027
Maine,2021.0,6.0,5,658030,692938
Maryland,2021.0,6.0,5.6,3002478,3182015
Massachusetts,2021.0,6.0,5.5,3543377,3751275
Michigan,2021.0,6.0,6.1,4478242,4768845
Minnesota,2021.0,6.0,3.8,2928077,3044021
Mississippi,2021.0,6.0,5.7,1190487,1262657
Missouri,2021.0,6.0,4.3,2908724,3039152
Montana,2021.0,6.0,3.5,526752,545926
Nebraska,2021.0,6.0,2.8,1017011,1045858
Nevada,2021.0,6.0,6.9,1397452,1501611
New Hampshire,2021.0,6.0,3.7,725960,753510
New Jersey,2021.0,6.0,7.2,4359376,4698261
New Mexico,2021.0,6.0,7.5,871533,941863
New York,2021.0,6.0,7.5,8899470,9617457
North Carolina,2021.0,6.0,5.1,4668688,4917138
North Dakota,2021.0,6.0,3.1,395217,408053
Ohio,2021.0,6.0,5.5,5432152,5748415
Oklahoma,2021.0,6.0,4.3,1788010,1868537
Oregon,2021.0,6.0,5.4,2027527,2143109
Pennsylvania,2021.0,6.0,6.2,6050919,6447826
Rhode Island,2021.0,6.0,6.1,542482,577745
South Carolina,2021.0,6.0,4,2278154,2374071
South Dakota,2021.0,6.0,2.7,456558,469389
Tennessee,2021.0,6.0,4.7,3177000,3332995
Texas,2021.0,6.0,5.8,13521378,14361525
Utah,2021.0,6.0,2.8,1638785,1686163
Vermont,2021.0,6.0,3.6,323085,335242
Virginia,2021.0,6.0,4,4144646,4318583
Washington,2021.0,6.0,5.3,3687171,3893915
West Virginia,2021.0,6.0,5.2,733814,774399
Wisconsin,2021.0,6.0,4,2989415,3112515
Wyoming,2021.0,6.0,4.7,274506,288045
Alabama,2021.0,7.0,3.4,2171538,2246908
Alaska,2021.0,7.0,6.5,328044,350765
Arizona,2021.0,7.0,4.9,3343967,3517406
Arkansas,2021.0,7.0,4,1277663,1330286
California,2021.0,7.0,7.4,17668073,19078070
Colorado,2021.0,7.0,5.7,2973050,3151572
Connecticut,2021.0,7.0,6.6,1724867,1846097
Delaware,2021.0,7.0,5.6,469353,497009
District of Columbia,2021.0,7.0,7.1,357548,384754
Florida,2021.0,7.0,4.7,9854539,10339188
Georgia,2021.0,7.0,3.8,4995956,5194512
Hawaii,2021.0,7.0,5.4,636659,673093
Idaho,2021.0,7.0,3.5,892029,924589
Illinois,2021.0,7.0,6.2,5983426,6377404
Indiana,2021.0,7.0,3.9,3209806,3341023
Iowa,2021.0,7.0,4.1,1614354,1683176
Kansas,2021.0,7.0,3.5,1451842,1505001
Kentucky,2021.0,7.0,4.5,1930489,2022338
Louisiana,2021.0,7.0,5.6,1946148,2061289
Maine,2021.0,7.0,4.8,658464,691944
Maryland,2021.0,7.0,5.3,3008232,3176297
Massachusetts,2021.0,7.0,5.3,3553691,3750600
Michigan,2021.0,7.0,5.9,4490931,4773185
Minnesota,2021.0,7.0,3.6,2930699,3041503
Mississippi,2021.0,7.0,5.5,1192647,1261401
Missouri,2021.0,7.0,4.1,2912804,3037337
Montana,2021.0,7.0,3.4,527781,546283
Nebraska,2021.0,7.0,2.7,1018301,1046240
Nevada,2021.0,7.0,6.6,1401110,1499502
New Hampshire,2021.0,7.0,3.5,726288,752296
New Jersey,2021.0,7.0,6.9,4365323,4689232
New Mexico,2021.0,7.0,7.1,875326,942607
New York,2021.0,7.0,7,8927950,9603748
North Carolina,2021.0,7.0,4.9,4703754,4944212
North Dakota,2021.0,7.0,3,395949,408013
Ohio,2021.0,7.0,5.3,5442573,5744146
Oklahoma,2021.0,7.0,4,1791775,1866863
Oregon,2021.0,7.0,5,2030856,2138081
Pennsylvania,2021.0,7.0,5.9,6057734,6438156
Rhode Island,2021.0,7.0,5.9,543627,577421
South Carolina,2021.0,7.0,3.9,2281864,2374864
South Dakota,2021.0,7.0,2.6,457214,469658
Tennessee,2021.0,7.0,4.4,3187369,3335277
Texas,2021.0,7.0,5.6,13585264,14384130
Utah,2021.0,7.0,2.7,1643478,1688937
Vermont,2021.0,7.0,3.4,324005,335369
Virginia,2021.0,7.0,3.8,4155211,4318194
Washington,2021.0,7.0,5.1,3698904,3898468
West Virginia,2021.0,7.0,5,735512,774242
Wisconsin,2021.0,7.0,3.8,2991597,3108625
Wyoming,2021.0,7.0,4.5,274443,287357
Alabama,2021.0,8.0,3.2,2175210,2246919
Alaska,2021.0,8.0,6.3,329453,351481
Arizona,2021.0,8.0,4.6,3355109,3515955
Arkansas,2021.0,8.0,3.7,1280778,1330255
California,2021.0,8.0,7,17763807,19103848
Colorado,2021.0,8.0,5.4,2984531,3153883
Connecticut,2021.0,8.0,6.3,1747024,1863955
Delaware,2021.0,8.0,5.4,469729,496379
District of Columbia,2021.0,8.0,7,359479,386391
Florida,2021.0,8.0,4.5,9908436,10375230
Georgia,2021.0,8.0,3.6,5004816,5194295
Hawaii,2021.0,8.0,4.7,638967,670383
Idaho,2021.0,8.0,3.4,894868,926352
Illinois,2021.0,8.0,5.9,6007609,6382608
Indiana,2021.0,8.0,3.7,3211045,3335263
Iowa,2021.0,8.0,3.9,1618211,1683118
Kansas,2021.0,8.0,3.4,1452576,1503074
Kentucky,2021.0,8.0,4.5,1934998,2025839
Louisiana,2021.0,8.0,5.2,1950695,2058289
Maine,2021.0,8.0,4.7,659087,691536
Maryland,2021.0,8.0,5,3015789,3175701
Massachusetts,2021.0,8.0,5,3563706,3751424
Michigan,2021.0,8.0,5.7,4508792,4779014
Minnesota,2021.0,8.0,3.5,2935478,3041242
Mississippi,2021.0,8.0,5.1,1195714,1260453
Missouri,2021.0,8.0,3.9,2917447,3036177
Montana,2021.0,8.0,3.2,529150,546878
Nebraska,2021.0,8.0,2.6,1019741,1046772
Nevada,2021.0,8.0,6.2,1404675,1497530
New Hampshire,2021.0,8.0,3.3,726888,751317
New Jersey,2021.0,8.0,6.7,4372295,4688530
New Mexico,2021.0,8.0,6.8,879255,943521
New York,2021.0,8.0,6.8,8957817,9606711
North Carolina,2021.0,8.0,4.7,4741545,4975077
North Dakota,2021.0,8.0,2.8,396782,408207
Ohio,2021.0,8.0,5,5452797,5739198
Oklahoma,2021.0,8.0,3.7,1795987,1864938
Oregon,2021.0,8.0,4.7,2034697,2135742
Pennsylvania,2021.0,8.0,5.6,6066263,6427572
Rhode Island,2021.0,8.0,5.6,545021,577122
South Carolina,2021.0,8.0,3.8,2285592,2375315
South Dakota,2021.0,8.0,2.5,457942,469894
Tennessee,2021.0,8.0,4.2,3197064,3336208
Texas,2021.0,8.0,5.3,13648555,14416529
Utah,2021.0,8.0,2.6,1648370,1691883
Vermont,2021.0,8.0,3.2,324961,335614
Virginia,2021.0,8.0,3.5,4167201,4319842
Washington,2021.0,8.0,4.9,3710439,3902582
West Virginia,2021.0,8.0,4.8,737168,774100
Wisconsin,2021.0,8.0,3.6,2992406,3103236
Wyoming,2021.0,8.0,4.3,274435,286706
Alabama,2021.0,9.0,3,2181151,2249149
Alaska,2021.0,9.0,6,331063,352036
Arizona,2021.0,9.0,4.2,3366875,3515857
Arkansas,2021.0,9.0,3.5,1284980,1331489
California,2021.0,9.0,6.5,17852170,19092098
Colorado,2021.0,9.0,4.9,2997314,3151448
Connecticut,2021.0,9.0,5.9,1768745,1879673
Delaware,2021.0,9.0,5.1,470459,495781
District of Columbia,2021.0,9.0,6.6,360790,386448
Florida,2021.0,9.0,4.2,9962064,10396510
Georgia,2021.0,9.0,3.5,5014768,5195023
Hawaii,2021.0,9.0,3.9,640897,667070
Idaho,2021.0,9.0,3.3,898013,928315
Illinois,2021.0,9.0,5.5,6037088,6388352
Indiana,2021.0,9.0,3.5,3214613,3331176
Iowa,2021.0,9.0,3.6,1621101,1681460
Kansas,2021.0,9.0,3.1,1453700,1500841
Kentucky,2021.0,9.0,4.4,1941188,2030304
Louisiana,2021.0,9.0,4.8,1956173,2054982
Maine,2021.0,9.0,4.5,659776,690517
Maryland,2021.0,9.0,4.6,3023031,3167709
Massachusetts,2021.0,9.0,4.7,3574409,3750601
Michigan,2021.0,9.0,5.3,4530667,4785077
Minnesota,2021.0,9.0,3.3,2943111,3043247
Mississippi,2021.0,9.0,4.8,1199389,1260182
Missouri,2021.0,9.0,3.7,2921982,3034709
Montana,2021.0,9.0,3.1,531076,547950
Nebraska,2021.0,9.0,2.5,1021509,1047468
Nevada,2021.0,9.0,5.8,1408147,1495613
New Hampshire,2021.0,9.0,3,727870,750609
New Jersey,2021.0,9.0,6.2,4379930,4671240
New Mexico,2021.0,9.0,6.3,883094,942304
New York,2021.0,9.0,6.2,8991367,9586797
North Carolina,2021.0,9.0,4.5,4781795,5004911
North Dakota,2021.0,9.0,2.7,397721,408573
Ohio,2021.0,9.0,4.7,5463171,5733522
Oklahoma,2021.0,9.0,3.4,1801062,1863824
Oregon,2021.0,9.0,4.4,2040633,2134991
Pennsylvania,2021.0,9.0,5.3,6077929,6417348
Rhode Island,2021.0,9.0,5.1,546655,576047
South Carolina,2021.0,9.0,3.6,2290094,2376058
South Dakota,2021.0,9.0,2.4,458812,470121
Tennessee,2021.0,9.0,3.9,3206925,3337685
Texas,2021.0,9.0,5,13713664,14440570
Utah,2021.0,9.0,2.4,1653823,1695359
Vermont,2021.0,9.0,3,325873,335932
Virginia,2021.0,9.0,3.3,4179812,4322146
Washington,2021.0,9.0,4.7,3721695,3904576
West Virginia,2021.0,9.0,4.5,739009,774126
Wisconsin,2021.0,9.0,3.4,2993006,3097429
Wyoming,2021.0,9.0,4.1,274539,286184
Alabama,2021.0,10.0,2.9,2188309,2253319
Alaska,2021.0,10.0,5.8,332875,353242
Arizona,2021.0,10.0,4,3379730,3519583
Arkansas,2021.0,10.0,3.3,1290730,1335219
California,2021.0,10.0,6.1,17959504,19126570
Colorado,2021.0,10.0,4.6,3012139,3158247
Connecticut,2021.0,10.0,5.6,1791832,1898483
Delaware,2021.0,10.0,4.9,471734,496171
District of Columbia,2021.0,10.0,6.5,361829,386878
Florida,2021.0,10.0,4,10018782,10434373
Georgia,2021.0,10.0,3.3,5028978,5202386
Hawaii,2021.0,10.0,3.3,643042,664677
Idaho,2021.0,10.0,3.1,901759,930956
Illinois,2021.0,10.0,5.2,6074574,6406269
Indiana,2021.0,10.0,3.3,3222720,3332716
Iowa,2021.0,10.0,3.3,1625498,1681679
Kansas,2021.0,10.0,2.9,1455626,1499679
Kentucky,2021.0,10.0,4.3,1948762,2035880
Louisiana,2021.0,10.0,4.5,1963287,2055724
Maine,2021.0,10.0,4.3,660722,690328
Maryland,2021.0,10.0,4.2,3034542,3168988
Massachusetts,2021.0,10.0,4.4,3587407,3754363
Michigan,2021.0,10.0,5,4554764,4794381
Minnesota,2021.0,10.0,3.1,2953534,3048544
Mississippi,2021.0,10.0,4.5,1204237,1261514
Missouri,2021.0,10.0,3.5,2929836,3037212
Montana,2021.0,10.0,2.9,533699,549837
Nebraska,2021.0,10.0,2.4,1023798,1048684
Nevada,2021.0,10.0,5.6,1412400,1496069
New Hampshire,2021.0,10.0,2.8,729569,750771
New Jersey,2021.0,10.0,5.9,4390941,4668565
New Mexico,2021.0,10.0,6,887097,944038
New York,2021.0,10.0,5.9,9033245,9597109
North Carolina,2021.0,10.0,4.2,4826655,5040867
North Dakota,2021.0,10.0,2.5,399030,409405
Ohio,2021.0,10.0,4.5,5475611,5731713
Oklahoma,2021.0,10.0,3.1,1807353,1865311
Oregon,2021.0,10.0,4.2,2049118,2139295
Pennsylvania,2021.0,10.0,5,6093831,6412753
Rhode Island,2021.0,10.0,4.6,548604,575330
South Carolina,2021.0,10.0,3.5,2296043,2378927
South Dakota,2021.0,10.0,2.3,459873,470534
Tennessee,2021.0,10.0,3.7,3218307,3342417
Texas,2021.0,10.0,4.8,13783956,14485343
Utah,2021.0,10.0,2.4,1660199,1700256
Vermont,2021.0,10.0,2.8,327074,336617
Virginia,2021.0,10.0,3.1,4196584,4330225
Washington,2021.0,10.0,4.4,3735876,3909222
West Virginia,2021.0,10.0,4.3,741189,774897
Wisconsin,2021.0,10.0,3.2,2995093,3094180
Wyoming,2021.0,10.0,3.9,274879,285981
Alabama,2021.0,11.0,2.8,2196758,2259077
Alaska,2021.0,11.0,5.5,334545,354138
Arizona,2021.0,11.0,3.8,3392963,3526604
Arkansas,2021.0,11.0,3.2,1296945,1340071
California,2021.0,11.0,5.7,18059270,19146512
Colorado,2021.0,11.0,4.4,3027595,3166649
Connecticut,2021.0,11.0,5.3,1814836,1915922
Delaware,2021.0,11.0,4.8,473439,497135
District of Columbia,2021.0,11.0,6.3,362422,386810
Florida,2021.0,11.0,3.8,10075814,10473602
Georgia,2021.0,11.0,3.2,5044982,5213462
Hawaii,2021.0,11.0,3.2,644898,665873
Idaho,2021.0,11.0,3,905952,934031
Illinois,2021.0,11.0,4.9,6111532,6427458
Indiana,2021.0,11.0,3.1,3234827,3339486
Iowa,2021.0,11.0,3.1,1630359,1682858
Kansas,2021.0,11.0,2.8,1458161,1499529
Kentucky,2021.0,11.0,4.2,1956361,2041314
Louisiana,2021.0,11.0,4.2,1971086,2057673
Maine,2021.0,11.0,4,661713,689493
Maryland,2021.0,11.0,3.9,3045939,3169786
Massachusetts,2021.0,11.0,4.2,3601751,3757773
Michigan,2021.0,11.0,4.7,4578456,4805185
Minnesota,2021.0,11.0,2.9,2964682,3054164
Mississippi,2021.0,11.0,4.3,1208873,1263269
Missouri,2021.0,11.0,3.4,2937752,3039775
Montana,2021.0,11.0,2.8,536748,552267
Nebraska,2021.0,11.0,2.3,1026416,1050178
Nevada,2021.0,11.0,5.4,1416711,1497617
New Hampshire,2021.0,11.0,2.6,731889,751664
New Jersey,2021.0,11.0,5.6,4403061,4664712
New Mexico,2021.0,11.0,5.8,890871,945892
New York,2021.0,11.0,5.5,9077094,9608605
North Carolina,2021.0,11.0,4,4873013,5078281
North Dakota,2021.0,11.0,2.4,400384,410325
Ohio,2021.0,11.0,4.3,5488012,5732071
Oklahoma,2021.0,11.0,2.9,1814367,1869284
Oregon,2021.0,11.0,4,2058833,2145309
Pennsylvania,2021.0,11.0,4.7,6113266,6414162
Rhode Island,2021.0,11.0,4.1,550644,574426
South Carolina,2021.0,11.0,3.4,2303318,2383725
South Dakota,2021.0,11.0,2.1,461022,471048
Tennessee,2021.0,11.0,3.5,3231246,3349927
Texas,2021.0,11.0,4.6,13856524,14526003
Utah,2021.0,11.0,2.3,1667218,1706237
Vermont,2021.0,11.0,2.7,328324,337371
Virginia,2021.0,11.0,2.9,4214899,4341173
Washington,2021.0,11.0,4.2,3749986,3914388
West Virginia,2021.0,11.0,4.2,743539,776175
Wisconsin,2021.0,11.0,3.1,2998515,3093411
Wyoming,2021.0,11.0,3.7,275343,285992
Alabama,2021.0,12.0,2.7,2204027,2264526
Alaska,2021.0,12.0,5.4,335929,355212
Arizona,2021.0,12.0,3.7,3405985,3536177
Arkansas,2021.0,12.0,3.2,1303153,1345730
California,2021.0,12.0,5.4,18165617,19209716
Colorado,2021.0,12.0,4.2,3042844,3175552
Connecticut,2021.0,12.0,5,1837803,1935259
Delaware,2021.0,12.0,4.6,475341,498328
District of Columbia,2021.0,12.0,6.1,362795,386209
Florida,2021.0,12.0,3.6,10131981,10509204
Georgia,2021.0,12.0,3.2,5061773,5226600
Hawaii,2021.0,12.0,3.1,646815,667540
Idaho,2021.0,12.0,2.9,910280,937327
Illinois,2021.0,12.0,4.8,6144153,6452871
Indiana,2021.0,12.0,3,3249396,3350466
Iowa,2021.0,12.0,2.9,1636159,1685832
Kansas,2021.0,12.0,2.6,1461103,1500813
Kentucky,2021.0,12.0,4.1,1962729,2045975
Louisiana,2021.0,12.0,4,1979310,2061890
Maine,2021.0,12.0,3.8,662868,689338
Maryland,2021.0,12.0,3.5,3057047,3168569
Massachusetts,2021.0,12.0,3.9,3615634,3763439
Michigan,2021.0,12.0,4.5,4600438,4818651
Minnesota,2021.0,12.0,2.8,2975139,3059365
Mississippi,2021.0,12.0,4.1,1213167,1265422
Missouri,2021.0,12.0,3.2,2946138,3042855
Montana,2021.0,12.0,2.7,539829,554917
Nebraska,2021.0,12.0,2.2,1029087,1051875
Nevada,2021.0,12.0,5.3,1421287,1500482
New Hampshire,2021.0,12.0,2.5,734612,753305
New Jersey,2021.0,12.0,5.5,4416179,4674910
New Mexico,2021.0,12.0,5.6,894638,947946
New York,2021.0,12.0,5.4,9120733,9643606
North Carolina,2021.0,12.0,3.8,4919430,5115944
North Dakota,2021.0,12.0,2.3,401677,411287
Ohio,2021.0,12.0,4.1,5501305,5736256
Oklahoma,2021.0,12.0,2.9,1821571,1875201
Oregon,2021.0,12.0,4,2068461,2153759
Pennsylvania,2021.0,12.0,4.5,6136005,6423500
Rhode Island,2021.0,12.0,3.7,552608,574102
South Carolina,2021.0,12.0,3.3,2311595,2390340
South Dakota,2021.0,12.0,2,462155,471688
Tennessee,2021.0,12.0,3.4,3245644,3361315
Texas,2021.0,12.0,4.5,13928216,14577227
Utah,2021.0,12.0,2.2,1674470,1712963
Vermont,2021.0,12.0,2.5,329642,338215
Virginia,2021.0,12.0,2.8,4234618,4355333
Washington,2021.0,12.0,4,3764713,3922918
West Virginia,2021.0,12.0,4.1,745972,777822
Wisconsin,2021.0,12.0,3,3002448,3094716
Wyoming,2021.0,12.0,3.6,275890,286176
Alabama,2022.0,1.0,2.6,2210218,2269549
Alaska,2022.0,1.0,5.3,337034,355795
Arizona,2022.0,1.0,3.6,3418215,3547509
Arkansas,2022.0,1.0,3.2,1308571,1351383
California,2022.0,1.0,5.2,18256382,19254374
Colorado,2022.0,1.0,4,3056696,3183120
Connecticut,2022.0,1.0,4.8,1860259,1953858
Delaware,2022.0,1.0,4.5,477118,499825
District of Columbia,2022.0,1.0,5.9,366127,389138
Florida,2022.0,1.0,3.5,10185464,10558488
Georgia,2022.0,1.0,3.1,5077548,5240515
Hawaii,2022.0,1.0,3.1,648511,669400
Idaho,2022.0,1.0,2.8,914410,940771
Illinois,2022.0,1.0,4.7,6168320,6474832
Indiana,2022.0,1.0,3,3263474,3362806
Iowa,2022.0,1.0,2.8,1642220,1689683
Kansas,2022.0,1.0,2.6,1464131,1503162
Kentucky,2022.0,1.0,4,1967155,2049306
Louisiana,2022.0,1.0,3.9,1987117,2068669
Maine,2022.0,1.0,3.6,664080,688985
Maryland,2022.0,1.0,3.5,3065770,3176774
Massachusetts,2022.0,1.0,3.8,3627525,3772725
Michigan,2022.0,1.0,4.4,4619746,4834211
Minnesota,2022.0,1.0,2.6,2985532,3064825
Mississippi,2022.0,1.0,4,1216271,1267029
Missouri,2022.0,1.0,3,2953591,3044464
Montana,2022.0,1.0,2.7,542446,557375
Nebraska,2022.0,1.0,2.1,1031478,1053514
Nevada,2022.0,1.0,5.2,1432903,1511821
New Hampshire,2022.0,1.0,2.4,737430,755481
New Jersey,2022.0,1.0,5.2,4452878,4697367
New Mexico,2022.0,1.0,5.4,898026,949647
New York,2022.0,1.0,5.2,9160745,9660517
North Carolina,2022.0,1.0,3.7,4963886,5156083
North Dakota,2022.0,1.0,2.3,402729,412080
Ohio,2022.0,1.0,4,5514878,5743840
Oklahoma,2022.0,1.0,2.9,1828179,1881995
Oregon,2022.0,1.0,3.9,2076167,2160609
Pennsylvania,2022.0,1.0,4.3,6159947,6439522
Rhode Island,2022.0,1.0,3.5,554428,574680
South Carolina,2022.0,1.0,3.3,2320129,2398479
South Dakota,2022.0,1.0,1.9,463199,472375
Tennessee,2022.0,1.0,3.4,3260281,3374695
Texas,2022.0,1.0,4.3,13996008,14629668
Utah,2022.0,1.0,2.2,1681534,1720180
Vermont,2022.0,1.0,2.4,330838,339019
Virginia,2022.0,1.0,2.7,4253798,4371563
Washington,2022.0,1.0,4,3778151,3933727
West Virginia,2022.0,1.0,4,748334,779860
Wisconsin,2022.0,1.0,2.9,3005958,3096977
Wyoming,2022.0,1.0,3.5,277286,287331
Alabama,2022.0,2.0,2.6,2215002,2273555
Alaska,2022.0,2.0,5,337853,355536
Arizona,2022.0,2.0,3.6,3429114,3558566
Arkansas,2022.0,2.0,3.2,1313026,1356010
California,2022.0,2.0,4.8,18330864,19255349
Colorado,2022.0,2.0,3.6,3068324,3184161
Connecticut,2022.0,2.0,4.5,1861183,1949883
Delaware,2022.0,2.0,4.4,478482,500546
District of Columbia,2022.0,2.0,5.5,369239,390752
Florida,2022.0,2.0,3.3,10235425,10589342
Georgia,2022.0,2.0,3.1,5091323,5252498
Hawaii,2022.0,2.0,3.2,650040,671206
Idaho,2022.0,2.0,2.7,918011,943930
Illinois,2022.0,2.0,4.7,6183872,6487111
Indiana,2022.0,2.0,2.9,3274895,3373518
Iowa,2022.0,2.0,2.7,1647876,1693512
Kansas,2022.0,2.0,2.6,1466872,1505801
Kentucky,2022.0,2.0,4,1969512,2050851
Louisiana,2022.0,2.0,3.8,1993882,2073273
Maine,2022.0,2.0,3.3,665237,687931
Maryland,2022.0,2.0,3.3,3072458,3177003
Massachusetts,2022.0,2.0,3.7,3636868,3777769
Michigan,2022.0,2.0,4.4,4635693,4847668
Minnesota,2022.0,2.0,2.4,2992632,3067292
Mississippi,2022.0,2.0,3.9,1218216,1267850
Missouri,2022.0,2.0,2.8,2960430,3044868
Montana,2022.0,2.0,2.7,544303,559198
Nebraska,2022.0,2.0,2,1033322,1054848
Nevada,2022.0,2.0,5.2,1443954,1522946
New Hampshire,2022.0,2.0,2.3,740042,757651
New Jersey,2022.0,2.0,4.7,4487500,4709911
New Mexico,2022.0,2.0,5.1,900809,948925
New York,2022.0,2.0,4.8,9195716,9661992
North Carolina,2022.0,2.0,3.6,4977770,5165612
North Dakota,2022.0,2.0,2.2,403528,412602
Ohio,2022.0,2.0,3.9,5527339,5751648
Oklahoma,2022.0,2.0,2.9,1833651,1887969
Oregon,2022.0,2.0,3.8,2080751,2163086
Pennsylvania,2022.0,2.0,4.3,6181916,6457369
Rhode Island,2022.0,2.0,3.3,556075,575080
South Carolina,2022.0,2.0,3.2,2327978,2405966
South Dakota,2022.0,2.0,1.9,464110,473032
Tennessee,2022.0,2.0,3.4,3272796,3386646
Texas,2022.0,2.0,4.1,14057705,14662350
Utah,2022.0,2.0,2.3,1687985,1727023
Vermont,2022.0,2.0,2.3,331971,339856
Virginia,2022.0,2.0,2.6,4271194,4386806
Washington,2022.0,2.0,3.9,3790209,3944953
West Virginia,2022.0,2.0,4,750275,781583
Wisconsin,2022.0,2.0,2.9,3007971,3097957
Wyoming,2022.0,2.0,3.4,278536,288412
Alabama,2022.0,3.0,2.6,2218340,2276562
Alaska,2022.0,3.0,4.7,338399,355094
Arizona,2022.0,3.0,3.7,3438141,3568534
Arkansas,2022.0,3.0,3.2,1316103,1359248
California,2022.0,3.0,4.5,18387919,19249837
Colorado,2022.0,3.0,3.3,3076988,3182622
Connecticut,2022.0,3.0,4.3,1860744,1945258
Delaware,2022.0,3.0,4.3,479286,500895
District of Columbia,2022.0,3.0,5.2,372063,392327
Florida,2022.0,3.0,3.2,10280325,10619534
Georgia,2022.0,3.0,3,5101056,5261206
Hawaii,2022.0,3.0,3.2,651383,672937
Idaho,2022.0,3.0,2.7,920782,946565
Illinois,2022.0,3.0,4.6,6192027,6492868
Indiana,2022.0,3.0,2.9,3282915,3382079
Iowa,2022.0,3.0,2.6,1651750,1696260
Kansas,2022.0,3.0,2.6,1468788,1508115
Kentucky,2022.0,3.0,4,1969956,2051037
Louisiana,2022.0,3.0,3.7,1998304,2075753
Maine,2022.0,3.0,3,666016,686739
Maryland,2022.0,3.0,3.2,3075981,3176515
Massachusetts,2022.0,3.0,3.6,3643166,3780330
Michigan,2022.0,3.0,4.3,4647748,4857310
Minnesota,2022.0,3.0,2.3,2996188,3067197
Mississippi,2022.0,3.0,3.8,1218999,1267672
Missouri,2022.0,3.0,2.6,2965874,3044563
Montana,2022.0,3.0,2.7,545391,560358
Nebraska,2022.0,3.0,2,1034422,1055798
Nevada,2022.0,3.0,5.2,1454199,1533485
New Hampshire,2022.0,3.0,2.3,742123,759511
New Jersey,2022.0,3.0,4.3,4518518,4723290
New Mexico,2022.0,3.0,4.7,902901,947237
New York,2022.0,3.0,4.6,9223128,9665260
North Carolina,2022.0,3.0,3.6,4987806,5173810
North Dakota,2022.0,3.0,2.1,404034,412844
Ohio,2022.0,3.0,3.9,5536161,5758056
Oklahoma,2022.0,3.0,2.9,1837671,1892576
Oregon,2022.0,3.0,3.7,2082236,2163284
Pennsylvania,2022.0,3.0,4.2,6198454,6472892
Rhode Island,2022.0,3.0,3.2,557450,575588
South Carolina,2022.0,3.0,3.2,2334115,2411599
South Dakota,2022.0,3.0,1.9,464803,473610
Tennessee,2022.0,3.0,3.3,3280446,3394047
Texas,2022.0,3.0,4,14109588,14690159
Utah,2022.0,3.0,2.3,1693398,1732912
Vermont,2022.0,3.0,2.3,332911,340628
Virginia,2022.0,3.0,2.6,4284557,4398701
Washington,2022.0,3.0,3.9,3800264,3955453
West Virginia,2022.0,3.0,4,751418,782655
Wisconsin,2022.0,3.0,2.9,3007775,3096865
Wyoming,2022.0,3.0,3.4,279584,289367
Alabama,2022.0,4.0,2.6,2220158,2278366
Alaska,2022.0,4.0,4.5,338740,354780
Arizona,2022.0,4.0,3.7,3445556,3577180
Arkansas,2022.0,4.0,3.2,1318223,1361554
California,2022.0,4.0,4.3,18440847,19265425
Colorado,2022.0,4.0,3.1,3083100,3183152
Connecticut,2022.0,4.0,4.2,1858807,1941211
Delaware,2022.0,4.0,4.2,479605,500857
District of Columbia,2022.0,4.0,4.9,374780,393953
Florida,2022.0,4.0,3.1,10321798,10648887
Georgia,2022.0,4.0,3,5107491,5267209
Hawaii,2022.0,4.0,3.3,652779,674714
Idaho,2022.0,4.0,2.7,922759,948704
Illinois,2022.0,4.0,4.6,6196587,6495594
Indiana,2022.0,4.0,3,3288383,3388590
Iowa,2022.0,4.0,2.6,1653891,1698142
Kansas,2022.0,4.0,2.6,1469710,1509698
Kentucky,2022.0,4.0,4,1969475,2050755
Louisiana,2022.0,4.0,3.7,2000430,2077081
Maine,2022.0,4.0,2.9,666394,686097
Maryland,2022.0,4.0,3.1,3079715,3177623
Massachusetts,2022.0,4.0,3.6,3647177,3784185
Michigan,2022.0,4.0,4.2,4656602,4862590
Minnesota,2022.0,4.0,2.2,2997907,3066466
Mississippi,2022.0,4.0,3.8,1219158,1266921
Missouri,2022.0,4.0,2.4,2970352,3044673
Montana,2022.0,4.0,2.7,546027,561134
Nebraska,2022.0,4.0,2,1034827,1056395
Nevada,2022.0,4.0,5.2,1463912,1543627
New Hampshire,2022.0,4.0,2.3,743603,761013
New Jersey,2022.0,4.0,4.1,4547735,4742255
New Mexico,2022.0,4.0,4.4,904800,946692
New York,2022.0,4.0,4.5,9245244,9676884
North Carolina,2022.0,4.0,3.6,4995004,5181154
North Dakota,2022.0,4.0,2.1,404313,412896
Ohio,2022.0,4.0,3.8,5541951,5763749
Oklahoma,2022.0,4.0,2.9,1840324,1895881
Oregon,2022.0,4.0,3.8,2081915,2163269
Pennsylvania,2022.0,4.0,4.2,6209259,6484052
Rhode Island,2022.0,4.0,3.1,558478,576475
South Carolina,2022.0,4.0,3.2,2338478,2415245
South Dakota,2022.0,4.0,1.9,465238,474045
Tennessee,2022.0,4.0,3.3,3283306,3396491
Texas,2022.0,4.0,3.9,14151580,14723318
Utah,2022.0,4.0,2.3,1697843,1737834
Vermont,2022.0,4.0,2.2,333742,341413
Virginia,2022.0,4.0,2.6,4295350,4408389
Washington,2022.0,4.0,3.9,3809062,3965087
West Virginia,2022.0,4.0,4,751737,782923
Wisconsin,2022.0,4.0,2.9,3005874,3094099
Wyoming,2022.0,4.0,3.4,280487,290260
Alabama,2022.0,5.0,2.6,2221473,2279789
Alaska,2022.0,5.0,4.4,338899,354346
Arizona,2022.0,5.0,3.7,3451645,3584524
Arkansas,2022.0,5.0,3.2,1319375,1362848
California,2022.0,5.0,4.1,18464781,19259838
Colorado,2022.0,5.0,3,3086699,3182793
Connecticut,2022.0,5.0,4.1,1855360,1935533
Delaware,2022.0,5.0,4.2,479633,500638
District of Columbia,2022.0,5.0,4.6,377162,395507
Florida,2022.0,5.0,3,10359283,10678789
Georgia,2022.0,5.0,3,5109707,5269761
Hawaii,2022.0,5.0,3.3,653848,676027
Idaho,2022.0,5.0,2.8,924059,950401
Illinois,2022.0,5.0,4.6,6196662,6493141
Indiana,2022.0,5.0,3,3291826,3393023
Iowa,2022.0,5.0,2.6,1654298,1699221
Kansas,2022.0,5.0,2.7,1469785,1510505
Kentucky,2022.0,5.0,4,1968748,2050381
Louisiana,2022.0,5.0,3.7,2000432,2076524
Maine,2022.0,5.0,2.8,666233,685157
Maryland,2022.0,5.0,3.1,3081126,3178650
Massachusetts,2022.0,5.0,3.6,3649671,3786850
Michigan,2022.0,5.0,4.1,4662454,4863799
Minnesota,2022.0,5.0,2.2,2999108,3066609
Mississippi,2022.0,5.0,3.7,1218401,1265421
Missouri,2022.0,5.0,2.4,2972665,3044533
Montana,2022.0,5.0,2.7,546518,561786
Nebraska,2022.0,5.0,2.1,1034677,1056723
Nevada,2022.0,5.0,5.2,1472812,1552977
New Hampshire,2022.0,5.0,2.3,744473,762105
New Jersey,2022.0,5.0,3.8,4575022,4756383
New Mexico,2022.0,5.0,4.2,906410,946212
New York,2022.0,5.0,4.3,9261586,9678221
North Carolina,2022.0,5.0,3.6,5000217,5188118
North Dakota,2022.0,5.0,2,404335,412767
Ohio,2022.0,5.0,3.9,5544259,5768071
Oklahoma,2022.0,5.0,3,1841849,1898185
Oregon,2022.0,5.0,3.8,2080864,2163194
Pennsylvania,2022.0,5.0,4.2,6215899,6490041
Rhode Island,2022.0,5.0,3.1,559032,577200
South Carolina,2022.0,5.0,3.2,2341478,2417832
South Dakota,2022.0,5.0,1.9,465414,474303
Tennessee,2022.0,5.0,3.3,3282511,3395065
Texas,2022.0,5.0,3.8,14184497,14752430
Utah,2022.0,5.0,2.3,1701510,1741971
Vermont,2022.0,5.0,2.3,334238,341967
Virginia,2022.0,5.0,2.5,4302908,4415209
Washington,2022.0,5.0,3.9,3814157,3970848
West Virginia,2022.0,5.0,4,751417,782471
Wisconsin,2022.0,5.0,2.8,3003097,3090583
Wyoming,2022.0,5.0,3.4,281257,291101
Alabama,2022.0,6.0,2.6,2221484,2279928
Alaska,2022.0,6.0,4.2,338891,353825
Arizona,2022.0,6.0,3.7,3456304,3590702
Arkansas,2022.0,6.0,3.2,1320073,1363699
California,2022.0,6.0,4,18487889,19261014
Colorado,2022.0,6.0,2.9,3088304,3179813
Connecticut,2022.0,6.0,4,1850601,1928164
Delaware,2022.0,6.0,4.2,479528,500323
District of Columbia,2022.0,6.0,4.4,379084,396633
Florida,2022.0,6.0,2.9,10391817,10705386
Georgia,2022.0,6.0,3.1,5109775,5271088
Hawaii,2022.0,6.0,3.3,654992,677302
Idaho,2022.0,6.0,2.8,924765,951660
Illinois,2022.0,6.0,4.5,6194890,6488543
Indiana,2022.0,6.0,3,3293009,3395306
Iowa,2022.0,6.0,2.7,1653932,1700296
Kansas,2022.0,6.0,2.7,1469208,1510650
Kentucky,2022.0,6.0,4,1967496,2049623
Louisiana,2022.0,6.0,3.6,1999214,2074632
Maine,2022.0,6.0,2.7,665628,683924
Maryland,2022.0,6.0,3.1,3082647,3179879
Massachusetts,2022.0,6.0,3.6,3650394,3787614
Michigan,2022.0,6.0,4.1,4665080,4862146
Minnesota,2022.0,6.0,2.2,2999715,3067508
Mississippi,2022.0,6.0,3.7,1217103,1263739
Missouri,2022.0,6.0,2.4,2974371,3046111
Montana,2022.0,6.0,2.7,546940,562300
Nebraska,2022.0,6.0,2.1,1034091,1056791
Nevada,2022.0,6.0,5.2,1481179,1561848
New Hampshire,2022.0,6.0,2.4,744637,762686
New Jersey,2022.0,6.0,3.6,4601191,4772837
New Mexico,2022.0,6.0,3.9,907857,945059
New York,2022.0,6.0,4.2,9275015,9680247
North Carolina,2022.0,6.0,3.7,5002915,5193323
North Dakota,2022.0,6.0,2,404258,412643
Ohio,2022.0,6.0,3.9,5543132,5770525
Oklahoma,2022.0,6.0,3,1842631,1899903
Oregon,2022.0,6.0,3.9,2079108,2163012
Pennsylvania,2022.0,6.0,4.2,6218599,6490585
Rhode Island,2022.0,6.0,3.2,559042,577589
South Carolina,2022.0,6.0,3.2,2343506,2419967
South Dakota,2022.0,6.0,1.9,465357,474367
Tennessee,2022.0,6.0,3.3,3278727,3390967
Texas,2022.0,6.0,3.8,14208689,14773129
Utah,2022.0,6.0,2.3,1704397,1745362
Vermont,2022.0,6.0,2.3,334523,342381
Virginia,2022.0,6.0,2.6,4308523,4421587
Washington,2022.0,6.0,4,3817959,3975735
West Virginia,2022.0,6.0,3.9,750768,781618
Wisconsin,2022.0,6.0,2.8,3000173,3087369
Wyoming,2022.0,6.0,3.4,281948,291912
Alabama,2022.0,7.0,2.6,2221036,2279498
Alaska,2022.0,7.0,4.1,338703,353048
Arizona,2022.0,7.0,3.8,3459683,3595914
Arkansas,2022.0,7.0,3.2,1320536,1364354
California,2022.0,7.0,3.9,18494991,19243485
Colorado,2022.0,7.0,2.7,3088210,3175308
Connecticut,2022.0,7.0,3.9,1845224,1919657
Delaware,2022.0,7.0,4.1,479394,499999
District of Columbia,2022.0,7.0,4.2,380397,397094
Florida,2022.0,7.0,2.9,10418321,10725323
Georgia,2022.0,7.0,3.1,5108980,5272542
Hawaii,2022.0,7.0,3.3,655744,678117
Idaho,2022.0,7.0,2.9,924991,952513
Illinois,2022.0,7.0,4.5,6190155,6482060
Indiana,2022.0,7.0,3.1,3292138,3395851
Iowa,2022.0,7.0,2.8,1652998,1701417
Kansas,2022.0,7.0,2.8,1468301,1510588
Kentucky,2022.0,7.0,4,1965302,2047993
Louisiana,2022.0,7.0,3.6,1997307,2071904
Maine,2022.0,7.0,2.6,664739,682430
Maryland,2022.0,7.0,3,3083986,3178815
Massachusetts,2022.0,7.0,3.6,3648749,3785446
Michigan,2022.0,7.0,4,4665404,4859926
Minnesota,2022.0,7.0,2.3,2999147,3068775
Mississippi,2022.0,7.0,3.7,1214620,1261411
Missouri,2022.0,7.0,2.4,2974564,3048602
Montana,2022.0,7.0,2.7,547250,562596
Nebraska,2022.0,7.0,2.2,1033215,1056737
Nevada,2022.0,7.0,5.2,1488827,1570192
New Hampshire,2022.0,7.0,2.4,744165,762758
New Jersey,2022.0,7.0,3.3,4625256,4784248
New Mexico,2022.0,7.0,3.6,908884,943238
New York,2022.0,7.0,4,9284900,9671387
North Carolina,2022.0,7.0,3.7,5002637,5195572
North Dakota,2022.0,7.0,2.1,404088,412558
Ohio,2022.0,7.0,4,5538270,5770117
Oklahoma,2022.0,7.0,3.1,1843295,1901613
Oregon,2022.0,7.0,3.9,2076018,2161284
Pennsylvania,2022.0,7.0,4.2,6217739,6487010
Rhode Island,2022.0,7.0,3.3,558545,577466
South Carolina,2022.0,7.0,3.2,2345069,2422008
South Dakota,2022.0,7.0,1.9,465152,474329
Tennessee,2022.0,7.0,3.3,3272390,3384846
Texas,2022.0,7.0,3.8,14225751,14784870
Utah,2022.0,7.0,2.4,1706597,1748173
Vermont,2022.0,7.0,2.3,334622,342653
Virginia,2022.0,7.0,2.6,4312860,4428655
Washington,2022.0,7.0,4,3818983,3978870
West Virginia,2022.0,7.0,3.9,750129,780766
Wisconsin,2022.0,7.0,2.8,2997618,3085046
Wyoming,2022.0,7.0,3.5,282558,292661
Alabama,2022.0,8.0,2.6,2220738,2278864
Alaska,2022.0,8.0,3.9,338478,352219
Arizona,2022.0,8.0,3.8,3462874,3600726
Arkansas,2022.0,8.0,3.2,1321087,1365064
California,2022.0,8.0,3.8,18487025,19212192
Colorado,2022.0,8.0,2.6,3087603,3170450
Connecticut,2022.0,8.0,3.7,1840531,1911203
Delaware,2022.0,8.0,4.1,479418,499845
District of Columbia,2022.0,8.0,4,381458,397403
Florida,2022.0,8.0,2.8,10440234,10744025
Georgia,2022.0,8.0,3.2,5108654,5275067
Hawaii,2022.0,8.0,3.3,656008,678396
Idaho,2022.0,8.0,2.9,925061,953146
Illinois,2022.0,8.0,4.5,6182867,6473833
Indiana,2022.0,8.0,3.1,3290107,3395451
Iowa,2022.0,8.0,3,1652112,1702684
Kansas,2022.0,8.0,2.9,1467691,1510904
Kentucky,2022.0,8.0,4.1,1962791,2045924
Louisiana,2022.0,8.0,3.6,1995528,2069911
Maine,2022.0,8.0,2.5,664070,681064
Maryland,2022.0,8.0,3,3084666,3180955
Massachusetts,2022.0,8.0,3.7,3645878,3785403
Michigan,2022.0,8.0,4,4666241,4860405
Minnesota,2022.0,8.0,2.4,2997959,3070499
Mississippi,2022.0,8.0,3.7,1211503,1258634
Missouri,2022.0,8.0,2.5,2973940,3051755
Montana,2022.0,8.0,2.7,547612,562823
Nebraska,2022.0,8.0,2.3,1032401,1056708
Nevada,2022.0,8.0,5.2,1496261,1578483
New Hampshire,2022.0,8.0,2.5,743478,762598
New Jersey,2022.0,8.0,3.1,4648026,4795054
New Mexico,2022.0,8.0,3.4,909753,941296
New York,2022.0,8.0,3.8,9291395,9657851
North Carolina,2022.0,8.0,3.8,5001656,5197059
North Dakota,2022.0,8.0,2.1,403954,412602
Ohio,2022.0,8.0,4.1,5532396,5768252
Oklahoma,2022.0,8.0,3.1,1844806,1904026
Oregon,2022.0,8.0,4,2072076,2158296
Pennsylvania,2022.0,8.0,4.1,6216296,6482933
Rhode Island,2022.0,8.0,3.4,557898,577247
South Carolina,2022.0,8.0,3.2,2347152,2424658
South Dakota,2022.0,8.0,2,464970,474304
Tennessee,2022.0,8.0,3.3,3264972,3378037
Texas,2022.0,8.0,3.7,14241676,14792376
Utah,2022.0,8.0,2.4,1708644,1750958
Vermont,2022.0,8.0,2.4,334700,342878
Virginia,2022.0,8.0,2.7,4317602,4437070
Washington,2022.0,8.0,4.1,3818062,3980907
West Virginia,2022.0,8.0,3.9,749850,780259
Wisconsin,2022.0,8.0,2.8,2996184,3083891
Wyoming,2022.0,8.0,3.5,283193,293414
Alabama,2022.0,9.0,2.5,2220798,2278036
Alaska,2022.0,9.0,4,338395,352530
Arizona,2022.0,9.0,3.8,3467041,3605383
Arkansas,2022.0,9.0,3.2,1322093,1365823
California,2022.0,9.0,4,18475800,19239929
Colorado,2022.0,9.0,2.8,3087930,3175723
Connecticut,2022.0,9.0,3.7,1837462,1908099
Delaware,2022.0,9.0,4.1,479751,500450
District of Columbia,2022.0,9.0,4.2,379551,396063
Florida,2022.0,9.0,2.8,10460090,10766037
Georgia,2022.0,9.0,3.2,5110036,5278768
Hawaii,2022.0,9.0,3.3,656014,678274
Idaho,2022.0,9.0,3,925329,953748
Illinois,2022.0,9.0,4.5,6175962,6469689
Indiana,2022.0,9.0,3.1,3287811,3394652
Iowa,2022.0,9.0,3.1,1651603,1703747
Kansas,2022.0,9.0,2.9,1467800,1511849
Kentucky,2022.0,9.0,4.1,1960853,2044305
Louisiana,2022.0,9.0,3.5,1994672,2068004
Maine,2022.0,9.0,2.6,664073,681898
Maryland,2022.0,9.0,2.8,3085168,3174906
Massachusetts,2022.0,9.0,3.6,3643450,3780661
Michigan,2022.0,9.0,4,4670329,4865600
Minnesota,2022.0,9.0,2.5,2995294,3070999
Mississippi,2022.0,9.0,3.7,1208790,1255865
Missouri,2022.0,9.0,2.7,2973423,3054983
Montana,2022.0,9.0,2.7,548230,563159
Nebraska,2022.0,9.0,2.3,1031971,1056732
Nevada,2022.0,9.0,5.2,1496692,1579569
New Hampshire,2022.0,9.0,2.6,742944,762404
New Jersey,2022.0,9.0,3.3,4647071,4805077
New Mexico,2022.0,9.0,3.4,910911,943439
New York,2022.0,9.0,3.9,9297413,9675983
North Carolina,2022.0,9.0,3.8,5003001,5198557
North Dakota,2022.0,9.0,2.1,404019,412849
Ohio,2022.0,9.0,4.1,5530135,5767435
Oklahoma,2022.0,9.0,3.1,1847899,1907470
Oregon,2022.0,9.0,4.1,2068470,2157724
Pennsylvania,2022.0,9.0,4.1,6217163,6480554
Rhode Island,2022.0,9.0,3.3,557443,576489
South Carolina,2022.0,9.0,3.2,2350689,2428322
South Dakota,2022.0,9.0,2,464945,474327
Tennessee,2022.0,9.0,3.4,3258211,3371984
Texas,2022.0,9.0,3.8,14262652,14831360
Utah,2022.0,9.0,2.5,1711114,1754195
Vermont,2022.0,9.0,2.4,334954,343185
Virginia,2022.0,9.0,2.8,4325038,4448652
Washington,2022.0,9.0,4.2,3817515,3982938
West Virginia,2022.0,9.0,3.8,750159,780150
Wisconsin,2022.0,9.0,2.8,2996277,3083592
Wyoming,2022.0,9.0,3.5,283054,293311
Alabama,2022.0,10.0,2.5,2221923,2277946
Alaska,2022.0,10.0,4.1,338574,352994
Arizona,2022.0,10.0,3.8,3472849,3610729
Arkansas,2022.0,10.0,3.2,1323767,1366959
California,2022.0,10.0,4.1,18481164,19278884
Colorado,2022.0,10.0,2.9,3090265,3181682
Connecticut,2022.0,10.0,3.7,1835989,1905711
Delaware,2022.0,10.0,4.2,480474,501317
District of Columbia,2022.0,10.0,4.3,378165,395328
Florida,2022.0,10.0,2.9,10481518,10791634
Georgia,2022.0,10.0,3.2,5115148,5285774
Hawaii,2022.0,10.0,3.3,656246,678312
Idaho,2022.0,10.0,3,926015,954584
Illinois,2022.0,10.0,4.6,6172202,6467260
Indiana,2022.0,10.0,3.2,3286444,3394837
Iowa,2022.0,10.0,3.1,1651705,1704677
Kansas,2022.0,10.0,3,1468857,1513660
Kentucky,2022.0,10.0,4.1,1959908,2043656
Louisiana,2022.0,10.0,3.5,1995164,2068454
Maine,2022.0,10.0,2.7,664793,683039
Maryland,2022.0,10.0,2.8,3088291,3176986
Massachusetts,2022.0,10.0,3.7,3642329,3780536
Michigan,2022.0,10.0,4.1,4678671,4876551
Minnesota,2022.0,10.0,2.6,2994702,3073520
Mississippi,2022.0,10.0,3.7,1206916,1253447
Missouri,2022.0,10.0,2.8,2975635,3060004
Montana,2022.0,10.0,2.6,549130,563748
Nebraska,2022.0,10.0,2.3,1032104,1056915
Nevada,2022.0,10.0,5.3,1497943,1581391
New Hampshire,2022.0,10.0,2.6,742603,762200
New Jersey,2022.0,10.0,3.5,4648058,4816597
New Mexico,2022.0,10.0,3.5,912632,945982
New York,2022.0,10.0,4,9306831,9694389
North Carolina,2022.0,10.0,3.7,5008217,5203145
North Dakota,2022.0,10.0,2.2,404454,413403
Ohio,2022.0,10.0,4.1,5534411,5770192
Oklahoma,2022.0,10.0,3.1,1852762,1912204
Oregon,2022.0,10.0,4.2,2066323,2156905
Pennsylvania,2022.0,10.0,4,6221694,6482425
Rhode Island,2022.0,10.0,3.2,557328,575945
South Carolina,2022.0,10.0,3.2,2356253,2433733
South Dakota,2022.0,10.0,2,465179,474492
Tennessee,2022.0,10.0,3.4,3253586,3368261
Texas,2022.0,10.0,3.9,14292702,14877017
Utah,2022.0,10.0,2.5,1714403,1758322
Vermont,2022.0,10.0,2.4,335510,343705
Virginia,2022.0,10.0,2.9,4336985,4464553
Washington,2022.0,10.0,4.2,3819977,3987242
West Virginia,2022.0,10.0,3.8,751109,780533
Wisconsin,2022.0,10.0,2.8,2998014,3084188
Wyoming,2022.0,10.0,3.5,283122,293329
Alabama,2022.0,11.0,2.4,2224726,2279384
Alaska,2022.0,11.0,4.1,339065,353657
Arizona,2022.0,11.0,3.8,3480541,3617184
Arkansas,2022.0,11.0,3.1,1326255,1368563
California,2022.0,11.0,4.3,18499431,19323800
Colorado,2022.0,11.0,2.9,3094833,3188436
Connecticut,2022.0,11.0,3.6,1835970,1904095
Delaware,2022.0,11.0,4.1,481612,502434
District of Columbia,2022.0,11.0,4.5,377400,395240
Florida,2022.0,11.0,2.9,10507193,10817250
Georgia,2022.0,11.0,3.2,5124101,5295922
Hawaii,2022.0,11.0,3.2,656834,678606
Idaho,2022.0,11.0,3,927217,955766
Illinois,2022.0,11.0,4.5,6173419,6467579
Indiana,2022.0,11.0,3.2,3287276,3397005
Iowa,2022.0,11.0,3.1,1652290,1705203
Kansas,2022.0,11.0,3,1470841,1516152
Kentucky,2022.0,11.0,4.1,1960265,2044024
Louisiana,2022.0,11.0,3.5,1997080,2070180
Maine,2022.0,11.0,2.7,666077,684330
Maryland,2022.0,11.0,2.6,3093859,3177919
Massachusetts,2022.0,11.0,3.6,3643529,3780361
Michigan,2022.0,11.0,4.1,4691508,4891602
Minnesota,2022.0,11.0,2.6,2996604,3077940
Mississippi,2022.0,11.0,3.6,1206219,1251783
Missouri,2022.0,11.0,2.8,2979696,3065403
Montana,2022.0,11.0,2.5,550326,564662
Nebraska,2022.0,11.0,2.3,1032879,1057306
Nevada,2022.0,11.0,5.3,1500269,1583956
New Hampshire,2022.0,11.0,2.5,742495,761891
New Jersey,2022.0,11.0,3.7,4651268,4828801
New Mexico,2022.0,11.0,3.6,914842,948765
New York,2022.0,11.0,4,9322123,9714705
North Carolina,2022.0,11.0,3.7,5017693,5210387
North Dakota,2022.0,11.0,2.2,405215,414157
Ohio,2022.0,11.0,4,5545474,5776705
Oklahoma,2022.0,11.0,3.1,1859339,1918202
Oregon,2022.0,11.0,4.2,2066395,2156122
Pennsylvania,2022.0,11.0,4,6230191,6488327
Rhode Island,2022.0,11.0,3.1,557612,575460
South Carolina,2022.0,11.0,3.2,2363931,2440968
South Dakota,2022.0,11.0,1.9,465724,474868
Tennessee,2022.0,11.0,3.4,3252121,3367265
Texas,2022.0,11.0,4,14333504,14930752
Utah,2022.0,11.0,2.5,1718696,1763337
Vermont,2022.0,11.0,2.3,336395,344442
Virginia,2022.0,11.0,2.9,4352849,4482886
Washington,2022.0,11.0,4.2,3825492,3993207
West Virginia,2022.0,11.0,3.7,752581,781380
Wisconsin,2022.0,11.0,2.7,3001775,3085980
Wyoming,2022.0,11.0,3.4,283403,293472
Alabama,2022.0,12.0,2.3,2229797,2283238
Alaska,2022.0,12.0,4.1,339767,354418
Arizona,2022.0,12.0,3.7,3489975,3624945
Arkansas,2022.0,12.0,3,1329400,1370647
California,2022.0,12.0,4.4,18518806,19362803
Colorado,2022.0,12.0,3,3101202,3195790
Connecticut,2022.0,12.0,3.5,1837151,1903200
Delaware,2022.0,12.0,4.1,483115,503741
District of Columbia,2022.0,12.0,4.7,377366,395821
Florida,2022.0,12.0,2.8,10537821,10845712
Georgia,2022.0,12.0,3.2,5135145,5307581
Hawaii,2022.0,12.0,3.1,657707,679066
Idaho,2022.0,12.0,3,928979,957444
Illinois,2022.0,12.0,4.5,6180010,6470630
Indiana,2022.0,12.0,3.3,3290794,3401649
Iowa,2022.0,12.0,3.1,1653396,1705640
Kansas,2022.0,12.0,3,1473528,1519062
Kentucky,2022.0,12.0,4.1,1962036,2045545
Louisiana,2022.0,12.0,3.5,2000014,2073291
Maine,2022.0,12.0,2.6,667662,685606
Maryland,2022.0,12.0,2.5,3098978,3177531
Massachusetts,2022.0,12.0,3.6,3647780,3782639
Michigan,2022.0,12.0,4.1,4709070,4909093
Minnesota,2022.0,12.0,2.7,3000423,3083726
Mississippi,2022.0,12.0,3.5,1206592,1250757
Missouri,2022.0,12.0,2.8,2984787,3070775
Montana,2022.0,12.0,2.5,551790,565923
Nebraska,2022.0,12.0,2.2,1034268,1058070
Nevada,2022.0,12.0,5.3,1503678,1587199
New Hampshire,2022.0,12.0,2.5,742687,761556
New Jersey,2022.0,12.0,3.8,4656276,4840718
New Mexico,2022.0,12.0,3.6,917446,951699
New York,2022.0,12.0,4,9342011,9735970
North Carolina,2022.0,12.0,3.6,5030574,5220048
North Dakota,2022.0,12.0,2.1,406199,415041
Ohio,2022.0,12.0,3.9,5561355,5785975
Oklahoma,2022.0,12.0,3,1867180,1925287
Oregon,2022.0,12.0,4,2068781,2155796
Pennsylvania,2022.0,12.0,3.9,6241466,6496665
Rhode Island,2022.0,12.0,3,558299,575332
South Carolina,2022.0,12.0,3.1,2373214,2449466
South Dakota,2022.0,12.0,1.9,466564,475509
Tennessee,2022.0,12.0,3.4,3253803,3368561
Texas,2022.0,12.0,4.1,14382855,14989957
Utah,2022.0,12.0,2.6,1723917,1769061
Vermont,2022.0,12.0,2.2,337479,345245
Virginia,2022.0,12.0,2.9,4370130,4500493
Washington,2022.0,12.0,4.2,3832738,3999464
West Virginia,2022.0,12.0,3.6,754242,782525
Wisconsin,2022.0,12.0,2.7,3007792,3089701
Wyoming,2022.0,12.0,3.4,283855,293699
Alabama,2023.0,1.0,2.3,2235687,2288368
Alaska,2023.0,1.0,4.1,340485,355142
Arizona,2023.0,1.0,3.7,3500297,3633940
Arkansas,2023.0,1.0,2.9,1332794,1373114
California,2023.0,1.0,4.4,18537991,19397463
Colorado,2023.0,1.0,3,3108122,3203552
Connecticut,2023.0,1.0,3.4,1838726,1902677
Delaware,2023.0,1.0,4,484786,505119
District of Columbia,2023.0,1.0,4.8,378075,397040
Florida,2023.0,1.0,2.8,10572050,10878670
Georgia,2023.0,1.0,3.2,5147651,5320486
Hawaii,2023.0,1.0,3.1,658803,679675
Idaho,2023.0,1.0,3,931153,959609
Illinois,2023.0,1.0,4.4,6190528,6476104
Indiana,2023.0,1.0,3.3,3296307,3408240
Iowa,2023.0,1.0,3,1654905,1706315
Kansas,2023.0,1.0,3,1476362,1521870
Kentucky,2023.0,1.0,4.1,1964643,2047921
Louisiana,2023.0,1.0,3.6,2003217,2077267
Maine,2023.0,1.0,2.6,669300,686848
Maryland,2023.0,1.0,2.3,3106077,3180518
Massachusetts,2023.0,1.0,3.5,3653983,3787119
Michigan,2023.0,1.0,4,4729969,4927651
Minnesota,2023.0,1.0,2.7,3005639,3090481
Mississippi,2023.0,1.0,3.4,1207879,1250499
Missouri,2023.0,1.0,2.8,2991162,3077422
Montana,2023.0,1.0,2.5,553418,567491
Nebraska,2023.0,1.0,2.2,1035993,1059211
Nevada,2023.0,1.0,5.2,1507721,1590787
New Hampshire,2023.0,1.0,2.4,743109,761306
New Jersey,2023.0,1.0,3.9,4661988,4852074
New Mexico,2023.0,1.0,3.6,920388,954840
New York,2023.0,1.0,4,9365308,9758797
North Carolina,2023.0,1.0,3.6,5045218,5231614
North Dakota,2023.0,1.0,2.1,407250,415972
Ohio,2023.0,1.0,3.8,5579643,5797301
Oklahoma,2023.0,1.0,3,1875382,1932920
Oregon,2023.0,1.0,3.9,2073203,2156816
Pennsylvania,2023.0,1.0,3.9,6254019,6506096
Rhode Island,2023.0,1.0,2.9,559202,575611
South Carolina,2023.0,1.0,3.1,2382947,2458323
South Dakota,2023.0,1.0,1.8,467535,476310
Tennessee,2023.0,1.0,3.4,3258421,3372206
Texas,2023.0,1.0,4.1,14434308,15048359
Utah,2023.0,1.0,2.6,1729503,1774958
Vermont,2023.0,1.0,2.1,338660,346044
Virginia,2023.0,1.0,2.9,4387586,4516542
Washington,2023.0,1.0,4.1,3840858,4005736
West Virginia,2023.0,1.0,3.6,755671,783744
Wisconsin,2023.0,1.0,2.6,3015218,3095519
Wyoming,2023.0,1.0,3.3,284374,293931
Alabama,2023.0,2.0,2.3,2241947,2294352
Alaska,2023.0,2.0,4.1,341209,355844
Arizona,2023.0,2.0,3.7,3511025,3644062
Arkansas,2023.0,2.0,2.9,1335990,1375674
California,2023.0,2.0,4.5,18553650,19424892
Colorado,2023.0,2.0,3,3114771,3211446
Connecticut,2023.0,2.0,3.3,1840627,1902730
Delaware,2023.0,2.0,3.9,486483,506482
District of Columbia,2023.0,2.0,4.8,379352,398643
Florida,2023.0,2.0,2.8,10608070,10914538
Georgia,2023.0,2.0,3.2,5159657,5332484
Hawaii,2023.0,2.0,3,660002,680335
Idaho,2023.0,2.0,3,933580,962161
Illinois,2023.0,2.0,4.3,6201956,6482109
Indiana,2023.0,2.0,3.3,3302574,3415237
Iowa,2023.0,2.0,3,1656484,1707144
Kansas,2023.0,2.0,3,1479077,1524254
Kentucky,2023.0,2.0,4.1,1967444,2050716
Louisiana,2023.0,2.0,3.6,2005904,2080608
Maine,2023.0,2.0,2.5,670944,688214
Maryland,2023.0,2.0,2.2,3113068,3184023
Massachusetts,2023.0,2.0,3.5,3660966,3794157
Michigan,2023.0,2.0,3.9,4752663,4946516
Minnesota,2023.0,2.0,2.8,3011839,3097824
Mississippi,2023.0,2.0,3.3,1209368,1250513
Missouri,2023.0,2.0,2.8,2997386,3084573
Montana,2023.0,2.0,2.5,555010,569152
Nebraska,2023.0,2.0,2.2,1037858,1060708
Nevada,2023.0,2.0,5.2,1512063,1594435
New Hampshire,2023.0,2.0,2.3,743735,761287
New Jersey,2023.0,2.0,4,4667903,4862743
New Mexico,2023.0,2.0,3.6,923624,958198
New York,2023.0,2.0,4,9390605,9782303
North Carolina,2023.0,2.0,3.5,5060084,5243949
North Dakota,2023.0,2.0,2.1,408180,416788
Ohio,2023.0,2.0,3.6,5597702,5808648
Oklahoma,2023.0,2.0,3,1883268,1940548
Oregon,2023.0,2.0,3.7,2078668,2159193
Pennsylvania,2023.0,2.0,3.8,6267954,6516192
Rhode Island,2023.0,2.0,2.8,560229,576307
South Carolina,2023.0,2.0,3,2392502,2467184
South Dakota,2023.0,2.0,1.8,468537,477195
Tennessee,2023.0,2.0,3.3,3266047,3378480
Texas,2023.0,2.0,4.1,14484496,15101782
Utah,2023.0,2.0,2.6,1735062,1780681
Vermont,2023.0,2.0,2,339845,346805
Virginia,2023.0,2.0,2.8,4403283,4529685
Washington,2023.0,2.0,4.1,3848897,4011538
West Virginia,2023.0,2.0,3.6,756775,784918
Wisconsin,2023.0,2.0,2.6,3023201,3103045
Wyoming,2023.0,2.0,3.1,284882,294115
Alabama,2023.0,3.0,2.3,2247809,2300332
Alaska,2023.0,3.0,4.1,341879,356486
Arizona,2023.0,3.0,3.6,3521432,3654621
Arkansas,2023.0,3.0,2.9,1338708,1378179
California,2023.0,3.0,4.5,18569802,19448862
Colorado,2023.0,3.0,3.1,3120364,3218615
Connecticut,2023.0,3.0,3.2,1842783,1903379
Delaware,2023.0,3.0,3.9,488080,507776
District of Columbia,2023.0,3.0,4.8,380857,400244
Florida,2023.0,3.0,2.8,10642898,10949760
Georgia,2023.0,3.0,3.2,5171089,5343535
Hawaii,2023.0,3.0,2.9,661165,680926
Idaho,2023.0,3.0,3,935926,964799
Illinois,2023.0,3.0,4.2,6212395,6487941
Indiana,2023.0,3.0,3.3,3307676,3420633
Iowa,2023.0,3.0,2.9,1658039,1708122
Kansas,2023.0,3.0,2.9,1481425,1525910
Kentucky,2023.0,3.0,4.1,1969630,2053097
Louisiana,2023.0,3.0,3.6,2007310,2081696
Maine,2023.0,3.0,2.5,672513,689724
Maryland,2023.0,3.0,2.1,3120304,3187088
Massachusetts,2023.0,3.0,3.4,3667653,3798536
Michigan,2023.0,3.0,3.8,4775081,4964872
Minnesota,2023.0,3.0,2.8,3017656,3104312
Mississippi,2023.0,3.0,3.2,1210639,1250656
Missouri,2023.0,3.0,2.9,3003152,3091842
Montana,2023.0,3.0,2.5,556209,570488
Nebraska,2023.0,3.0,2.1,1039537,1062265
Nevada,2023.0,3.0,5.1,1516284,1597845
New Hampshire,2023.0,3.0,2.2,744274,761319
New Jersey,2023.0,3.0,4.1,4672825,4871773
New Mexico,2023.0,3.0,3.6,926728,961385
New York,2023.0,3.0,4,9416935,9805337
North Carolina,2023.0,3.0,3.5,5072643,5254629
North Dakota,2023.0,3.0,2,408869,417340
Ohio,2023.0,3.0,3.5,5613307,5818417
Oklahoma,2023.0,3.0,2.9,1890226,1947532
Oregon,2023.0,3.0,3.6,2083172,2161570
Pennsylvania,2023.0,3.0,3.7,6282161,6525440
Rhode Island,2023.0,3.0,2.7,561295,577073
South Carolina,2023.0,3.0,3,2401501,2475335
South Dakota,2023.0,3.0,1.8,469477,478070
Tennessee,2023.0,3.0,3.3,3275139,3385973
Texas,2023.0,3.0,4.1,14530617,15147599
Utah,2023.0,3.0,2.6,1740155,1785924
Vermont,2023.0,3.0,1.9,340898,347478
Virginia,2023.0,3.0,2.7,4415933,4538781
Washington,2023.0,3.0,4,3856324,4016941
West Virginia,2023.0,3.0,3.6,757537,785975
Wisconsin,2023.0,3.0,2.6,3030374,3111094
Wyoming,2023.0,3.0,3,285291,294197
Alabama,2023.0,4.0,2.3,2252806,2305796
Alaska,2023.0,4.0,4.1,342422,357042
Arizona,2023.0,4.0,3.7,3531069,3664855
Arkansas,2023.0,4.0,2.9,1340804,1380619
California,2023.0,4.0,4.5,18590181,19474196
Colorado,2023.0,4.0,3.1,3124380,3224491
Connecticut,2023.0,4.0,3.1,1845069,1904498
Delaware,2023.0,4.0,3.8,489471,508959
District of Columbia,2023.0,4.0,4.8,382331,401630
Florida,2023.0,4.0,2.8,10673179,10980669
Georgia,2023.0,4.0,3.2,5182103,5354129
Hawaii,2023.0,4.0,2.8,662089,681347
Idaho,2023.0,4.0,3,937918,967231
Illinois,2023.0,4.0,4.2,6220698,6494207
Indiana,2023.0,4.0,3.3,3310544,3423803
Iowa,2023.0,4.0,2.9,1659196,1709028
Kansas,2023.0,4.0,2.9,1483210,1526818
Kentucky,2023.0,4.0,4.1,1970626,2054577
Louisiana,2023.0,4.0,3.5,2007163,2080629
Maine,2023.0,4.0,2.5,673959,691300
Maryland,2023.0,4.0,1.9,3127450,3189021
Massachusetts,2023.0,4.0,3.3,3673652,3800038
Michigan,2023.0,4.0,3.7,4795222,4982002
Minnesota,2023.0,4.0,2.8,3022145,3109077
Mississippi,2023.0,4.0,3.1,1211375,1250752
Missouri,2023.0,4.0,2.9,3007971,3098680
Montana,2023.0,4.0,2.5,556837,571271
Nebraska,2023.0,4.0,2.1,1040788,1063624
Nevada,2023.0,4.0,5,1520019,1600859
New Hampshire,2023.0,4.0,2.2,744523,761262
New Jersey,2023.0,4.0,4.2,4675502,4878412
New Mexico,2023.0,4.0,3.6,929374,964021
New York,2023.0,4.0,3.9,9441434,9825999
North Carolina,2023.0,4.0,3.4,5081770,5262555
North Dakota,2023.0,4.0,2,409297,417609
Ohio,2023.0,4.0,3.5,5625147,5826255
Oklahoma,2023.0,4.0,2.9,1896178,1953808
Oregon,2023.0,4.0,3.6,2085808,2163329
Pennsylvania,2023.0,4.0,3.6,6295322,6533104
Rhode Island,2023.0,4.0,2.7,562350,577829
South Carolina,2023.0,4.0,2.9,2409709,2482090
South Dakota,2023.0,4.0,1.8,470279,478857
Tennessee,2023.0,4.0,3.2,3283543,3392731
Texas,2023.0,4.0,4,14571412,15185791
Utah,2023.0,4.0,2.6,1744421,1790471
Vermont,2023.0,4.0,1.8,341768,348085
Virginia,2023.0,4.0,2.6,4424900,4543829
Washington,2023.0,4.0,4,3862519,4021858
West Virginia,2023.0,4.0,3.7,758051,786987
Wisconsin,2023.0,4.0,2.7,3035527,3118367
Wyoming,2023.0,4.0,2.9,285533,294143
Alabama,2023.0,5.0,2.3,2256281,2310109
Alaska,2023.0,5.0,4.1,342782,357518
Arizona,2023.0,5.0,3.7,3539352,3674189
Arkansas,2023.0,5.0,3,1342194,1382999
California,2023.0,5.0,4.6,18607281,19497204
Colorado,2023.0,5.0,3.2,3126311,3228455
Connecticut,2023.0,5.0,3.1,1847189,1905950
Delaware,2023.0,5.0,3.8,490505,509958
District of Columbia,2023.0,5.0,4.8,383680,402870
Florida,2023.0,5.0,2.8,10696385,11009242
Georgia,2023.0,5.0,3.2,5192211,5364469
Hawaii,2023.0,5.0,2.8,662447,681405
Idaho,2023.0,5.0,3.1,939435,969348
Illinois,2023.0,5.0,4.2,6226178,6501994
Indiana,2023.0,5.0,3.3,3310719,3424666
Iowa,2023.0,5.0,2.9,1659557,1709645
Kansas,2023.0,5.0,2.8,1484134,1527100
Kentucky,2023.0,5.0,4.1,1970372,2055157
Louisiana,2023.0,5.0,3.5,2005672,2078863
Maine,2023.0,5.0,2.5,675211,692821
Maryland,2023.0,5.0,1.9,3133467,3195699
Massachusetts,2023.0,5.0,3.4,3678724,3806888
Michigan,2023.0,5.0,3.7,4810939,4997528
Minnesota,2023.0,5.0,2.8,3024691,3111989
Mississippi,2023.0,5.0,3.1,1211695,1250869
Missouri,2023.0,5.0,3,3011578,3104914
Montana,2023.0,5.0,2.6,556896,571532
Nebraska,2023.0,5.0,2.2,1041426,1064667
Nevada,2023.0,5.0,5,1523096,1603677
New Hampshire,2023.0,5.0,2.2,744475,761154
New Jersey,2023.0,5.0,4.2,4674982,4882307
New Mexico,2023.0,5.0,3.6,931193,965856
New York,2023.0,5.0,3.9,9459823,9842980
North Carolina,2023.0,5.0,3.4,5087440,5268180
North Dakota,2023.0,5.0,2,409505,417707
Ohio,2023.0,5.0,3.4,5632168,5832453
Oklahoma,2023.0,5.0,3,1901035,1959533
Oregon,2023.0,5.0,3.6,2086436,2164413
Pennsylvania,2023.0,5.0,3.6,6306050,6539628
Rhode Island,2023.0,5.0,2.7,563292,578723
South Carolina,2023.0,5.0,2.8,2416737,2487384
South Dakota,2023.0,5.0,1.8,470848,479482
Tennessee,2023.0,5.0,3.2,3289687,3397770
Texas,2023.0,5.0,4,14605092,15217003
Utah,2023.0,5.0,2.6,1747620,1794284
Vermont,2023.0,5.0,1.8,342435,348664
Virginia,2023.0,5.0,2.6,4429812,4545851
Washington,2023.0,5.0,4,3865769,4025537
West Virginia,2023.0,5.0,3.8,758362,787999
Wisconsin,2023.0,5.0,2.7,3038286,3124173
Wyoming,2023.0,5.0,2.9,285571,293965
Alabama,2023.0,6.0,2.4,2259087,2313985
Alaska,2023.0,6.0,4.2,343010,357944
Arizona,2023.0,6.0,3.7,3546798,3682825
Arkansas,2023.0,6.0,3,1343143,1385367
California,2023.0,6.0,4.6,18620363,19518556
Colorado,2023.0,6.0,3.2,3127085,3231074
Connecticut,2023.0,6.0,3.1,1849374,1907979
Delaware,2023.0,6.0,3.8,491204,510760
District of Columbia,2023.0,6.0,4.7,385048,404211
Florida,2023.0,6.0,2.9,10714206,11031953
Georgia,2023.0,6.0,3.2,5200838,5373837
Hawaii,2023.0,6.0,2.8,662347,681185
Idaho,2023.0,6.0,3.1,940818,971413
Illinois,2023.0,6.0,4.3,6230651,6512541
Indiana,2023.0,6.0,3.4,3309563,3424446
Iowa,2023.0,6.0,3,1659320,1710012
Kansas,2023.0,6.0,2.8,1484495,1527209
Kentucky,2023.0,6.0,4.2,1969758,2055532
Louisiana,2023.0,6.0,3.5,2003863,2077071
Maine,2023.0,6.0,2.6,676397,694347
Maryland,2023.0,6.0,1.9,3135769,3197822
Massachusetts,2023.0,6.0,3.3,3684142,3811789
Michigan,2023.0,6.0,3.8,4822220,5011754
Minnesota,2023.0,6.0,2.8,3025980,3113646
Mississippi,2023.0,6.0,3.1,1211801,1250936
Missouri,2023.0,6.0,3.1,3014044,3110173
Montana,2023.0,6.0,2.6,556736,571651
Nebraska,2023.0,6.0,2.2,1041670,1065528
Nevada,2023.0,6.0,5,1525925,1606704
New Hampshire,2023.0,6.0,2.2,744437,761245
New Jersey,2023.0,6.0,4.3,4672412,4884148
New Mexico,2023.0,6.0,3.6,932350,967165
New York,2023.0,6.0,3.9,9471938,9857028
North Carolina,2023.0,6.0,3.4,5091631,5272755
North Dakota,2023.0,6.0,2,409598,417784
Ohio,2023.0,6.0,3.5,5635780,5838462
Oklahoma,2023.0,6.0,3,1905264,1965162
Oregon,2023.0,6.0,3.7,2086479,2165743
Pennsylvania,2023.0,6.0,3.5,6316154,6547562
Rhode Island,2023.0,6.0,2.7,564191,579651
South Carolina,2023.0,6.0,2.8,2422941,2492237
South Dakota,2023.0,6.0,1.8,471258,479987
Tennessee,2023.0,6.0,3.2,3294426,3402132
Texas,2023.0,6.0,4,14635233,15244901
Utah,2023.0,6.0,2.6,1750214,1797821
Vermont,2023.0,6.0,1.8,342931,349233
Virginia,2023.0,6.0,2.5,4431591,4546634
Washington,2023.0,6.0,4,3866346,4028298
West Virginia,2023.0,6.0,3.8,758623,788969
Wisconsin,2023.0,6.0,2.8,3039663,3128825
Wyoming,2023.0,6.0,2.8,285494,293777
Alabama,2023.0,7.0,2.4,2262111,2318367
Alaska,2023.0,7.0,4.2,343174,358370
Arizona,2023.0,7.0,3.7,3553694,3690984
Arkansas,2023.0,7.0,3.2,1343945,1387843
California,2023.0,7.0,4.7,18620917,19531760
Colorado,2023.0,7.0,3.3,3127656,3233389
Connecticut,2023.0,7.0,3.1,1851301,1910338
Delaware,2023.0,7.0,3.9,491634,511389
District of Columbia,2023.0,7.0,4.8,386480,405769
Florida,2023.0,7.0,2.9,10728600,11052215
Georgia,2023.0,7.0,3.2,5208711,5382888
Hawaii,2023.0,7.0,2.8,661918,680780
Idaho,2023.0,7.0,3.2,942420,973731
Illinois,2023.0,7.0,4.4,6235904,6526175
Indiana,2023.0,7.0,3.4,3308401,3424585
Iowa,2023.0,7.0,3,1658984,1710313
Kansas,2023.0,7.0,2.8,1484594,1527410
Kentucky,2023.0,7.0,4.2,1969369,2056351
Louisiana,2023.0,7.0,3.6,2002468,2076816
Maine,2023.0,7.0,2.6,677492,695822
Maryland,2023.0,7.0,2,3135353,3199369
Massachusetts,2023.0,7.0,3.4,3691049,3819263
Michigan,2023.0,7.0,3.9,4829534,5024238
Minnesota,2023.0,7.0,2.8,3026394,3114079
Mississippi,2023.0,7.0,3.1,1211668,1250643
Missouri,2023.0,7.0,3.2,3015229,3113983
Montana,2023.0,7.0,2.7,556705,572044
Nebraska,2023.0,7.0,2.3,1041767,1066296
Nevada,2023.0,7.0,5.1,1528726,1610161
New Hampshire,2023.0,7.0,2.2,744550,761624
New Jersey,2023.0,7.0,4.4,4669515,4885306
New Mexico,2023.0,7.0,3.6,933106,968281
New York,2023.0,7.0,4,9479656,9869841
North Carolina,2023.0,7.0,3.4,5095803,5277884
North Dakota,2023.0,7.0,2,409710,417976
Ohio,2023.0,7.0,3.6,5637559,5845230
Oklahoma,2023.0,7.0,3.1,1909330,1971059
Oregon,2023.0,7.0,3.7,2087560,2168477
Pennsylvania,2023.0,7.0,3.5,6327144,6559103
Rhode Island,2023.0,7.0,2.7,565077,580924
South Carolina,2023.0,7.0,2.8,2428588,2497733
South Dakota,2023.0,7.0,1.8,471584,480399
Tennessee,2023.0,7.0,3.2,3299308,3407538
Texas,2023.0,7.0,4,14664704,15272807
Utah,2023.0,7.0,2.7,1752542,1801357
Vermont,2023.0,7.0,1.9,343353,349841
Virginia,2023.0,7.0,2.6,4431880,4548081
Washington,2023.0,7.0,4.1,3864744,4030506
West Virginia,2023.0,7.0,3.9,758900,789859
Wisconsin,2023.0,7.0,2.9,3040589,3132664
Wyoming,2023.0,7.0,2.8,285371,293633
Alabama,2023.0,8.0,2.5,2264604,2322522
Alaska,2023.0,8.0,4.3,343218,358693
Arizona,2023.0,8.0,3.7,3559698,3698145
Arkansas,2023.0,8.0,3.3,1344686,1390261
California,2023.0,8.0,4.8,18617992,19546854
Colorado,2023.0,8.0,3.3,3127965,3235781
Connecticut,2023.0,8.0,3.1,1852346,1912325
Delaware,2023.0,8.0,3.9,491757,511744
District of Columbia,2023.0,8.0,4.8,387840,407401
Florida,2023.0,8.0,3,10739263,11070672
Georgia,2023.0,8.0,3.3,5215565,5390989
Hawaii,2023.0,8.0,2.8,661413,680419
Idaho,2023.0,8.0,3.3,944216,976205
Illinois,2023.0,8.0,4.6,6242086,6541323
Indiana,2023.0,8.0,3.4,3307821,3425609
Iowa,2023.0,8.0,3,1658386,1710096
Kansas,2023.0,8.0,2.8,1484532,1527689
Kentucky,2023.0,8.0,4.3,1969321,2057641
Louisiana,2023.0,8.0,3.7,2001741,2078287
Maine,2023.0,8.0,2.7,678289,697017
Maryland,2023.0,8.0,2.2,3133436,3203608
Massachusetts,2023.0,8.0,3.4,3699111,3831242
Michigan,2023.0,8.0,4,4833449,5033232
Minnesota,2023.0,8.0,2.8,3025845,3113138
Mississippi,2023.0,8.0,3.1,1211763,1250444
Missouri,2023.0,8.0,3.2,3015668,3116709
Montana,2023.0,8.0,2.8,556822,572723
Nebraska,2023.0,8.0,2.4,1041777,1066957
Nevada,2023.0,8.0,5.1,1531285,1613655
New Hampshire,2023.0,8.0,2.3,744757,762105
New Jersey,2023.0,8.0,4.5,4666708,4885787
New Mexico,2023.0,8.0,3.7,933609,969266
New York,2023.0,8.0,4,9482979,9880115
North Carolina,2023.0,8.0,3.5,5099611,5283163
North Dakota,2023.0,8.0,2,409934,418362
Ohio,2023.0,8.0,3.7,5638188,5852110
Oklahoma,2023.0,8.0,3.2,1913114,1976843
Oregon,2023.0,8.0,3.8,2089321,2171937
Pennsylvania,2023.0,8.0,3.6,6337745,6572672
Rhode Island,2023.0,8.0,2.9,565837,582589
South Carolina,2023.0,8.0,2.8,2433287,2503765
South Dakota,2023.0,8.0,1.8,471870,480739
Tennessee,2023.0,8.0,3.2,3304165,3413680
Texas,2023.0,8.0,4,14692742,15300049
Utah,2023.0,8.0,2.8,1754481,1804589
Vermont,2023.0,8.0,1.9,343744,350471
Virginia,2023.0,8.0,2.6,4431353,4550512
Washington,2023.0,8.0,4.2,3862319,4033087
West Virginia,2023.0,8.0,4,759154,790617
Wisconsin,2023.0,8.0,3,3041483,3135455
Wyoming,2023.0,8.0,2.8,285189,293469
Alabama,2023.0,9.0,2.6,2266638,2326517
Alaska,2023.0,9.0,4.4,343082,358801
Arizona,2023.0,9.0,3.8,3564967,3704072
Arkansas,2023.0,9.0,3.4,1345423,1392378
California,2023.0,9.0,4.9,18610084,19559854
Colorado,2023.0,9.0,3.4,3127897,3238299
Connecticut,2023.0,9.0,3.2,1852670,1913825
Delaware,2023.0,9.0,3.9,491614,511775
District of Columbia,2023.0,9.0,4.9,388910,408841
Florida,2023.0,9.0,3,10746570,11082946
Georgia,2023.0,9.0,3.3,5220738,5396838
Hawaii,2023.0,9.0,2.8,660904,680099
Idaho,2023.0,9.0,3.3,946024,978566
Illinois,2023.0,9.0,4.7,6248596,6555746
Indiana,2023.0,9.0,3.5,3307962,3427459
Iowa,2023.0,9.0,3,1657193,1708902
Kansas,2023.0,9.0,2.9,1484547,1528207
Kentucky,2023.0,9.0,4.4,1969866,2059466
Louisiana,2023.0,9.0,3.8,2001500,2080671
Maine,2023.0,9.0,2.7,678775,697875
Maryland,2023.0,9.0,2.3,3129997,3203674
Massachusetts,2023.0,9.0,3.5,3707202,3841846
Michigan,2023.0,9.0,4,4835392,5037890
Minnesota,2023.0,9.0,2.8,3024460,3111267
Mississippi,2023.0,9.0,3.1,1212367,1250647
Missouri,2023.0,9.0,3.3,3015517,3118511
Montana,2023.0,9.0,2.9,556956,573494
Nebraska,2023.0,9.0,2.4,1041791,1067613
Nevada,2023.0,9.0,5.1,1533526,1616788
New Hampshire,2023.0,9.0,2.3,745119,762630
New Jersey,2023.0,9.0,4.5,4664215,4885370
New Mexico,2023.0,9.0,3.7,934048,970135
New York,2023.0,9.0,4.1,9483210,9887061
North Carolina,2023.0,9.0,3.5,5102232,5287148
North Dakota,2023.0,9.0,2.1,410245,418903
Ohio,2023.0,9.0,3.8,5638397,5858373
Oklahoma,2023.0,9.0,3.3,1916516,1982064
Oregon,2023.0,9.0,3.9,2090634,2174840
Pennsylvania,2023.0,9.0,3.6,6347116,6585926
Rhode Island,2023.0,9.0,3.1,566437,584402
South Carolina,2023.0,9.0,2.9,2436732,2509828
South Dakota,2023.0,9.0,1.8,472201,481100
Tennessee,2023.0,9.0,3.2,3307963,3418738
Texas,2023.0,9.0,4,14719100,15325854
Utah,2023.0,9.0,2.8,1756009,1807318
Vermont,2023.0,9.0,2,344111,351060
Virginia,2023.0,9.0,2.7,4429931,4552761
Washington,2023.0,9.0,4.4,3859183,4035345
West Virginia,2023.0,9.0,4,759349,791264
Wisconsin,2023.0,9.0,3,3042729,3137090
Wyoming,2023.0,9.0,2.8,284955,293250
Alabama,2023.0,10.0,2.7,2268367,2330433
Alaska,2023.0,10.0,4.4,342791,358696
Arizona,2023.0,10.0,3.7,3569792,3708620
Arkansas,2023.0,10.0,3.4,1346306,1394182
California,2023.0,10.0,5,18609996,19580260
Colorado,2023.0,10.0,3.5,3127459,3240811
Connecticut,2023.0,10.0,3.2,1852928,1915121
Delaware,2023.0,10.0,4,491289,511498
District of Columbia,2023.0,10.0,5,389734,410056
Florida,2023.0,10.0,3.1,10750836,11092447
Georgia,2023.0,10.0,3.3,5225632,5401581
Hawaii,2023.0,10.0,2.8,660632,679974
Idaho,2023.0,10.0,3.4,947728,980698
Illinois,2023.0,10.0,4.8,6254711,6567691
Indiana,2023.0,10.0,3.5,3307941,3429273
Iowa,2023.0,10.0,3,1655870,1707066
Kansas,2023.0,10.0,2.9,1484671,1528968
Kentucky,2023.0,10.0,4.4,1971106,2061972
Louisiana,2023.0,10.0,3.9,2001204,2083356
Maine,2023.0,10.0,2.8,679145,698531
Maryland,2023.0,10.0,2.5,3129671,3209295
Massachusetts,2023.0,10.0,3.6,3714952,3853557
Michigan,2023.0,10.0,4,4836763,5039052
Minnesota,2023.0,10.0,2.8,3022842,3109395
Mississippi,2023.0,10.0,3,1213473,1251224
Missouri,2023.0,10.0,3.4,3016680,3121364
Montana,2023.0,10.0,3,557051,574197
Nebraska,2023.0,10.0,2.5,1041816,1068230
Nevada,2023.0,10.0,5.2,1535410,1619393
New Hampshire,2023.0,10.0,2.3,745725,763288
New Jersey,2023.0,10.0,4.5,4662513,4884539
New Mexico,2023.0,10.0,3.7,934708,971112
New York,2023.0,10.0,4.1,9482042,9890984
North Carolina,2023.0,10.0,3.5,5103422,5289471
North Dakota,2023.0,10.0,2.1,410591,419506
Ohio,2023.0,10.0,3.8,5639193,5863830
Oklahoma,2023.0,10.0,3.4,1919494,1986314
Oregon,2023.0,10.0,3.9,2091151,2176915
Pennsylvania,2023.0,10.0,3.7,6354914,6597206
Rhode Island,2023.0,10.0,3.3,566935,586323
South Carolina,2023.0,10.0,3,2438835,2515387
South Dakota,2023.0,10.0,1.8,472557,481440
Tennessee,2023.0,10.0,3.3,3310782,3422157
Texas,2023.0,10.0,4,14743204,15349726
Utah,2023.0,10.0,2.9,1757099,1809465
Vermont,2023.0,10.0,2,344506,351598
Virginia,2023.0,10.0,2.8,4428559,4554674
Washington,2023.0,10.0,4.5,3856761,4037664
West Virginia,2023.0,10.0,4.1,759410,791822
Wisconsin,2023.0,10.0,3,3044150,3137728
Wyoming,2023.0,10.0,2.8,284680,292972
Alabama,2023.0,11.0,2.8,2270350,2334635
Alaska,2023.0,11.0,4.5,342462,358499
Arizona,2023.0,11.0,3.7,3574635,3711906
Arkansas,2023.0,11.0,3.5,1347408,1395682
California,2023.0,11.0,5,18596630,19584613
Colorado,2023.0,11.0,3.6,3126835,3243517
Connecticut,2023.0,11.0,3.3,1853682,1916544
Delaware,2023.0,11.0,3.9,490886,511012
District of Columbia,2023.0,11.0,5,390482,411144
Florida,2023.0,11.0,3.1,10752130,11097059
Georgia,2023.0,11.0,3.2,5228511,5403856
Hawaii,2023.0,11.0,2.9,660171,679586
Idaho,2023.0,11.0,3.4,949342,982660
Illinois,2023.0,11.0,4.8,6259980,6576555
Indiana,2023.0,11.0,3.6,3307343,3430815
Iowa,2023.0,11.0,2.9,1654410,1704615
Kansas,2023.0,11.0,2.9,1484941,1529998
Kentucky,2023.0,11.0,4.5,1972937,2065281
Louisiana,2023.0,11.0,4.1,2000557,2085381
Maine,2023.0,11.0,2.8,679599,699180
Maryland,2023.0,11.0,2.6,3129364,3213185
Massachusetts,2023.0,11.0,3.6,3722469,3863278
Michigan,2023.0,11.0,4,4838074,5038680
Minnesota,2023.0,11.0,2.8,3022068,3108823
Mississippi,2023.0,11.0,3,1214793,1251781
Missouri,2023.0,11.0,3.4,3016777,3122912
Montana,2023.0,11.0,3.1,557111,574714
Nebraska,2023.0,11.0,2.5,1041915,1068802
Nevada,2023.0,11.0,5.2,1537069,1621615
New Hampshire,2023.0,11.0,2.3,746621,764216
New Jersey,2023.0,11.0,4.5,4662433,4884646
New Mexico,2023.0,11.0,3.8,935587,972235
New York,2023.0,11.0,4.2,9481072,9892851
North Carolina,2023.0,11.0,3.5,5103535,5290433
North Dakota,2023.0,11.0,2.2,410898,420033
Ohio,2023.0,11.0,3.9,5640695,5868441
Oklahoma,2023.0,11.0,3.4,1922036,1989402
Oregon,2023.0,11.0,4,2091244,2178691
Pennsylvania,2023.0,11.0,3.7,6360664,6605331
Rhode Island,2023.0,11.0,3.5,567458,588163
South Carolina,2023.0,11.0,3.2,2440033,2520352
South Dakota,2023.0,11.0,1.8,472910,481700
Tennessee,2023.0,11.0,3.3,3313386,3424700
Texas,2023.0,11.0,4,14766138,15373520
Utah,2023.0,11.0,2.9,1757895,1811183
Vermont,2023.0,11.0,2,344909,352067
Virginia,2023.0,11.0,2.8,4427287,4555397
Washington,2023.0,11.0,4.6,3853504,4037602
West Virginia,2023.0,11.0,4.1,759329,792205
Wisconsin,2023.0,11.0,2.9,3045519,3137886
Wyoming,2023.0,11.0,2.8,284398,292675
Alabama,2023.0,12.0,2.8,2271835,2337920
Alaska,2023.0,12.0,4.5,342254,358351
Arizona,2023.0,12.0,3.6,3579750,3714194
Arkansas,2023.0,12.0,3.5,1348956,1397187
California,2023.0,12.0,5.1,18612011,19611825
Colorado,2023.0,12.0,3.7,3126447,3246547
Connecticut,2023.0,12.0,3.3,1855186,1918201
Delaware,2023.0,12.0,3.9,490517,510456
District of Columbia,2023.0,12.0,5.1,391141,412037
Florida,2023.0,12.0,3.1,10751996,11099868
Georgia,2023.0,12.0,3.2,5231778,5406490
Hawaii,2023.0,12.0,2.9,660196,679576
Idaho,2023.0,12.0,3.4,950878,984466
Illinois,2023.0,12.0,4.8,6266197,6584716
Indiana,2023.0,12.0,3.7,3306784,3432596
Iowa,2023.0,12.0,2.9,1653516,1702483
Kansas,2023.0,12.0,3,1485401,1531298
Kentucky,2023.0,12.0,4.5,1975206,2069064
Louisiana,2023.0,12.0,4.2,1999770,2086414
Maine,2023.0,12.0,2.8,680258,699941
Maryland,2023.0,12.0,2.7,3133026,3221161
Massachusetts,2023.0,12.0,3.7,3729548,3873465
Michigan,2023.0,12.0,4,4838998,5038027
Minnesota,2023.0,12.0,2.8,3022756,3110004
Mississippi,2023.0,12.0,2.9,1216914,1252984
Missouri,2023.0,12.0,3.4,3017898,3125217
Montana,2023.0,12.0,3.1,557215,575021
Nebraska,2023.0,12.0,2.5,1042141,1069301
Nevada,2023.0,12.0,5.2,1538744,1623639
New Hampshire,2023.0,12.0,2.3,747639,765266
New Jersey,2023.0,12.0,4.5,4664067,4885869
New Mexico,2023.0,12.0,3.8,936808,973648
New York,2023.0,12.0,4.2,9482447,9894409
North Carolina,2023.0,12.0,3.5,5103571,5290971
North Dakota,2023.0,12.0,2.2,411242,420506
Ohio,2023.0,12.0,3.9,5643478,5873379
Oklahoma,2023.0,12.0,3.4,1924150,1991359
Oregon,2023.0,12.0,4.1,2091527,2180538
Pennsylvania,2023.0,12.0,3.7,6364274,6609695
Rhode Island,2023.0,12.0,3.7,568046,589859
South Carolina,2023.0,12.0,3.3,2440959,2524883
South Dakota,2023.0,12.0,1.8,473246,481868
Tennessee,2023.0,12.0,3.2,3316253,3426837
Texas,2023.0,12.0,4,14790565,15399395
Utah,2023.0,12.0,3,1758645,1812714
Vermont,2023.0,12.0,2,345382,352572
Virginia,2023.0,12.0,2.8,4426962,4555358
Washington,2023.0,12.0,4.6,3853381,4038763
West Virginia,2023.0,12.0,4.2,759270,792399
Wisconsin,2023.0,12.0,2.9,3046702,3137952
Wyoming,2023.0,12.0,2.8,284150,292425
Alabama,2024.0,1.0,2.9,2274517,2341587
Alaska,2024.0,1.0,4.5,342233,358314
Arizona,2024.0,1.0,3.5,3584886,3715794
Arkansas,2024.0,1.0,3.4,1350782,1398700
California,2024.0,1.0,5.1,18607378,19611227
Colorado,2024.0,1.0,3.8,3126492,3249473
Connecticut,2024.0,1.0,3.3,1857624,1920171
Delaware,2024.0,1.0,3.9,490257,509953
District of Columbia,2024.0,1.0,5.1,391594,412592
Florida,2024.0,1.0,3.1,10751001,11100291
Georgia,2024.0,1.0,3.2,5233587,5408092
Hawaii,2024.0,1.0,2.8,660005,679214
Idaho,2024.0,1.0,3.4,952264,986066
Illinois,2024.0,1.0,4.9,6272418,6592588
Indiana,2024.0,1.0,3.7,3307122,3435203
Iowa,2024.0,1.0,2.8,1653188,1701001
Kansas,2024.0,1.0,3.1,1486034,1532921
Kentucky,2024.0,1.0,4.6,1977753,2072833
Louisiana,2024.0,1.0,4.2,1998824,2085788
Maine,2024.0,1.0,2.8,681150,700831
Maryland,2024.0,1.0,2.8,3134809,3225487
Massachusetts,2024.0,1.0,3.7,3736659,3881436
Michigan,2024.0,1.0,3.9,4839149,5037855
Minnesota,2024.0,1.0,2.8,3024706,3112774
Mississippi,2024.0,1.0,2.8,1218877,1254189
Missouri,2024.0,1.0,3.5,3017769,3126116
Montana,2024.0,1.0,3.1,557475,575231
Nebraska,2024.0,1.0,2.5,1042508,1069771
Nevada,2024.0,1.0,5.2,1540552,1625601
New Hampshire,2024.0,1.0,2.3,748590,766238
New Jersey,2024.0,1.0,4.5,4666903,4887577
New Mexico,2024.0,1.0,3.8,938115,975151
New York,2024.0,1.0,4.1,9485047,9894797
North Carolina,2024.0,1.0,3.5,5104015,5291403
North Dakota,2024.0,1.0,2.2,411599,420903
Ohio,2024.0,1.0,3.9,5646145,5878180
Oklahoma,2024.0,1.0,3.3,1925805,1992262
Oregon,2024.0,1.0,4.1,2092284,2182307
Pennsylvania,2024.0,1.0,3.7,6365227,6609810
Rhode Island,2024.0,1.0,3.8,568634,591198
South Carolina,2024.0,1.0,3.4,2442253,2529376
South Dakota,2024.0,1.0,1.8,473570,482012
Tennessee,2024.0,1.0,3.2,3319380,3428697
Texas,2024.0,1.0,4,14818390,15429166
Utah,2024.0,1.0,3,1759454,1814243
Vermont,2024.0,1.0,2,345732,352940
Virginia,2024.0,1.0,2.8,4426597,4553867
Washington,2024.0,1.0,4.6,3852319,4037506
West Virginia,2024.0,1.0,4.2,759354,792451
Wisconsin,2024.0,1.0,2.9,3047535,3138074
Wyoming,2024.0,1.0,2.8,283944,292250
Alabama,2024.0,2.0,2.9,2277047,2344465
Alaska,2024.0,2.0,4.5,342405,358460
Arizona,2024.0,2.0,3.4,3589877,3718051
Arkansas,2024.0,2.0,3.4,1353017,1400714
California,2024.0,2.0,5.1,18606616,19611939
Colorado,2024.0,2.0,3.9,3127278,3252551
Connecticut,2024.0,2.0,3.2,1860677,1922476
Delaware,2024.0,2.0,3.8,490125,509680
District of Columbia,2024.0,2.0,5.1,391867,412926
Florida,2024.0,2.0,3.2,10750309,11102273
Georgia,2024.0,2.0,3.2,5235819,5411667
Hawaii,2024.0,2.0,2.8,660093,679107
Idaho,2024.0,2.0,3.5,953657,987762
Illinois,2024.0,2.0,4.9,6279272,6603199
Indiana,2024.0,2.0,3.8,3308845,3439531
Iowa,2024.0,2.0,2.8,1653512,1700854
Kansas,2024.0,2.0,3.1,1486876,1535158
Kentucky,2024.0,2.0,4.6,1980535,2076734
Louisiana,2024.0,2.0,4.1,1998142,2084625
Maine,2024.0,2.0,2.8,682229,701899
Maryland,2024.0,2.0,2.9,3136959,3230773
Massachusetts,2024.0,2.0,3.8,3744290,3891422
Michigan,2024.0,2.0,4,4838058,5040060
Minnesota,2024.0,2.0,2.9,3027513,3117171
Mississippi,2024.0,2.0,2.8,1221505,1256504
Missouri,2024.0,2.0,3.5,3018722,3128566
Montana,2024.0,2.0,3.1,558010,575616
Nebraska,2024.0,2.0,2.6,1043075,1070453
Nevada,2024.0,2.0,5.2,1542610,1628061
New Hampshire,2024.0,2.0,2.3,749357,767139
New Jersey,2024.0,2.0,4.5,4670463,4890460
New Mexico,2024.0,2.0,3.8,939257,976709
New York,2024.0,2.0,4.1,9489609,9897589
North Carolina,2024.0,2.0,3.5,5104873,5292579
North Dakota,2024.0,2.0,2.2,412026,421392
Ohio,2024.0,2.0,4,5650513,5886425
Oklahoma,2024.0,2.0,3.3,1927123,1992783
Oregon,2024.0,2.0,4.1,2093564,2184176
Pennsylvania,2024.0,2.0,3.7,6363033,6606786
Rhode Island,2024.0,2.0,3.9,569156,592319
South Carolina,2024.0,2.0,3.6,2444329,2534679
South Dakota,2024.0,2.0,1.7,473918,482266
Tennessee,2024.0,2.0,3.2,3322867,3431341
Texas,2024.0,2.0,4,14849410,15464756
Utah,2024.0,2.0,3.1,1760478,1816218
Vermont,2024.0,2.0,2.1,345949,353209
Virginia,2024.0,2.0,2.8,4426587,4552678
Washington,2024.0,2.0,4.6,3852528,4037206
West Virginia,2024.0,2.0,4.2,759530,792475
Wisconsin,2024.0,2.0,2.9,3048055,3138813
Wyoming,2024.0,2.0,2.9,283790,292186
Alabama,2024.0,3.0,2.9,2279641,2347252
Alaska,2024.0,3.0,4.5,342726,358813
Arizona,2024.0,3.0,3.4,3594312,3721752
Arkansas,2024.0,3.0,3.4,1355512,1403289
California,2024.0,3.0,5.2,18607453,19617893
Colorado,2024.0,3.0,3.9,3128524,3256027
Connecticut,2024.0,3.0,3.2,1863710,1925045
Delaware,2024.0,3.0,3.8,490053,509669
District of Columbia,2024.0,3.0,5.1,391965,413166
Florida,2024.0,3.0,3.2,10750235,11106525
Georgia,2024.0,3.0,3.3,5237726,5416847
Hawaii,2024.0,3.0,2.8,660476,679390
Idaho,2024.0,3.0,3.5,955279,989837
Illinois,2024.0,3.0,5,6286374,6616478
Indiana,2024.0,3.0,3.9,3311966,3445818
Iowa,2024.0,3.0,2.8,1654227,1702088
Kansas,2024.0,3.0,3.3,1487916,1538092
Kentucky,2024.0,3.0,4.7,1983526,2081075
Louisiana,2024.0,3.0,4.1,1998248,2084166
Maine,2024.0,3.0,2.8,683381,703155
Maryland,2024.0,3.0,3,3137739,3234164
Massachusetts,2024.0,3.0,3.8,3751961,3900976
Michigan,2024.0,3.0,4.2,4835282,5045007
Minnesota,2024.0,3.0,3,3030569,3122769
Mississippi,2024.0,3.0,2.8,1224462,1259672
Missouri,2024.0,3.0,3.6,3019782,3132019
Montana,2024.0,3.0,3,558842,576350
Nebraska,2024.0,3.0,2.6,1043862,1071551
Nevada,2024.0,3.0,5.3,1544844,1631187
New Hampshire,2024.0,3.0,2.4,749941,768071
New Jersey,2024.0,3.0,4.5,4674073,4895118
New Mexico,2024.0,3.0,3.9,939924,978138
New York,2024.0,3.0,4.1,9494839,9904307
North Carolina,2024.0,3.0,3.6,5105813,5294790
North Dakota,2024.0,3.0,2.3,412519,422067
Ohio,2024.0,3.0,4.1,5655691,5897533
Oklahoma,2024.0,3.0,3.3,1928397,1993556
Oregon,2024.0,3.0,4.2,2095258,2186324
Pennsylvania,2024.0,3.0,3.7,6357974,6602101
Rhode Island,2024.0,3.0,4,569481,593238
South Carolina,2024.0,3.0,3.7,2446935,2541500
South Dakota,2024.0,3.0,1.7,474303,482692
Tennessee,2024.0,3.0,3.2,3327239,3436116
Texas,2024.0,3.0,4,14881941,15504849
Utah,2024.0,3.0,3.1,1761705,1818781
Vermont,2024.0,3.0,2.1,346006,353394
Virginia,2024.0,3.0,2.8,4426233,4552210
Washington,2024.0,3.0,4.6,3853546,4038195
West Virginia,2024.0,3.0,4.1,759682,792466
Wisconsin,2024.0,3.0,2.9,3048314,3140139
Wyoming,2024.0,3.0,2.9,283676,292234
Alabama,2024.0,4.0,2.9,2282284,2350202
Alaska,2024.0,4.0,4.5,343184,359345
Arizona,2024.0,4.0,3.5,3597990,3726761
Arkansas,2024.0,4.0,3.4,1358240,1406254
California,2024.0,4.0,5.2,18618273,19638180
Colorado,2024.0,4.0,4,3130127,3259976
Connecticut,2024.0,4.0,3.2,1866345,1927691
Delaware,2024.0,4.0,3.9,490045,509862
District of Columbia,2024.0,4.0,5.2,391845,413275
Florida,2024.0,4.0,3.3,10751626,11113287
Georgia,2024.0,4.0,3.4,5239693,5423031
Hawaii,2024.0,4.0,2.8,661294,680196
Idaho,2024.0,4.0,3.5,957222,992304
Illinois,2024.0,4.0,5.1,6294426,6630564
Indiana,2024.0,4.0,4,3316601,3453887
Iowa,2024.0,4.0,2.9,1655203,1704384
Kansas,2024.0,4.0,3.4,1489263,1541458
Kentucky,2024.0,4.0,4.8,1986757,2085857
Louisiana,2024.0,4.0,4.1,1999022,2084820
Maine,2024.0,4.0,2.8,684547,704564
Maryland,2024.0,4.0,3,3138247,3236735
Massachusetts,2024.0,4.0,3.9,3759080,3910936
Michigan,2024.0,4.0,4.4,4831852,5051791
Minnesota,2024.0,4.0,3,3033414,3128586
Mississippi,2024.0,4.0,2.8,1227646,1263512
Missouri,2024.0,4.0,3.7,3021377,3136404
Montana,2024.0,4.0,3,559870,577398
Nebraska,2024.0,4.0,2.6,1044897,1073087
Nevada,2024.0,4.0,5.4,1547197,1634683
New Hampshire,2024.0,4.0,2.4,750477,769086
New Jersey,2024.0,4.0,4.6,4677203,4900580
New Mexico,2024.0,4.0,4,940275,979452
New York,2024.0,4.0,4.2,9501252,9914778
North Carolina,2024.0,4.0,3.6,5106738,5297456
North Dakota,2024.0,4.0,2.3,413108,422930
Ohio,2024.0,4.0,4.2,5661340,5909763
Oklahoma,2024.0,4.0,3.3,1929984,1994846
Oregon,2024.0,4.0,4.2,2097094,2188533
Pennsylvania,2024.0,4.0,3.7,6350698,6596095
Rhode Island,2024.0,4.0,4.1,569577,593992
South Carolina,2024.0,4.0,3.9,2449875,2549807
South Dakota,2024.0,4.0,1.8,474785,483308
Tennessee,2024.0,4.0,3.2,3332698,3443236
Texas,2024.0,4.0,4.1,14916012,15547567
Utah,2024.0,4.0,3.2,1763173,1821796
Vermont,2024.0,4.0,2.1,346005,353587
Virginia,2024.0,4.0,2.8,4425341,4552271
Washington,2024.0,4.0,4.6,3856086,4040906
West Virginia,2024.0,4.0,4.1,759704,792300
Wisconsin,2024.0,4.0,3,3048659,3141624
Wyoming,2024.0,4.0,3,283601,292361
Alabama,2024.0,5.0,2.9,2284687,2353106
Alaska,2024.0,5.0,4.5,343720,359970
Arizona,2024.0,5.0,3.5,3601082,3732625
Arkansas,2024.0,5.0,3.4,1361114,1409402
California,2024.0,5.0,5.2,18641310,19673274
Colorado,2024.0,5.0,4.1,3132076,3264467
Connecticut,2024.0,5.0,3.2,1868510,1930318
Delaware,2024.0,5.0,3.9,490169,510213
District of Columbia,2024.0,5.0,5.2,391569,413259
Florida,2024.0,5.0,3.3,10753887,11122051
Georgia,2024.0,5.0,3.4,5242266,5429535
Hawaii,2024.0,5.0,2.8,662460,681401
Idaho,2024.0,5.0,3.6,959452,994993
Illinois,2024.0,5.0,5.1,6303352,6643662
Indiana,2024.0,5.0,4.1,3322839,3463227
Iowa,2024.0,5.0,3,1656171,1707124
Kansas,2024.0,5.0,3.5,1491054,1544960
Kentucky,2024.0,5.0,4.8,1990355,2090981
Louisiana,2024.0,5.0,4.1,2000078,2086574
Maine,2024.0,5.0,2.9,685704,706070
Maryland,2024.0,5.0,3.1,3139679,3240926
Massachusetts,2024.0,5.0,4,3765106,3920289
Michigan,2024.0,5.0,4.5,4828944,5059075
Minnesota,2024.0,5.0,3.1,3035896,3133745
Mississippi,2024.0,5.0,2.9,1231185,1268165
Missouri,2024.0,5.0,3.7,3024646,3141943
Montana,2024.0,5.0,3,560954,578566
Nebraska,2024.0,5.0,2.7,1046244,1074985
Nevada,2024.0,5.0,5.4,1549773,1638289
New Hampshire,2024.0,5.0,2.5,751025,770110
New Jersey,2024.0,5.0,4.6,4679875,4905629
New Mexico,2024.0,5.0,4.1,940587,980744
New York,2024.0,5.0,4.2,9509659,9927285
North Carolina,2024.0,5.0,3.6,5107755,5300022
North Dakota,2024.0,5.0,2.4,413818,423915
Ohio,2024.0,5.0,4.3,5668110,5922108
Oklahoma,2024.0,5.0,3.2,1931949,1996551
Oregon,2024.0,5.0,4.2,2099030,2190845
Pennsylvania,2024.0,5.0,3.7,6342462,6589474
Rhode Island,2024.0,5.0,4.2,569461,594534
South Carolina,2024.0,5.0,4.1,2453339,2558925
South Dakota,2024.0,5.0,1.8,475414,484090
Tennessee,2024.0,5.0,3.3,3338461,3451411
Texas,2024.0,5.0,4.1,14951444,15590962
Utah,2024.0,5.0,3.3,1764939,1825022
Vermont,2024.0,5.0,2.2,345984,353797
Virginia,2024.0,5.0,2.8,4424285,4552841
Washington,2024.0,5.0,4.6,3859779,4044596
West Virginia,2024.0,5.0,4.1,759567,791963
Wisconsin,2024.0,5.0,3,3049623,3143322
Wyoming,2024.0,5.0,3.1,283564,292521
Alabama,2024.0,6.0,2.9,2287236,2356478
Alaska,2024.0,6.0,4.5,344196,360554
Arizona,2024.0,6.0,3.6,3603334,3738461
Arkansas,2024.0,6.0,3.4,1363669,1412275
California,2024.0,6.0,5.3,18658338,19703210
Colorado,2024.0,6.0,4.1,3133393,3268553
Connecticut,2024.0,6.0,3.2,1869853,1932464
Delaware,2024.0,6.0,4,490414,510608
District of Columbia,2024.0,6.0,5.3,391264,413193
Florida,2024.0,6.0,3.4,10753302,11127717
Georgia,2024.0,6.0,3.5,5243343,5433380
Hawaii,2024.0,6.0,2.8,663493,682514
Idaho,2024.0,6.0,3.6,961565,997430
Illinois,2024.0,6.0,5.1,6310724,6652901
Indiana,2024.0,6.0,4.1,3329594,3472328
Iowa,2024.0,6.0,3.1,1656408,1709383
Kansas,2024.0,6.0,3.6,1493023,1548236
Kentucky,2024.0,6.0,4.9,1994074,2096009
Louisiana,2024.0,6.0,4.2,2000658,2088698
Maine,2024.0,6.0,2.9,686616,707413
Maryland,2024.0,6.0,3.2,3139429,3243030
Massachusetts,2024.0,6.0,4,3769087,3926808
Michigan,2024.0,6.0,4.7,4826246,5065022
Minnesota,2024.0,6.0,3.2,3037803,3137807
Mississippi,2024.0,6.0,3,1234357,1272868
Missouri,2024.0,6.0,3.8,3027986,3146518
Montana,2024.0,6.0,3.1,561765,579439
Nebraska,2024.0,6.0,2.7,1047761,1077036
Nevada,2024.0,6.0,5.4,1552263,1641526
New Hampshire,2024.0,6.0,2.5,751452,770962
New Jersey,2024.0,6.0,4.6,4681207,4908702
New Mexico,2024.0,6.0,4.2,940889,981879
New York,2024.0,6.0,4.2,9517357,9937299
North Carolina,2024.0,6.0,3.6,5107962,5301411
North Dakota,2024.0,6.0,2.4,414533,424862
Ohio,2024.0,6.0,4.3,5674693,5932666
Oklahoma,2024.0,6.0,3.2,1933835,1998141
Oregon,2024.0,6.0,4.2,2100450,2192807
Pennsylvania,2024.0,6.0,3.8,6332788,6581371
Rhode Island,2024.0,6.0,4.3,569067,594706
South Carolina,2024.0,6.0,4.3,2456786,2567402
South Dakota,2024.0,6.0,1.8,476093,484900
Tennessee,2024.0,6.0,3.3,3343127,3458781
Texas,2024.0,6.0,4.1,14984075,15630973
Utah,2024.0,6.0,3.3,1766595,1827812
Vermont,2024.0,6.0,2.3,345851,353904
Virginia,2024.0,6.0,2.9,4422477,4553133
Washington,2024.0,6.0,4.6,3861817,4046264
West Virginia,2024.0,6.0,4.1,759151,791357
Wisconsin,2024.0,6.0,3,3050916,3144858
Wyoming,2024.0,6.0,3.1,283485,292613
Alabama,2024.0,7.0,3,2290122,2360530
Alaska,2024.0,7.0,4.6,344481,360954
Arizona,2024.0,7.0,3.7,3604686,3743709
Arkansas,2024.0,7.0,3.5,1365550,1414569
California,2024.0,7.0,5.4,18668685,19725484
Colorado,2024.0,7.0,4.2,3133305,3271217
Connecticut,2024.0,7.0,3.3,1870606,1934186
Delaware,2024.0,7.0,4,490720,510948
District of Columbia,2024.0,7.0,5.4,391052,413164
Florida,2024.0,7.0,3.4,10748045,11128004
Georgia,2024.0,7.0,3.5,5242704,5434127
Hawaii,2024.0,7.0,2.8,664280,683378
Idaho,2024.0,7.0,3.6,963168,999252
Illinois,2024.0,7.0,5.1,6315608,6657256
Indiana,2024.0,7.0,4.1,3335624,3479960
Iowa,2024.0,7.0,3.2,1655564,1710631
Kansas,2024.0,7.0,3.6,1494833,1551110
Kentucky,2024.0,7.0,4.9,1997591,2100537
Louisiana,2024.0,7.0,4.3,2000118,2090335
Maine,2024.0,7.0,3,687110,708382
Maryland,2024.0,7.0,3.3,3139125,3245097
Massachusetts,2024.0,7.0,4.1,3770797,3930779
Michigan,2024.0,7.0,4.8,4822947,5068756
Minnesota,2024.0,7.0,3.2,3039484,3141098
Mississippi,2024.0,7.0,3.2,1236814,1277235
Missouri,2024.0,7.0,3.8,3030515,3149358
Montana,2024.0,7.0,3,562014,579661
Nebraska,2024.0,7.0,2.8,1049247,1078999
Nevada,2024.0,7.0,5.5,1554335,1644095
New Hampshire,2024.0,7.0,2.6,751665,771573
New Jersey,2024.0,7.0,4.7,4680124,4908756
New Mexico,2024.0,7.0,4.2,941128,982694
New York,2024.0,7.0,4.2,9522427,9942561
North Carolina,2024.0,7.0,3.7,5106269,5300665
North Dakota,2024.0,7.0,2.5,415113,425630
Ohio,2024.0,7.0,4.4,5679934,5941030
Oklahoma,2024.0,7.0,3.2,1935348,1999324
Oregon,2024.0,7.0,4.2,2100731,2193934
Pennsylvania,2024.0,7.0,3.8,6321005,6571138
Rhode Island,2024.0,7.0,4.4,568474,594565
South Carolina,2024.0,7.0,4.4,2459593,2573791
South Dakota,2024.0,7.0,1.8,476706,485620
Tennessee,2024.0,7.0,3.4,3345835,3464192
Texas,2024.0,7.0,4.2,15011188,15665161
Utah,2024.0,7.0,3.4,1767814,1829745
Vermont,2024.0,7.0,2.3,345583,353868
Virginia,2024.0,7.0,2.9,4419825,4552811
Washington,2024.0,7.0,4.5,3861720,4045255
West Virginia,2024.0,7.0,4.1,758383,790414
Wisconsin,2024.0,7.0,3,3051744,3145758
Wyoming,2024.0,7.0,3.2,283300,292583
Alabama,2024.0,8.0,3,2293236,2364919
Alaska,2024.0,8.0,4.6,344680,361241
Arizona,2024.0,8.0,3.8,3606424,3749144
Arkansas,2024.0,8.0,3.5,1366994,1416510
California,2024.0,8.0,5.4,18675475,19740428
Colorado,2024.0,8.0,4.3,3132873,3272972
Connecticut,2024.0,8.0,3.3,1871614,1936144
Delaware,2024.0,8.0,3.9,491150,511308
District of Columbia,2024.0,8.0,5.4,391040,413239
Florida,2024.0,8.0,3.4,10741396,11124952
Georgia,2024.0,8.0,3.5,5241555,5432917
Hawaii,2024.0,8.0,2.8,664983,684066
Idaho,2024.0,8.0,3.6,964442,1000682
Illinois,2024.0,8.0,5.1,6320073,6658576
Indiana,2024.0,8.0,4.2,3341344,3486627
Iowa,2024.0,8.0,3.3,1654998,1711895
Kansas,2024.0,8.0,3.7,1496576,1553705
Kentucky,2024.0,8.0,4.9,2000810,2104458
Louisiana,2024.0,8.0,4.4,1998650,2090922
Maine,2024.0,8.0,3.1,687318,709065
Maryland,2024.0,8.0,3.3,3139726,3247286
Massachusetts,2024.0,8.0,4.1,3772043,3933101
Michigan,2024.0,8.0,5,4819832,5071389
Minnesota,2024.0,8.0,3.3,3041950,3144358
Mississippi,2024.0,8.0,3.3,1239082,1281499
Missouri,2024.0,8.0,3.8,3032340,3150836
Montana,2024.0,8.0,3,561847,579321
Nebraska,2024.0,8.0,2.8,1050862,1080959
Nevada,2024.0,8.0,5.5,1556239,1646278
New Hampshire,2024.0,8.0,2.6,751818,772153
New Jersey,2024.0,8.0,4.7,4677402,4906661
New Mexico,2024.0,8.0,4.3,941646,983469
New York,2024.0,8.0,4.2,9526402,9944781
North Carolina,2024.0,8.0,3.7,5103539,5298793
North Dakota,2024.0,8.0,2.5,415553,426197
Ohio,2024.0,8.0,4.4,5683993,5948275
Oklahoma,2024.0,8.0,3.2,1937101,2000628
Oregon,2024.0,8.0,4.3,2100896,2195285
Pennsylvania,2024.0,8.0,3.8,6308807,6560780
Rhode Island,2024.0,8.0,4.4,568027,594377
South Carolina,2024.0,8.0,4.5,2462227,2577914
South Dakota,2024.0,8.0,1.9,477276,486273
Tennessee,2024.0,8.0,3.5,3348254,3468960
Texas,2024.0,8.0,4.2,15036721,15695870
Utah,2024.0,8.0,3.4,1768984,1831154
Vermont,2024.0,8.0,2.4,345321,353798
Virginia,2024.0,8.0,3,4417725,4552984
Washington,2024.0,8.0,4.5,3860937,4042610
West Virginia,2024.0,8.0,4,757428,789243
Wisconsin,2024.0,8.0,3,3051990,3146428
Wyoming,2024.0,8.0,3.2,283054,292485
Alabama,2024.0,9.0,3.1,2296615,2369298
Alaska,2024.0,9.0,4.6,344923,361522
Arizona,2024.0,9.0,3.9,3609058,3755057
Arkansas,2024.0,9.0,3.5,1368081,1418270
California,2024.0,9.0,5.4,18671718,19739738
Colorado,2024.0,9.0,4.3,3132634,3274045
Connecticut,2024.0,9.0,3.4,1872782,1938215
Delaware,2024.0,9.0,3.9,491643,511724
District of Columbia,2024.0,9.0,5.4,391317,413560
Florida,2024.0,9.0,3.5,10735478,11120132
Georgia,2024.0,9.0,3.5,5238878,5429124
Hawaii,2024.0,9.0,2.8,665578,684509
Idaho,2024.0,9.0,3.6,965562,1001939
Illinois,2024.0,9.0,5,6324365,6657532
Indiana,2024.0,9.0,4.2,3347169,3492639
Iowa,2024.0,9.0,3.4,1655763,1714009
Kansas,2024.0,9.0,3.7,1498206,1555966
Kentucky,2024.0,9.0,4.9,2003457,2107433
Louisiana,2024.0,9.0,4.5,1996924,2090393
Maine,2024.0,9.0,3.1,687259,709455
Maryland,2024.0,9.0,3.3,3137947,3245137
Massachusetts,2024.0,9.0,4.1,3774062,3935220
Michigan,2024.0,9.0,5.1,4817108,5073576
Minnesota,2024.0,9.0,3.3,3045245,3147710
Mississippi,2024.0,9.0,3.4,1241141,1285448
Missouri,2024.0,9.0,3.7,3032217,3150245
Montana,2024.0,9.0,3,561427,578616
Nebraska,2024.0,9.0,2.8,1052629,1082969
Nevada,2024.0,9.0,5.5,1558097,1648253
New Hampshire,2024.0,9.0,2.7,751886,772732
New Jersey,2024.0,9.0,4.7,4673790,4903661
New Mexico,2024.0,9.0,4.2,942545,984368
New York,2024.0,9.0,4.2,9529565,9945041
North Carolina,2024.0,9.0,3.7,5100699,5296912
North Dakota,2024.0,9.0,2.5,415877,426589
Ohio,2024.0,9.0,4.5,5685599,5953993
Oklahoma,2024.0,9.0,3.1,1939199,2002153
Oregon,2024.0,9.0,4.4,2101654,2197586
Pennsylvania,2024.0,9.0,3.9,6296947,6551356
Rhode Island,2024.0,9.0,4.4,567856,594297
South Carolina,2024.0,9.0,4.5,2464986,2580056
South Dakota,2024.0,9.0,1.9,477793,486854
Tennessee,2024.0,9.0,3.5,3352089,3474605
Texas,2024.0,9.0,4.2,15062274,15723350
Utah,2024.0,9.0,3.4,1770232,1832233
Vermont,2024.0,9.0,2.4,345086,353705
Virginia,2024.0,9.0,3,4416141,4553411
Washington,2024.0,9.0,4.4,3859896,4039037
West Virginia,2024.0,9.0,4,756389,787891
Wisconsin,2024.0,9.0,3,3051353,3146941
Wyoming,2024.0,9.0,3.3,282757,292307
Alabama,2024.0,10.0,3.1,2299416,2372572
Alaska,2024.0,10.0,4.6,345263,361833
Arizona,2024.0,10.0,4,3612363,3761189
Arkansas,2024.0,10.0,3.6,1368786,1419842
California,2024.0,10.0,5.4,18682863,19748657
Colorado,2024.0,10.0,4.3,3132333,3274230
Connecticut,2024.0,10.0,3.4,1873621,1939945
Delaware,2024.0,10.0,3.9,492040,512133
District of Columbia,2024.0,10.0,5.4,391747,414091
Florida,2024.0,10.0,3.5,10731276,11116877
Georgia,2024.0,10.0,3.5,5236734,5425189
Hawaii,2024.0,10.0,2.7,666567,685209
Idaho,2024.0,10.0,3.6,966430,1002913
Illinois,2024.0,10.0,4.9,6328108,6654765
Indiana,2024.0,10.0,4.1,3353046,3497485
Iowa,2024.0,10.0,3.4,1657874,1716983
Kansas,2024.0,10.0,3.7,1499681,1557847
Kentucky,2024.0,10.0,4.9,2005351,2109114
Louisiana,2024.0,10.0,4.5,1995560,2089020
Maine,2024.0,10.0,3.2,686935,709513
Maryland,2024.0,10.0,3.3,3137871,3246054
Massachusetts,2024.0,10.0,4.1,3776524,3937670
Michigan,2024.0,10.0,5.1,4814361,5075135
Minnesota,2024.0,10.0,3.2,3048488,3150789
Mississippi,2024.0,10.0,3.6,1243212,1289297
Missouri,2024.0,10.0,3.7,3033268,3151313
Montana,2024.0,10.0,2.9,560773,577650
Nebraska,2024.0,10.0,2.8,1054429,1084937
Nevada,2024.0,10.0,5.5,1559896,1649918
New Hampshire,2024.0,10.0,2.8,751766,773196
New Jersey,2024.0,10.0,4.7,4669184,4900103
New Mexico,2024.0,10.0,4.2,943701,985336
New York,2024.0,10.0,4.1,9533035,9944825
North Carolina,2024.0,10.0,3.7,5097624,5294735
North Dakota,2024.0,10.0,2.5,416159,426909
Ohio,2024.0,10.0,4.6,5685629,5959154
Oklahoma,2024.0,10.0,3.1,1941228,2003563
Oregon,2024.0,10.0,4.4,2102423,2200236
Pennsylvania,2024.0,10.0,3.9,6285323,6542450
Rhode Island,2024.0,10.0,4.5,567857,594317
South Carolina,2024.0,10.0,4.4,2467853,2580702
South Dakota,2024.0,10.0,1.9,478273,487413
Tennessee,2024.0,10.0,3.6,3357186,3480823
Texas,2024.0,10.0,4.2,15086833,15745766
Utah,2024.0,10.0,3.4,1771430,1832988
Vermont,2024.0,10.0,2.5,344853,353576
Virginia,2024.0,10.0,3.1,4414466,4553527
Washington,2024.0,10.0,4.4,3861103,4037685
West Virginia,2024.0,10.0,3.9,755327,786361
Wisconsin,2024.0,10.0,3.1,3049331,3146548
Wyoming,2024.0,10.0,3.3,282392,291996
Alabama,2024.0,11.0,3.1,2301783,2374942
Alaska,2024.0,11.0,4.6,345725,362242
Arizona,2024.0,11.0,4,3616149,3767683
Arkansas,2024.0,11.0,3.7,1369231,1421285
California,2024.0,11.0,5.4,18693239,19754660
Colorado,2024.0,11.0,4.3,3132055,3273918
Connecticut,2024.0,11.0,3.5,1874028,1941347
Delaware,2024.0,11.0,4,492273,512561
District of Columbia,2024.0,11.0,5.5,392011,414640
Florida,2024.0,11.0,3.5,10729314,11115854
Georgia,2024.0,11.0,3.4,5234579,5421199
Hawaii,2024.0,11.0,2.7,667770,686051
Idaho,2024.0,11.0,3.6,967102,1003692
Illinois,2024.0,11.0,4.8,6330069,6650971
Indiana,2024.0,11.0,4.1,3358958,3501124
Iowa,2024.0,11.0,3.5,1660849,1720593
Kansas,2024.0,11.0,3.7,1501063,1559540
Kentucky,2024.0,11.0,4.9,2006615,2109809
Louisiana,2024.0,11.0,4.4,1994846,2087210
Maine,2024.0,11.0,3.2,686421,709331
Maryland,2024.0,11.0,3.4,3137090,3246299
Massachusetts,2024.0,11.0,4.1,3778846,3939859
Michigan,2024.0,11.0,5.2,4811279,5075936
Minnesota,2024.0,11.0,3.3,3051038,3153783
Mississippi,2024.0,11.0,3.7,1244975,1292768
Missouri,2024.0,11.0,3.8,3033794,3152923
Montana,2024.0,11.0,2.9,560028,576707
Nebraska,2024.0,11.0,2.8,1056160,1086872
Nevada,2024.0,11.0,5.4,1561761,1651499
New Hampshire,2024.0,11.0,2.9,751427,773525
New Jersey,2024.0,11.0,4.8,4663984,4897135
New Mexico,2024.0,11.0,4.2,944830,986202
New York,2024.0,11.0,4.1,9538060,9946572
North Carolina,2024.0,11.0,3.7,5094520,5292575
North Dakota,2024.0,11.0,2.5,416438,427241
Ohio,2024.0,11.0,4.7,5684539,5963937
Oklahoma,2024.0,11.0,3.1,1943209,2005073
Oregon,2024.0,11.0,4.5,2102561,2202614
Pennsylvania,2024.0,11.0,4,6274824,6535011
Rhode Island,2024.0,11.0,4.5,567880,594365
South Carolina,2024.0,11.0,4.3,2470790,2580903
South Dakota,2024.0,11.0,1.9,478744,488016
Tennessee,2024.0,11.0,3.6,3363571,3487578
Texas,2024.0,11.0,4.2,15110371,15764862
Utah,2024.0,11.0,3.3,1772561,1833714
Vermont,2024.0,11.0,2.5,344519,353340
Virginia,2024.0,11.0,3.1,4411710,4552686
Washington,2024.0,11.0,4.3,3862895,4037927
West Virginia,2024.0,11.0,3.9,754334,784869
Wisconsin,2024.0,11.0,3.1,3045839,3144871
Wyoming,2024.0,11.0,3.3,281984,291570
Alabama,2024.0,12.0,3.1,2303975,2376888
Alaska,2024.0,12.0,4.5,346290,362787
Arizona,2024.0,12.0,4.1,3620131,3774525
Arkansas,2024.0,12.0,3.7,1369734,1422853
California,2024.0,12.0,5.4,18701026,19760542
Colorado,2024.0,12.0,4.3,3131936,3273572
Connecticut,2024.0,12.0,3.5,1873986,1942536
Delaware,2024.0,12.0,4,492344,513052
District of Columbia,2024.0,12.0,5.6,391919,415050
Florida,2024.0,12.0,3.5,10729104,11117838
Georgia,2024.0,12.0,3.4,5231603,5416920
Hawaii,2024.0,12.0,2.6,669004,686967
Idaho,2024.0,12.0,3.7,967740,1004459
Illinois,2024.0,12.0,4.8,6329667,6646902
Indiana,2024.0,12.0,4,3364548,3503731
Iowa,2024.0,12.0,3.5,1664199,1724571
Kansas,2024.0,12.0,3.8,1502396,1561191
Kentucky,2024.0,12.0,4.9,2007616,2110182
Louisiana,2024.0,12.0,4.4,1994919,2085904
Maine,2024.0,12.0,3.3,685876,709097
Maryland,2024.0,12.0,3.4,3132863,3243372
Massachusetts,2024.0,12.0,4.1,3781093,3944592
Michigan,2024.0,12.0,5.3,4807746,5075879
Minnesota,2024.0,12.0,3.3,3052984,3157318
Mississippi,2024.0,12.0,3.8,1245977,1295339
Missouri,2024.0,12.0,3.8,3033562,3154798
Montana,2024.0,12.0,2.9,559364,576072
Nebraska,2024.0,12.0,2.9,1057789,1088834
Nevada,2024.0,12.0,5.4,1563805,1653296
New Hampshire,2024.0,12.0,3,750975,773825
New Jersey,2024.0,12.0,4.8,4659143,4896083
New Mexico,2024.0,12.0,4.2,945737,986879
New York,2024.0,12.0,4.1,9544836,9951364
North Carolina,2024.0,12.0,3.8,5091859,5291164
North Dakota,2024.0,12.0,2.5,416754,427648
Ohio,2024.0,12.0,4.8,5683180,5968356
Oklahoma,2024.0,12.0,3.1,1945330,2006998
Oregon,2024.0,12.0,4.7,2101838,2204486
Pennsylvania,2024.0,12.0,4,6266482,6530187
Rhode Island,2024.0,12.0,4.5,567886,594457
South Carolina,2024.0,12.0,4.2,2473810,2581780
South Dakota,2024.0,12.0,1.9,479211,488659
Tennessee,2024.0,12.0,3.5,3371801,3495761
Texas,2024.0,12.0,4.1,15132979,15783877
Utah,2024.0,12.0,3.3,1773607,1834676
Vermont,2024.0,12.0,2.5,344039,352963
Virginia,2024.0,12.0,3.1,4407780,4550910
Washington,2024.0,12.0,4.3,3864512,4039714
West Virginia,2024.0,12.0,3.9,753392,783580
Wisconsin,2024.0,12.0,3.2,3041123,3141925
Wyoming,2024.0,12.0,3.3,281577,291095
Alabama,2025.0,1.0,3.1,2305885,2378428
Alaska,2025.0,1.0,4.5,346877,363404
Arizona,2025.0,1.0,4.2,3624124,3781221
Arkansas,2025.0,1.0,3.8,1370489,1424605
California,2025.0,1.0,5.4,18702455,19764218
Colorado,2025.0,1.0,4.3,3131838,3273054
Connecticut,2025.0,1.0,3.6,1873242,1943229
Delaware,2025.0,1.0,4.1,492313,513593
District of Columbia,2025.0,1.0,5.7,391508,415267
Florida,2025.0,1.0,3.5,10729092,11122059
Georgia,2025.0,1.0,3.4,5229068,5413520
Hawaii,2025.0,1.0,2.6,669946,687691
Idaho,2025.0,1.0,3.7,968467,1005274
Illinois,2025.0,1.0,4.7,6327533,6642057
Indiana,2025.0,1.0,3.9,3369613,3505623
Iowa,2025.0,1.0,3.5,1667740,1728750
Kansas,2025.0,1.0,3.8,1503812,1562875
Kentucky,2025.0,1.0,4.8,2008856,2110828
Louisiana,2025.0,1.0,4.3,1995873,2085865
Maine,2025.0,1.0,3.3,685445,708929
Maryland,2025.0,1.0,3.5,3127131,3240310
Massachusetts,2025.0,1.0,4.2,3782577,3949077
Michigan,2025.0,1.0,5.3,4803978,5074356
Minnesota,2025.0,1.0,3.4,3054119,3161050
Mississippi,2025.0,1.0,3.9,1246259,1296727
Missouri,2025.0,1.0,3.9,3033329,3157040
Montana,2025.0,1.0,2.9,558861,575806
Nebraska,2025.0,1.0,2.9,1059369,1090809
Nevada,2025.0,1.0,5.4,1566138,1655393
New Hampshire,2025.0,1.0,3,750579,774179
New Jersey,2025.0,1.0,4.9,4655242,4896874
New Mexico,2025.0,1.0,4.1,946248,987201
New York,2025.0,1.0,4.1,9552383,9958025
North Carolina,2025.0,1.0,3.8,5089862,5290467
North Dakota,2025.0,1.0,2.6,417158,428148
Ohio,2025.0,1.0,4.8,5681654,5970790
Oklahoma,2025.0,1.0,3.1,1947777,2009517
Oregon,2025.0,1.0,4.8,2100592,2206067
Pennsylvania,2025.0,1.0,4.1,6260821,6527997
Rhode Island,2025.0,1.0,4.5,567913,594600
South Carolina,2025.0,1.0,4.1,2476946,2583848
South Dakota,2025.0,1.0,2,479688,489306
Tennessee,2025.0,1.0,3.5,3381007,3504751
Texas,2025.0,1.0,4.1,15154410,15803242
Utah,2025.0,1.0,3.3,1774601,1835953
Vermont,2025.0,1.0,2.6,343448,352477
Virginia,2025.0,1.0,3.2,4403078,4548415
Washington,2025.0,1.0,4.4,3865279,4042117
West Virginia,2025.0,1.0,3.8,752452,782497
Wisconsin,2025.0,1.0,3.3,3035982,3137979
Wyoming,2025.0,1.0,3.2,281204,290644
Alabama,2025.0,2.0,3,2306870,2378799
Alaska,2025.0,2.0,4.6,347405,363992
Arizona,2025.0,2.0,4.2,3627657,3786676
Arkansas,2025.0,2.0,3.8,1371412,1426309
California,2025.0,2.0,5.4,18710189,19776833
Colorado,2025.0,2.0,4.3,3131446,3271788
Connecticut,2025.0,2.0,3.7,1871745,1943157
Delaware,2025.0,2.0,4.3,492234,514112
District of Columbia,2025.0,2.0,5.9,390873,415242
Florida,2025.0,2.0,3.6,10726636,11124800
Georgia,2025.0,2.0,3.4,5227983,5411608
Hawaii,2025.0,2.0,2.6,670655,688219
Idaho,2025.0,2.0,3.7,969217,1005997
Illinois,2025.0,2.0,4.7,6324382,6635312
Indiana,2025.0,2.0,3.8,3373835,3506813
Iowa,2025.0,2.0,3.5,1671109,1732609
Kansas,2025.0,2.0,3.8,1505357,1564514
Kentucky,2025.0,2.0,4.8,2010518,2111807
Louisiana,2025.0,2.0,4.3,1997172,2086707
Maine,2025.0,2.0,3.3,685172,708807
Maryland,2025.0,2.0,3.6,3122180,3238817
Massachusetts,2025.0,2.0,4.3,3782500,3951911
Michigan,2025.0,2.0,5.3,4800236,5070373
Minnesota,2025.0,2.0,3.5,3054130,3164052
Mississippi,2025.0,2.0,3.9,1246219,1297217
Missouri,2025.0,2.0,4,3034017,3159748
Montana,2025.0,2.0,3,558557,575849
Nebraska,2025.0,2.0,2.9,1060898,1092681
Nevada,2025.0,2.0,5.4,1568629,1657490
New Hampshire,2025.0,2.0,3.1,750339,774517
New Jersey,2025.0,2.0,5,4652062,4898132
New Mexico,2025.0,2.0,4.1,946491,987239
New York,2025.0,2.0,4.1,9558366,9963936
North Carolina,2025.0,2.0,3.8,5088869,5290213
North Dakota,2025.0,2.0,2.6,417629,428674
Ohio,2025.0,2.0,4.9,5680105,5970269
Oklahoma,2025.0,2.0,3.1,1950261,2012211
Oregon,2025.0,2.0,4.9,2099458,2207668
Pennsylvania,2025.0,2.0,4.1,6257391,6527115
Rhode Island,2025.0,2.0,4.5,567946,594693
South Carolina,2025.0,2.0,4.1,2479839,2586704
South Dakota,2025.0,2.0,2,480157,489890
Tennessee,2025.0,2.0,3.5,3389255,3512707
Texas,2025.0,2.0,4.1,15173455,15820568
Utah,2025.0,2.0,3.4,1775375,1837227
Vermont,2025.0,2.0,2.6,342777,351900
Virginia,2025.0,2.0,3.2,4397876,4545016
Washington,2025.0,2.0,4.4,3866107,4045299
West Virginia,2025.0,2.0,3.8,751540,781590
Wisconsin,2025.0,2.0,3.3,3031183,3133287
Wyoming,2025.0,2.0,3.2,280852,290232
Alabama,2025.0,3.0,3,2307480,2378342
Alaska,2025.0,3.0,4.6,347797,364434
Arizona,2025.0,3.0,4.2,3630155,3790098
Arkansas,2025.0,3.0,3.9,1372320,1427746
California,2025.0,3.0,5.4,18712536,19783947
Colorado,2025.0,3.0,4.2,3130671,3269236
Connecticut,2025.0,3.0,3.7,1869664,1942185
Delaware,2025.0,3.0,4.4,492138,514548
District of Columbia,2025.0,3.0,6,390069,414897
Florida,2025.0,3.0,3.6,10718837,11121794
Georgia,2025.0,3.0,3.4,5226961,5409334
Hawaii,2025.0,3.0,2.5,670879,688191
Idaho,2025.0,3.0,3.6,969804,1006408
Illinois,2025.0,3.0,4.6,6319068,6624703
Indiana,2025.0,3.0,3.7,3376925,3507325
Iowa,2025.0,3.0,3.6,1673457,1735217
Kansas,2025.0,3.0,3.8,1507009,1566037
Kentucky,2025.0,3.0,4.7,2012385,2112671
Louisiana,2025.0,3.0,4.3,1997929,2087357
Maine,2025.0,3.0,3.3,685054,708694
Maryland,2025.0,3.0,3.7,3115691,3235825
Massachusetts,2025.0,3.0,4.3,3781065,3952593
Michigan,2025.0,3.0,5.3,4795945,5063179
Minnesota,2025.0,3.0,3.6,3053234,3165998
Mississippi,2025.0,3.0,3.9,1245490,1296500
Missouri,2025.0,3.0,4,3034598,3161383
Montana,2025.0,3.0,3.1,558480,576124
Nebraska,2025.0,3.0,2.9,1062387,1094366
Nevada,2025.0,3.0,5.3,1570961,1659140
New Hampshire,2025.0,3.0,3.2,750324,774779
New Jersey,2025.0,3.0,5.1,4649173,4898440
New Mexico,2025.0,3.0,4.1,946550,986996
New York,2025.0,3.0,4.1,9560425,9966391
North Carolina,2025.0,3.0,3.8,5088852,5290074
North Dakota,2025.0,3.0,2.6,418060,429102
Ohio,2025.0,3.0,4.8,5678455,5966660
Oklahoma,2025.0,3.0,3.1,1952232,2014439
Oregon,2025.0,3.0,5,2098979,2209519
Pennsylvania,2025.0,3.0,4.2,6254791,6525771
Rhode Island,2025.0,3.0,4.5,568001,594638
South Carolina,2025.0,3.0,4.2,2482089,2589659
South Dakota,2025.0,3.0,2,480595,490373
Tennessee,2025.0,3.0,3.5,3395421,3518464
Texas,2025.0,3.0,4.1,15188615,15834371
Utah,2025.0,3.0,3.4,1775634,1837999
Vermont,2025.0,3.0,2.6,341993,351166
Virginia,2025.0,3.0,3.3,4392361,4540405
Washington,2025.0,3.0,4.5,3865736,4047126
West Virginia,2025.0,3.0,3.9,750679,780816
Wisconsin,2025.0,3.0,3.2,3026974,3128043
Wyoming,2025.0,3.0,3.2,280482,289805
Alabama,2025.0,4.0,2.9,2307708,2377299
Alaska,2025.0,4.0,4.6,347987,364680
Arizona,2025.0,4.0,4.2,3631479,3792200
Arkansas,2025.0,4.0,3.9,1373085,1429050
California,2025.0,4.0,5.4,18715373,19792412
Colorado,2025.0,4.0,4.2,3129474,3265416
Connecticut,2025.0,4.0,3.8,1866980,1940412
Delaware,2025.0,4.0,4.5,491999,514928
District of Columbia,2025.0,4.0,6.1,389106,414252
Florida,2025.0,4.0,3.7,10704141,11112016
Georgia,2025.0,4.0,3.3,5226447,5407544
Hawaii,2025.0,4.0,2.5,670841,687779
Idaho,2025.0,4.0,3.6,970148,1006555
Illinois,2025.0,4.0,4.5,6311515,6610845
Indiana,2025.0,4.0,3.7,3378536,3507483
Iowa,2025.0,4.0,3.6,1674455,1736357
Kansas,2025.0,4.0,3.8,1508696,1567609
Kentucky,2025.0,4.0,4.7,2014089,2113284
Louisiana,2025.0,4.0,4.3,1997799,2087432
Maine,2025.0,4.0,3.3,684994,708568
Maryland,2025.0,4.0,3.8,3109270,3233050
Massachusetts,2025.0,4.0,4.4,3778406,3951418
Michigan,2025.0,4.0,5.2,4790098,5053176
Minnesota,2025.0,4.0,3.6,3051667,3167062
Mississippi,2025.0,4.0,3.9,1244478,1295155
Missouri,2025.0,4.0,4,3034678,3161876
Montana,2025.0,4.0,3.1,558522,576503
Nebraska,2025.0,4.0,2.9,1063804,1095866
Nevada,2025.0,4.0,5.3,1572870,1660384
New Hampshire,2025.0,4.0,3.2,750410,774917
New Jersey,2025.0,4.0,5.1,4645747,4897988
New Mexico,2025.0,4.0,4.1,946236,986389
New York,2025.0,4.0,4.1,9557556,9966421
North Carolina,2025.0,4.0,3.8,5088805,5289955
North Dakota,2025.0,4.0,2.6,418362,429401
Ohio,2025.0,4.0,4.8,5677148,5961335
Oklahoma,2025.0,4.0,3.1,1953411,2016136
Oregon,2025.0,4.0,5.1,2098869,2211460
Pennsylvania,2025.0,4.0,4.2,6251565,6523912
Rhode Island,2025.0,4.0,4.4,568106,594507
South Carolina,2025.0,4.0,4.2,2483374,2592395
South Dakota,2025.0,4.0,2,480982,490782
Tennessee,2025.0,4.0,3.5,3399252,3522012
Texas,2025.0,4.0,4.1,15198513,15845628
Utah,2025.0,4.0,3.4,1775238,1838168
Vermont,2025.0,4.0,2.6,341175,350363
Virginia,2025.0,4.0,3.3,4386851,4535111
Washington,2025.0,4.0,4.5,3864639,4047911
West Virginia,2025.0,4.0,3.9,749868,780258
Wisconsin,2025.0,4.0,3.2,3022967,3122374
Wyoming,2025.0,4.0,3.2,280040,289328
Alabama,2025.0,5.0,2.9,2306850,2375367
Alaska,2025.0,5.0,4.6,347996,364733
Arizona,2025.0,5.0,4.3,3632526,3794357
Arkansas,2025.0,5.0,4,1373643,1430261
California,2025.0,5.0,5.5,18726458,19810355
Colorado,2025.0,5.0,4.1,3128382,3261371
Connecticut,2025.0,5.0,3.8,1863967,1938120
Delaware,2025.0,5.0,4.5,491833,515273
District of Columbia,2025.0,5.0,6.1,387841,413222
Florida,2025.0,5.0,3.7,10684603,11097235
Georgia,2025.0,5.0,3.3,5227642,5407664
Hawaii,2025.0,5.0,2.4,671013,687381
Idaho,2025.0,5.0,3.6,970305,1006605
Illinois,2025.0,5.0,4.4,6304016,6595687
Indiana,2025.0,5.0,3.7,3378872,3508068
Iowa,2025.0,5.0,3.6,1674469,1736268
Kansas,2025.0,5.0,3.8,1510522,1569404
Kentucky,2025.0,5.0,4.7,2015313,2113717
Louisiana,2025.0,5.0,4.3,1996800,2086561
Maine,2025.0,5.0,3.3,684842,708353
Maryland,2025.0,5.0,4,3106166,3234236
Massachusetts,2025.0,5.0,4.4,3775667,3949636
Michigan,2025.0,5.0,5.1,4783839,5041830
Minnesota,2025.0,5.0,3.7,3050698,3168185
Mississippi,2025.0,5.0,3.9,1244375,1294436
Missouri,2025.0,5.0,4,3035092,3162368
Montana,2025.0,5.0,3.2,558536,576836
Nebraska,2025.0,5.0,2.9,1065162,1097161
Nevada,2025.0,5.0,5.2,1574047,1661117
New Hampshire,2025.0,5.0,3.2,750480,774909
New Jersey,2025.0,5.0,5.2,4641144,4897944
New Mexico,2025.0,5.0,4,945653,985461
New York,2025.0,5.0,4.2,9550397,9966598
North Carolina,2025.0,5.0,3.8,5088160,5289914
North Dakota,2025.0,5.0,2.6,418542,429604
Ohio,2025.0,5.0,4.7,5676324,5954968
Oklahoma,2025.0,5.0,3.1,1954474,2017934
Oregon,2025.0,5.0,5.2,2098940,2213343
Pennsylvania,2025.0,5.0,4.2,6246513,6521592
Rhode Island,2025.0,5.0,4.4,568401,594412
South Carolina,2025.0,5.0,4.3,2483607,2594540
South Dakota,2025.0,5.0,2,481395,491216
Tennessee,2025.0,5.0,3.5,3401988,3524620
Texas,2025.0,5.0,4.1,15206483,15858126
Utah,2025.0,5.0,3.5,1774338,1837840
Vermont,2025.0,5.0,2.6,340516,349680
Virginia,2025.0,5.0,3.3,4382013,4529699
Washington,2025.0,5.0,4.5,3864591,4048701
West Virginia,2025.0,5.0,4,749170,779991
Wisconsin,2025.0,5.0,3.1,3018329,3115700
Wyoming,2025.0,5.0,3.2,279517,288794
Alabama,2025.0,6.0,2.9,2306877,2374605
Alaska,2025.0,6.0,4.6,348007,364769
Arizona,2025.0,6.0,4.3,3634384,3797619
Arkansas,2025.0,6.0,4,1374398,1431816
California,2025.0,6.0,5.5,18727732,19818339
Colorado,2025.0,6.0,4,3128038,3258203
Connecticut,2025.0,6.0,3.9,1861114,1935981
Delaware,2025.0,6.0,4.7,491619,515621
District of Columbia,2025.0,6.0,6.2,386217,411850
Florida,2025.0,6.0,3.8,10664975,11082777
Georgia,2025.0,6.0,3.3,5228833,5408413
Hawaii,2025.0,6.0,2.3,671249,686897
Idaho,2025.0,6.0,3.6,970471,1006770
Illinois,2025.0,6.0,4.3,6297126,6580997
Indiana,2025.0,6.0,3.7,3378935,3509583
Iowa,2025.0,6.0,3.5,1674323,1735617
Kansas,2025.0,6.0,3.7,1512616,1571473
Kentucky,2025.0,6.0,4.6,2016256,2114206
Louisiana,2025.0,6.0,4.3,1996058,2085577
Maine,2025.0,6.0,3.3,684675,708146
Maryland,2025.0,6.0,4.1,3101591,3233598
Massachusetts,2025.0,6.0,4.4,3773516,3948218
Michigan,2025.0,6.0,5,4778495,5031033
Minnesota,2025.0,6.0,3.8,3051074,3170280
Mississippi,2025.0,6.0,3.8,1244759,1294097
Missouri,2025.0,6.0,4,3034869,3162002
Montana,2025.0,6.0,3.2,558513,577151
Nebraska,2025.0,6.0,2.9,1066536,1098372
Nevada,2025.0,6.0,5.2,1575205,1662107
New Hampshire,2025.0,6.0,3.1,750616,774903
New Jersey,2025.0,6.0,5.4,4636881,4899596
New Mexico,2025.0,6.0,4,944989,984485
New York,2025.0,6.0,4.3,9543139,9970634
North Carolina,2025.0,6.0,3.8,5088095,5290942
North Dakota,2025.0,6.0,2.6,418767,429864
Ohio,2025.0,6.0,4.6,5675230,5947621
Oklahoma,2025.0,6.0,3.2,1955614,2020199
Oregon,2025.0,6.0,5.2,2099560,2215494
Pennsylvania,2025.0,6.0,4.3,6241775,6521090
Rhode Island,2025.0,6.0,4.3,568854,594381
South Carolina,2025.0,6.0,4.4,2484039,2597055
South Dakota,2025.0,6.0,2,481893,491756
Tennessee,2025.0,6.0,3.5,3404830,3527455
Texas,2025.0,6.0,4.1,15217038,15875182
Utah,2025.0,6.0,3.5,1773511,1837615
Vermont,2025.0,6.0,2.6,340062,349178
Virginia,2025.0,6.0,3.2,4377782,4524672
Washington,2025.0,6.0,4.5,3864646,4048655
West Virginia,2025.0,6.0,4,748682,780168
Wisconsin,2025.0,6.0,3.1,3013505,3108912
Wyoming,2025.0,6.0,3.2,278994,288285
Alabama,2025.0,7.0,2.8,2308672,2375655
Alaska,2025.0,7.0,4.6,348262,365105
Arizona,2025.0,7.0,4.3,3637554,3802368
Arkansas,2025.0,7.0,4.1,1376249,1434815
California,2025.0,7.0,5.5,18741034,19836296
Colorado,2025.0,7.0,3.9,3128316,3255953
Connecticut,2025.0,7.0,3.9,1858091,1934347
Delaware,2025.0,7.0,4.8,491226,516023
District of Columbia,2025.0,7.0,6.3,384429,410461
Florida,2025.0,7.0,3.9,10648569,11076857
Georgia,2025.0,7.0,3.3,5232967,5413580
Hawaii,2025.0,7.0,2.2,671830,686826
Idaho,2025.0,7.0,3.6,970903,1007286
Illinois,2025.0,7.0,4.3,6287803,6568380
Indiana,2025.0,7.0,3.7,3379458,3510853
Iowa,2025.0,7.0,3.5,1675261,1735819
Kansas,2025.0,7.0,3.7,1515090,1574003
Kentucky,2025.0,7.0,4.6,2017898,2115132
Louisiana,2025.0,7.0,4.3,1998041,2087188
Maine,2025.0,7.0,3.3,684758,708211
Maryland,2025.0,7.0,4.2,3098021,3233639
Massachusetts,2025.0,7.0,4.5,3770113,3946177
Michigan,2025.0,7.0,4.9,4772513,5020617
Minnesota,2025.0,7.0,3.8,3051566,3173356
Mississippi,2025.0,7.0,3.8,1245850,1294461
Missouri,2025.0,7.0,4,3036832,3163431
Montana,2025.0,7.0,3.3,558492,577577
Nebraska,2025.0,7.0,2.9,1068050,1099878
Nevada,2025.0,7.0,5.2,1578450,1665487
New Hampshire,2025.0,7.0,3.1,750878,775092
New Jersey,2025.0,7.0,5.5,4635972,4903658
New Mexico,2025.0,7.0,4,944277,983892
New York,2025.0,7.0,4.4,9545360,9986380
North Carolina,2025.0,7.0,3.9,5090865,5294737
North Dakota,2025.0,7.0,2.6,419357,430490
Ohio,2025.0,7.0,4.5,5675241,5941374
Oklahoma,2025.0,7.0,3.3,1955385,2022048
Oregon,2025.0,7.0,5.3,2100862,2217910
Pennsylvania,2025.0,7.0,4.4,6242778,6526708
Rhode Island,2025.0,7.0,4.2,568923,594146
South Carolina,2025.0,7.0,4.4,2487079,2602867
South Dakota,2025.0,7.0,2,482441,492428
Tennessee,2025.0,7.0,3.5,3408495,3531436
Texas,2025.0,7.0,4.2,15231871,15897795
Utah,2025.0,7.0,3.5,1773376,1838332
Vermont,2025.0,7.0,2.6,339591,348673
Virginia,2025.0,7.0,3.3,4373042,4520733
Washington,2025.0,7.0,4.6,3865717,4050631
West Virginia,2025.0,7.0,4.2,748330,780875
Wisconsin,2025.0,7.0,3,3010287,3104739
Wyoming,2025.0,7.0,3.3,278570,287945
Alabama,2025.0,8.0,2.8,2312475,2378765
Alaska,2025.0,8.0,4.6,348766,365769
Arizona,2025.0,8.0,4.4,3641271,3807590
Arkansas,2025.0,8.0,4.2,1379014,1438959
California,2025.0,8.0,5.5,18753021,19850185
Colorado,2025.0,8.0,3.9,3128576,3254443
Connecticut,2025.0,8.0,4.1,1854884,1933239
Delaware,2025.0,8.0,5,490657,516415
District of Columbia,2025.0,8.0,6.5,382818,409378
Florida,2025.0,8.0,4,10637050,11080810
Georgia,2025.0,8.0,3.4,5238550,5421660
Hawaii,2025.0,8.0,2.1,672423,687027
Idaho,2025.0,8.0,3.6,971510,1008027
Illinois,2025.0,8.0,4.3,6275435,6559231
Indiana,2025.0,8.0,3.7,3380216,3510718
Iowa,2025.0,8.0,3.5,1677105,1737046
Kansas,2025.0,8.0,3.7,1517528,1576650
Kentucky,2025.0,8.0,4.5,2020326,2116407
Louisiana,2025.0,8.0,4.2,2002925,2091807
Maine,2025.0,8.0,3.3,685066,708528
Maryland,2025.0,8.0,4.3,3093784,3231872
Massachusetts,2025.0,8.0,4.5,3764730,3943000
Michigan,2025.0,8.0,4.9,4765514,5011265
Minnesota,2025.0,8.0,3.9,3051316,3176798
Mississippi,2025.0,8.0,3.7,1246963,1294995
Missouri,2025.0,8.0,4,3040355,3166120
Montana,2025.0,8.0,3.4,558413,578036
Nebraska,2025.0,8.0,2.9,1069476,1101540
Nevada,2025.0,8.0,5.2,1583838,1671237
New Hampshire,2025.0,8.0,3.1,751146,775433
New Jersey,2025.0,8.0,5.5,4638766,4909106
New Mexico,2025.0,8.0,4.1,943469,983709
New York,2025.0,8.0,4.5,9558784,10012631
North Carolina,2025.0,8.0,3.9,5096208,5300672
North Dakota,2025.0,8.0,2.6,420285,431457
Ohio,2025.0,8.0,4.4,5675855,5936935
Oklahoma,2025.0,8.0,3.4,1953233,2022719
Oregon,2025.0,8.0,5.3,2102119,2219738
Pennsylvania,2025.0,8.0,4.4,6250378,6537899
Rhode Island,2025.0,8.0,4.3,568334,593565
South Carolina,2025.0,8.0,4.6,2492686,2611841
South Dakota,2025.0,8.0,2.1,482916,493112
Tennessee,2025.0,8.0,3.5,3412562,3536188
Texas,2025.0,8.0,4.2,15247660,15921704
Utah,2025.0,8.0,3.6,1773919,1839933
Vermont,2025.0,8.0,2.6,338975,348063
Virginia,2025.0,8.0,3.3,4367233,4517843
Washington,2025.0,8.0,4.6,3865917,4053622
West Virginia,2025.0,8.0,4.3,748018,781869
Wisconsin,2025.0,8.0,3.1,3009330,3104218
Wyoming,2025.0,8.0,3.3,278299,287825
Alabama,2025.0,9.0,2.8,2317480,2383172
Alaska,2025.0,9.0,4.7,349410,366639
Arizona,2025.0,9.0,4.4,3645026,3812476
Arkansas,2025.0,9.0,4.2,1382354,1443627
California,2025.0,9.0,5.5,18759323,19856618
Colorado,2025.0,9.0,3.8,3128913,3253988
Connecticut,2025.0,9.0,4.2,1852261,1933063
Delaware,2025.0,9.0,5.2,490077,516798
District of Columbia,2025.0,9.0,6.6,381623,408743
Florida,2025.0,9.0,4.2,10632143,11093357
Georgia,2025.0,9.0,3.4,5244301,5430828
Hawaii,2025.0,9.0,2.1,672806,687361
Idaho,2025.0,9.0,3.6,972271,1008929
Illinois,2025.0,9.0,4.5,6262663,6555136
Indiana,2025.0,9.0,3.7,3381357,3509507
Iowa,2025.0,9.0,3.4,1679613,1739237
Kansas,2025.0,9.0,3.8,1519637,1579116
Kentucky,2025.0,9.0,4.5,2023418,2118090
Louisiana,2025.0,9.0,4.2,2009658,2098614
Maine,2025.0,9.0,3.3,685624,709123
Maryland,2025.0,9.0,4.3,3088347,3227159
Massachusetts,2025.0,9.0,4.6,3758602,3939694
Michigan,2025.0,9.0,4.9,4758469,5004120
Minnesota,2025.0,9.0,4.1,3050707,3180407
Mississippi,2025.0,9.0,3.7,1247873,1295547
Missouri,2025.0,9.0,3.9,3044426,3169132
Montana,2025.0,9.0,3.5,558402,578570
Nebraska,2025.0,9.0,2.9,1070692,1103170
Nevada,2025.0,9.0,5.2,1590560,1678448
New Hampshire,2025.0,9.0,3.2,751451,775952
New Jersey,2025.0,9.0,5.5,4644843,4915086
New Mexico,2025.0,9.0,4.2,942770,983988
New York,2025.0,9.0,4.6,9580968,10044581
North Carolina,2025.0,9.0,3.9,5103463,5308050
North Dakota,2025.0,9.0,2.6,421425,432619
Ohio,2025.0,9.0,4.3,5677266,5935238
Oklahoma,2025.0,9.0,3.6,1949931,2022471
Oregon,2025.0,9.0,5.3,2103323,2221014
Pennsylvania,2025.0,9.0,4.4,6263505,6552836
Rhode Island,2025.0,9.0,4.3,567271,592799
South Carolina,2025.0,9.0,4.7,2499995,2622603
South Dakota,2025.0,9.0,2.1,483258,493705
Tennessee,2025.0,9.0,3.5,3416797,3541397
Texas,2025.0,9.0,4.3,15263339,15944844
Utah,2025.0,9.0,3.6,1775127,1842268
Vermont,2025.0,9.0,2.6,338273,347408
Virginia,2025.0,9.0,3.4,4361630,4516628
Washington,2025.0,9.0,4.7,3864958,4056992
West Virginia,2025.0,9.0,4.5,747785,782955
Wisconsin,2025.0,9.0,3.1,3010743,3107251
Wyoming,2025.0,9.0,3.4,278232,287963
Alabama,2025.0,10.0,–,–,–
Alaska,2025.0,10.0,–,–,–
Arizona,2025.0,10.0,–,–,–
Arkansas,2025.0,10.0,–,–,–
California,2025.0,10.0,–,–,–
Colorado,2025.0,10.0,–,–,–
Connecticut,2025.0,10.0,–,–,–
Delaware,2025.0,10.0,–,–,–
District of Columbia,2025.0,10.0,–,–,–
Florida,2025.0,10.0,–,–,–
Georgia,2025.0,10.0,–,–,–
Hawaii,2025.0,10.0,–,–,–
Idaho,2025.0,10.0,–,–,–
Illinois,2025.0,10.0,–,–,–
Indiana,2025.0,10.0,–,–,–
Iowa,2025.0,10.0,–,–,–
Kansas,2025.0,10.0,–,–,–
Kentucky,2025.0,10.0,–,–,–
Louisiana,2025.0,10.0,–,–,–
Maine,2025.0,10.0,–,–,–
Maryland,2025.0,10.0,–,–,–
Massachusetts,2025.0,10.0,–,–,–
Michigan,2025.0,10.0,–,–,–
Minnesota,2025.0,10.0,–,–,–
Mississippi,2025.0,10.0,–,–,–
Missouri,2025.0,10.0,–,–,–
Montana,2025.0,10.0,–,–,–
Nebraska,2025.0,10.0,–,–,–
Nevada,2025.0,10.0,–,–,–
New Hampshire,2025.0,10.0,–,–,–
New Jersey,2025.0,10.0,–,–,–
New Mexico,2025.0,10.0,–,–,–
New York,2025.0,10.0,–,–,–
North Carolina,2025.0,10.0,–,–,–
North Dakota,2025.0,10.0,–,–,–
Ohio,2025.0,10.0,–,–,–
Oklahoma,2025.0,10.0,–,–,–
Oregon,2025.0,10.0,–,–,–
Pennsylvania,2025.0,10.0,–,–,–
Rhode Island,2025.0,10.0,–,–,–
South Carolina,2025.0,10.0,–,–,–
South Dakota,2025.0,10.0,–,–,–
Tennessee,2025.0,10.0,–,–,–
Texas,2025.0,10.0,–,–,–
Utah,2025.0,10.0,–,–,–
Vermont,2025.0,10.0,–,–,–
Virginia,2025.0,10.0,–,–,–
Washington,2025.0,10.0,–,–,–
West Virginia,2025.0,10.0,–,–,–
Wisconsin,2025.0,10.0,–,–,–
Wyoming,2025.0,10.0,–,–,–
Alabama,2025.0,11.0,2.7,2323071,2387873
Alaska,2025.0,11.0,4.8,350172,367709
Arizona,2025.0,11.0,4.4,3648072,3815687
Arkansas,2025.0,11.0,4.3,1386483,1448832
California,2025.0,11.0,5.5,18784718,19878800
Colorado,2025.0,11.0,3.8,3129079,3254030
Connecticut,2025.0,11.0,4.3,1850224,1933758
Delaware,2025.0,11.0,5.3,489510,517116
District of Columbia,2025.0,11.0,6.7,381318,408918
Florida,2025.0,11.0,4.3,10635685,11116493
Georgia,2025.0,11.0,3.5,5251504,5442066
Hawaii,2025.0,11.0,2.2,673012,688042
Idaho,2025.0,11.0,3.6,973272,1010002
Illinois,2025.0,11.0,4.7,6250129,6557672
Indiana,2025.0,11.0,3.5,3382682,3506474
Iowa,2025.0,11.0,3.4,1683618,1743419
Kansas,2025.0,11.0,3.8,1521104,1581114
Kentucky,2025.0,11.0,4.4,2027455,2120091
Louisiana,2025.0,11.0,4.2,2018571,2108081
Maine,2025.0,11.0,3.3,686585,710100
Maryland,2025.0,11.0,4.3,3085091,3222693
Massachusetts,2025.0,11.0,4.7,3751378,3935591
Michigan,2025.0,11.0,5,4750593,4998918
Minnesota,2025.0,11.0,4.2,3048552,3182913
Mississippi,2025.0,11.0,3.7,1248699,1296031
Missouri,2025.0,11.0,3.9,3052606,3175775
Montana,2025.0,11.0,3.6,558628,579266
Nebraska,2025.0,11.0,3,1071633,1104807
Nevada,2025.0,11.0,5.2,1598954,1687305
New Hampshire,2025.0,11.0,3.2,751856,776708
New Jersey,2025.0,11.0,5.4,4655110,4919896
New Mexico,2025.0,11.0,4.3,942478,985100
New York,2025.0,11.0,4.6,9614116,10081101
North Carolina,2025.0,11.0,3.8,5113393,5317047
North Dakota,2025.0,11.0,2.6,422797,433994
Ohio,2025.0,11.0,4.3,5679207,5936926
Oklahoma,2025.0,11.0,3.7,1944795,2020442
Oregon,2025.0,11.0,5.3,2104763,2221743
Pennsylvania,2025.0,11.0,4.4,6283698,6571286
Rhode Island,2025.0,11.0,4.4,565566,591783
South Carolina,2025.0,11.0,4.8,2509065,2635089
South Dakota,2025.0,11.0,2.2,483347,494081
Tennessee,2025.0,11.0,3.6,3420519,3546463
Texas,2025.0,11.0,4.3,15276503,15962121
Utah,2025.0,11.0,3.7,1777045,1845293
Vermont,2025.0,11.0,2.7,337469,346688
Virginia,2025.0,11.0,3.6,4357573,4518582
Washington,2025.0,11.0,4.9,3864610,4062809
West Virginia,2025.0,11.0,4.6,747510,783871
Wisconsin,2025.0,11.0,3.2,3015956,3115444
Wyoming,2025.0,11.0,3.5,278437,288447
Alabama,2025.0,12.0,2.7,2323034,2387810
Alaska,2025.0,12.0,4.8,350140,367671
Arizona,2025.0,12.0,4.4,3647598,3814917
Arkansas,2025.0,12.0,4.3,1386469,1448666
California,2025.0,12.0,5.5,18784867,19878043
Colorado,2025.0,12.0,3.8,3128996,3254073
Connecticut,2025.0,12.0,4.3,1850464,1933851
Delaware,2025.0,12.0,5.3,489559,517069
District of Columbia,2025.0,12.0,6.7,381611,409140
Florida,2025.0,12.0,4.3,10637960,11117284
Georgia,2025.0,12.0,3.5,5251051,5441402
Hawaii,2025.0,12.0,2.2,672906,688037
Idaho,2025.0,12.0,3.6,973241,1009937
Illinois,2025.0,12.0,4.7,6251904,6559867
Indiana,2025.0,12.0,3.5,3382571,3506135
Iowa,2025.0,12.0,3.4,1683893,1743797
Kansas,2025.0,12.0,3.8,1520817,1580822
Kentucky,2025.0,12.0,4.4,2027408,2119991
Louisiana,2025.0,12.0,4.2,2018485,2108050
Maine,2025.0,12.0,3.3,686632,710128
Maryland,2025.0,12.0,4.2,3085252,3221708
Massachusetts,2025.0,12.0,4.7,3751602,3935586
Michigan,2025.0,12.0,5,4750979,4999837
Minnesota,2025.0,12.0,4.2,3048170,3182266
Mississippi,2025.0,12.0,3.7,1248441,1295784
Missouri,2025.0,12.0,3.9,3052214,3175358
Montana,2025.0,12.0,3.6,558664,579238
Nebraska,2025.0,12.0,3,1071496,1104681
Nevada,2025.0,12.0,5.2,1598736,1687017
New Hampshire,2025.0,12.0,3.2,751856,776712
New Jersey,2025.0,12.0,5.4,4655408,4919038
New Mexico,2025.0,12.0,4.3,942718,985342
New York,2025.0,12.0,4.6,9615453,10080281
North Carolina,2025.0,12.0,3.8,5113275,5316660
North Dakota,2025.0,12.0,2.6,422775,433968
Ohio,2025.0,12.0,4.4,5679068,5937500
Oklahoma,2025.0,12.0,3.7,1944648,2020051
Oregon,2025.0,12.0,5.3,2104729,2221552
Pennsylvania,2025.0,12.0,4.4,6283971,6570655
Rhode Island,2025.0,12.0,4.4,565524,591788
South Carolina,2025.0,12.0,4.8,2508825,2634542
South Dakota,2025.0,12.0,2.2,483274,493994
Tennessee,2025.0,12.0,3.6,3419936,3545878
Texas,2025.0,12.0,4.3,15274494,15958627
Utah,2025.0,12.0,3.7,1777068,1845208
Vermont,2025.0,12.0,2.7,337557,346776
Virginia,2025.0,12.0,3.6,4358884,4519825
Washington,2025.0,12.0,4.9,3864562,4062730
West Virginia,2025.0,12.0,4.6,747512,783736
Wisconsin,2025.0,12.0,3.2,3016603,3116196
Wyoming,2025.0,12.0,3.5,278492,288499
Alabama,2026.0,1.0,2.7,2323573,2387630
Alaska,2026.0,1.0,4.8,350955,368676
Arizona,2026.0,1.0,4.5,3642816,3814212
Arkansas,2026.0,1.0,4.4,1387678,1451314
California,2026.0,1.0,5.4,18779302,19861662
Colorado,2026.0,1.0,3.9,3122530,3248790
Connecticut,2026.0,1.0,4.5,1844343,1931253
Delaware,2026.0,1.0,5.4,488290,516219
District of Columbia,2026.0,1.0,6.7,380788,407975
Florida,2026.0,1.0,4.5,10624642,11123760
Georgia,2026.0,1.0,3.5,5252931,5445643
Hawaii,2026.0,1.0,2.2,672737,688022
Idaho,2026.0,1.0,3.7,972725,1009819
Illinois,2026.0,1.0,4.9,6241792,6560516
Indiana,2026.0,1.0,3.4,3385206,3503591
Iowa,2026.0,1.0,3.4,1684471,1743617
Kansas,2026.0,1.0,3.9,1518151,1579509
Kentucky,2026.0,1.0,4.3,2024295,2114539
Louisiana,2026.0,1.0,4.3,2022504,2112820
Maine,2026.0,1.0,3.3,685672,709117
Maryland,2026.0,1.0,4.3,3077782,3214795
Massachusetts,2026.0,1.0,4.7,3740447,3926744
Michigan,2026.0,1.0,5,4741121,4992846
Minnesota,2026.0,1.0,4.4,3038871,3177776
Mississippi,2026.0,1.0,3.6,1246638,1293479
Missouri,2026.0,1.0,3.9,3054650,3177918
Montana,2026.0,1.0,3.6,558332,579463
Nebraska,2026.0,1.0,3,1070984,1104514
Nevada,2026.0,1.0,5.3,1604918,1694200
New Hampshire,2026.0,1.0,3.2,752225,777396
New Jersey,2026.0,1.0,5.2,4663409,4918046
New Mexico,2026.0,1.0,4.5,940851,985170
New York,2026.0,1.0,4.6,9639272,10104607
North Carolina,2026.0,1.0,3.8,5109879,5313331
North Dakota,2026.0,1.0,2.6,423620,434885
Ohio,2026.0,1.0,4.3,5677633,5932407
Oklahoma,2026.0,1.0,3.9,1940673,2018658
Oregon,2026.0,1.0,5.2,2101962,2218136
Pennsylvania,2026.0,1.0,4.3,6300843,6582900
Rhode Island,2026.0,1.0,4.5,564174,590980
South Carolina,2026.0,1.0,4.9,2516208,2646468
South Dakota,2026.0,1.0,2.2,482502,493467
Tennessee,2026.0,1.0,3.5,3416221,3541853
Texas,2026.0,1.0,4.3,15267118,15955231
Utah,2026.0,1.0,3.8,1774870,1844105
Vermont,2026.0,1.0,2.7,336187,345430
Virginia,2026.0,1.0,3.7,4352975,4518567
Washington,2026.0,1.0,5,3860718,4065082
West Virginia,2026.0,1.0,4.6,746354,782645
Wisconsin,2026.0,1.0,3.3,3017753,3121154
Wyoming,2026.0,1.0,3.6,278210,288454
Alabama,2026.0,2.0,2.7,2321473,2386303
Alaska,2026.0,2.0,4.7,351866,369377
Arizona,2026.0,2.0,4.6,3626147,3800678
Arkansas,2026.0,2.0,4.4,1391199,1454561
California,2026.0,2.0,5.4,18756231,19826617
Colorado,2026.0,2.0,3.9,3111184,3238458
Connecticut,2026.0,2.0,4.7,1838596,1929136
Delaware,2026.0,2.0,5.4,486779,514723
District of Columbia,2026.0,2.0,6.5,380347,406902
Florida,2026.0,2.0,4.6,10625114,11140920
Georgia,2026.0,2.0,3.6,5256908,5451102
Hawaii,2026.0,2.0,2.3,672170,687829
Idaho,2026.0,2.0,3.7,971186,1008134
Illinois,2026.0,2.0,5,6241649,6570046
Indiana,2026.0,2.0,3.3,3382823,3498312
Iowa,2026.0,2.0,3.4,1682857,1741570
Kansas,2026.0,2.0,3.9,1516255,1578260
Kentucky,2026.0,2.0,4.2,2019836,2108666
Louisiana,2026.0,2.0,4.3,2026077,2117820
Maine,2026.0,2.0,3.2,685355,708317
Maryland,2026.0,2.0,4.3,3072142,3211210
Massachusetts,2026.0,2.0,4.8,3729133,3915281
Michigan,2026.0,2.0,5,4732388,4983731
Minnesota,2026.0,2.0,4.5,3027193,3169189
Mississippi,2026.0,2.0,3.7,1244662,1292633
Missouri,2026.0,2.0,3.9,3054628,3177105
Montana,2026.0,2.0,3.6,557770,578837
Nebraska,2026.0,2.0,3.1,1070390,1104311
Nevada,2026.0,2.0,5.3,1607880,1698028
New Hampshire,2026.0,2.0,3.2,752262,777211
New Jersey,2026.0,2.0,5.1,4663876,4912328
New Mexico,2026.0,2.0,4.7,937996,983966
New York,2026.0,2.0,4.6,9648955,10119443
North Carolina,2026.0,2.0,3.8,5110620,5311679
North Dakota,2026.0,2.0,2.6,424424,435641
Ohio,2026.0,2.0,4.2,5678399,5929723
Oklahoma,2026.0,2.0,3.9,1935034,2014165
Oregon,2026.0,2.0,5.2,2098543,2214206
Pennsylvania,2026.0,2.0,4.2,6307999,6587246
Rhode Island,2026.0,2.0,4.6,561718,588901
South Carolina,2026.0,2.0,5,2524743,2658076
South Dakota,2026.0,2.0,2.3,481671,492813
Tennessee,2026.0,2.0,3.6,3405018,3532590
Texas,2026.0,2.0,4.3,15256770,15941816
Utah,2026.0,2.0,3.8,1771221,1840984
Vermont,2026.0,2.0,2.6,334940,344046
Virginia,2026.0,2.0,3.8,4344121,4513490
Washington,2026.0,2.0,5.1,3858298,4066423
West Virginia,2026.0,2.0,4.7,745504,782051
Wisconsin,2026.0,2.0,3.4,3019272,3126587
Wyoming,2026.0,2.0,3.6,278088,288501
Alabama,2026.0,3.0,2.7,2318607,2384074
Alaska,2026.0,3.0,4.7,352420,369651
Arizona,2026.0,3.0,4.7,3607084,3783556
Arkansas,2026.0,3.0,4.3,1392341,1455388
California,2026.0,3.0,5.3,18716848,19770247
Colorado,2026.0,3.0,3.9,3100726,3227870
Connecticut,2026.0,3.0,4.8,1828680,1921275
Delaware,2026.0,3.0,5.4,485710,513262
District of Columbia,2026.0,3.0,6.3,379536,405140
Florida,2026.0,3.0,4.7,10623099,11145752
Georgia,2026.0,3.0,3.5,5262339,5455317
Hawaii,2026.0,3.0,2.4,671150,687333
Idaho,2026.0,3.0,3.6,969269,1005846
Illinois,2026.0,3.0,5.1,6236264,6570955
Indiana,2026.0,3.0,3.3,3378978,3493258
Iowa,2026.0,3.0,3.3,1680748,1738885
Kansas,2026.0,3.0,3.9,1512368,1574016
Kentucky,2026.0,3.0,4.2,2015512,2103533
Louisiana,2026.0,3.0,4.4,2024934,2118359
Maine,2026.0,3.0,3.2,684488,706787
Maryland,2026.0,3.0,4.3,3067736,3207059
Massachusetts,2026.0,3.0,4.7,3716800,3900230
Michigan,2026.0,3.0,5,4718612,4969412
Minnesota,2026.0,3.0,4.5,3013430,3156371
Mississippi,2026.0,3.0,3.8,1242556,1291493
Missouri,2026.0,3.0,3.9,3053648,3175932
Montana,2026.0,3.0,3.6,556388,577361
Nebraska,2026.0,3.0,3.1,1069766,1103682
Nevada,2026.0,3.0,5.3,1610670,1700889
New Hampshire,2026.0,3.0,3.1,752874,777209
New Jersey,2026.0,3.0,4.9,4665813,4906727
New Mexico,2026.0,3.0,4.8,935679,982371
New York,2026.0,3.0,4.6,9653616,10119727
North Carolina,2026.0,3.0,3.7,5107591,5304688
North Dakota,2026.0,3.0,2.5,424875,435866
Ohio,2026.0,3.0,4.1,5679086,5922552
Oklahoma,2026.0,3.0,3.9,1927253,2006067
Oregon,2026.0,3.0,5.2,2094574,2209194
Pennsylvania,2026.0,3.0,4.2,6316936,6592917
Rhode Island,2026.0,3.0,4.7,559776,587215
South Carolina,2026.0,3.0,4.9,2532134,2663443
South Dakota,2026.0,3.0,2.3,480667,491845
Tennessee,2026.0,3.0,3.6,3390146,3516560
Texas,2026.0,3.0,4.3,15236610,15916605
Utah,2026.0,3.0,3.8,1765964,1835628
Vermont,2026.0,3.0,2.6,333570,342510
Virginia,2026.0,3.0,3.8,4332964,4504716
Washington,2026.0,3.0,5.1,3855367,4064363
West Virginia,2026.0,3.0,4.5,743998,779163
Wisconsin,2026.0,3.0,3.5,3019739,3129266
Wyoming,2026.0,3.0,3.6,277696,287991
Alabama,2026.0,4.0,2.8,2311258,2378360
Alaska,2026.0,4.0,4.6,352234,369409
Arizona,2026.0,4.0,4.7,3582108,3760022
Arkansas,2026.0,4.0,4.3,1392723,1454568
California,2026.0,4.0,5.3,18674569,19720841
Colorado,2026.0,4.0,3.9,3089148,3215558
Connecticut,2026.0,4.0,5,1815734,1912250
Delaware,2026.0,4.0,5.3,484589,511665
District of Columbia,2026.0,4.0,6.2,379106,404163
Florida,2026.0,4.0,4.8,10617791,11149453
Georgia,2026.0,4.0,3.5,5271123,5461429
Hawaii,2026.0,4.0,2.4,671025,687873
Idaho,2026.0,4.0,3.6,967015,1003527
Illinois,2026.0,4.0,5.1,6217855,6555140
Indiana,2026.0,4.0,3.3,3373762,3487094
Iowa,2026.0,4.0,3.3,1677903,1735075
Kansas,2026.0,4.0,3.9,1508679,1569244
Kentucky,2026.0,4.0,4.3,2007970,2097596
Louisiana,2026.0,4.0,4.4,2026130,2119957
Maine,2026.0,4.0,3.1,683612,705819
Maryland,2026.0,4.0,4.4,3064902,3207363
Massachusetts,2026.0,4.0,4.7,3707231,3888509
Michigan,2026.0,4.0,5,4700014,4949821
Minnesota,2026.0,4.0,4.5,3005014,3145919
Mississippi,2026.0,4.0,3.8,1239393,1288867
Missouri,2026.0,4.0,3.8,3052092,3173940
Montana,2026.0,4.0,3.5,555818,576113
Nebraska,2026.0,4.0,3,1069225,1102699
Nevada,2026.0,4.0,5.3,1608021,1697362
New Hampshire,2026.0,4.0,3.1,752996,777136
New Jersey,2026.0,4.0,4.8,4669460,4903423
New Mexico,2026.0,4.0,4.9,931243,978814
New York,2026.0,4.0,4.6,9641656,10105592
North Carolina,2026.0,4.0,3.7,5097991,5294579
North Dakota,2026.0,4.0,2.4,424506,435152
Ohio,2026.0,4.0,3.9,5679807,5911785
Oklahoma,2026.0,4.0,4,1916369,1996432
Oregon,2026.0,4.0,5.2,2090248,2204759
Pennsylvania,2026.0,4.0,4.2,6331630,6607356
Rhode Island,2026.0,4.0,4.5,557409,583917
South Carolina,2026.0,4.0,4.8,2539551,2667548
South Dakota,2026.0,4.0,2.2,480019,490720
Tennessee,2026.0,4.0,3.6,3376716,3504190
Texas,2026.0,4.0,4.3,15212259,15894786
Utah,2026.0,4.0,3.8,1760141,1829317
Vermont,2026.0,4.0,2.6,332223,341145
Virginia,2026.0,4.0,3.8,4325005,4496941
Washington,2026.0,4.0,5.2,3850427,4062747
West Virginia,2026.0,4.0,4.4,742471,777035
Wisconsin,2026.0,4.0,3.5,3020076,3130157
Wyoming,2026.0,4.0,3.5,277565,287625
Alabama,2026.0,5.0,3,2302386,2374432
Alaska,2026.0,5.0,4.6,351924,368733
Arizona,2026.0,5.0,4.8,3565787,3744521
Arkansas,2026.0,5.0,4.2,1395171,1455737
California,2026.0,5.0,5.3,18630066,19667985
Colorado,2026.0,5.0,3.9,3080273,3206175
Connecticut,2026.0,5.0,5.1,1803076,1900408
Delaware,2026.0,5.0,5.1,484208,510240
District of Columbia,2026.0,5.0,6.1,378933,403736
Florida,2026.0,5.0,4.8,10613180,11144611
Georgia,2026.0,5.0,3.4,5283870,5470680
Hawaii,2026.0,5.0,2.5,672137,689585
Idaho,2026.0,5.0,3.7,965642,1002295
Illinois,2026.0,5.0,5.1,6206191,6542535
Indiana,2026.0,5.0,3.3,3375988,3489705
Iowa,2026.0,5.0,3.2,1675981,1732054
Kansas,2026.0,5.0,3.8,1504706,1564867
Kentucky,2026.0,5.0,4.5,2003656,2097065
Louisiana,2026.0,5.0,4.5,2025034,2119538
Maine,2026.0,5.0,3.1,682133,704135
Maryland,2026.0,5.0,4.4,3065297,3207336
Massachusetts,2026.0,5.0,4.5,3702999,3879513
Michigan,2026.0,5.0,5.1,4679787,4930851
Minnesota,2026.0,5.0,4.4,2998979,3137643
Mississippi,2026.0,5.0,3.8,1238240,1287554
Missouri,2026.0,5.0,3.8,3051972,3171316
Montana,2026.0,5.0,3.4,555571,575172
Nebraska,2026.0,5.0,3,1068580,1101491
Nevada,2026.0,5.0,5.2,1604995,1693610
New Hampshire,2026.0,5.0,3,753306,776953
New Jersey,2026.0,5.0,4.7,4680604,4909153
New Mexico,2026.0,5.0,4.9,928417,976140
New York,2026.0,5.0,4.6,9631450,10094355
North Carolina,2026.0,5.0,3.7,5085929,5280464
North Dakota,2026.0,5.0,2.4,423994,434288
Ohio,2026.0,5.0,3.7,5678135,5896654
Oklahoma,2026.0,5.0,4.1,1912233,1994373
Oregon,2026.0,5.0,5.2,2089081,2203311
Pennsylvania,2026.0,5.0,4.2,6349605,6626277
Rhode Island,2026.0,5.0,4.3,556102,581285
South Carolina,2026.0,5.0,4.6,2549316,2672969
South Dakota,2026.0,5.0,2.1,479634,489908
Tennessee,2026.0,5.0,3.6,3371827,3497910
Texas,2026.0,5.0,4.3,15213342,15901533
Utah,2026.0,5.0,3.7,1757388,1825247
Vermont,2026.0,5.0,2.6,331000,339904
Virginia,2026.0,5.0,3.8,4320819,4490809
Washington,2026.0,5.0,5.2,3853549,4065750
West Virginia,2026.0,5.0,4.3,741691,775096
Wisconsin,2026.0,5.0,3.4,3024090,3131477
Wyoming,2026.0,5.0,3.4,277337,286982
Alabama,2026.0,6.0,3.2,2294098,2370687
Alaska,2026.0,6.0,4.4,351728,367986
Arizona,2026.0,6.0,4.9,3543418,3724355
Arkansas,2026.0,6.0,4.1,1398009,1457678
California,2026.0,6.0,5.2,18595791,19620270
Colorado,2026.0,6.0,3.9,3068522,3193312
Connecticut,2026.0,6.0,5.2,1791603,1889168
Delaware,2026.0,6.0,4.9,483188,508314
District of Columbia,2026.0,6.0,6,378275,402622
Florida,2026.0,6.0,4.7,10614480,11138954
Georgia,2026.0,6.0,3.4,5294218,5477849
Hawaii,2026.0,6.0,2.6,672504,690395
Idaho,2026.0,6.0,3.7,963633,1000393
Illinois,2026.0,6.0,5.1,6194365,6524072
Indiana,2026.0,6.0,3.3,3376151,3491138
Iowa,2026.0,6.0,3.2,1674442,1729718
Kansas,2026.0,6.0,3.8,1500859,1560555
Kentucky,2026.0,6.0,4.7,1999471,2097654
Louisiana,2026.0,6.0,4.4,2022019,2116113
Maine,2026.0,6.0,3.1,680136,702039
Maryland,2026.0,6.0,4.3,3068637,3207637
Massachusetts,2026.0,6.0,4.4,3702496,3873490
Michigan,2026.0,6.0,5,4659618,4906650
Minnesota,2026.0,6.0,4.4,2994359,3130861
Mississippi,2026.0,6.0,3.8,1236178,1284361
Missouri,2026.0,6.0,3.7,3051772,3168125
Montana,2026.0,6.0,3.3,555301,574466
Nebraska,2026.0,6.0,2.9,1066594,1098907
Nevada,2026.0,6.0,5.1,1600218,1686680
New Hampshire,2026.0,6.0,2.9,753218,775884
New Jersey,2026.0,6.0,4.5,4685214,4908203
New Mexico,2026.0,6.0,4.8,925522,972427
New York,2026.0,6.0,4.6,9606253,10065645
North Carolina,2026.0,6.0,3.6,5073205,5263145
North Dakota,2026.0,6.0,2.3,422952,432927
Ohio,2026.0,6.0,3.6,5673375,5882283
Oklahoma,2026.0,6.0,4.2,1912151,1995625
Oregon,2026.0,6.0,5.2,2089287,2204073
Pennsylvania,2026.0,6.0,4.1,6371398,6642677
Rhode Island,2026.0,6.0,4.1,555100,578714
South Carolina,2026.0,6.0,4.4,2554695,2672962
South Dakota,2026.0,6.0,2,478711,488609
Tennessee,2026.0,6.0,3.5,3367802,3491672
Texas,2026.0,6.0,4.4,15203557,15904759
Utah,2026.0,6.0,3.6,1756013,1822245
Vermont,2026.0,6.0,2.6,329987,338806
Virginia,2026.0,6.0,3.8,4312533,4480656
Washington,2026.0,6.0,5.2,3849379,4058817
West Virginia,2026.0,6.0,4.2,740711,773498
Wisconsin,2026.0,6.0,3.3,3030152,3134850
Wyoming,2026.0,6.0,3.2,276882,285923
Alabama,2026.0,7.0,3.4,2286389,2365734
Alaska,2026.0,7.0,4.3,351322,367216
Arizona,2026.0,7.0,4.9,3528703,3710000
Arkansas,2026.0,7.0,4,1399144,1457841
California,2026.0,7.0,5.1,18543581,19550043
Colorado,2026.0,7.0,3.9,3064042,3189009
Connecticut,2026.0,7.0,5.2,1784522,1882940
Delaware,2026.0,7.0,4.8,482389,506661
District of Columbia,2026.0,7.0,5.9,378128,401923
Florida,2026.0,7.0,4.6,10606687,11121213
Georgia,2026.0,7.0,3.3,5301774,5480790
Hawaii,2026.0,7.0,2.7,672506,690880
Idaho,2026.0,7.0,3.6,962626,998870
Illinois,2026.0,7.0,4.9,6183897,6499587
Indiana,2026.0,7.0,3.3,3375460,3489469
Iowa,2026.0,7.0,3.2,1672196,1726897
Kansas,2026.0,7.0,3.8,1497278,1555989
Kentucky,2026.0,7.0,4.7,2004231,2103837
Louisiana,2026.0,7.0,4.4,2018410,2110574
Maine,2026.0,7.0,3.1,677833,699863
Maryland,2026.0,7.0,4.2,3067612,3202897
Massachusetts,2026.0,7.0,4.4,3702292,3870833
Michigan,2026.0,7.0,4.9,4636955,4877860
Minnesota,2026.0,7.0,4.3,2991180,3126848
Mississippi,2026.0,7.0,3.6,1233773,1280219
Missouri,2026.0,7.0,3.6,3053826,3167382
Montana,2026.0,7.0,3.2,555926,574494
Nebraska,2026.0,7.0,2.9,1064944,1096722
Nevada,2026.0,7.0,5,1597243,1681603
New Hampshire,2026.0,7.0,2.8,753496,775395
New Jersey,2026.0,7.0,4.4,4694394,4910656
New Mexico,2026.0,7.0,4.8,924321,970483
New York,2026.0,7.0,4.4,9596358,10039429
North Carolina,2026.0,7.0,3.6,5051914,5238034
North Dakota,2026.0,7.0,2.2,421758,431386
Ohio,2026.0,7.0,3.4,5667797,5867428
Oklahoma,2026.0,7.0,4.3,1911857,1997238
Oregon,2026.0,7.0,5.2,2090269,2204500
Pennsylvania,2026.0,7.0,3.9,6389675,6650820
Rhode Island,2026.0,7.0,3.9,555078,577448
South Carolina,2026.0,7.0,4.2,2560443,2672910
South Dakota,2026.0,7.0,2,477396,487144
Tennessee,2026.0,7.0,3.4,3366261,3486533
Texas,2026.0,7.0,4.5,15207242,15915625
Utah,2026.0,7.0,3.6,1757766,1822613
Vermont,2026.0,7.0,2.6,329335,338096
Virginia,2026.0,7.0,3.7,4307098,4472353
Washington,2026.0,7.0,5,3845527,4048435
West Virginia,2026.0,7.0,4.1,740605,772646
Wisconsin,2026.0,7.0,3.3,3036843,3139509
Wyoming,2026.0,7.0,3,276587,285230
