soc_code_clean,high_exposure_score,low_exposure_score,ai_exposure_score,soc_code,occupation_title_2020,employment_2020,occupation_title_2025,employment_2025,pct_change
11-1011,3.2025,2.7616666666666667,0.4408333333333334,11-1011,Chief Executives,202360.0,Chief Executives,204350.0,0.9833959280490215
11-1021,3.1525,2.625,0.5274999999999999,11-1021,General and Operations Managers,2347420.0,General and Operations Managers,3503020.0,49.22851470976647
11-2011,3.465,2.04,1.4249999999999998,11-2011,Advertising and Promotions Managers,22490.0,Advertising and Promotions Managers,21470.0,-4.535349044019564
11-2021,2.9025,2.2283333333333335,0.6741666666666664,11-2021,Marketing Managers,270200.0,Marketing Managers,395240.0,46.276831976313844
11-2022,2.8875,2.058333333333333,0.829166666666667,11-2022,Sales Managers,390170.0,Sales Managers,637080.0,63.282671655944846
11-3021,3.1399999999999997,1.8716666666666668,1.2683333333333329,11-3021,Computer and Information Systems Managers,457290.0,Computer and Information Systems Managers,670570.0,46.639987753941696
11-3031,3.5733333333333337,1.7622222222222221,1.8111111111111116,11-3031,Financial Managers,653080.0,Financial Managers,841710.0,28.883138359772158
11-3051,3.217083333333333,2.895277777777778,0.32180555555555523,11-3051,Industrial Production Managers,179570.0,Industrial Production Managers,246250.0,37.133151417274604
11-3061,3.5250000000000004,2.4899999999999998,1.0350000000000006,11-3061,Purchasing Managers,70960.0,Purchasing Managers,84320.0,18.82750845546787
11-3071,3.225,2.908333333333333,0.3166666666666669,11-3071,"Transportation, Storage, and Distribution Managers",132210.0,"Transportation, Storage, and Distribution Managers",221180.0,67.29445579003101
11-3111,3.1425,1.7433333333333334,1.3991666666666667,11-3111,Compensation and Benefits Managers,16340.0,Compensation and Benefits Managers,22940.0,40.39167686658507
11-3121,2.91,2.33,0.5800000000000001,11-3121,Human Resources Managers,156600.0,Human Resources Managers,220660.0,40.90676883780332
11-3131,2.63,1.7516666666666667,0.8783333333333332,11-3131,Training and Development Managers,38710.0,Training and Development Managers,48050.0,24.128132265564453
11-9013,3.0475,2.7783333333333338,0.2691666666666661,11-9013,"Farmers, Ranchers, and Other Agricultural Managers",5670.0,"Farmers, Ranchers, and Other Agricultural Managers",6500.0,14.638447971781304
11-9021,3.65,3.4499999999999997,0.20000000000000018,11-9021,Construction Managers,285640.0,Construction Managers,380360.0,33.160621761658035
11-9031,3.2424999999999997,2.5166666666666666,0.7258333333333331,11-9031,"Education and Childcare Administrators, Preschool and Daycare",46410.0,"Education and Childcare Administrators, Preschool and Daycare",73660.0,58.71579400991166
11-9032,2.89,2.4683333333333333,0.42166666666666686,11-9032,"Education Administrators, Kindergarten through Secondary",262480.0,"Education Administrators, Kindergarten through Secondary",328330.0,25.087625723864676
11-9033,3.0625,2.255,0.8075000000000001,11-9033,"Education Administrators, Postsecondary",140880.0,"Education Administrators, Postsecondary",180470.0,28.101930721181144
11-9041,3.1125,2.6908333333333334,0.4216666666666664,11-9041,Architectural and Engineering Managers,195900.0,Architectural and Engineering Managers,220260.0,12.434915773353753
11-9051,3.1425,2.4766666666666666,0.6658333333333335,11-9051,Food Service Managers,197010.0,Food Service Managers,238430.0,21.024313486625044
11-9071,3.7375,2.4766666666666666,1.2608333333333333,11-9071,Gambling Managers,3240.0,Gambling Managers,5030.0,55.24691358024691
11-9081,4.135,2.8866666666666667,1.248333333333333,11-9081,Lodging Managers,31790.0,Lodging Managers,42620.0,34.06731676627871
11-9111,3.54,2.4366666666666665,1.1033333333333335,11-9111,Medical and Health Services Managers,402540.0,Medical and Health Services Managers,597080.0,48.328116460475975
11-9121,3.0366666666666666,2.2088888888888887,0.827777777777778,11-9121,Natural Sciences Managers,75870.0,Natural Sciences Managers,108690.0,43.25820482404112
11-9131,3.435,2.981666666666667,0.45333333333333314,11-9131,Postmasters and Mail Superintendents,13880.0,Postmasters and Mail Superintendents,13810.0,-0.5043227665706052
11-9141,3.41,2.92,0.4900000000000002,11-9141,"Property, Real Estate, and Community Association Managers",219800.0,"Property, Real Estate, and Community Association Managers",311180.0,41.57415832575068
11-9151,3.2199999999999998,2.8333333333333335,0.38666666666666627,11-9151,Social and Community Service Managers,155800.0,Social and Community Service Managers,209330.0,34.3581514762516
11-9161,3.055,3.205,-0.1499999999999999,11-9161,Emergency Management Directors,10210.0,Emergency Management Directors,13500.0,32.22331047992164
11-9171,3.5775,2.686666666666667,0.8908333333333331,11-9171,Funeral Home Managers,10010.0,Funeral Home Managers,13910.0,38.961038961038966
13-1011,2.84,1.805,1.035,13-1011,"Agents and Business Managers of Artists, Performers, and Athletes",16240.0,"Agents and Business Managers of Artists, Performers, and Athletes",12620.0,-22.29064039408867
13-1031,3.4875,2.6,0.8874999999999997,13-1031,"Claims Adjusters, Examiners, and Investigators",287150.0,"Claims Adjusters, Examiners, and Investigators",324230.0,12.913111614138954
13-1032,2.865,2.3183333333333334,0.5466666666666669,13-1032,"Insurance Appraisers, Auto Damage",13220.0,"Insurance Appraisers, Auto Damage",11560.0,-12.556732223903177
13-1041,2.932857142857143,2.4873809523809522,0.4454761904761906,13-1041,Compliance Officers,327360.0,Compliance Officers,417070.0,27.404081133919846
13-1051,3.6550000000000002,2.4250000000000003,1.23,13-1051,Cost Estimators,199360.0,Cost Estimators,224220.0,12.469903691813803
13-1071,2.6875,1.8150000000000002,0.8724999999999998,13-1071,Human Resources Specialists,647810.0,Human Resources Specialists,912430.0,40.84839690650036
13-1074,3.55,2.705,0.8449999999999998,13-1074,Farm Labor Contractors,,Farm Labor Contractors,310.0,
13-1075,2.585,2.0083333333333333,0.5766666666666667,13-1075,Labor Relations Specialists,70050.0,Labor Relations Specialists,64810.0,-7.4803711634546755
13-1081,3.376666666666667,2.6594444444444445,0.7172222222222224,13-1081,Logisticians,184230.0,Logisticians,251040.0,36.2644520436411
13-1111,3.3525,2.39,0.9624999999999999,13-1111,Management Analysts,734000.0,Management Analysts,898280.0,22.381471389645778
13-1121,3.06,2.526666666666667,0.5333333333333332,13-1121,"Meeting, Convention, and Event Planners",109800.0,"Meeting, Convention, and Event Planners",142860.0,30.10928961748634
13-1131,3.105,1.9633333333333332,1.1416666666666668,13-1131,Fundraisers,82140.0,Fundraisers,111040.0,35.18383248112978
13-1141,3.31,2.04,1.27,13-1141,"Compensation, Benefits, and Job Analysis Specialists",87870.0,"Compensation, Benefits, and Job Analysis Specialists",112380.0,27.89347900307272
13-1151,2.545,2.0516666666666667,0.4933333333333332,13-1151,Training and Development Specialists,318040.0,Training and Development Specialists,458300.0,44.101370896742544
13-1161,2.9925,1.5233333333333334,1.4691666666666667,13-1161,Market Research Analysts and Marketing Specialists,690160.0,Market Research Analysts and Marketing Specialists,899580.0,30.343688420076504
13-2011,3.56,1.7533333333333332,1.8066666666666669,13-2011,Accountants and Auditors,1274620.0,Accountants and Auditors,1449500.0,13.720167579356984
13-2031,3.7975,1.6833333333333333,2.1141666666666667,13-2031,Budget Analysts,49260.0,Budget Analysts,47160.0,-4.263093788063337
13-2041,3.5625,1.6583333333333332,1.9041666666666668,13-2041,Credit Analysts,72090.0,Credit Analysts,64390.0,-10.681093078096824
13-2052,3.3200000000000003,1.8583333333333334,1.461666666666667,13-2052,Personal Financial Advisors,218050.0,Personal Financial Advisors,266800.0,22.35725750974547
13-2053,2.9,1.95,0.95,13-2053,Insurance Underwriters,101790.0,Insurance Underwriters,105420.0,3.566165635131152
13-2061,3.0875,1.45,1.6375,13-2061,Financial Examiners,68210.0,Financial Examiners,67830.0,-0.5571030640668524
13-2071,3.3775,2.2449999999999997,1.1325000000000003,13-2071,Credit Counselors,30770.0,Credit Counselors,27770.0,-9.749756256093598
13-2072,3.2775,2.078333333333333,1.1991666666666667,13-2072,Loan Officers,308700.0,Loan Officers,274330.0,-11.133786848072562
13-2081,3.4525,2.058333333333333,1.394166666666667,13-2081,"Tax Examiners and Collectors, and Revenue Agents",53150.0,"Tax Examiners and Collectors, and Revenue Agents",56610.0,6.509877704609596
13-2082,3.55,1.7283333333333335,1.8216666666666663,13-2082,Tax Preparers,62600.0,Tax Preparers,76480.0,22.17252396166134
15-1211,3.14875,1.9591666666666667,1.1895833333333334,15-1211,Computer Systems Analysts,574450.0,Computer Systems Analysts,519530.0,-9.560449125250239
15-1212,3.05,2.07,0.98,15-1212,Information Security Analysts,138000.0,Information Security Analysts,190650.0,38.15217391304348
15-1221,3.3475,1.89,1.4575000000000002,15-1221,Computer and Information Research Scientists,30220.0,Computer and Information Research Scientists,37200.0,23.097286565188615
15-1231,3.0250000000000004,2.013333333333333,1.0116666666666672,15-1231,Computer Network Support Specialists,184220.0,Computer Network Support Specialists,146190.0,-20.64379546194767
15-1232,3.25,2.5116666666666667,0.7383333333333333,15-1232,Computer User Support Specialists,634820.0,Computer User Support Specialists,717190.0,12.975331590057024
15-1241,3.195,2.4933333333333336,0.7016666666666662,15-1241,Computer Network Architects,159350.0,Computer Network Architects,179740.0,12.795732663947284
15-1244,2.94,1.8833333333333335,1.0566666666666664,15-1244,Network and Computer Systems Administrators,339560.0,Network and Computer Systems Administrators,314340.0,-7.427258805513016
15-1251,3.4025,1.6766666666666667,1.725833333333333,15-1251,Computer Programmers,178140.0,Computer Programmers,92230.0,-48.226114292129786
15-1299,3.091666666666667,2.020185185185185,1.0714814814814817,15-1299,"Computer Occupations, All Other",362580.0,"Computer Occupations, All Other",435370.0,20.075569529483147
15-2011,3.7725,1.4100000000000001,2.3625,15-2011,Actuaries,22480.0,Actuaries,26670.0,18.63879003558719
15-2021,3.0374999999999996,1.45,1.5874999999999997,15-2021,Mathematicians,2460.0,Mathematicians,2030.0,-17.479674796747968
15-2031,3.245,1.7783333333333333,1.4666666666666668,15-2031,Operations Research Analysts,96220.0,Operations Research Analysts,108510.0,12.772812305134067
15-2041,3.2350000000000003,1.5250000000000001,1.7100000000000002,15-2041,Statisticians,38860.0,Statisticians,29030.0,-25.295934122490994
17-1011,3.215,3.2733333333333334,-0.05833333333333357,17-1011,"Architects, Except Landscape and Naval",103900.0,"Architects, Except Landscape and Naval",106770.0,2.7622714148219445
17-1012,2.865,2.986666666666667,-0.12166666666666659,17-1012,Landscape Architects,20730.0,Landscape Architects,19600.0,-5.451037144235408
17-1021,2.8575,2.0116666666666667,0.8458333333333332,17-1021,Cartographers and Photogrammetrists,12600.0,Cartographers and Photogrammetrists,14260.0,13.174603174603176
17-1022,3.4450000000000003,2.5116666666666667,0.9333333333333336,17-1022,Surveyors,43710.0,Surveyors,50830.0,16.289178677648135
17-2011,3.0675,2.231666666666667,0.835833333333333,17-2011,Aerospace Engineers,60630.0,Aerospace Engineers,67710.0,11.677387431964375
17-2021,3.495,2.8349999999999995,0.6600000000000006,17-2021,Agricultural Engineers,1440.0,Agricultural Engineers,1480.0,2.7777777777777777
17-2031,3.3375,2.2133333333333334,1.1241666666666665,17-2031,Bioengineers and Biomedical Engineers,18660.0,Bioengineers and Biomedical Engineers,23480.0,25.830653804930332
17-2041,2.9775,2.233333333333333,0.7441666666666671,17-2041,Chemical Engineers,25770.0,Chemical Engineers,21070.0,-18.23826154443151
17-2051,3.2458333333333336,3.0011111111111113,0.24472222222222229,17-2051,Civil Engineers,300850.0,Civil Engineers,367840.0,22.26691042047532
17-2061,3.2649999999999997,1.7616666666666667,1.503333333333333,17-2061,Computer Hardware Engineers,64710.0,Computer Hardware Engineers,76660.0,18.46700664503168
17-2071,3.4,2.5283333333333333,0.8716666666666666,17-2071,Electrical Engineers,185220.0,Electrical Engineers,198750.0,7.304826692581795
17-2072,3.20625,2.2883333333333336,0.9179166666666663,17-2072,"Electronics Engineers, Except Computer",122320.0,"Electronics Engineers, Except Computer",96900.0,-20.781556572923478
17-2081,3.2825,2.873333333333333,0.4091666666666671,17-2081,Environmental Engineers,50260.0,Environmental Engineers,38340.0,-23.716673298846
17-2111,3.0825,3.1758333333333333,-0.09333333333333327,17-2111,"Health and Safety Engineers, Except Mining Safety Engineers and Inspectors",23780.0,"Health and Safety Engineers, Except Mining Safety Engineers and Inspectors",21450.0,-9.798149705634987
17-2112,3.0681249999999998,2.5883333333333334,0.4797916666666664,17-2112,Industrial Engineers,290190.0,Industrial Engineers,365740.0,26.034666942348117
17-2121,3.0925000000000002,3.1633333333333336,-0.0708333333333333,17-2121,Marine Engineers and Naval Architects,8700.0,Marine Engineers and Naval Architects,8250.0,-5.172413793103448
17-2131,3.1075,2.1216666666666666,0.9858333333333333,17-2131,Materials Engineers,24740.0,Materials Engineers,22770.0,-7.9628132578819715
17-2141,3.144166666666667,2.5716666666666668,0.5725000000000002,17-2141,Mechanical Engineers,293960.0,Mechanical Engineers,296810.0,0.9695196625391209
17-2151,3.5125,2.4066666666666667,1.1058333333333334,17-2151,"Mining and Geological Engineers, Including Mining Safety Engineers",6270.0,"Mining and Geological Engineers, Including Mining Safety Engineers",6080.0,-3.0303030303030303
17-2161,3.1,2.6750000000000003,0.4249999999999998,17-2161,Nuclear Engineers,15700.0,Nuclear Engineers,15280.0,-2.67515923566879
17-2171,3.505,2.0966666666666667,1.4083333333333332,17-2171,Petroleum Engineers,27850.0,Petroleum Engineers,18060.0,-35.152603231597844
17-2199,3.2165625,2.3858333333333333,0.830729166666667,17-2199,"Engineers, All Other",152380.0,"Engineers, All Other",154070.0,1.109069431683948
17-3011,2.9525,2.69,0.2625000000000002,17-3011,Architectural and Civil Drafters,99180.0,Architectural and Civil Drafters,103700.0,4.557370437588223
17-3012,3.2125,2.3583333333333334,0.8541666666666665,17-3012,Electrical and Electronics Drafters,23020.0,Electrical and Electronics Drafters,17920.0,-22.15464813205908
17-3013,2.8875,2.316666666666667,0.5708333333333333,17-3013,Mechanical Drafters,51620.0,Mechanical Drafters,39960.0,-22.5881441301821
17-3021,3.11,2.5883333333333334,0.5216666666666665,17-3021,Aerospace Engineering and Operations Technologists and Technicians,11900.0,Aerospace Engineering and Operations Technologists and Technicians,11280.0,-5.2100840336134455
17-3022,3.46,3.14,0.31999999999999984,17-3022,Civil Engineering Technologists and Technicians,67270.0,Civil Engineering Technologists and Technicians,68520.0,1.8581834398691839
17-3023,2.885,2.4083333333333337,0.47666666666666613,17-3023,Electrical and Electronic Engineering Technologists and Technicians,115270.0,Electrical and Electronic Engineering Technologists and Technicians,95130.0,-17.472022208727335
17-3024,2.8775,2.250833333333333,0.6266666666666669,17-3024,Electro-Mechanical and Mechatronics Technologists and Technicians,13160.0,Electro-Mechanical and Mechatronics Technologists and Technicians,15520.0,17.933130699088146
17-3025,2.725,2.7183333333333337,0.0066666666666663765,17-3025,Environmental Engineering Technologists and Technicians,17070.0,Environmental Engineering Technologists and Technicians,12190.0,-28.588166373755126
17-3026,3.31875,2.4683333333333333,0.8504166666666668,17-3026,Industrial Engineering Technologists and Technicians,62980.0,Industrial Engineering Technologists and Technicians,75570.0,19.99047316608447
17-3027,3.125,2.5966666666666667,0.5283333333333333,17-3027,Mechanical Engineering Technologists and Technicians,39880.0,Mechanical Engineering Technologists and Technicians,36190.0,-9.252758274824474
17-3031,3.01,2.43,0.5799999999999996,17-3031,Surveying and Mapping Technicians,53370.0,Surveying and Mapping Technicians,58010.0,8.694022859284242
19-1011,3.085,2.1483333333333334,0.9366666666666665,19-1011,Animal Scientists,2680.0,Animal Scientists,3100.0,15.671641791044777
19-1012,3.12,2.275,0.8450000000000002,19-1012,Food Scientists and Technologists,13080.0,Food Scientists and Technologists,13060.0,-0.1529051987767584
19-1013,3.2024999999999997,2.2866666666666666,0.915833333333333,19-1013,Soil and Plant Scientists,13950.0,Soil and Plant Scientists,15730.0,12.759856630824373
19-1021,2.925,1.7916666666666667,1.133333333333333,19-1021,Biochemists and Biophysicists,32010.0,Biochemists and Biophysicists,33830.0,5.685723211496407
19-1022,2.98,2.138333333333333,0.8416666666666668,19-1022,Microbiologists,19710.0,Microbiologists,18940.0,-3.9066463723997966
19-1023,2.93,2.145,0.7850000000000001,19-1023,Zoologists and Wildlife Biologists,17200.0,Zoologists and Wildlife Biologists,18120.0,5.348837209302325
19-1029,2.92625,1.7354166666666666,1.1908333333333334,19-1029,"Biological Scientists, All Other",41680.0,"Biological Scientists, All Other",55850.0,33.99712092130518
19-1031,2.7433333333333336,2.342777777777778,0.40055555555555555,19-1031,Conservation Scientists,22020.0,Conservation Scientists,25950.0,17.847411444141688
19-1032,3.3125,2.5233333333333334,0.7891666666666666,19-1032,Foresters,9360.0,Foresters,10430.0,11.431623931623932
19-1041,3.0999999999999996,1.8499999999999999,1.2499999999999998,19-1041,Epidemiologists,7500.0,Epidemiologists,12090.0,61.199999999999996
19-1042,2.515,1.6383333333333334,0.8766666666666667,19-1042,"Medical Scientists, Except Epidemiologists",126110.0,"Medical Scientists, Except Epidemiologists",172340.0,36.658472761874556
19-2011,3.2475,1.6583333333333332,1.5891666666666668,19-2011,Astronomers,1910.0,Astronomers,2120.0,10.99476439790576
19-2012,3.16,1.7566666666666666,1.4033333333333335,19-2012,Physicists,16160.0,Physicists,20430.0,26.423267326732674
19-2021,3.2350000000000003,1.8033333333333335,1.4316666666666669,19-2021,Atmospheric and Space Scientists,10210.0,Atmospheric and Space Scientists,10000.0,-2.056807051909892
19-2031,3.13,2.0749999999999997,1.0550000000000002,19-2031,Chemists,82940.0,Chemists,82770.0,-0.20496744634675668
19-2032,3.11,2.155,0.9550000000000001,19-2032,Materials Scientists,6930.0,Materials Scientists,8470.0,22.22222222222222
19-2041,2.881875,2.13125,0.7506249999999999,19-2041,"Environmental Scientists and Specialists, Including Health",84610.0,"Environmental Scientists and Specialists, Including Health",89250.0,5.483985344521924
19-2042,2.9925,2.183333333333333,0.809166666666667,19-2042,"Geoscientists, Except Hydrologists and Geographers",27890.0,"Geoscientists, Except Hydrologists and Geographers",23470.0,-15.847974184295447
19-2043,2.8899999999999997,1.9416666666666667,0.948333333333333,19-2043,Hydrologists,6170.0,Hydrologists,5850.0,-5.186385737439222
19-2099,3.2,2.0850000000000004,1.1149999999999998,19-2099,"Physical Scientists, All Other",19050.0,"Physical Scientists, All Other",22300.0,17.060367454068242
19-3011,3.685,1.3958333333333333,2.2891666666666666,19-3011,Economists,17520.0,Economists,17790.0,1.5410958904109588
19-3022,3.185,1.7266666666666666,1.4583333333333335,19-3022,Survey Researchers,10350.0,Survey Researchers,8290.0,-19.903381642512077
19-3032,2.9325,1.9283333333333335,1.0041666666666667,19-3032,Industrial-Organizational Psychologists,780.0,Industrial-Organizational Psychologists,790.0,1.282051282051282
19-3039,2.9250000000000003,2.3816666666666664,0.5433333333333339,19-3039,"Psychologists, All Other",14960.0,"Psychologists, All Other",18820.0,25.802139037433154
19-3041,2.7425,1.545,1.1975000000000002,19-3041,Sociologists,2470.0,Sociologists,2260.0,-8.502024291497975
19-3051,2.77,2.486666666666667,0.2833333333333332,19-3051,Urban and Regional Planners,38190.0,Urban and Regional Planners,44230.0,15.815658549358472
19-3091,2.475,1.6583333333333332,0.8166666666666669,19-3091,Anthropologists and Archeologists,7180.0,Anthropologists and Archeologists,8990.0,25.20891364902507
19-3092,2.8575,1.845,1.0125,19-3092,Geographers,1450.0,Geographers,1400.0,-3.4482758620689653
19-3093,2.495,2.0166666666666666,0.4783333333333335,19-3093,Historians,2770.0,Historians,3450.0,24.548736462093864
19-3094,2.8049999999999997,1.4883333333333333,1.3166666666666664,19-3094,Political Scientists,6010.0,Political Scientists,5540.0,-7.820299500831947
19-3099,3.18,2.515,0.665,19-3099,"Social Scientists and Related Workers, All Other",34570.0,"Social Scientists and Related Workers, All Other",37100.0,7.318484234885739
19-4021,2.7025,1.8766666666666667,0.8258333333333334,19-4021,Biological Technicians,80640.0,Biological Technicians,69620.0,-13.665674603174601
19-4031,2.6475,1.8366666666666667,0.8108333333333333,19-4031,Chemical Technicians,63490.0,Chemical Technicians,57540.0,-9.371554575523705
19-4042,2.85,2.5083333333333333,0.3416666666666668,19-4042,"Environmental Science and Protection Technicians, Including Health",31860.0,"Environmental Science and Protection Technicians, Including Health",34670.0,8.819836785938481
19-4051,2.5975,2.4125,0.18500000000000005,19-4051,Nuclear Technicians,6160.0,Nuclear Technicians,6470.0,5.032467532467533
19-4061,2.975,1.7316666666666667,1.2433333333333334,19-4061,Social Science Research Assistants,35330.0,Social Science Research Assistants,30640.0,-13.274837248797056
19-4071,2.8125,2.8699999999999997,-0.05749999999999966,19-4071,Forest and Conservation Technicians,30150.0,Forest and Conservation Technicians,30410.0,0.8623548922056384
19-4092,2.5324999999999998,2.4033333333333333,0.12916666666666643,19-4092,Forensic Science Technicians,16640.0,Forensic Science Technicians,19120.0,14.903846153846153
19-4099,3.0949999999999998,2.0925,1.0025,19-4099,"Life, Physical, and Social Science Technicians, All Other",62080.0,"Life, Physical, and Social Science Technicians, All Other",73910.0,19.056056701030926
19-5011,3.0975,3.043333333333333,0.05416666666666714,19-5011,Occupational Health and Safety Specialists,95960.0,Occupational Health and Safety Specialists,140610.0,46.52980408503543
19-5012,3.0575,3.151666666666667,-0.09416666666666673,19-5012,Occupational Health and Safety Technicians,20950.0,Occupational Health and Safety Technicians,30590.0,46.014319809069214
21-1012,2.2975,2.395,-0.09750000000000014,21-1012,"Educational, Guidance, and Career Counselors and Advisors",292230.0,"Educational, Guidance, and Career Counselors and Advisors",353310.0,20.901344831126167
21-1013,2.3075,2.3383333333333334,-0.030833333333333268,21-1013,Marriage and Family Therapists,60850.0,Marriage and Family Therapists,66740.0,9.679539852095315
21-1015,2.4875,2.4816666666666665,0.005833333333333357,21-1015,Rehabilitation Counselors,100260.0,Rehabilitation Counselors,94740.0,-5.505685218432077
21-1021,2.6774999999999998,2.585,0.0924999999999998,21-1021,"Child, Family, and School Social Workers",328120.0,"Child, Family, and School Social Workers",392550.0,19.636108740704618
21-1022,2.38,2.6633333333333336,-0.28333333333333366,21-1022,Healthcare Social Workers,176110.0,Healthcare Social Workers,187630.0,6.541366191584805
21-1023,2.195,2.658333333333333,-0.4633333333333334,21-1023,Mental Health and Substance Abuse Social Workers,116780.0,Mental Health and Substance Abuse Social Workers,132810.0,13.72666552491865
21-1091,3.3525,2.705,0.6475,21-1091,Health Education Specialists,57920.0,Health Education Specialists,65690.0,13.415055248618785
21-1092,2.5300000000000002,2.6666666666666665,-0.13666666666666627,21-1092,Probation Officers and Correctional Treatment Specialists,90070.0,Probation Officers and Correctional Treatment Specialists,89390.0,-0.7549683579438216
21-1093,2.5475,2.4533333333333336,0.09416666666666629,21-1093,Social and Human Service Assistants,399920.0,Social and Human Service Assistants,437860.0,9.486897379475895
21-1094,2.65,2.6733333333333333,-0.023333333333333428,21-1094,Community Health Workers,58670.0,Community Health Workers,61660.0,5.0963013465144025
21-2011,2.8200000000000003,2.763333333333333,0.05666666666666709,21-2011,Clergy,52260.0,Clergy,57200.0,9.45273631840796
21-2021,2.44,2.555,-0.11500000000000021,21-2021,"Directors, Religious Activities and Education",19860.0,"Directors, Religious Activities and Education",22160.0,11.581067472306144
23-1011,2.69,1.9116666666666668,0.7783333333333331,23-1011,Lawyers,658120.0,Lawyers,754500.0,14.644745639093173
23-1012,2.4525,1.5616666666666668,0.8908333333333334,23-1012,Judicial Law Clerks,14690.0,Judicial Law Clerks,13290.0,-9.530292716133424
23-1021,2.4625,1.6266666666666667,0.8358333333333332,23-1021,"Administrative Law Judges, Adjudicators, and Hearing Officers",14570.0,"Administrative Law Judges, Adjudicators, and Hearing Officers",16370.0,12.354152367879204
23-1022,2.5075000000000003,2.0316666666666667,0.47583333333333355,23-1022,"Arbitrators, Mediators, and Conciliators",5810.0,"Arbitrators, Mediators, and Conciliators",9210.0,58.519793459552496
23-1023,2.25,2.17,0.08000000000000007,23-1023,"Judges, Magistrate Judges, and Magistrates",28550.0,"Judges, Magistrate Judges, and Magistrates",24030.0,-15.831873905429072
23-2011,3.3075,1.9033333333333333,1.4041666666666668,23-2011,Paralegals and Legal Assistants,332720.0,Paralegals and Legal Assistants,392880.0,18.08126953594614
23-2093,3.0475,1.74,1.3074999999999999,23-2093,"Title Examiners, Abstractors, and Searchers",54960.0,"Title Examiners, Abstractors, and Searchers",48580.0,-11.60844250363901
25-1011,3.6624999999999996,2.0366666666666666,1.625833333333333,25-1011,"Business Teachers, Postsecondary",79810.0,"Business Teachers, Postsecondary",82150.0,2.931963413106127
25-1021,3.8075,2.4983333333333335,1.3091666666666666,25-1021,"Computer Science Teachers, Postsecondary",32230.0,"Computer Science Teachers, Postsecondary",35480.0,10.083772882407695
25-1022,3.005,1.675,1.3299999999999998,25-1022,"Mathematical Science Teachers, Postsecondary",49550.0,"Mathematical Science Teachers, Postsecondary",47670.0,-3.794147325933401
25-1031,2.9375,2.936666666666667,0.0008333333333330195,25-1031,"Architecture Teachers, Postsecondary",6910.0,"Architecture Teachers, Postsecondary",7700.0,11.432706222865413
25-1032,3.665,2.236666666666667,1.4283333333333332,25-1032,"Engineering Teachers, Postsecondary",38520.0,"Engineering Teachers, Postsecondary",40270.0,4.543094496365525
25-1041,3.0999999999999996,2.6166666666666667,0.48333333333333295,25-1041,"Agricultural Sciences Teachers, Postsecondary",8520.0,"Agricultural Sciences Teachers, Postsecondary",8920.0,4.694835680751173
25-1042,3.2425,2.018333333333333,1.224166666666667,25-1042,"Biological Science Teachers, Postsecondary",51500.0,"Biological Science Teachers, Postsecondary",50190.0,-2.5436893203883497
25-1043,3.375,2.1983333333333333,1.1766666666666667,25-1043,"Forestry and Conservation Science Teachers, Postsecondary",1460.0,"Forestry and Conservation Science Teachers, Postsecondary",1520.0,4.10958904109589
25-1051,3.005,2.105,0.8999999999999999,25-1051,"Atmospheric, Earth, Marine, and Space Sciences Teachers, Postsecondary",11750.0,"Atmospheric, Earth, Marine, and Space Sciences Teachers, Postsecondary",9900.0,-15.74468085106383
25-1052,3.15,2.276666666666667,0.8733333333333331,25-1052,"Chemistry Teachers, Postsecondary",21530.0,"Chemistry Teachers, Postsecondary",19980.0,-7.199256850905712
25-1053,3.225,2.3233333333333337,0.9016666666666664,25-1053,"Environmental Science Teachers, Postsecondary",5860.0,"Environmental Science Teachers, Postsecondary",6690.0,14.163822525597269
25-1054,3.21,2.1999999999999997,1.0100000000000002,25-1054,"Physics Teachers, Postsecondary",13670.0,"Physics Teachers, Postsecondary",13090.0,-4.242867593269934
25-1061,2.6475,1.9400000000000002,0.7074999999999998,25-1061,"Anthropology and Archeology Teachers, Postsecondary",5590.0,"Anthropology and Archeology Teachers, Postsecondary",5240.0,-6.261180679785331
25-1062,2.5125,1.7883333333333333,0.7241666666666668,25-1062,"Area, Ethnic, and Cultural Studies Teachers, Postsecondary",9960.0,"Area, Ethnic, and Cultural Studies Teachers, Postsecondary",11300.0,13.453815261044177
25-1063,3.5300000000000002,1.6816666666666666,1.8483333333333336,25-1063,"Economics Teachers, Postsecondary",13080.0,"Economics Teachers, Postsecondary",11560.0,-11.62079510703364
25-1064,2.5625,1.5966666666666667,0.9658333333333333,25-1064,"Geography Teachers, Postsecondary",3720.0,"Geography Teachers, Postsecondary",3330.0,-10.483870967741936
25-1065,2.5225,1.6283333333333332,0.8941666666666668,25-1065,"Political Science Teachers, Postsecondary",15130.0,"Political Science Teachers, Postsecondary",16970.0,12.161269001982816
25-1066,2.965,2.0616666666666665,0.9033333333333333,25-1066,"Psychology Teachers, Postsecondary",36520.0,"Psychology Teachers, Postsecondary",41530.0,13.718510405257392
25-1067,3.085,2.0433333333333334,1.0416666666666665,25-1067,"Sociology Teachers, Postsecondary",13420.0,"Sociology Teachers, Postsecondary",11850.0,-11.698956780923995
25-1071,3.245,2.533333333333333,0.7116666666666669,25-1071,"Health Specialties Teachers, Postsecondary",200040.0,"Health Specialties Teachers, Postsecondary",221270.0,10.612877424515096
25-1072,3.1100000000000003,2.545,0.5650000000000004,25-1072,"Nursing Instructors and Teachers, Postsecondary",61100.0,"Nursing Instructors and Teachers, Postsecondary",77960.0,27.594108019639936
25-1081,2.63,1.9533333333333331,0.6766666666666667,25-1081,"Education Teachers, Postsecondary",57560.0,"Education Teachers, Postsecondary",60830.0,5.681028492008339
25-1082,2.8449999999999998,1.9799999999999998,0.865,25-1082,"Library Science Teachers, Postsecondary",4230.0,"Library Science Teachers, Postsecondary",3630.0,-14.184397163120568
25-1111,2.95,2.65,0.30000000000000027,25-1111,"Criminal Justice and Law Enforcement Teachers, Postsecondary",14030.0,"Criminal Justice and Law Enforcement Teachers, Postsecondary",13150.0,-6.272273699215966
25-1112,2.1875,1.505,0.6825000000000001,25-1112,"Law Teachers, Postsecondary",14930.0,"Law Teachers, Postsecondary",20060.0,34.36034829202947
25-1113,2.83,2.305,0.5249999999999999,25-1113,"Social Work Teachers, Postsecondary",13580.0,"Social Work Teachers, Postsecondary",12610.0,-7.142857142857142
25-1121,2.5525,2.275,0.2775000000000003,25-1121,"Art, Drama, and Music Teachers, Postsecondary",91170.0,"Art, Drama, and Music Teachers, Postsecondary",93560.0,2.6214763628386533
25-1122,2.76,1.9433333333333334,0.8166666666666664,25-1122,"Communications Teachers, Postsecondary",28430.0,"Communications Teachers, Postsecondary",29420.0,3.482237073513894
25-1123,2.5075,2.0733333333333333,0.4341666666666666,25-1123,"English Language and Literature Teachers, Postsecondary",64800.0,"English Language and Literature Teachers, Postsecondary",57720.0,-10.925925925925926
25-1124,2.1774999999999998,1.4283333333333335,0.7491666666666663,25-1124,"Foreign Language and Literature Teachers, Postsecondary",22790.0,"Foreign Language and Literature Teachers, Postsecondary",19830.0,-12.988152698551996
25-1125,2.635,1.86,0.7749999999999997,25-1125,"History Teachers, Postsecondary",20450.0,"History Teachers, Postsecondary",18790.0,-8.117359413202934
25-1126,2.19,1.6183333333333334,0.5716666666666665,25-1126,"Philosophy and Religion Teachers, Postsecondary",22900.0,"Philosophy and Religion Teachers, Postsecondary",20460.0,-10.655021834061134
25-1192,3.09,2.345,0.7449999999999997,25-1192,"Family and Consumer Sciences Teachers, Postsecondary",2270.0,"Family and Consumer Sciences Teachers, Postsecondary",2770.0,22.026431718061673
25-1193,3.02,2.4683333333333333,0.5516666666666667,25-1193,"Recreation and Fitness Studies Teachers, Postsecondary",14730.0,"Recreation and Fitness Studies Teachers, Postsecondary",12630.0,-14.25661914460285
25-1194,3.3875,2.9933333333333336,0.39416666666666655,25-1194,"Career/Technical Education Teachers, Postsecondary",105830.0,"Career/Technical Education Teachers, Postsecondary",114110.0,7.8238684682982145
25-2011,2.0475,2.2216666666666667,-0.1741666666666668,25-2011,"Preschool Teachers, Except Special Education",370940.0,"Preschool Teachers, Except Special Education",478780.0,29.072087129994067
25-2012,2.9925,2.3766666666666665,0.6158333333333337,25-2012,"Kindergarten Teachers, Except Special Education",120080.0,"Kindergarten Teachers, Except Special Education",108870.0,-9.335443037974683
25-2021,2.9699999999999998,2.4433333333333334,0.5266666666666664,25-2021,"Elementary School Teachers, Except Special Education",1364870.0,"Elementary School Teachers, Except Special Education",1388390.0,1.7232410412713297
25-2022,2.8325,2.1083333333333334,0.7241666666666666,25-2022,"Middle School Teachers, Except Special and Career/Technical Education",599520.0,"Middle School Teachers, Except Special and Career/Technical Education",620090.0,3.431078195890045
25-2023,3.2199999999999998,2.4099999999999997,0.81,25-2023,"Career/Technical Education Teachers, Middle School",11670.0,"Career/Technical Education Teachers, Middle School",16870.0,44.558697514995714
25-2031,2.6399999999999997,2.2416666666666667,0.398333333333333,25-2031,"Secondary School Teachers, Except Special and Career/Technical Education",991000.0,"Secondary School Teachers, Except Special and Career/Technical Education",1065210.0,7.488395560040363
25-2032,2.975,2.585,0.3900000000000001,25-2032,"Career/Technical Education Teachers, Secondary School",73530.0,"Career/Technical Education Teachers, Secondary School",111420.0,51.52998776009792
25-2051,2.6325000000000003,2.42,0.21250000000000036,25-2051,"Special Education Teachers, Preschool",20300.0,"Special Education Teachers, Preschool",29510.0,45.36945812807882
25-2057,3.0325,2.375,0.6575000000000002,25-2057,"Special Education Teachers, Middle School",80110.0,"Special Education Teachers, Middle School",95200.0,18.836599675446262
25-2058,3.135,2.7116666666666664,0.42333333333333334,25-2058,"Special Education Teachers, Secondary School",142500.0,"Special Education Teachers, Secondary School",163930.0,15.03859649122807
25-2059,2.3850000000000002,2.2816666666666667,0.1033333333333335,25-2059,"Special Education Teachers, All Other",32950.0,"Special Education Teachers, All Other",33930.0,2.974203338391502
25-3011,2.4375,1.8083333333333333,0.6291666666666667,25-3011,"Adult Basic Education, Adult Secondary Education, and English as a Second Language Instructors",42910.0,"Adult Basic Education, Adult Secondary Education, and English as a Second Language Instructors",37310.0,-13.050570962479608
25-3021,2.0375,1.86,0.1775,25-3021,Self-Enrichment Teachers,222700.0,Self-Enrichment Teachers,332110.0,49.12887292321509
25-3031,2.3375,2.0733333333333337,0.2641666666666662,25-3031,"Substitute Teachers, Short-Term",512030.0,"Substitute Teachers, Short-Term",524770.0,2.488135460812843
25-4011,2.94,2.0866666666666664,0.8533333333333335,25-4011,Archivists,6550.0,Archivists,7970.0,21.679389312977097
25-4012,2.6,1.9566666666666668,0.6433333333333333,25-4012,Curators,11750.0,Curators,12150.0,3.404255319148936
25-4013,2.5949999999999998,2.105,0.48999999999999977,25-4013,Museum Technicians and Conservators,11930.0,Museum Technicians and Conservators,12310.0,3.1852472757753563
25-4022,2.935,2.171666666666667,0.7633333333333332,25-4022,Librarians and Media Collections Specialists,135070.0,Librarians and Media Collections Specialists,133790.0,-0.9476567705634116
25-4031,2.7975,1.9833333333333332,0.8141666666666667,25-4031,Library Technicians,89070.0,Library Technicians,68690.0,-22.880880206579096
25-9021,2.98,2.361666666666667,0.6183333333333332,25-9021,Farm and Home Management Educators,8090.0,Farm and Home Management Educators,8220.0,1.6069221260815822
25-9031,3.18,2.3666666666666667,0.8133333333333335,25-9031,Instructional Coordinators,174900.0,Instructional Coordinators,227760.0,30.222984562607202
25-9044,2.6825,1.8066666666666666,0.8758333333333335,25-9044,"Teaching Assistants, Postsecondary",138740.0,"Teaching Assistants, Postsecondary",164090.0,18.271587141415598
27-1011,2.685,1.9033333333333333,0.7816666666666667,27-1011,Art Directors,40950.0,Art Directors,53070.0,29.5970695970696
27-1012,2.4525,2.0216666666666665,0.4308333333333336,27-1012,Craft Artists,4090.0,Craft Artists,4580.0,11.98044009779951
27-1013,3.04,2.228333333333333,0.811666666666667,27-1013,"Fine Artists, Including Painters, Sculptors, and Illustrators",11070.0,"Fine Artists, Including Painters, Sculptors, and Illustrators",11220.0,1.3550135501355014
27-1014,3.0175,1.8433333333333335,1.1741666666666666,27-1014,Special Effects Artists and Animators,26460.0,Special Effects Artists and Animators,19970.0,-24.5275888133031
27-1021,3.2,2.441666666666667,0.7583333333333333,27-1021,Commercial and Industrial Designers,30100.0,Commercial and Industrial Designers,33490.0,11.262458471760798
27-1022,2.3249999999999997,1.6450000000000002,0.6799999999999995,27-1022,Fashion Designers,21050.0,Fashion Designers,21450.0,1.9002375296912115
27-1023,2.685,2.245,0.43999999999999995,27-1023,Floral Designers,36810.0,Floral Designers,40590.0,10.268948655256724
27-1024,2.955,1.8783333333333332,1.0766666666666669,27-1024,Graphic Designers,201440.0,Graphic Designers,197830.0,-1.7920969023034152
27-1025,3.08,2.983333333333334,0.09666666666666623,27-1025,Interior Designers,59170.0,Interior Designers,71500.0,20.83826263309109
27-1026,2.3425000000000002,2.0716666666666668,0.2708333333333335,27-1026,Merchandise Displayers and Window Trimmers,134660.0,Merchandise Displayers and Window Trimmers,165220.0,22.69419278182088
27-1027,2.8225,2.348333333333333,0.4741666666666666,27-1027,Set and Exhibit Designers,10980.0,Set and Exhibit Designers,10630.0,-3.1876138433515484
27-2011,1.7325,1.5633333333333332,0.1691666666666667,27-2011,Actors,44460.0,Actors,55000.0,23.706702654071073
27-2012,2.81375,2.0016666666666665,0.8120833333333337,27-2012,Producers and Directors,119490.0,Producers and Directors,143120.0,19.77571344882417
27-2021,2.8625,2.6183333333333336,0.2441666666666662,27-2021,Athletes and Sports Competitors,8380.0,Athletes and Sports Competitors,15070.0,79.83293556085918
27-2022,2.7474999999999996,2.5316666666666667,0.21583333333333288,27-2022,Coaches and Scouts,208180.0,Coaches and Scouts,248950.0,19.584013834181956
27-2023,1.985,1.8433333333333335,0.1416666666666666,27-2023,"Umpires, Referees, and Other Sports Officials",16590.0,"Umpires, Referees, and Other Sports Officials",15780.0,-4.882459312839059
27-2031,2.0575,2.0666666666666664,-0.009166666666666323,27-2031,Dancers,7370.0,Dancers,8130.0,10.312075983717776
27-2032,2.165,1.8683333333333334,0.29666666666666663,27-2032,Choreographers,3580.0,Choreographers,2860.0,-20.11173184357542
27-2041,2.5625,1.7383333333333333,0.8241666666666667,27-2041,Music Directors and Composers,9200.0,Music Directors and Composers,12540.0,36.30434782608696
27-2042,1.8875,1.575,0.3125,27-2042,Musicians and Singers,34770.0,Musicians and Singers,36180.0,4.055220017256255
27-3011,2.27,1.78,0.49,27-3011,Broadcast Announcers and Radio Disc Jockeys,27290.0,Broadcast Announcers and Radio Disc Jockeys,21240.0,-22.169292781238546
27-3023,2.5575,2.0883333333333334,0.46916666666666673,27-3023,"News Analysts, Reporters, and Journalists",41580.0,"News Analysts, Reporters, and Journalists",39250.0,-5.603655603655604
27-3031,2.7525,1.795,0.9575,27-3031,Public Relations Specialists,244550.0,Public Relations Specialists,283380.0,15.87814352893069
27-3041,2.7525,2.0,0.7525,27-3041,Editors,93370.0,Editors,91690.0,-1.7992931348398844
27-3042,3.18,2.3033333333333332,0.8766666666666669,27-3042,Technical Writers,48880.0,Technical Writers,45500.0,-6.914893617021277
27-3043,2.585,1.5374999999999999,1.0475,27-3043,Writers and Authors,44240.0,Writers and Authors,47940.0,8.363471971066907
27-3091,2.5425,2.1716666666666664,0.37083333333333357,27-3091,Interpreters and Translators,56920.0,Interpreters and Translators,52060.0,-8.53829936753338
27-3092,2.8775,1.7249999999999999,1.1525,27-3092,Court Reporters and Simultaneous Captioners,13880.0,Court Reporters and Simultaneous Captioners,12870.0,-7.2766570605187315
27-4011,2.74,2.4883333333333333,0.2516666666666669,27-4011,Audio and Video Technicians,62360.0,Audio and Video Technicians,70230.0,12.620269403463757
27-4012,3.27,2.4883333333333333,0.7816666666666667,27-4012,Broadcast Technicians,25960.0,Broadcast Technicians,21110.0,-18.682588597842837
27-4014,2.73,2.1233333333333335,0.6066666666666665,27-4014,Sound Engineering Technicians,10870.0,Sound Engineering Technicians,13080.0,20.3311867525299
27-4021,3.32,2.3533333333333335,0.9666666666666663,27-4021,Photographers,41600.0,Photographers,51760.0,24.423076923076923
27-4031,2.5375,2.1316666666666664,0.4058333333333337,27-4031,"Camera Operators, Television, Video, and Film",20340.0,"Camera Operators, Television, Video, and Film",21550.0,5.948869223205507
27-4032,3.035,1.985,1.05,27-4032,Film and Video Editors,22410.0,Film and Video Editors,25610.0,14.2793395805444
29-1011,3.1,2.7983333333333333,0.30166666666666675,29-1011,Chiropractors,34760.0,Chiropractors,39630.0,14.01035673187572
29-1021,2.6125,2.1933333333333334,0.41916666666666647,29-1021,"Dentists, General",95920.0,"Dentists, General",124390.0,29.680984153461214
29-1022,3.2525,2.5633333333333335,0.6891666666666665,29-1022,Oral and Maxillofacial Surgeons,4120.0,Oral and Maxillofacial Surgeons,4910.0,19.174757281553397
29-1023,2.95,2.223333333333333,0.726666666666667,29-1023,Orthodontists,5040.0,Orthodontists,6210.0,23.214285714285715
29-1024,2.6525,2.19,0.4624999999999999,29-1024,Prosthodontists,530.0,Prosthodontists,870.0,64.15094339622641
29-1031,3.0275,2.3633333333333333,0.6641666666666666,29-1031,Dietitians and Nutritionists,66330.0,Dietitians and Nutritionists,77570.0,16.945575154530378
29-1041,3.335,2.5533333333333332,0.7816666666666667,29-1041,Optometrists,36690.0,Optometrists,42790.0,16.62578359225947
29-1051,3.17,2.361666666666667,0.8083333333333331,29-1051,Pharmacists,315470.0,Pharmacists,321970.0,2.060417789330206
29-1071,2.71,2.4066666666666667,0.30333333333333323,29-1071,Physician Assistants,125280.0,Physician Assistants,162150.0,29.43007662835249
29-1081,3.2325,2.486666666666667,0.7458333333333331,29-1081,Podiatrists,9710.0,Podiatrists,9680.0,-0.30895983522142123
29-1122,2.22375,2.7691666666666666,-0.5454166666666667,29-1122,Occupational Therapists,126610.0,Occupational Therapists,162450.0,28.307400679251245
29-1123,2.715,2.8166666666666664,-0.10166666666666657,29-1123,Physical Therapists,220870.0,Physical Therapists,267330.0,21.034997962602436
29-1124,2.955,2.668333333333333,0.28666666666666707,29-1124,Radiation Therapists,17390.0,Radiation Therapists,17070.0,-1.8401380103507763
29-1125,2.52,2.936666666666667,-0.41666666666666696,29-1125,Recreational Therapists,20080.0,Recreational Therapists,14930.0,-25.647410358565736
29-1126,3.1675,3.5366666666666666,-0.36916666666666664,29-1126,Respiratory Therapists,131890.0,Respiratory Therapists,139790.0,5.989840018196983
29-1127,2.62,2.4216666666666664,0.1983333333333337,29-1127,Speech-Language Pathologists,148450.0,Speech-Language Pathologists,183390.0,23.536544291007072
29-1128,2.83,2.526666666666667,0.30333333333333323,29-1128,Exercise Physiologists,7330.0,Exercise Physiologists,8560.0,16.780354706684857
29-1129,2.3475,2.5708333333333333,-0.22333333333333316,29-1129,"Therapists, All Other",11710.0,"Therapists, All Other",22640.0,93.33902647309992
29-1131,2.995,2.4383333333333335,0.5566666666666666,29-1131,Veterinarians,73710.0,Veterinarians,83900.0,13.824447157780492
29-1141,2.811,2.6510000000000002,0.1599999999999997,29-1141,Registered Nurses,2986500.0,Registered Nurses,3379720.0,13.166582956638207
29-1151,3.14,2.7366666666666664,0.40333333333333377,29-1151,Nurse Anesthetists,41960.0,Nurse Anesthetists,51840.0,23.546234509056244
29-1161,2.6950000000000003,2.5,0.19500000000000028,29-1161,Nurse Midwives,7120.0,Nurse Midwives,7920.0,11.235955056179774
29-1171,2.7975,2.688333333333333,0.10916666666666686,29-1171,Nurse Practitioners,211280.0,Nurse Practitioners,323040.0,52.89663006436955
29-1181,3.5225,2.8066666666666666,0.7158333333333333,29-1181,Audiologists,13300.0,Audiologists,13660.0,2.706766917293233
29-1211,3.435,3.046666666666667,0.3883333333333332,29-1211,Anesthesiologists,28590.0,Anesthesiologists,38760.0,35.57187827911857
29-1215,2.7575000000000003,2.4283333333333332,0.32916666666666705,29-1215,Family Medicine Physicians,98590.0,Family Medicine Physicians,107510.0,9.04757074754032
29-1216,3.38,2.665,0.7149999999999999,29-1216,General Internal Medicine Physicians,50600.0,General Internal Medicine Physicians,67150.0,32.70750988142292
29-1218,3.1475,2.486666666666667,0.6608333333333332,29-1218,Obstetricians and Gynecologists,18900.0,Obstetricians and Gynecologists,21260.0,12.486772486772486
29-1221,2.8225000000000002,2.7100000000000004,0.11249999999999982,29-1221,"Pediatricians, General",27550.0,"Pediatricians, General",39390.0,42.976406533575314
29-1223,2.7525,2.7716666666666665,-0.019166666666666554,29-1223,Psychiatrists,25540.0,Psychiatrists,27980.0,9.553641346906813
29-1292,1.9425,2.1350000000000002,-0.19250000000000034,29-1292,Dental Hygienists,194830.0,Dental Hygienists,222740.0,14.32530924395627
29-2031,2.5825,2.3283333333333336,0.25416666666666643,29-2031,Cardiovascular Technologists and Technicians,55980.0,Cardiovascular Technologists and Technicians,62960.0,12.468738835298321
29-2032,2.5525,2.165,0.3875000000000002,29-2032,Diagnostic Medical Sonographers,73920.0,Diagnostic Medical Sonographers,90160.0,21.96969696969697
29-2033,3.135,2.5116666666666667,0.6233333333333331,29-2033,Nuclear Medicine Technologists,17510.0,Nuclear Medicine Technologists,17080.0,-2.455739577384352
29-2034,3.07,2.6533333333333333,0.4166666666666665,29-2034,Radiologic Technologists and Technicians,206720.0,Radiologic Technologists and Technicians,230490.0,11.498645510835912
29-2035,2.7225,2.5566666666666666,0.1658333333333335,29-2035,Magnetic Resonance Imaging Technologists,39270.0,Magnetic Resonance Imaging Technologists,43390.0,10.491469314998726
29-2051,3.5125,2.9716666666666662,0.5408333333333339,29-2051,Dietetic Technicians,26430.0,Dietetic Technicians,31560.0,19.409761634506243
29-2052,3.2199999999999998,2.3633333333333333,0.8566666666666665,29-2052,Pharmacy Technicians,415310.0,Pharmacy Technicians,471680.0,13.572993667380992
29-2053,2.4625,2.73,-0.26750000000000007,29-2053,Psychiatric Technicians,85330.0,Psychiatric Technicians,156960.0,83.94468533927106
29-2055,2.3625,2.348333333333333,0.01416666666666666,29-2055,Surgical Technologists,107400.0,Surgical Technologists,117460.0,9.366852886405958
29-2056,2.81,2.3733333333333335,0.43666666666666654,29-2056,Veterinary Technologists and Technicians,109490.0,Veterinary Technologists and Technicians,129140.0,17.94684446068134
29-2057,2.635,2.146666666666667,0.48833333333333284,29-2057,Ophthalmic Medical Technicians,59960.0,Ophthalmic Medical Technicians,71010.0,18.42895263509006
29-2061,2.7424999999999997,2.3116666666666665,0.4308333333333332,29-2061,Licensed Practical and Licensed Vocational Nurses,676440.0,Licensed Practical and Licensed Vocational Nurses,648410.0,-4.143752587073502
29-2081,3.4025,2.5833333333333335,0.8191666666666664,29-2081,"Opticians, Dispensing",68180.0,"Opticians, Dispensing",73530.0,7.846875916691112
29-2091,3.245,3.1833333333333336,0.061666666666666536,29-2091,Orthotists and Prosthetists,9550.0,Orthotists and Prosthetists,9390.0,-1.6753926701570683
29-2092,3.58,2.91,0.6699999999999999,29-2092,Hearing Aid Specialists,7770.0,Hearing Aid Specialists,11270.0,45.04504504504504
29-9091,2.4675,2.7616666666666667,-0.2941666666666669,29-9091,Athletic Trainers,27430.0,Athletic Trainers,30500.0,11.192125410134889
29-9092,2.81,2.381666666666667,0.42833333333333323,29-9092,Genetic Counselors,2280.0,Genetic Counselors,3740.0,64.03508771929825
31-1131,2.3449999999999998,2.7383333333333333,-0.39333333333333353,31-1131,Nursing Assistants,1371050.0,Nursing Assistants,1448910.0,5.678859268443894
31-1132,1.58,2.3783333333333334,-0.7983333333333333,31-1132,Orderlies,43570.0,Orderlies,52440.0,20.358044526050033
31-1133,2.2525,2.3466666666666667,-0.09416666666666673,31-1133,Psychiatric Aides,51550.0,Psychiatric Aides,35520.0,-31.096023278370517
31-2011,2.465,2.8766666666666665,-0.4116666666666666,31-2011,Occupational Therapy Assistants,42750.0,Occupational Therapy Assistants,51290.0,19.976608187134502
31-2012,2.6950000000000003,2.66,0.03500000000000014,31-2012,Occupational Therapy Aides,5630.0,Occupational Therapy Aides,4310.0,-23.44582593250444
31-2021,2.7,2.638333333333333,0.06166666666666698,31-2021,Physical Therapist Assistants,92740.0,Physical Therapist Assistants,112430.0,21.231399611817984
31-2022,2.445,2.638333333333333,-0.19333333333333336,31-2022,Physical Therapist Aides,45790.0,Physical Therapist Aides,48150.0,5.1539637475431315
31-9011,1.8475000000000001,2.0833333333333335,-0.23583333333333334,31-9011,Massage Therapists,85040.0,Massage Therapists,98790.0,16.168861712135467
31-9091,2.8200000000000003,2.2866666666666666,0.5333333333333337,31-9091,Dental Assistants,312140.0,Dental Assistants,387790.0,24.235919779586084
31-9092,3.185,2.5233333333333334,0.6616666666666666,31-9092,Medical Assistants,710200.0,Medical Assistants,817870.0,15.160518163897493
31-9093,2.5675,2.5366666666666666,0.030833333333333268,31-9093,Medical Equipment Preparers,56870.0,Medical Equipment Preparers,77420.0,36.13504483910673
31-9094,2.7775,1.4749999999999999,1.3025,31-9094,Medical Transcriptionists,49530.0,Medical Transcriptionists,41550.0,-16.1114476075106
31-9095,2.615,2.188333333333333,0.4266666666666672,31-9095,Pharmacy Aides,38900.0,Pharmacy Aides,39530.0,1.6195372750642671
31-9096,2.8775,2.311666666666667,0.565833333333333,31-9096,Veterinary Assistants and Laboratory Animal Caretakers,98810.0,Veterinary Assistants and Laboratory Animal Caretakers,126580.0,28.104442870154845
31-9097,2.84,2.4433333333333334,0.3966666666666665,31-9097,Phlebotomists,128020.0,Phlebotomists,143540.0,12.123105764724261
31-9099,2.4325,2.2383333333333333,0.19416666666666682,31-9099,"Healthcare Support Workers, All Other",96720.0,"Healthcare Support Workers, All Other",109740.0,13.461538461538462
33-1011,2.9625000000000004,2.891666666666667,0.0708333333333333,33-1011,First-Line Supervisors of Correctional Officers,53420.0,First-Line Supervisors of Correctional Officers,53380.0,-0.07487832272557095
33-1012,2.275,2.8049999999999997,-0.5299999999999998,33-1012,First-Line Supervisors of Police and Detectives,122310.0,First-Line Supervisors of Police and Detectives,154610.0,26.408306761507642
33-1021,3.0425,3.7216666666666662,-0.6791666666666663,33-1021,First-Line Supervisors of Firefighting and Prevention Workers,69000.0,First-Line Supervisors of Firefighting and Prevention Workers,99140.0,43.68115942028986
33-2011,2.365,3.3083333333333336,-0.9433333333333334,33-2011,Firefighters,311350.0,Firefighters,345990.0,11.125742733258392
33-2021,2.5875,3.4516666666666667,-0.8641666666666667,33-2021,Fire Inspectors and Investigators,14010.0,Fire Inspectors and Investigators,13800.0,-1.4989293361884368
33-2022,3.055,3.11,-0.054999999999999716,33-2022,Forest Fire Inspectors and Prevention Specialists,2900.0,Forest Fire Inspectors and Prevention Specialists,2780.0,-4.137931034482759
33-3011,2.205,2.3850000000000002,-0.18000000000000016,33-3011,Bailiffs,18120.0,Bailiffs,17310.0,-4.470198675496689
33-3012,2.91,2.7399999999999998,0.17000000000000037,33-3012,Correctional Officers and Jailers,405870.0,Correctional Officers and Jailers,380500.0,-6.250769950969522
33-3021,2.7675,2.43,0.3374999999999999,33-3021,Detectives and Criminal Investigators,105980.0,Detectives and Criminal Investigators,114430.0,7.973202491036045
33-3031,2.9625,3.3716666666666666,-0.4091666666666667,33-3031,Fish and Game Wardens,7230.0,Fish and Game Wardens,5770.0,-20.193637621023512
33-3041,2.325,2.1933333333333334,0.13166666666666682,33-3041,Parking Enforcement Workers,7560.0,Parking Enforcement Workers,9050.0,19.70899470899471
33-3051,2.6925,2.8891666666666667,-0.19666666666666677,33-3051,Police and Sheriff's Patrol Officers,654900.0,Police and Sheriff's Patrol Officers,670520.0,2.3850969613681476
33-3052,2.7225,3.176666666666667,-0.45416666666666705,33-3052,Transit and Railroad Police,3800.0,Transit and Railroad Police,4390.0,15.526315789473685
33-9011,2.7350000000000003,2.8633333333333333,-0.12833333333333297,33-9011,Animal Control Workers,11580.0,Animal Control Workers,12070.0,4.231433506044905
33-9021,2.9775,2.3583333333333334,0.6191666666666666,33-9021,Private Detectives and Investigators,32200.0,Private Detectives and Investigators,35580.0,10.49689440993789
33-9031,3.26,2.135,1.125,33-9031,Gambling Surveillance Officers and Gambling Investigators,8340.0,Gambling Surveillance Officers and Gambling Investigators,9520.0,14.148681055155876
33-9032,3.2350000000000003,3.376666666666667,-0.1416666666666666,33-9032,Security Guards,1054400.0,Security Guards,1283470.0,21.725151745068285
33-9091,1.415,2.1133333333333333,-0.6983333333333333,33-9091,Crossing Guards and Flaggers,85050.0,Crossing Guards and Flaggers,94360.0,10.94650205761317
33-9092,1.9825,2.611666666666667,-0.6291666666666669,33-9092,"Lifeguards, Ski Patrol, and Other Recreational Protective Service Workers",113150.0,"Lifeguards, Ski Patrol, and Other Recreational Protective Service Workers",157550.0,39.23994697304463
33-9093,1.785,2.3366666666666664,-0.5516666666666665,33-9093,Transportation Security Screeners,46850.0,Transportation Security Screeners,50290.0,7.342582710779082
35-1011,3.1775,2.5716666666666668,0.6058333333333334,35-1011,Chefs and Head Cooks,101490.0,Chefs and Head Cooks,200040.0,97.10316287318948
35-1012,2.7675,2.6149999999999998,0.1525000000000003,35-1012,First-Line Supervisors of Food Preparation and Serving Workers,891540.0,First-Line Supervisors of Food Preparation and Serving Workers,1223240.0,37.2052852367813
35-2011,1.9175,2.1133333333333333,-0.1958333333333333,35-2011,"Cooks, Fast Food",544420.0,"Cooks, Fast Food",641070.0,17.752837882517174
35-2012,2.7075,2.143333333333333,0.5641666666666669,35-2012,"Cooks, Institution and Cafeteria",387300.0,"Cooks, Institution and Cafeteria",441050.0,13.878130648076425
35-2013,2.6075,2.2216666666666667,0.38583333333333325,35-2013,"Cooks, Private Household",320.0,"Cooks, Private Household",1100.0,243.75
35-2014,1.5575,1.6916666666666667,-0.13416666666666655,35-2014,"Cooks, Restaurant",1109650.0,"Cooks, Restaurant",1409890.0,27.05718019195242
35-2015,1.6600000000000001,1.9083333333333334,-0.2483333333333333,35-2015,"Cooks, Short Order",123350.0,"Cooks, Short Order",138650.0,12.4037292257803
35-2021,1.5875,1.7866666666666668,-0.19916666666666694,35-2021,Food Preparation Workers,793590.0,Food Preparation Workers,893600.0,12.602225330460312
35-3011,2.465,2.21,0.2549999999999999,35-3011,Bartenders,486720.0,Bartenders,756390.0,55.40557199211046
35-3023,2.3575,2.0516666666666663,0.3058333333333336,35-3023,Fast Food and Counter Workers,3450120.0,Fast Food and Counter Workers,3854050.0,11.707708717377946
35-3031,2.275,1.9349999999999998,0.3400000000000001,35-3031,Waiters and Waitresses,1944240.0,Waiters and Waitresses,2270910.0,16.80193803234169
35-3041,2.4125,2.2266666666666666,0.18583333333333352,35-3041,"Food Servers, Nonrestaurant",254650.0,"Food Servers, Nonrestaurant",293900.0,15.41331238955429
35-9011,1.9100000000000001,2.065,-0.1549999999999998,35-9011,Dining Room and Cafeteria Attendants and Bartender Helpers,374940.0,Dining Room and Cafeteria Attendants and Bartender Helpers,542750.0,44.75649437243292
35-9021,1.365,1.6733333333333336,-0.30833333333333357,35-9021,Dishwashers,395660.0,Dishwashers,477450.0,20.67178890966992
35-9031,2.1525,2.0283333333333333,0.12416666666666654,35-9031,"Hosts and Hostesses, Restaurant, Lounge, and Coffee Shop",316700.0,"Hosts and Hostesses, Restaurant, Lounge, and Coffee Shop",432690.0,36.62456583517525
37-1011,2.6799999999999997,2.42,0.2599999999999998,37-1011,First-Line Supervisors of Housekeeping and Janitorial Workers,141260.0,First-Line Supervisors of Housekeeping and Janitorial Workers,178760.0,26.5467931473878
37-1012,3.0275,3.16,-0.13250000000000028,37-1012,"First-Line Supervisors of Landscaping, Lawn Service, and Groundskeeping Workers",103730.0,"First-Line Supervisors of Landscaping, Lawn Service, and Groundskeeping Workers",130760.0,26.05803528391015
37-2011,1.735,2.08,-0.345,37-2011,"Janitors and Cleaners, Except Maids and Housekeeping Cleaners",1990510.0,"Janitors and Cleaners, Except Maids and Housekeeping Cleaners",2209760.0,11.014765060210701
37-2012,1.8525,2.29,-0.4375,37-2012,Maids and Housekeeping Cleaners,795590.0,Maids and Housekeeping Cleaners,860670.0,8.180092761346923
37-2021,2.65,2.7266666666666666,-0.07666666666666666,37-2021,Pest Control Workers,79560.0,Pest Control Workers,102620.0,28.98441427853193
37-3011,1.7425,2.095,-0.35250000000000026,37-3011,Landscaping and Groundskeeping Workers,872370.0,Landscaping and Groundskeeping Workers,952640.0,9.201370977910749
37-3012,3.0525,2.981666666666667,0.0708333333333333,37-3012,"Pesticide Handlers, Sprayers, and Applicators, Vegetation",23950.0,"Pesticide Handlers, Sprayers, and Applicators, Vegetation",27050.0,12.943632567849686
37-3013,1.9725,2.58,-0.6075000000000002,37-3013,Tree Trimmers and Pruners,52040.0,Tree Trimmers and Pruners,55160.0,5.995388162951576
39-1013,3.5300000000000002,2.566666666666667,0.9633333333333334,39-1013,First-Line Supervisors of Gambling Services Workers,19100.0,First-Line Supervisors of Gambling Services Workers,26010.0,36.17801047120419
39-2011,2.44,2.341666666666667,0.09833333333333316,39-2011,Animal Trainers,14880.0,Animal Trainers,18770.0,26.142473118279568
39-2021,2.4025,2.2566666666666664,0.14583333333333348,39-2021,Animal Caretakers,193660.0,Animal Caretakers,266910.0,37.82402148094599
39-3011,2.455,2.141666666666667,0.313333333333333,39-3011,Gambling Dealers,67330.0,Gambling Dealers,83910.0,24.62498143472449
39-3012,2.865,1.9749999999999999,0.8900000000000003,39-3012,Gambling and Sports Book Writers and Runners,7500.0,Gambling and Sports Book Writers and Runners,8950.0,19.333333333333332
39-3021,2.62,2.1933333333333334,0.42666666666666675,39-3021,Motion Picture Projectionists,2270.0,Motion Picture Projectionists,1480.0,-34.801762114537446
39-3031,2.3525,1.99,0.36250000000000004,39-3031,"Ushers, Lobby Attendants, and Ticket Takers",95600.0,"Ushers, Lobby Attendants, and Ticket Takers",121770.0,27.3744769874477
39-3091,2.14,2.308333333333333,-0.168333333333333,39-3091,Amusement and Recreation Attendants,248190.0,Amusement and Recreation Attendants,397830.0,60.292517829082556
39-3092,2.4025,2.3366666666666664,0.06583333333333341,39-3092,Costume Attendants,5750.0,Costume Attendants,6510.0,13.217391304347824
39-3093,2.535,2.39,0.14500000000000002,39-3093,"Locker Room, Coatroom, and Dressing Room Attendants",11530.0,"Locker Room, Coatroom, and Dressing Room Attendants",15560.0,34.95229835212489
39-4011,2.6799999999999997,2.67,0.009999999999999787,39-4011,Embalmers,3860.0,Embalmers,3890.0,0.7772020725388601
39-4021,2.6875,2.5116666666666667,0.17583333333333329,39-4021,Funeral Attendants,32300.0,Funeral Attendants,31090.0,-3.7461300309597525
39-4031,3.125,2.733333333333333,0.39166666666666705,39-4031,"Morticians, Undertakers, and Funeral Arrangers",24560.0,"Morticians, Undertakers, and Funeral Arrangers",25100.0,2.198697068403909
39-5011,2.615,2.585,0.03000000000000025,39-5011,Barbers,14880.0,Barbers,15000.0,0.8064516129032258
39-5012,2.3075,2.2966666666666664,0.010833333333333695,39-5012,"Hairdressers, Hairstylists, and Cosmetologists",302410.0,"Hairdressers, Hairstylists, and Cosmetologists",305710.0,1.0912337554975033
39-5091,2.285,2.39,-0.10499999999999998,39-5091,"Makeup Artists, Theatrical and Performance",2780.0,"Makeup Artists, Theatrical and Performance",2340.0,-15.827338129496402
39-5092,1.9825,2.0016666666666665,-0.019166666666666554,39-5092,Manicurists and Pedicurists,73010.0,Manicurists and Pedicurists,152770.0,109.24530886179976
39-5093,1.6375,1.9833333333333334,-0.34583333333333344,39-5093,Shampooers,8310.0,Shampooers,8070.0,-2.888086642599278
39-5094,2.645,2.2483333333333335,0.3966666666666665,39-5094,Skincare Specialists,46640.0,Skincare Specialists,72890.0,56.28216123499142
39-6011,2.39,2.7183333333333333,-0.32833333333333314,39-6011,Baggage Porters and Bellhops,28440.0,Baggage Porters and Bellhops,28510.0,0.24613220815752462
39-6012,2.6574999999999998,2.495,0.16249999999999964,39-6012,Concierges,36800.0,Concierges,49240.0,33.80434782608695
39-9011,2.06,2.2399999999999998,-0.17999999999999972,39-9011,Childcare Workers,494360.0,Childcare Workers,518910.0,4.966016668015212
39-9031,2.3575,2.1633333333333336,0.19416666666666638,39-9031,Exercise Trainers and Group Fitness Instructors,248070.0,Exercise Trainers and Group Fitness Instructors,322930.0,30.176966178901115
39-9032,2.75,2.658333333333333,0.09166666666666679,39-9032,Recreation Workers,325640.0,Recreation Workers,331490.0,1.7964623510625228
39-9041,2.825,2.9783333333333335,-0.15333333333333332,39-9041,Residential Advisors,102450.0,Residential Advisors,84760.0,-17.266959492435337
41-1011,3.2525,2.28,0.9725000000000001,41-1011,First-Line Supervisors of Retail Sales Workers,1063110.0,First-Line Supervisors of Retail Sales Workers,1121800.0,5.520595234735822
41-1012,2.965,2.1416666666666666,0.8233333333333333,41-1012,First-Line Supervisors of Non-Retail Sales Workers,240290.0,First-Line Supervisors of Non-Retail Sales Workers,214390.0,-10.778642473677639
41-2011,2.6925,2.188333333333333,0.5041666666666669,41-2011,Cashiers,3333100.0,Cashiers,3089410.0,-7.311211784824938
41-2012,2.83,1.9566666666666668,0.8733333333333333,41-2012,Gambling Change Persons and Booth Cashiers,14000.0,Gambling Change Persons and Booth Cashiers,21530.0,53.78571428571428
41-2021,2.8725,2.3183333333333334,0.5541666666666667,41-2021,Counter and Rental Clerks,368300.0,Counter and Rental Clerks,400810.0,8.827043171327723
41-2022,3.59,2.736666666666667,0.853333333333333,41-2022,Parts Salespersons,253870.0,Parts Salespersons,270070.0,6.381218733997715
41-2031,2.7675,2.2516666666666665,0.5158333333333336,41-2031,Retail Salespersons,3659670.0,Retail Salespersons,3897860.0,6.508510330166381
41-3011,3.19,1.9166666666666667,1.2733333333333332,41-3011,Advertising Sales Agents,110040.0,Advertising Sales Agents,91700.0,-16.666666666666664
41-3021,2.9325,2.4,0.5325000000000002,41-3021,Insurance Sales Agents,409950.0,Insurance Sales Agents,479100.0,16.867910720819612
41-3031,3.54,2.1016666666666666,1.4383333333333335,41-3031,"Securities, Commodities, and Financial Services Sales Agents",440300.0,"Securities, Commodities, and Financial Services Sales Agents",489570.0,11.190097660685897
41-3041,2.8275,2.0483333333333333,0.7791666666666668,41-3041,Travel Agents,55180.0,Travel Agents,55110.0,-0.12685755708590069
41-3091,2.99,2.0483333333333333,0.9416666666666669,41-3091,"Sales Representatives of Services, Except Advertising, Insurance, Financial Services, and Travel",977070.0,"Sales Representatives of Services, Except Advertising, Insurance, Financial Services, and Travel",1256010.0,28.54861985323467
41-4011,3.0275,2.379166666666667,0.648333333333333,41-4011,"Sales Representatives, Wholesale and Manufacturing, Technical and Scientific Products",288150.0,"Sales Representatives, Wholesale and Manufacturing, Technical and Scientific Products",284800.0,-1.1625889293770606
41-4012,2.9125,2.223333333333333,0.6891666666666669,41-4012,"Sales Representatives, Wholesale and Manufacturing, Except Technical and Scientific Products",1278670.0,"Sales Representatives, Wholesale and Manufacturing, Except Technical and Scientific Products",1238190.0,-3.1657894531036153
41-9011,2.17,2.1333333333333333,0.036666666666666625,41-9011,Demonstrators and Product Promoters,69990.0,Demonstrators and Product Promoters,64520.0,-7.815402200314331
41-9012,1.3824999999999998,1.5816666666666668,-0.19916666666666694,41-9012,Models,2350.0,Models,3780.0,60.851063829787236
41-9021,3.4025,2.3683333333333336,1.0341666666666662,41-9021,Real Estate Brokers,44610.0,Real Estate Brokers,46100.0,3.3400582828962118
41-9022,3.195,2.645,0.5499999999999998,41-9022,Real Estate Sales Agents,168740.0,Real Estate Sales Agents,193370.0,14.596420528623918
41-9031,3.2075,2.231666666666667,0.9758333333333331,41-9031,Sales Engineers,63780.0,Sales Engineers,51790.0,-18.798996550642837
41-9041,2.62,1.8766666666666667,0.7433333333333334,41-9041,Telemarketers,117610.0,Telemarketers,58430.0,-50.31885043788793
41-9091,2.4375,1.8950000000000002,0.5424999999999998,41-9091,"Door-to-Door Sales Workers, News and Street Vendors, and Related Workers",8360.0,"Door-to-Door Sales Workers, News and Street Vendors, and Related Workers",2760.0,-66.98564593301435
43-1011,3.2475,2.1266666666666665,1.1208333333333336,43-1011,First-Line Supervisors of Office and Administrative Support Workers,1427260.0,First-Line Supervisors of Office and Administrative Support Workers,1436680.0,0.6600058854027997
43-2011,2.895,2.098333333333333,0.7966666666666669,43-2011,"Switchboard Operators, Including Answering Service",59270.0,"Switchboard Operators, Including Answering Service",34280.0,-42.16298295933862
43-2021,2.5,1.9000000000000001,0.5999999999999999,43-2021,Telephone Operators,4630.0,Telephone Operators,3430.0,-25.917926565874733
43-3011,3.19,1.6266666666666667,1.5633333333333332,43-3011,Bill and Account Collectors,222030.0,Bill and Account Collectors,158830.0,-28.464621897941722
43-3021,3.535,2.0483333333333333,1.4866666666666668,43-3021,Billing and Posting Clerks,445160.0,Billing and Posting Clerks,404060.0,-9.232635456914368
43-3031,3.5575,1.825,1.7325000000000002,43-3031,"Bookkeeping, Accounting, and Auditing Clerks",1443940.0,"Bookkeeping, Accounting, and Auditing Clerks",1373680.0,-4.865853151793011
43-3041,3.0599999999999996,1.9783333333333335,1.081666666666666,43-3041,Gambling Cage Workers,10560.0,Gambling Cage Workers,14430.0,36.64772727272727
43-3051,3.98,1.555,2.425,43-3051,Payroll and Timekeeping Clerks,133870.0,Payroll and Timekeeping Clerks,153140.0,14.394561888399194
43-3061,3.465,2.578333333333333,0.8866666666666667,43-3061,Procurement Clerks,61000.0,Procurement Clerks,55810.0,-8.508196721311476
43-3071,3.015,2.0283333333333333,0.9866666666666668,43-3071,Tellers,423570.0,Tellers,329480.0,-22.21356564440352
43-4011,3.2775,1.805,1.4725,43-4011,Brokerage Clerks,44720.0,Brokerage Clerks,35940.0,-19.633273703041144
43-4021,3.725,2.0483333333333333,1.6766666666666667,43-4021,Correspondence Clerks,6150.0,Correspondence Clerks,4290.0,-30.24390243902439
43-4031,3.3600000000000003,2.106666666666667,1.2533333333333334,43-4031,"Court, Municipal, and License Clerks",156100.0,"Court, Municipal, and License Clerks",179750.0,15.150544522741832
43-4041,3.3674999999999997,2.0749999999999997,1.2925,43-4041,"Credit Authorizers, Checkers, and Clerks",24600.0,"Credit Authorizers, Checkers, and Clerks",12030.0,-51.09756097560976
43-4051,3.205,2.313333333333333,0.891666666666667,43-4051,Customer Service Representatives,2833250.0,Customer Service Representatives,2595750.0,-8.382599488220242
43-4061,3.2375,2.4066666666666667,0.8308333333333331,43-4061,"Eligibility Interviewers, Government Programs",138820.0,"Eligibility Interviewers, Government Programs",154800.0,11.511309609566345
43-4071,3.35,2.4,0.9500000000000002,43-4071,File Clerks,91560.0,File Clerks,73440.0,-19.790301441677588
43-4081,3.215,2.56,0.6549999999999998,43-4081,"Hotel, Motel, and Resort Desk Clerks",222550.0,"Hotel, Motel, and Resort Desk Clerks",261420.0,17.465738036396317
43-4111,3.21,2.185,1.025,43-4111,"Interviewers, Except Eligibility and Loan",173800.0,"Interviewers, Except Eligibility and Loan",148060.0,-14.810126582278482
43-4121,2.6525,2.0316666666666667,0.6208333333333331,43-4121,"Library Assistants, Clerical",84560.0,"Library Assistants, Clerical",85520.0,1.1352885525070955
43-4131,3.3125,1.7666666666666666,1.5458333333333334,43-4131,Loan Interviewers and Clerks,204100.0,Loan Interviewers and Clerks,164790.0,-19.260166585007347
43-4141,3.615,2.055,1.56,43-4141,New Accounts Clerks,45250.0,New Accounts Clerks,36860.0,-18.5414364640884
43-4151,3.5300000000000002,2.6316666666666664,0.8983333333333339,43-4151,Order Clerks,119640.0,Order Clerks,75200.0,-37.14476763624206
43-4161,2.9050000000000002,1.8533333333333335,1.0516666666666667,43-4161,"Human Resources Assistants, Except Payroll and Timekeeping",108470.0,"Human Resources Assistants, Except Payroll and Timekeeping",90220.0,-16.824928551673274
43-4171,2.93,2.0083333333333333,0.9216666666666669,43-4171,Receptionists and Information Clerks,968420.0,Receptionists and Information Clerks,910180.0,-6.01391958034737
43-4181,2.7325,2.7916666666666665,-0.05916666666666659,43-4181,Reservation and Transportation Ticket Agents and Travel Clerks,110020.0,Reservation and Transportation Ticket Agents and Travel Clerks,118710.0,7.898563897473186
43-5011,3.385,3.0033333333333334,0.3816666666666664,43-5011,Cargo and Freight Agents,96510.0,Cargo and Freight Agents,97670.0,1.2019479846648016
43-5021,1.925,2.283333333333333,-0.35833333333333317,43-5021,Couriers and Messengers,70700.0,Couriers and Messengers,68640.0,-2.913719943422914
43-5031,2.8875,2.983333333333333,-0.09583333333333277,43-5031,Public Safety Telecommunicators,93290.0,Public Safety Telecommunicators,102500.0,9.872440776074606
43-5032,2.8075,2.6833333333333336,0.12416666666666654,43-5032,"Dispatchers, Except Police, Fire, and Ambulance",188450.0,"Dispatchers, Except Police, Fire, and Ambulance",202810.0,7.620058370920669
43-5041,2.7525,2.611666666666667,0.14083333333333314,43-5041,"Meter Readers, Utilities",26490.0,"Meter Readers, Utilities",19430.0,-26.651566628916573
43-5051,2.925,2.4949999999999997,0.43000000000000016,43-5051,Postal Service Clerks,86950.0,Postal Service Clerks,73720.0,-15.215641173087983
43-5052,2.1125000000000003,2.4266666666666667,-0.3141666666666665,43-5052,Postal Service Mail Carriers,333570.0,Postal Service Mail Carriers,328820.0,-1.4239889678328388
43-5053,1.8775,1.7166666666666668,0.16083333333333316,43-5053,"Postal Service Mail Sorters, Processors, and Processing Machine Operators",105400.0,"Postal Service Mail Sorters, Processors, and Processing Machine Operators",105200.0,-0.18975332068311196
43-5061,2.9124999999999996,2.13,0.7824999999999998,43-5061,"Production, Planning, and Expediting Clerks",362090.0,"Production, Planning, and Expediting Clerks",390160.0,7.752216299814964
43-5071,3.0225,2.375,0.6475,43-5071,"Shipping, Receiving, and Inventory Clerks",727640.0,"Shipping, Receiving, and Inventory Clerks",816870.0,12.262932219229288
43-5111,3.025,2.091666666666667,0.9333333333333331,43-5111,"Weighers, Measurers, Checkers, and Samplers, Recordkeeping",57960.0,"Weighers, Measurers, Checkers, and Samplers, Recordkeeping",53300.0,-8.040027605244997
43-6011,3.1075,1.9166666666666667,1.1908333333333332,43-6011,Executive Secretaries and Executive Administrative Assistants,503390.0,Executive Secretaries and Executive Administrative Assistants,459910.0,-8.637438169212738
43-6012,3.3375,2.1283333333333334,1.2091666666666665,43-6012,Legal Secretaries and Administrative Assistants,160950.0,Legal Secretaries and Administrative Assistants,156280.0,-2.9015222118670394
43-6013,3.305,2.1633333333333336,1.1416666666666666,43-6013,Medical Secretaries and Administrative Assistants,597100.0,Medical Secretaries and Administrative Assistants,961610.0,61.04672584156757
43-6014,3.505,2.1983333333333333,1.3066666666666666,43-6014,"Secretaries and Administrative Assistants, Except Legal, Medical, and Executive",1850360.0,"Secretaries and Administrative Assistants, Except Legal, Medical, and Executive",1706790.0,-7.7590306751118705
43-9021,3.1725,2.085,1.0875,43-9021,Data Entry Keyers,151520.0,Data Entry Keyers,127080.0,-16.129883843717003
43-9022,3.2975,2.131666666666667,1.165833333333333,43-9022,Word Processors and Typists,42920.0,Word Processors and Typists,35010.0,-18.42963653308481
43-9031,2.6174999999999997,1.325,1.2924999999999998,43-9031,Desktop Publishers,7090.0,Desktop Publishers,3350.0,-52.750352609308884
43-9041,2.9625,1.8583333333333334,1.1041666666666665,43-9041,Insurance Claims and Policy Processing Clerks,240740.0,Insurance Claims and Policy Processing Clerks,214260.0,-10.999418459749107
43-9051,2.33,1.9166666666666667,0.41333333333333333,43-9051,"Mail Clerks and Mail Machine Operators, Except Postal Service",79310.0,"Mail Clerks and Mail Machine Operators, Except Postal Service",55230.0,-30.36187113857017
43-9061,3.0575,1.9283333333333335,1.1291666666666667,43-9061,"Office Clerks, General",2788090.0,"Office Clerks, General",2464940.0,-11.590371903346018
43-9071,2.585,1.945,0.6399999999999999,43-9071,"Office Machine Operators, Except Computer",40640.0,"Office Machine Operators, Except Computer",25130.0,-38.164370078740156
43-9081,2.2225,1.3533333333333333,0.8691666666666669,43-9081,Proofreaders and Copy Markers,6610.0,Proofreaders and Copy Markers,4580.0,-30.71104387291982
43-9111,3.8549999999999995,1.695,2.1599999999999993,43-9111,Statistical Assistants,9320.0,Statistical Assistants,4710.0,-49.46351931330472
45-1011,2.755,2.8433333333333337,-0.08833333333333382,45-1011,"First-Line Supervisors of Farming, Fishing, and Forestry Workers",22640.0,"First-Line Supervisors of Farming, Fishing, and Forestry Workers",27960.0,23.498233215547703
45-2011,2.835,2.5100000000000002,0.32499999999999973,45-2011,Agricultural Inspectors,13450.0,Agricultural Inspectors,14410.0,7.137546468401487
45-2021,2.9074999999999998,2.518333333333333,0.38916666666666666,45-2021,Animal Breeders,920.0,Animal Breeders,1330.0,44.565217391304344
45-2041,1.75,2.0100000000000002,-0.26000000000000023,45-2041,"Graders and Sorters, Agricultural Products",28640.0,"Graders and Sorters, Agricultural Products",25180.0,-12.081005586592179
45-2091,2.275,2.475,-0.20000000000000018,45-2091,Agricultural Equipment Operators,29220.0,Agricultural Equipment Operators,28500.0,-2.4640657084188913
45-2092,2.205,2.08,0.125,45-2092,"Farmworkers and Laborers, Crop, Nursery, and Greenhouse",293910.0,"Farmworkers and Laborers, Crop, Nursery, and Greenhouse",265500.0,-9.666224354394203
45-2093,2.6875,2.52,0.16749999999999998,45-2093,"Farmworkers, Farm, Ranch, and Aquacultural Animals",36820.0,"Farmworkers, Farm, Ranch, and Aquacultural Animals",32810.0,-10.89082020640956
45-4011,2.3025,2.6266666666666665,-0.32416666666666627,45-4011,Forest and Conservation Workers,6490.0,Forest and Conservation Workers,6050.0,-6.779661016949152
45-4021,1.6725,2.0316666666666667,-0.35916666666666663,45-4021,Fallers,4820.0,Fallers,3130.0,-35.06224066390041
45-4022,1.3975,2.518333333333333,-1.1208333333333331,45-4022,Logging Equipment Operators,25560.0,Logging Equipment Operators,21060.0,-17.6056338028169
45-4023,2.51,2.235,0.2749999999999999,45-4023,Log Graders and Scalers,3390.0,Log Graders and Scalers,3070.0,-9.43952802359882
47-1011,2.66625,3.249166666666667,-0.5829166666666672,47-1011,First-Line Supervisors of Construction Trades and Extraction Workers,614080.0,First-Line Supervisors of Construction Trades and Extraction Workers,812210.0,32.26452579468474
47-2011,2.35,2.4483333333333333,-0.09833333333333316,47-2011,Boilermakers,14020.0,Boilermakers,10190.0,-27.31811697574893
47-2021,2.0425,2.766666666666666,-0.7241666666666662,47-2021,Brickmasons and Blockmasons,59940.0,Brickmasons and Blockmasons,52550.0,-12.328995662328996
47-2022,2.19,2.7716666666666665,-0.5816666666666666,47-2022,Stonemasons,11830.0,Stonemasons,7820.0,-33.89687235841082
47-2031,2.825,3.1350000000000002,-0.31000000000000005,47-2031,Carpenters,699300.0,Carpenters,670090.0,-4.1770341770341775
47-2041,2.3625,2.705,-0.34250000000000025,47-2041,Carpet Installers,23020.0,Carpet Installers,13780.0,-40.139009556907034
47-2042,2.0925000000000002,2.921666666666667,-0.8291666666666666,47-2042,"Floor Layers, Except Carpet, Wood, and Hard Tiles",16720.0,"Floor Layers, Except Carpet, Wood, and Hard Tiles",23640.0,41.38755980861244
47-2043,2.245,2.935,-0.69,47-2043,Floor Sanders and Finishers,5100.0,Floor Sanders and Finishers,3720.0,-27.058823529411764
47-2044,2.2875,2.603333333333333,-0.31583333333333297,47-2044,Tile and Stone Setters,38150.0,Tile and Stone Setters,35850.0,-6.028833551769332
47-2051,2.0700000000000003,2.6199999999999997,-0.5499999999999994,47-2051,Cement Masons and Concrete Finishers,195580.0,Cement Masons and Concrete Finishers,206170.0,5.414664076081399
47-2053,2.0925000000000002,2.815,-0.7224999999999997,47-2053,Terrazzo Workers and Finishers,2970.0,Terrazzo Workers and Finishers,1180.0,-60.26936026936027
47-2061,1.6925,2.7066666666666666,-1.0141666666666667,47-2061,Construction Laborers,971330.0,Construction Laborers,1096780.0,12.91528110940669
47-2071,1.9775,2.685,-0.7075,47-2071,"Paving, Surfacing, and Tamping Equipment Operators",44560.0,"Paving, Surfacing, and Tamping Equipment Operators",41820.0,-6.149012567324955
47-2072,2.4074999999999998,3.1633333333333336,-0.7558333333333338,47-2072,Pile Driver Operators,3820.0,Pile Driver Operators,2310.0,-39.52879581151832
47-2073,1.7525,2.5766666666666667,-0.8241666666666667,47-2073,Operating Engineers and Other Construction Equipment Operators,402870.0,Operating Engineers and Other Construction Equipment Operators,478090.0,18.671035321567754
47-2081,2.4050000000000002,2.9583333333333335,-0.5533333333333332,47-2081,Drywall and Ceiling Tile Installers,99700.0,Drywall and Ceiling Tile Installers,83080.0,-16.67001003009027
47-2082,2.005,2.6933333333333334,-0.6883333333333335,47-2082,Tapers,16320.0,Tapers,12840.0,-21.323529411764707
47-2111,2.3375,2.8466666666666662,-0.5091666666666663,47-2111,Electricians,656510.0,Electricians,757220.0,15.340208069945621
47-2121,2.16,2.8216666666666668,-0.6616666666666666,47-2121,Glaziers,52190.0,Glaziers,58480.0,12.052117263843648
47-2131,1.8475,2.6016666666666666,-0.7541666666666667,47-2131,"Insulation Workers, Floor, Ceiling, and Wall",32780.0,"Insulation Workers, Floor, Ceiling, and Wall",44440.0,35.57046979865772
47-2132,2.95,3.5083333333333333,-0.5583333333333331,47-2132,"Insulation Workers, Mechanical",27700.0,"Insulation Workers, Mechanical",25660.0,-7.36462093862816
47-2141,1.7974999999999999,2.603333333333333,-0.8058333333333332,47-2141,"Painters, Construction and Maintenance",217880.0,"Painters, Construction and Maintenance",225190.0,3.355057829998164
47-2142,2.605,2.775,-0.16999999999999993,47-2142,Paperhangers,2820.0,Paperhangers,1570.0,-44.32624113475177
47-2151,2.2275,2.7283333333333335,-0.5008333333333335,47-2151,Pipelayers,33950.0,Pipelayers,33050.0,-2.6509572901325478
47-2152,2.79125,3.3808333333333334,-0.5895833333333336,47-2152,"Plumbers, Pipefitters, and Steamfitters",417440.0,"Plumbers, Pipefitters, and Steamfitters",465840.0,11.594480643924875
47-2161,2.0324999999999998,2.795,-0.7625000000000002,47-2161,Plasterers and Stucco Masons,25210.0,Plasterers and Stucco Masons,19310.0,-23.403411344704484
47-2171,2.7125,2.965,-0.25249999999999995,47-2171,Reinforcing Iron and Rebar Workers,18680.0,Reinforcing Iron and Rebar Workers,13800.0,-26.124197002141326
47-2181,2.1025,3.1183333333333336,-1.0158333333333336,47-2181,Roofers,128680.0,Roofers,135490.0,5.292197699720236
47-2211,2.6624999999999996,2.8716666666666666,-0.20916666666666694,47-2211,Sheet Metal Workers,128220.0,Sheet Metal Workers,119770.0,-6.59023553267821
47-2221,2.425,3.3983333333333334,-0.9733333333333336,47-2221,Structural Iron and Steel Workers,71490.0,Structural Iron and Steel Workers,68380.0,-4.350258777451392
47-2231,2.885,3.526666666666667,-0.641666666666667,47-2231,Solar Photovoltaic Installers,11490.0,Solar Photovoltaic Installers,31350.0,172.84595300261097
47-3011,1.7675,2.6016666666666666,-0.8341666666666665,47-3011,"Helpers--Brickmasons, Blockmasons, Stonemasons, and Tile and Marble Setters",21410.0,"Helpers--Brickmasons, Blockmasons, Stonemasons, and Tile and Marble Setters",14170.0,-33.81597384399813
47-3012,2.2725,2.9599999999999995,-0.6874999999999996,47-3012,Helpers--Carpenters,30900.0,Helpers--Carpenters,21680.0,-29.838187702265373
47-3013,2.885,3.436666666666667,-0.5516666666666672,47-3013,Helpers--Electricians,73920.0,Helpers--Electricians,63630.0,-13.920454545454545
47-3014,1.6875,2.0816666666666666,-0.39416666666666655,47-3014,"Helpers--Painters, Paperhangers, Plasterers, and Stucco Masons",9500.0,"Helpers--Painters, Paperhangers, Plasterers, and Stucco Masons",7490.0,-21.157894736842106
47-3015,2.44,3.0749999999999997,-0.6349999999999998,47-3015,"Helpers--Pipelayers, Plumbers, Pipefitters, and Steamfitters",55740.0,"Helpers--Pipelayers, Plumbers, Pipefitters, and Steamfitters",44330.0,-20.47003946896304
47-3016,2.8725,3.483333333333333,-0.6108333333333329,47-3016,Helpers--Roofers,8390.0,Helpers--Roofers,6030.0,-28.128724672228845
47-4011,3.16875,3.1483333333333334,0.02041666666666675,47-4011,Construction and Building Inspectors,113770.0,Construction and Building Inspectors,146720.0,28.96194075766898
47-4021,2.8600000000000003,3.2416666666666667,-0.3816666666666664,47-4021,Elevator and Escalator Installers and Repairers,24730.0,Elevator and Escalator Installers and Repairers,23790.0,-3.801051354630004
47-4031,2.4125,3.2899999999999996,-0.8774999999999995,47-4031,Fence Erectors,27010.0,Fence Erectors,24480.0,-9.366901147723066
47-4041,2.565,3.1483333333333334,-0.5833333333333335,47-4041,Hazardous Materials Removal Workers,44010.0,Hazardous Materials Removal Workers,51710.0,17.49602363099296
47-4051,2.3024999999999998,3.0433333333333334,-0.7408333333333337,47-4051,Highway Maintenance Workers,149890.0,Highway Maintenance Workers,154960.0,3.3824804856895057
47-4061,2.8449999999999998,3.2433333333333336,-0.39833333333333387,47-4061,Rail-Track Laying and Maintenance Equipment Operators,17590.0,Rail-Track Laying and Maintenance Equipment Operators,19580.0,11.313246162592382
47-4071,2.455,3.08,-0.625,47-4071,Septic Tank Servicers and Sewer Pipe Cleaners,29880.0,Septic Tank Servicers and Sewer Pipe Cleaners,30650.0,2.5769745649263722
47-5011,2.2275,2.63,-0.40249999999999986,47-5011,"Derrick Operators, Oil and Gas",9350.0,"Derrick Operators, Oil and Gas",10590.0,13.262032085561499
47-5012,2.355,2.6300000000000003,-0.27500000000000036,47-5012,"Rotary Drill Operators, Oil and Gas",15650.0,"Rotary Drill Operators, Oil and Gas",12600.0,-19.488817891373802
47-5013,2.95,2.935,0.015000000000000124,47-5013,"Service Unit Operators, Oil and Gas",43840.0,"Service Unit Operators, Oil and Gas",43140.0,-1.5967153284671534
47-5022,1.83,2.545,-0.7149999999999999,47-5022,"Excavating and Loading Machine and Dragline Operators, Surface Mining",40240.0,"Excavating and Loading Machine and Dragline Operators, Surface Mining",34480.0,-14.314115308151093
47-5041,1.915,2.561666666666667,-0.646666666666667,47-5041,Continuous Mining Machine Operators,14990.0,Continuous Mining Machine Operators,14000.0,-6.604402935290193
47-5043,1.935,2.546666666666667,-0.6116666666666668,47-5043,"Roof Bolters, Mining",2080.0,"Roof Bolters, Mining",2160.0,3.8461538461538463
47-5044,1.6975,2.2783333333333333,-0.5808333333333333,47-5044,"Loading and Moving Machine Operators, Underground Mining",3520.0,"Loading and Moving Machine Operators, Underground Mining",5930.0,68.4659090909091
47-5051,2.3675,2.59,-0.2224999999999997,47-5051,"Rock Splitters, Quarry",4640.0,"Rock Splitters, Quarry",3320.0,-28.448275862068968
47-5071,1.935,2.3983333333333334,-0.4633333333333334,47-5071,"Roustabouts, Oil and Gas",44710.0,"Roustabouts, Oil and Gas",44970.0,0.5815253858197271
47-5081,2.3425,2.75,-0.4075000000000002,47-5081,Helpers--Extraction Workers,12740.0,Helpers--Extraction Workers,6700.0,-47.409733124018835
49-1011,3.0700000000000003,2.6966666666666668,0.3733333333333335,49-1011,"First-Line Supervisors of Mechanics, Installers, and Repairers",475000.0,"First-Line Supervisors of Mechanics, Installers, and Repairers",617500.0,30.0
49-2011,3.2975,2.8516666666666666,0.4458333333333333,49-2011,"Computer, Automated Teller, and Office Machine Repairers",91930.0,"Computer, Automated Teller, and Office Machine Repairers",65600.0,-28.641357554661155
49-2021,3.1025,2.7449999999999997,0.3575000000000004,49-2021,"Radio, Cellular, and Tower Equipment Installers and Repairers",13210.0,"Radio, Cellular, and Tower Equipment Installers and Repairers",11140.0,-15.669947009841028
49-2022,2.83,2.703333333333333,0.12666666666666693,49-2022,"Telecommunications Equipment Installers and Repairers, Except Line Installers",190510.0,"Telecommunications Equipment Installers and Repairers, Except Line Installers",140920.0,-26.030129651986773
49-2091,3.105,2.7216666666666662,0.38333333333333375,49-2091,Avionics Technicians,21390.0,Avionics Technicians,18830.0,-11.968209443665264
49-2092,2.395,2.58,-0.18500000000000005,49-2092,"Electric Motor, Power Tool, and Related Repairers",15380.0,"Electric Motor, Power Tool, and Related Repairers",14450.0,-6.046814044213264
49-2093,3.385,3.03,0.355,49-2093,"Electrical and Electronics Installers and Repairers, Transportation Equipment",10390.0,"Electrical and Electronics Installers and Repairers, Transportation Equipment",6940.0,-33.20500481231954
49-2094,3.05,2.7466666666666666,0.30333333333333323,49-2094,"Electrical and Electronics Repairers, Commercial and Industrial Equipment",55200.0,"Electrical and Electronics Repairers, Commercial and Industrial Equipment",65010.0,17.77173913043478
49-2095,2.9699999999999998,3.035,-0.06500000000000039,49-2095,"Electrical and Electronics Repairers, Powerhouse, Substation, and Relay",23070.0,"Electrical and Electronics Repairers, Powerhouse, Substation, and Relay",20720.0,-10.186389250108366
49-2096,2.9,2.688333333333333,0.2116666666666669,49-2096,"Electronic Equipment Installers and Repairers, Motor Vehicles",10230.0,"Electronic Equipment Installers and Repairers, Motor Vehicles",8550.0,-16.422287390029325
49-2097,2.735,2.615,0.11999999999999966,49-2097,Audiovisual Equipment Installers and Repairers,25760.0,Audiovisual Equipment Installers and Repairers,19780.0,-23.214285714285715
49-2098,2.61,2.765,-0.15500000000000025,49-2098,Security and Fire Alarm Systems Installers,68920.0,Security and Fire Alarm Systems Installers,86340.0,25.27568195008706
49-3011,2.61,3.0050000000000003,-0.39500000000000046,49-3011,Aircraft Mechanics and Service Technicians,128300.0,Aircraft Mechanics and Service Technicians,138090.0,7.630553390491037
49-3021,2.1625,2.6133333333333333,-0.4508333333333332,49-3021,Automotive Body and Related Repairers,137120.0,Automotive Body and Related Repairers,149310.0,8.89002333722287
49-3022,2.4875,2.6466666666666665,-0.15916666666666668,49-3022,Automotive Glass Installers and Repairers,18490.0,Automotive Glass Installers and Repairers,20310.0,9.843158464034614
49-3023,2.5475000000000003,2.533333333333333,0.014166666666667105,49-3023,Automotive Service Technicians and Mechanics,620110.0,Automotive Service Technicians and Mechanics,704640.0,13.631452484236666
49-3031,2.55,3.1833333333333336,-0.6333333333333337,49-3031,Bus and Truck Mechanics and Diesel Engine Specialists,253010.0,Bus and Truck Mechanics and Diesel Engine Specialists,289960.0,14.604165843247301
49-3041,2.6875,2.6016666666666666,0.08583333333333343,49-3041,Farm Equipment Mechanics and Service Technicians,35720.0,Farm Equipment Mechanics and Service Technicians,37870.0,6.019036954087346
49-3042,2.535,2.9616666666666664,-0.4266666666666663,49-3042,"Mobile Heavy Equipment Mechanics, Except Engines",147680.0,"Mobile Heavy Equipment Mechanics, Except Engines",176600.0,19.58288190682557
49-3043,2.3825,2.9683333333333337,-0.5858333333333339,49-3043,Rail Car Repairers,22310.0,Rail Car Repairers,21350.0,-4.303003137606455
49-3051,2.935,3.016666666666667,-0.081666666666667,49-3051,Motorboat Mechanics and Service Technicians,20440.0,Motorboat Mechanics and Service Technicians,23220.0,13.60078277886497
49-3052,2.5324999999999998,2.5516666666666663,-0.019166666666666554,49-3052,Motorcycle Mechanics,13490.0,Motorcycle Mechanics,13510.0,0.14825796886582654
49-3053,2.5825,3.0116666666666667,-0.4291666666666667,49-3053,Outdoor Power Equipment and Other Small Engine Mechanics,31500.0,Outdoor Power Equipment and Other Small Engine Mechanics,36060.0,14.476190476190476
49-3091,2.8525,3.1483333333333334,-0.2958333333333334,49-3091,Bicycle Repairers,11290.0,Bicycle Repairers,12170.0,7.7945084145261285
49-3092,2.6075,3.091666666666667,-0.48416666666666686,49-3092,Recreational Vehicle Service Technicians,15150.0,Recreational Vehicle Service Technicians,17430.0,15.049504950495049
49-3093,2.07,2.585,-0.5150000000000001,49-3093,Tire Repairers and Changers,98560.0,Tire Repairers and Changers,108410.0,9.993912337662337
49-9011,2.7,2.905,-0.20499999999999963,49-9011,Mechanical Door Repairers,22680.0,Mechanical Door Repairers,27120.0,19.576719576719576
49-9012,2.825,2.89,-0.06499999999999995,49-9012,"Control and Valve Installers and Repairers, Except Mechanical Door",50660.0,"Control and Valve Installers and Repairers, Except Mechanical Door",48240.0,-4.776944334780892
49-9021,3.4475,3.438333333333333,0.009166666666666767,49-9021,"Heating, Air Conditioning, and Refrigeration Mechanics and Installers",344020.0,"Heating, Air Conditioning, and Refrigeration Mechanics and Installers",409670.0,19.08319283762572
49-9031,3.035,2.565,0.4700000000000002,49-9031,Home Appliance Repairers,27640.0,Home Appliance Repairers,32150.0,16.316931982633864
49-9041,2.3775,2.4116666666666666,-0.03416666666666668,49-9041,Industrial Machinery Mechanics,385980.0,Industrial Machinery Mechanics,439640.0,13.902274729260583
49-9043,2.2675,2.2983333333333333,-0.030833333333333268,49-9043,"Maintenance Workers, Machinery",65240.0,"Maintenance Workers, Machinery",60020.0,-8.00122624156959
49-9044,2.8175,3.3016666666666663,-0.4841666666666664,49-9044,Millwrights,44400.0,Millwrights,40330.0,-9.166666666666666
49-9045,1.705,2.22,-0.5150000000000001,49-9045,"Refractory Materials Repairers, Except Brickmasons",760.0,"Refractory Materials Repairers, Except Brickmasons",1080.0,42.10526315789473
49-9051,2.2375,3.0516666666666663,-0.8141666666666665,49-9051,Electrical Power-Line Installers and Repairers,114930.0,Electrical Power-Line Installers and Repairers,131070.0,14.043330723048813
49-9052,3.2875,3.2866666666666666,0.0008333333333334636,49-9052,Telecommunications Line Installers and Repairers,122480.0,Telecommunications Line Installers and Repairers,97720.0,-20.215545395166558
49-9061,2.8725,2.2266666666666666,0.6458333333333335,49-9061,Camera and Photographic Equipment Repairers,3320.0,Camera and Photographic Equipment Repairers,1650.0,-50.30120481927711
49-9062,2.7775,2.6916666666666664,0.08583333333333343,49-9062,Medical Equipment Repairers,48510.0,Medical Equipment Repairers,65990.0,36.03380746237889
49-9063,2.5275,2.695,-0.16749999999999998,49-9063,Musical Instrument Repairers and Tuners,7070.0,Musical Instrument Repairers and Tuners,5380.0,-23.903818953323906
49-9064,2.6925,2.2800000000000002,0.41249999999999964,49-9064,Watch and Clock Repairers,2430.0,Watch and Clock Repairers,1310.0,-46.09053497942387
49-9071,2.3625,2.7600000000000002,-0.3975000000000004,49-9071,"Maintenance and Repair Workers, General",1357630.0,"Maintenance and Repair Workers, General",1529700.0,12.674292701251447
49-9081,3.1875,3.0966666666666662,0.09083333333333377,49-9081,Wind Turbine Service Technicians,5860.0,Wind Turbine Service Technicians,9980.0,70.30716723549489
49-9091,2.745,2.433333333333333,0.311666666666667,49-9091,"Coin, Vending, and Amusement Machine Servicers and Repairers",25080.0,"Coin, Vending, and Amusement Machine Servicers and Repairers",26410.0,5.303030303030303
49-9092,2.4299999999999997,3.3699999999999997,-0.94,49-9092,Commercial Divers,3460.0,Commercial Divers,3450.0,-0.2890173410404624
49-9094,3.1075,3.171666666666667,-0.06416666666666693,49-9094,Locksmiths and Safe Repairers,16180.0,Locksmiths and Safe Repairers,15040.0,-7.045735475896168
49-9095,2.2375,3.69,-1.4525000000000001,49-9095,Manufactured Building and Mobile Home Installers,2900.0,Manufactured Building and Mobile Home Installers,3020.0,4.137931034482759
49-9096,2.65,3.0766666666666667,-0.42666666666666675,49-9096,Riggers,21700.0,Riggers,22530.0,3.824884792626728
49-9097,2.26,2.81,-0.5500000000000003,49-9097,Signal and Track Switch Repairers,7250.0,Signal and Track Switch Repairers,8720.0,20.275862068965516
49-9098,2.6775,3.1566666666666667,-0.4791666666666665,49-9098,"Helpers--Installation, Maintenance, and Repair Workers",91430.0,"Helpers--Installation, Maintenance, and Repair Workers",95580.0,4.5389915782565895
49-9099,2.83,2.686666666666667,0.1433333333333331,49-9099,"Installation, Maintenance, and Repair Workers, All Other",151050.0,"Installation, Maintenance, and Repair Workers, All Other",176300.0,16.716319099635882
51-1011,2.975,2.585,0.3900000000000001,51-1011,First-Line Supervisors of Production and Operating Workers,599900.0,First-Line Supervisors of Production and Operating Workers,673430.0,12.257042840473412
51-2011,2.7125,2.59,0.12250000000000005,51-2011,"Aircraft Structure, Surfaces, Rigging, and Systems Assemblers",38460.0,"Aircraft Structure, Surfaces, Rigging, and Systems Assemblers",34020.0,-11.54446177847114
51-2021,2.88,2.5050000000000003,0.37499999999999956,51-2021,"Coil Winders, Tapers, and Finishers",12580.0,"Coil Winders, Tapers, and Finishers",12840.0,2.066772655007949
51-2031,2.3275,2.5633333333333335,-0.23583333333333334,51-2031,Engine and Other Machine Assemblers,41510.0,Engine and Other Machine Assemblers,34000.0,-18.092026017827028
51-2041,2.435,2.3699999999999997,0.06500000000000039,51-2041,Structural Metal Fabricators and Fitters,69550.0,Structural Metal Fabricators and Fitters,52360.0,-24.71603163191948
51-2051,2.5375,2.4499999999999997,0.08750000000000036,51-2051,Fiberglass Laminators and Fabricators,18800.0,Fiberglass Laminators and Fabricators,16170.0,-13.98936170212766
51-2061,2.04,1.9483333333333333,0.09166666666666679,51-2061,Timing Device Assemblers and Adjusters,1000.0,Timing Device Assemblers and Adjusters,250.0,-75.0
51-3011,2.1174999999999997,2.0100000000000002,0.10749999999999948,51-3011,Bakers,168890.0,Bakers,236200.0,39.854343063532475
51-3021,2.0149999999999997,2.026666666666667,-0.011666666666667158,51-3021,Butchers and Meat Cutters,142220.0,Butchers and Meat Cutters,136430.0,-4.071157361833778
51-3022,2.94,2.9966666666666666,-0.05666666666666664,51-3022,"Meat, Poultry, and Fish Cutters and Trimmers",147760.0,"Meat, Poultry, and Fish Cutters and Trimmers",145700.0,-1.3941526800216568
51-3023,2.17,2.085,0.08499999999999996,51-3023,Slaughterers and Meat Packers,77980.0,Slaughterers and Meat Packers,69950.0,-10.297512182610925
51-3091,1.8225,1.9749999999999999,-0.15249999999999986,51-3091,"Food and Tobacco Roasting, Baking, and Drying Machine Operators and Tenders",19010.0,"Food and Tobacco Roasting, Baking, and Drying Machine Operators and Tenders",20370.0,7.154129405576012
51-3092,2.87,2.65,0.2200000000000002,51-3092,Food Batchmakers,153270.0,Food Batchmakers,174520.0,13.864422261368825
51-3093,2.205,1.9683333333333335,0.23666666666666658,51-3093,Food Cooking Machine Operators and Tenders,26530.0,Food Cooking Machine Operators and Tenders,31250.0,17.79117979645684
51-4021,2.1425,2.4716666666666667,-0.3291666666666666,51-4021,"Extruding and Drawing Machine Setters, Operators, and Tenders, Metal and Plastic",69300.0,"Extruding and Drawing Machine Setters, Operators, and Tenders, Metal and Plastic",60840.0,-12.207792207792208
51-4022,1.9024999999999999,1.7733333333333332,0.12916666666666665,51-4022,"Forging Machine Setters, Operators, and Tenders, Metal and Plastic",13730.0,"Forging Machine Setters, Operators, and Tenders, Metal and Plastic",8930.0,-34.95994173343044
51-4023,2.07,2.335,-0.2650000000000001,51-4023,"Rolling Machine Setters, Operators, and Tenders, Metal and Plastic",34500.0,"Rolling Machine Setters, Operators, and Tenders, Metal and Plastic",25250.0,-26.811594202898554
51-4031,1.87,1.7850000000000001,0.08499999999999996,51-4031,"Cutting, Punching, and Press Machine Setters, Operators, and Tenders, Metal and Plastic",179300.0,"Cutting, Punching, and Press Machine Setters, Operators, and Tenders, Metal and Plastic",171200.0,-4.517568321249303
51-4032,2.7175000000000002,2.6233333333333335,0.09416666666666673,51-4032,"Drilling and Boring Machine Tool Setters, Operators, and Tenders, Metal and Plastic",9090.0,"Drilling and Boring Machine Tool Setters, Operators, and Tenders, Metal and Plastic",4680.0,-48.51485148514851
51-4033,2.3225,2.0100000000000002,0.31249999999999956,51-4033,"Grinding, Lapping, Polishing, and Buffing Machine Tool Setters, Operators, and Tenders, Metal and Plastic",69570.0,"Grinding, Lapping, Polishing, and Buffing Machine Tool Setters, Operators, and Tenders, Metal and Plastic",67000.0,-3.694121029179244
51-4034,2.7825,2.5616666666666665,0.22083333333333366,51-4034,"Lathe and Turning Machine Tool Setters, Operators, and Tenders, Metal and Plastic",23710.0,"Lathe and Turning Machine Tool Setters, Operators, and Tenders, Metal and Plastic",16710.0,-29.523407844791226
51-4035,2.7975000000000003,2.4583333333333335,0.33916666666666684,51-4035,"Milling and Planing Machine Setters, Operators, and Tenders, Metal and Plastic",15760.0,"Milling and Planing Machine Setters, Operators, and Tenders, Metal and Plastic",12460.0,-20.939086294416242
51-4041,2.3375,1.9749999999999999,0.36250000000000004,51-4041,Machinists,360340.0,Machinists,287050.0,-20.33912416051507
51-4051,2.3875,2.436666666666667,-0.0491666666666668,51-4051,Metal-Refining Furnace Operators and Tenders,15290.0,Metal-Refining Furnace Operators and Tenders,16780.0,9.74493132766514
51-4052,1.6825,1.7833333333333332,-0.10083333333333311,51-4052,"Pourers and Casters, Metal",7200.0,"Pourers and Casters, Metal",4560.0,-36.666666666666664
51-4061,2.64,2.2383333333333333,0.40166666666666684,51-4061,"Model Makers, Metal and Plastic",3400.0,"Model Makers, Metal and Plastic",2610.0,-23.235294117647058
51-4062,2.6825,2.2583333333333333,0.4241666666666668,51-4062,"Patternmakers, Metal and Plastic",2400.0,"Patternmakers, Metal and Plastic",1470.0,-38.75
51-4071,2.52,2.59,-0.06999999999999984,51-4071,Foundry Mold and Coremakers,16090.0,Foundry Mold and Coremakers,12790.0,-20.509633312616533
51-4072,2.15,1.8916666666666666,0.2583333333333333,51-4072,"Molding, Coremaking, and Casting Machine Setters, Operators, and Tenders, Metal and Plastic",155020.0,"Molding, Coremaking, and Casting Machine Setters, Operators, and Tenders, Metal and Plastic",150470.0,-2.9351051477228745
51-4081,2.4675,2.25,0.2174999999999998,51-4081,"Multiple Machine Tool Setters, Operators, and Tenders, Metal and Plastic",134660.0,"Multiple Machine Tool Setters, Operators, and Tenders, Metal and Plastic",124590.0,-7.478092974899747
51-4111,2.4725,2.1816666666666666,0.2908333333333335,51-4111,Tool and Die Makers,61190.0,Tool and Die Makers,56930.0,-6.961921882660565
51-4121,2.0875,2.223333333333333,-0.13583333333333325,51-4121,"Welders, Cutters, Solderers, and Brazers",397550.0,"Welders, Cutters, Solderers, and Brazers",416210.0,4.693749213935354
51-4122,2.2,2.2083333333333335,-0.008333333333333304,51-4122,"Welding, Soldering, and Brazing Machine Setters, Operators, and Tenders",33150.0,"Welding, Soldering, and Brazing Machine Setters, Operators, and Tenders",31600.0,-4.675716440422323
51-4191,2.2375,2.0033333333333334,0.2341666666666664,51-4191,"Heat Treating Equipment Setters, Operators, and Tenders, Metal and Plastic",16550.0,"Heat Treating Equipment Setters, Operators, and Tenders, Metal and Plastic",14000.0,-15.407854984894259
51-4192,2.7750000000000004,2.598333333333333,0.1766666666666672,51-4192,"Layout Workers, Metal and Plastic",7570.0,"Layout Workers, Metal and Plastic",5970.0,-21.136063408190225
51-4193,2.64,2.7516666666666665,-0.11166666666666636,51-4193,"Plating Machine Setters, Operators, and Tenders, Metal and Plastic",38470.0,"Plating Machine Setters, Operators, and Tenders, Metal and Plastic",32410.0,-15.752534442422666
51-4194,2.225,2.1233333333333335,0.10166666666666657,51-4194,"Tool Grinders, Filers, and Sharpeners",6080.0,"Tool Grinders, Filers, and Sharpeners",5600.0,-7.894736842105263
51-5111,2.9675,1.7966666666666669,1.170833333333333,51-5111,Prepress Technicians and Workers,28010.0,Prepress Technicians and Workers,23840.0,-14.887540164227062
51-5112,2.05,2.0100000000000002,0.03999999999999959,51-5112,Printing Press Operators,160270.0,Printing Press Operators,144260.0,-9.989392899482123
51-5113,2.42,1.9916666666666665,0.42833333333333345,51-5113,Print Binding and Finishing Workers,42450.0,Print Binding and Finishing Workers,33180.0,-21.83745583038869
51-6011,1.8299999999999998,1.7183333333333335,0.11166666666666636,51-6011,Laundry and Dry-Cleaning Workers,179890.0,Laundry and Dry-Cleaning Workers,198040.0,10.089499138362333
51-6021,2.0025,2.3633333333333333,-0.36083333333333334,51-6021,"Pressers, Textile, Garment, and Related Materials",31980.0,"Pressers, Textile, Garment, and Related Materials",26120.0,-18.323952470293932
51-6031,1.6375,1.75,-0.11250000000000004,51-6031,Sewing Machine Operators,116520.0,Sewing Machine Operators,104880.0,-9.989701338825952
51-6041,1.545,1.8833333333333335,-0.3383333333333336,51-6041,Shoe and Leather Workers and Repairers,7380.0,Shoe and Leather Workers and Repairers,7450.0,0.9485094850948509
51-6042,1.9375,1.8983333333333332,0.039166666666666794,51-6042,Shoe Machine Operators and Tenders,4080.0,Shoe Machine Operators and Tenders,3280.0,-19.607843137254903
51-6051,1.9775,1.835,0.14250000000000007,51-6051,"Sewers, Hand",3410.0,"Sewers, Hand",2190.0,-35.77712609970675
51-6052,2.6175,2.09,0.5275000000000003,51-6052,"Tailors, Dressmakers, and Custom Sewers",20860.0,"Tailors, Dressmakers, and Custom Sewers",13920.0,-33.26941514860978
51-6061,1.8175,1.8099999999999998,0.007500000000000062,51-6061,Textile Bleaching and Dyeing Machine Operators and Tenders,7260.0,Textile Bleaching and Dyeing Machine Operators and Tenders,5310.0,-26.859504132231404
51-6062,2.1075,1.8966666666666665,0.21083333333333343,51-6062,"Textile Cutting Machine Setters, Operators, and Tenders",12650.0,"Textile Cutting Machine Setters, Operators, and Tenders",9000.0,-28.85375494071146
51-6063,1.92,1.9266666666666667,-0.006666666666666821,51-6063,"Textile Knitting and Weaving Machine Setters, Operators, and Tenders",18830.0,"Textile Knitting and Weaving Machine Setters, Operators, and Tenders",13030.0,-30.801911842804035
51-6064,2.4325,2.3583333333333334,0.07416666666666671,51-6064,"Textile Winding, Twisting, and Drawing Out Machine Setters, Operators, and Tenders",25480.0,"Textile Winding, Twisting, and Drawing Out Machine Setters, Operators, and Tenders",22020.0,-13.57927786499215
51-6091,2.485,2.3633333333333333,0.12166666666666659,51-6091,"Extruding and Forming Machine Setters, Operators, and Tenders, Synthetic and Glass Fibers",15840.0,"Extruding and Forming Machine Setters, Operators, and Tenders, Synthetic and Glass Fibers",12850.0,-18.876262626262626
51-6092,2.7175000000000002,1.8383333333333332,0.8791666666666671,51-6092,Fabric and Apparel Patternmakers,4670.0,Fabric and Apparel Patternmakers,2950.0,-36.83083511777302
51-6093,1.7925,2.148333333333333,-0.355833333333333,51-6093,Upholsterers,26180.0,Upholsterers,20140.0,-23.071046600458363
51-7011,2.1125,2.1233333333333335,-0.010833333333333695,51-7011,Cabinetmakers and Bench Carpenters,93300.0,Cabinetmakers and Bench Carpenters,77170.0,-17.288317256162916
51-7021,1.8575,2.3383333333333334,-0.48083333333333345,51-7021,Furniture Finishers,15590.0,Furniture Finishers,14480.0,-7.119948685054522
51-7031,2.5075000000000003,2.4766666666666666,0.030833333333333712,51-7031,"Model Makers, Wood",800.0,"Model Makers, Wood",280.0,-65.0
51-7032,2.7175,2.6916666666666664,0.025833333333333375,51-7032,"Patternmakers, Wood",190.0,"Patternmakers, Wood",220.0,15.789473684210526
51-7041,1.6575,1.9766666666666666,-0.3191666666666666,51-7041,"Sawing Machine Setters, Operators, and Tenders, Wood",48400.0,"Sawing Machine Setters, Operators, and Tenders, Wood",40850.0,-15.599173553719009
51-7042,1.835,2.183333333333333,-0.34833333333333316,51-7042,"Woodworking Machine Setters, Operators, and Tenders, Except Sawing",75160.0,"Woodworking Machine Setters, Operators, and Tenders, Except Sawing",61420.0,-18.28100053219798
51-8011,2.3925,2.3733333333333335,0.019166666666666554,51-8011,Nuclear Power Reactor Operators,5310.0,Nuclear Power Reactor Operators,5150.0,-3.0131826741996233
51-8012,2.9924999999999997,2.6033333333333335,0.3891666666666662,51-8012,Power Distributors and Dispatchers,9940.0,Power Distributors and Dispatchers,8520.0,-14.285714285714285
51-8013,2.7116666666666664,2.8322222222222226,-0.1205555555555562,51-8013,Power Plant Operators,32960.0,Power Plant Operators,29320.0,-11.04368932038835
51-8021,2.5300000000000002,2.603333333333333,-0.0733333333333328,51-8021,Stationary Engineers and Boiler Operators,29550.0,Stationary Engineers and Boiler Operators,28250.0,-4.39932318104907
51-8031,3.0324999999999998,2.8766666666666665,0.15583333333333327,51-8031,Water and Wastewater Treatment Plant and System Operators,119380.0,Water and Wastewater Treatment Plant and System Operators,128490.0,7.631093985592227
51-8091,2.5175,2.453333333333333,0.06416666666666693,51-8091,Chemical Plant and System Operators,29710.0,Chemical Plant and System Operators,16610.0,-44.09289801413666
51-8092,2.91,2.901666666666667,0.008333333333333304,51-8092,Gas Plant Operators,14990.0,Gas Plant Operators,18030.0,20.28018679119413
51-8093,2.5225,2.5433333333333334,-0.02083333333333348,51-8093,"Petroleum Pump System Operators, Refinery Operators, and Gaugers",40480.0,"Petroleum Pump System Operators, Refinery Operators, and Gaugers",33160.0,-18.08300395256917
51-8099,2.52,2.641666666666667,-0.12166666666666703,51-8099,"Plant and System Operators, All Other",14680.0,"Plant and System Operators, All Other",14080.0,-4.087193460490464
51-9011,2.515,2.0933333333333333,0.42166666666666686,51-9011,Chemical Equipment Operators and Tenders,93060.0,Chemical Equipment Operators and Tenders,139630.0,50.04298302170642
51-9012,2.5825,2.2533333333333334,0.3291666666666666,51-9012,"Separating, Filtering, Clarifying, Precipitating, and Still Machine Setters, Operators, and Tenders",47930.0,"Separating, Filtering, Clarifying, Precipitating, and Still Machine Setters, Operators, and Tenders",60100.0,25.391195493427915
51-9021,2.6125,2.22,0.3924999999999996,51-9021,"Crushing, Grinding, and Polishing Machine Setters, Operators, and Tenders",32460.0,"Crushing, Grinding, and Polishing Machine Setters, Operators, and Tenders",26000.0,-19.901417128773875
51-9022,2.17,2.25,-0.08000000000000007,51-9022,"Grinding and Polishing Workers, Hand",24050.0,"Grinding and Polishing Workers, Hand",10510.0,-56.299376299376306
51-9023,1.9675,1.835,0.13250000000000006,51-9023,"Mixing and Blending Machine Setters, Operators, and Tenders",116190.0,"Mixing and Blending Machine Setters, Operators, and Tenders",94920.0,-18.30622256648593
51-9031,1.635,1.5116666666666667,0.1233333333333333,51-9031,"Cutters and Trimmers, Hand",7980.0,"Cutters and Trimmers, Hand",6060.0,-24.06015037593985
51-9032,3.02,2.5766666666666667,0.44333333333333336,51-9032,"Cutting and Slicing Machine Setters, Operators, and Tenders",52760.0,"Cutting and Slicing Machine Setters, Operators, and Tenders",44980.0,-14.746019711902958
51-9041,2.575,2.315,0.26000000000000023,51-9041,"Extruding, Forming, Pressing, and Compacting Machine Setters, Operators, and Tenders",63730.0,"Extruding, Forming, Pressing, and Compacting Machine Setters, Operators, and Tenders",58770.0,-7.782833830221246
51-9051,2.4125,2.5066666666666664,-0.09416666666666629,51-9051,"Furnace, Kiln, Oven, Drier, and Kettle Operators and Tenders",16880.0,"Furnace, Kiln, Oven, Drier, and Kettle Operators and Tenders",14280.0,-15.402843601895736
51-9061,2.57,2.3816666666666664,0.18833333333333346,51-9061,"Inspectors, Testers, Sorters, Samplers, and Weighers",549200.0,"Inspectors, Testers, Sorters, Samplers, and Weighers",597370.0,8.770939548434086
51-9071,2.90125,2.3075,0.59375,51-9071,Jewelers and Precious Stone and Metal Workers,18650.0,Jewelers and Precious Stone and Metal Workers,22440.0,20.32171581769437
51-9081,2.395,2.158333333333333,0.2366666666666668,51-9081,Dental Laboratory Technicians,30800.0,Dental Laboratory Technicians,34410.0,11.720779220779221
51-9082,2.7925,2.44,0.35250000000000004,51-9082,Medical Appliance Technicians,13710.0,Medical Appliance Technicians,11280.0,-17.72428884026258
51-9083,2.5475,2.263333333333333,0.2841666666666667,51-9083,Ophthalmic Laboratory Technicians,26140.0,Ophthalmic Laboratory Technicians,18660.0,-28.61514919663351
51-9111,2.515,2.595,-0.08000000000000007,51-9111,Packaging and Filling Machine Operators and Tenders,370910.0,Packaging and Filling Machine Operators and Tenders,379060.0,2.1972985360329997
51-9123,1.685,1.7316666666666667,-0.046666666666666634,51-9123,"Painting, Coating, and Decorating Workers",11860.0,"Painting, Coating, and Decorating Workers",7940.0,-33.05227655986509
51-9124,1.575,1.8016666666666667,-0.2266666666666668,51-9124,"Coating, Painting, and Spraying Machine Setters, Operators, and Tenders",137510.0,"Coating, Painting, and Spraying Machine Setters, Operators, and Tenders",158740.0,15.438877172569269
51-9141,2.4375,2.31,0.12749999999999995,51-9141,Semiconductor Processing Technicians,31080.0,Semiconductor Processing Technicians,31460.0,1.2226512226512225
51-9151,2.355,1.97,0.385,51-9151,Photographic Process Workers and Processing Machine Operators,8880.0,Photographic Process Workers and Processing Machine Operators,4800.0,-45.94594594594595
51-9161,2.8775,2.1716666666666664,0.7058333333333335,51-9161,Computer Numerically Controlled Tool Operators,149120.0,Computer Numerically Controlled Tool Operators,169450.0,13.633315450643776
51-9162,3.1225,2.2183333333333333,0.9041666666666668,51-9162,Computer Numerically Controlled Tool Programmers,25530.0,Computer Numerically Controlled Tool Programmers,28500.0,11.633372502937721
51-9191,2.4025,2.3733333333333335,0.02916666666666634,51-9191,Adhesive Bonding Machine Operators and Tenders,12400.0,Adhesive Bonding Machine Operators and Tenders,11500.0,-7.258064516129033
51-9192,1.5675,1.8766666666666667,-0.3091666666666668,51-9192,"Cleaning, Washing, and Metal Pickling Equipment Operators and Tenders",14060.0,"Cleaning, Washing, and Metal Pickling Equipment Operators and Tenders",14760.0,4.978662873399715
51-9193,2.2625,2.295,-0.03249999999999975,51-9193,Cooling and Freezing Equipment Operators and Tenders,8020.0,Cooling and Freezing Equipment Operators and Tenders,6900.0,-13.96508728179551
51-9194,2.375,2.0166666666666666,0.3583333333333334,51-9194,Etchers and Engravers,9490.0,Etchers and Engravers,7750.0,-18.335089567966282
51-9195,2.48125,2.314583333333333,0.16666666666666696,51-9195,"Molders, Shapers, and Casters, Except Metal and Plastic",41660.0,"Molders, Shapers, and Casters, Except Metal and Plastic",33190.0,-20.331253000480075
51-9196,2.3225,2.3366666666666664,-0.01416666666666666,51-9196,"Paper Goods Machine Setters, Operators, and Tenders",99890.0,"Paper Goods Machine Setters, Operators, and Tenders",96130.0,-3.764140554610071
51-9197,1.9975,2.311666666666667,-0.3141666666666669,51-9197,Tire Builders,18820.0,Tire Builders,20770.0,10.361317747077576
51-9198,2.2399999999999998,2.235,0.004999999999999893,51-9198,Helpers--Production Workers,239340.0,Helpers--Production Workers,165700.0,-30.767945182585443
53-1041,3.2775,3.223333333333333,0.054166666666666696,53-1041,Aircraft Cargo Handling Supervisors,10020.0,Aircraft Cargo Handling Supervisors,9760.0,-2.5948103792415167
53-2011,2.4325,2.986666666666667,-0.5541666666666667,53-2011,"Airline Pilots, Copilots, and Flight Engineers",83550.0,"Airline Pilots, Copilots, and Flight Engineers",103560.0,23.949730700179533
53-2012,2.4450000000000003,2.8850000000000002,-0.43999999999999995,53-2012,Commercial Pilots,37120.0,Commercial Pilots,47630.0,28.313577586206897
53-2021,2.4825,2.6416666666666666,-0.15916666666666668,53-2021,Air Traffic Controllers,22190.0,Air Traffic Controllers,22510.0,1.4420910319963949
53-2022,2.9725,3.2100000000000004,-0.23750000000000027,53-2022,Airfield Operations Specialists,10590.0,Airfield Operations Specialists,15190.0,43.437204910292735
53-2031,2.3825000000000003,3.098333333333333,-0.7158333333333329,53-2031,Flight Attendants,116260.0,Flight Attendants,131650.0,13.23757096163771
53-3011,2.51,3.043333333333333,-0.5333333333333332,53-3011,"Ambulance Drivers and Attendants, Except Emergency Medical Technicians",14120.0,"Ambulance Drivers and Attendants, Except Emergency Medical Technicians",12630.0,-10.55240793201133
53-3031,2.415,2.5483333333333333,-0.1333333333333333,53-3031,Driver/Sales Workers,420890.0,Driver/Sales Workers,409180.0,-2.7821996246050036
53-3032,2.3125,2.9283333333333332,-0.6158333333333332,53-3032,Heavy and Tractor-Trailer Truck Drivers,1797710.0,Heavy and Tractor-Trailer Truck Drivers,2062040.0,14.703706382008223
53-3033,2.1825,2.5283333333333333,-0.3458333333333332,53-3033,Light Truck Drivers,929470.0,Light Truck Drivers,983300.0,5.7914725596307575
53-3052,2.3475,3.061666666666666,-0.714166666666666,53-3052,"Bus Drivers, Transit and Intercity",162850.0,"Bus Drivers, Transit and Intercity",159240.0,-2.2167638931532085
53-4011,2.3825000000000003,2.83,-0.4474999999999998,53-4011,Locomotive Engineers,37110.0,Locomotive Engineers,33470.0,-9.808676906494206
53-4013,2.37,2.8000000000000003,-0.43000000000000016,53-4013,"Rail Yard Engineers, Dinkey Operators, and Hostlers",4580.0,"Rail Yard Engineers, Dinkey Operators, and Hostlers",3920.0,-14.41048034934498
53-4022,2.1375,2.7550000000000003,-0.6175000000000002,53-4022,"Railroad Brake, Signal, and Switch Operators and Locomotive Firers",14630.0,"Railroad Brake, Signal, and Switch Operators and Locomotive Firers",12400.0,-15.242652084757346
53-4031,2.36,2.8816666666666664,-0.5216666666666665,53-4031,Railroad Conductors and Yardmasters,44920.0,Railroad Conductors and Yardmasters,46440.0,3.383793410507569
53-4041,1.82,2.8699999999999997,-1.0499999999999996,53-4041,Subway and Streetcar Operators,11250.0,Subway and Streetcar Operators,10200.0,-9.333333333333334
53-5011,2.0324999999999998,2.475,-0.44250000000000034,53-5011,Sailors and Marine Oilers,25570.0,Sailors and Marine Oilers,31670.0,23.856081345326555
53-5021,2.5025,3.0766666666666667,-0.5741666666666667,53-5021,"Captains, Mates, and Pilots of Water Vessels",27590.0,"Captains, Mates, and Pilots of Water Vessels",36850.0,33.56288510329829
53-5022,2.3274999999999997,3.1950000000000003,-0.8675000000000006,53-5022,Motorboat Operators,2380.0,Motorboat Operators,2480.0,4.201680672268908
53-5031,2.66,3.0683333333333334,-0.4083333333333332,53-5031,Ship Engineers,7480.0,Ship Engineers,8400.0,12.299465240641712
53-6011,2.3475,2.513333333333333,-0.16583333333333306,53-6011,Bridge and Lock Tenders,3080.0,Bridge and Lock Tenders,3040.0,-1.2987012987012987
53-6021,2.1574999999999998,2.32,-0.1625000000000001,53-6021,Parking Attendants,123790.0,Parking Attendants,137880.0,11.38217949753615
53-6031,2.9075,2.645,0.2625000000000002,53-6031,Automotive and Watercraft Service Attendants,112750.0,Automotive and Watercraft Service Attendants,102010.0,-9.52549889135255
53-6041,3.11,3.091666666666667,0.01833333333333309,53-6041,Traffic Technicians,7430.0,Traffic Technicians,7860.0,5.787348586810229
53-6051,2.7983333333333333,3.0244444444444443,-0.22611111111111093,53-6051,Transportation Inspectors,27360.0,Transportation Inspectors,24500.0,-10.453216374269006
53-6061,1.5675,2.861666666666667,-1.294166666666667,53-6061,Passenger Attendants,22990.0,Passenger Attendants,27110.0,17.92083514571553
53-7011,1.5025,2.1683333333333334,-0.6658333333333335,53-7011,Conveyor Operators and Tenders,23160.0,Conveyor Operators and Tenders,22930.0,-0.9930915371329878
53-7021,2.1875,2.6233333333333335,-0.4358333333333335,53-7021,Crane and Tower Operators,44060.0,Crane and Tower Operators,42890.0,-2.65546981389015
53-7031,1.9175,2.3249999999999997,-0.40749999999999975,53-7031,Dredge Operators,1750.0,Dredge Operators,1040.0,-40.57142857142857
53-7041,2.2,2.566666666666667,-0.3666666666666667,53-7041,Hoist and Winch Operators,4460.0,Hoist and Winch Operators,2600.0,-41.70403587443946
53-7051,2.15,2.1783333333333332,-0.02833333333333332,53-7051,Industrial Truck and Tractor Operators,640950.0,Industrial Truck and Tractor Operators,774420.0,20.82377720571027
53-7061,2.355,2.5683333333333334,-0.21333333333333337,53-7061,Cleaners of Vehicles and Equipment,341660.0,Cleaners of Vehicles and Equipment,380430.0,11.347538488555873
53-7062,2.385,2.521666666666667,-0.13666666666666716,53-7062,"Laborers and Freight, Stock, and Material Movers, Hand",2805200.0,"Laborers and Freight, Stock, and Material Movers, Hand",2950280.0,5.171823755881934
53-7063,2.5,2.2083333333333335,0.2916666666666665,53-7063,Machine Feeders and Offbearers,64240.0,Machine Feeders and Offbearers,42330.0,-34.10647571606476
53-7064,2.465,2.445,0.020000000000000018,53-7064,"Packers and Packagers, Hand",599270.0,"Packers and Packagers, Hand",559820.0,-6.583009328015753
53-7065,2.375,2.263333333333333,0.1116666666666668,53-7065,Stockers and Order Fillers,2210960.0,Stockers and Order Fillers,2833810.0,28.171020733075224
53-7071,2.7775,2.9,-0.12250000000000005,53-7071,Gas Compressor and Gas Pumping Station Operators,3800.0,Gas Compressor and Gas Pumping Station Operators,3510.0,-7.631578947368421
53-7072,2.7075,2.2966666666666664,0.4108333333333336,53-7072,"Pump Operators, Except Wellhead Pumpers",10580.0,"Pump Operators, Except Wellhead Pumpers",9780.0,-7.561436672967864
53-7073,2.4725,2.3516666666666666,0.12083333333333357,53-7073,Wellhead Pumpers,12050.0,Wellhead Pumpers,17990.0,49.29460580912863
53-7081,1.915,2.1733333333333333,-0.2583333333333333,53-7081,Refuse and Recyclable Material Collectors,120850.0,Refuse and Recyclable Material Collectors,147240.0,21.836988001654944
53-7121,2.185,2.4483333333333333,-0.2633333333333332,53-7121,"Tank Car, Truck, and Ship Loaders",12610.0,"Tank Car, Truck, and Ship Loaders",10700.0,-15.14670896114195
