job_title,cluster,cluster_v2
Senior Machine Learning Engineer,24,14
"Principal Software Engineer, ML Accelerators",4,18
Senior ETL Data Warehouse Specialist,21,5
Senior Data Warehouse Developer / Architect,17,9
Lead Data Engineer,27,58
Senior Data Engineer,6,34
"Manager, Cyber Risk & Analysis (Machine Learning)",24,14
"Principal Associate, Data Loss Prevention (DLP) Engineer",4,37
Senior Financial Data Analyst,5,47
Machine Learning Infrastructure Engineer,24,14
Sr. Workforce Management Data Analyst,5,53
Master Data Management - Data/Process Analyst,5,53
4 Corporate Associate Positions (AmLaw),10,37
Sr. Database Administrator,19,30
Senior MLOps Engineer,6,34
Summer 2024 Datacenter Hardware Validation Engineer Undergrad Co-Op/ Intern,0,20
Enterprise Data Manager/Product owner,7,44
IT Database Developer Senior - DBA Admin,17,9
Contractor - Epic Clarity Data Analyst - Revenue Cycle,5,39
Data Engineering Architect,29,22
"Staff Data Engineer, Fleet Analytics",8,51
"Senior Data Engineer, Public Company",6,34
IT- Data Lifecycle Manager,7,3
"Lead Software Engineer, Full Stack (Enterprise Data)",16,6
Senior Architect - Data Analytics Product Line,8,44
VCP Design to Value Project Manager and Data Analyst-MR,7,24
"Lead Data Engineer, (Python, Java or Scala)",27,58
Data Scientist,12,40
Data Visualization / Business Intelligence Analyst (3019),25,55
Senior Data Architect,29,31
Senior ML Engineer,3,12
"Director, Ontology and Data Modeling",10,39
Sr. Data Scientist,12,40
Sr. Data Engineer - ETL with Security Clearance,1,19
Sr Analyst IT - Data Science,18,1
Electrical Data Center Project Manager,15,24
"Distinguished Engineer, Card Tech Data (Remote-Elligble)",10,23
"Staff Data Scientist, Financial Strategy",12,47
"Senior Counsel, Data Privacy and Cybersecurity",23,52
Data Engineering Manager - San Antonio,7,22
Data Operations Manager,2,32
Configuration and CDRL Data Manager II/III (Top Secret),7,4
"RDM Release Manager, Data Center and DMZ",15,2
Superintendent - Data Center - Indianapolis,15,2
Sr. Data Engineer,6,59
RA/QA Post Market Data Analyst,5,39
Medical Laboratory Scientist MLS-MT - Incentive Eligible,11,11
Registered Nurse (RN) - Medical Laboratory Tech (MLT) - Per Diem at HealthTrust Workforce Solutions,10,39
"Sr ML Engineering Manager , Firefly App Integrations",7,22
"Sales Representative, CoStar Data & Analytics - Washington D.C.",8,51
Data Warehouse Analyst,5,21
Data Manager,7,3
Medical Technologist MT or MLT,20,35
Data Analyst,5,21
Sr. Data Engineer (Hybrid),6,59
"Technical Lead, Edge Data Center Operations",2,32
Supply Chain Data Analyst,5,39
"Manager, Data Loss Prevention (DLP) Engineer (Symantec)",7,3
Data Steward - Research Analysis Spec Sr,10,56
Data Coordinator,10,39
"Senior Manager, Machine Learning Engineering",24,14
Data Engineer,6,36
Audit Manager - Data/Tech (BSA/AML including Sanctions),10,39
Business Data Analyst - III (701569),25,55
"Data Center Project Manager, US-West CPI",15,24
Clinical Data Steward,10,46
Senior Full-Stack Machine Learning Engineer- OPTIX,24,14
SR FIELD APPLICATION ENGINEER- DATA & DEVICES,6,59
Senior Data Analysis Engineer,6,56
Technical Data Engineering Manager,7,22
"Staff Machine Learning Engineer, Series A",24,14
Contractor - Epic Clarity Data Analyst,5,21
Senior People Data Scientist,12,40
NCDHHS- Health Informatics Data Analyst,5,39
Data Center Ops Analyst,15,2
Senior Battery Data Scientist,12,40
Clinical Data Operator - Temp,10,46
"Lead Machine Learning Engineer (Bangkok based, relocation provided)",24,14
Principal Machine Learning Engineer,24,14
Volunteer: NHQ:IT - Enterprise Web Services - Code4Good Volunteer - Data Scientist,26,16
Lead Data Scientist,27,58
TT Assistant Professor - Data Science,18,54
"IIB, Datapower/APIC Lead Developer",17,9
Senior Database Administrator,19,30
Database Engineer,6,28
Enrollment Management CRM & Data Specialist,21,5
"Summer Fellow - Project Management, Data Analytics, Strategy, Operations",2,51
MLS Dayshift Lead - Short Pump Emergency Center,27,58
Azure Data Architect,29,31
Senior Marketing Data Operations Specialist,2,50
Clinical Data Analyst/Coordinator,5,46
Commissioning Senior Specialist - Data Center (Travel Required),21,5
"Manager, Data Engineering",7,22
Data Conversion & Integration Support Lead,27,58
Data Security Analyst,1,19
Data Analytics Audit Project Manager,8,24
Head of Data Science - Actuary/Risk,18,1
Principal Technical Data Analyst,4,18
"Canvas Consultant (Member Service Specialist) - Littleton, NMLS",21,5
"Manager, Data - Corrugated Products",7,3
"Sr. ML Software Engineer, AI Platform",3,12
Data Entry Specialist,22,10
Data Engineer ETL Expert (2021-0140),6,36
Lead Data Engineer (FinOps),27,58
Data Center Engineer,15,2
Principal Clinical Data Scientist - Focus on Statistics,4,46
Environmental Data Management Specialist,21,5
Senior Database Developer,17,9
Medical Lab Scientist (MLS),11,45
SENIOR BUSINESS DATA ANALYST,25,55
Data Scientist with AL & ML,3,12
Sr.Data Center Engineer,15,2
Senior BSA/AML Records Specialist,21,5
Data Center Technician II,15,2
Python Data Engineer,6,36
Data Control Clerk II,10,39
AWS Data Engineer,6,36
Senior Data Scientist,12,40
Traveling MEP Manager - MSG - Data Centers,7,3
Data Engineer - Mastery,6,36
Data Engineer/Analyst,6,21
Staff Data Engineer,6,36
"Data Reporting and Analytics Consultant II / Biostatistician, Epidemiologic Research",8,15
"Manager, Data Analyst",7,3
"Data Analyst, Privacy - Kiewit Technology Group",23,52
Staff Business Data Analyst,25,55
Staff data engineer,6,36
Senior Data Analyst (On-site),5,48
Machine Learning Software Developer (Software Engineer 3) - 17346,16,6
Researcher for AI Application (CV/NLP/Data Mining),10,39
"Staff Machine Learning Engineer, Identity",24,14
Database Architect,29,28
Volunteer: website maintenance/content manager - Joomla required,26,16
Sr. Data Architect,29,31
Data Architect,29,31
Cloud Data Architect,29,31
Data/CRM Specialist,21,5
Data analyst,5,21
"Senior, Data Engineer",6,34
Sr. MLOps Engineer,6,59
Database Manager,7,28
Senior Data Analyst,5,48
AWS DATA ARCHITECT,29,31
Data Analyst I,5,21
Sr Data Architect,29,31
Datacenter Analyst,0,20
"Data Analyst, TSS",5,21
GCP Data Architect,29,31
Big Data Lead,27,17
Data Analyst IV,5,21
Lead Data Analyst,27,58
Teradata Architect,29,31
Data Analyst III,5,4
Sr Data Scientist,12,40
Senior Database Architect #2028,29,28
"GSC Database Lead, MTCCS II",27,28
Data Center Senior Program Manager-Delivery of Network and Data Center Capacity Builds,15,2
"Neighborhood Branch Leader - Brighton, NMLS",10,39
Senior Datacenter Product Development Engineer,0,20
Medical Technologist (MT MLT) - Core Lab - Middletown - Part-Time - Evenings,20,35
"Staff Engineer, Test Data and Instrumentation",6,36
Data Editor (INDG),5,21
Data Center HR Business Partner,15,55
Medical Technologist (MT/MLT) - Competitive Package,20,35
NJDOH Database Manager/Administrator 3 - Badisa #: 20-01040,19,30
"Manager, Product Manager -- Machine Learning Experience, Enterprise Platform Development Team",7,3
HIM Data Integrity Spec 1,10,39
2023-61808 - Technical Writer - XML Documentation,10,39
"Lead Software Engineer, ML Platform - ST",13,6
Machine Learning Research Scientist,24,14
Data Engineer 4,6,36
Sr. Data Scienctist - Behaivior,10,59
Sales Director - Data & AI,10,39
Senior Data Scientist TS/SCI CI poly with Security Clearance,1,42
"Senior Data Manager, FP&A",7,3
"Sr. AWS Data Engineer  Austin, TX or Charlotte, NC (Hybrid)",10,39
Privacy and Data Protection Legal Counsel,23,52
Software Engineer - Data Transmission,16,6
IT Specialist (DATAMGT),21,5
ESRI Data Specialist,21,5
Data Manager II,7,3
Principal Big Data Architect,4,17
Bioinformatics Scientist - Virology Drug Discovery and Data Analysis,12,56
"Lab Scientist (MT/MLT/CLS/CLT) - 3:00AM-3:30PM, Weekend Days (Premium contr",11,11
Senior Azure Machine Learning Engineer,24,14
"Senior Data Analyst (Product Team) (Bangkok Based, relocation provided)",10,25
Data Analyst - I,5,21
Oracle 12c Database developer -locals,17,9
"Senior Manager, Data Science",18,1
"Senior Machine Learning Engineer - Seattle in Seattle, WA, USA",24,14
Dynamics 365 CE Sr. Developer (Remote) [NTT DATA],17,23
Medical Technologist/MLT - Full Time *Sign On*,20,33
Specialist Solutions Architect - Data Engineering,29,22
Marketing Data Analyst & Tableau Specialist,21,0
Retail Sales Consultant - MLK,10,15
Data Scientist/Senior Data Scientist,12,40
"Day 1 Onsite : Sr. Big Data Engineer : Mason, OH , Atlanta, GA and Richmond, VA",10,17
Marketing Data & Analytics Product Owner - Senior Directo,8,44
"Software Data Engineer, Java",16,6
Principal Solutions Architect - Data & Analytics,4,18
Investment and Product Analyst - DataTribe,5,44
"Senior, Machine Learning Engineer",24,14
"Senior Data Scientist, Computer Graphic",12,40
Lecturer - Engineering Data Science,18,22
"Lead Data Analyst – Marketing Strategy & Analytics (Bangkok-based, relocation provided)",10,50
Senior Data Engineer (Python),6,34
Database Administrator,19,30
Sr. BigData Developer (Onsite),17,9
"Senior Data Scientist (Relocate to HCMC, VietNam)",12,40
Part Time Oncology RN - Registered Nurse FMLA Coordinator - Newport News,10,39
Manager - Platform Architect Collaboration & Data Analytic,13,31
Data Architect Level 2,29,31
Enterprise Data Management (Technical),10,53
BI Data Analyst,5,21
SQL Database Administrator,19,30
Data and Funding Manager,7,3
Senior Machine Learning Infrastructure Engineer,24,14
Freelance Senior Data Analyst,5,48
Azure Data Engineer,6,36
Data Technology Team Lead – Mortgage Servicing,27,25
Information Services Unit Data Manager,7,3
Lead Well Data Analyst,27,58
QE Data Engineer,6,36
Data Warehouse Project Manager,7,24
Healthcare Data Analyst I,5,49
"Senior Manager, Data Engineering",7,22
"Lead Data Engineer (Fintech team) (Bangkok based, relocation provided)",27,25
Sr Digital Data Analyst,5,59
"Senior Technical Program Manager, Datacenter Compute Server Software",0,20
"Senior Manager, Ontology and Data Modeling",7,3
Senior Staff Machine Learning Engineer,24,14
Data Specialist,21,5
Data & Analytics Manager,8,51
Medical Lab Tech MLT PRN,11,35
Database Business Analyst,25,55
Clinical Data Manager,7,46
Data Engineer - Senior,6,34
Data Engineer Sr Manager - Enterprise Data Foundation,7,59
Data Developer,17,9
ML Postdoc Researcher - LLMs & Generative AI,3,12
Senior Data Scientist Managing Consultant,12,15
Technical Data Analyst,5,21
Database Technical Analyst 4-Support,5,28
"Director, Data Analysis",10,56
"Principal Software Engineer, Data",4,18
Bigdata Lead with Production support exp,27,58
"Senior Manager, Data Center Infrastructure Mgt (DCIM/Controls)",15,2
PRODUCTION MACHINE LEVEL I (Evening Shift Mon - Thurs),10,39
Data Reporting Analyst,5,21
Data Entry and Validation Associate,22,37
Data Processor - Bldg 2 - 2nd Shift,10,39
Data Scientist (MMM),12,40
Teacher - EL/ML (Long-Term Substitute),3,12
"Data Control Associate II, 2nd Shift",10,37
"GenAI Lead Data Scientist, Corporate Vice President",27,58
"Sr. Data Architect Azure & Databricks#@New York / Weehawken, NJ (Day 1 onsite )",10,26
Configuration and CDRL Data Manager (CM/DM) III - Platform One,13,4
Application & Database Manager,7,28
Senior Business Data Analyst - Seasonal 6 months,25,55
"Assistant General Counsel, Privacy and Data Protection",23,52
Team Lead/ Senior Software Engineer-Database Internals,16,25
Technical Lead (Java/XML) with Security Clearance,1,19
Vulnerability Analyst - Data & Systems,5,27
Senior C++ Research Engineer: Databases & AI Startup,3,8
Senior Data Analyst with Security Clearance,1,19
"Staff Product Manager, Data Security",7,44
"Mission Data Scientist, Senior with Security Clearance",1,19
Drupal Data Architect,29,31
Lead CX Data Analyst,27,58
Onsite Work Job for Data Architect- Banking and Payments Exp.,10,39
Senior Compiler Engineer – MLIR,6,34
"Registered Nurse - Nursing Data & Staffing Analyst at Veterans Affairs, Veterans Health Administration",10,39
Sr. Salesforce Data Cloud Solutions Architect,29,31
2024 PhD Graduate – Data Science – System Performance Evaluation,18,1
Hamley Steakhouse Executive Chef,10,39
"Tech Lead - AI/ML, Specialist",3,12
Senior MDM Global Data Specialist Americas,21,5
2024 MLB Gameday Compliance Monitor (Seasonal),10,39
"Senior Manager, Product, Card Data",7,44
Manager/Expert Practitioner - Data & Analytics,8,51
Sr. Manager - Data Assurance,7,3
Data Journalist/Reporter (P&C Insurance),10,39
Database Administrator III,19,30
"Director, Senior Quantitative Finance Analyst, AML Model Validator",9,39
Sr. ML Engineer,3,12
"Principal Associate, Ontologist and Data Modeling",4,37
"Manufacturing Data Engineer, Power Electronics Manufacturing",10,39
"Technologist II-Radiology, FT, Days, Barnes Crossing some weekends or MLT",20,33
"Staff Machine Learning Engineer, Software Vehicle Controls",24,14
"Summer Intern - Aviation, Data Analysis & Forecasting",10,56
Senior Internal Auditor – Anti Money Laundering (AML) / Financial Crimes,10,47
Senior Advisor Crime Data & Analysis,10,56
"Manager/Sr. Manager, Market Access Data Science",7,3
Configuration and CDRL Data Manager,7,3
Traveling MEP Superintendent - MSG - Data Centers,10,39
"Senior Software Engineer, Data Platform #3455",13,6
Open-Rank Faculty Position Data Science,18,1
Datadog Cloud Engineer Denver Colorado (3 days onsite),10,36
Senior Data Center Technician,15,2
Future Opportunity- Data Engineering Consultant,10,15
Staff Software Engineer - Data Science,16,6
Senior Python Developer for Data Engineering,17,9
Volunteer: Help Us Tell our Story Using Juvenile Justice and Mental Health Data Intern Volunteer,26,16
Quality Data Specialist Registered Nurse RN,28,57
Manager of Marketing Strategy & Data Analysis,7,50
"Engineering Manager, Document Database",7,22
Clinical Research Data Specialist at University of Miami,21,5
Financial Data Analyst,5,47
GIS Specialist- Senior (Database Administration) (Remote),21,23
"Sr. Associate, Data Configuration Management",10,53
Environment Database Administrator,19,30
Senior Network Engineer - Data Center,15,2
Principal Analyst--Data Steward and Automation Solutions,4,18
Data Center Manager,15,2
Engineering Manager: Databases,7,22
"Senior MLS Engineer, Autonomous Driving Startup",6,34
"Senior, Data Scientist",12,40
Medical Lab Scientist (MLS) - 0.8 FTE,11,45
(Global Oil Gas) Senior Data Scientist Expert,12,40
Senior P-12 Research & Data Analyst,5,8
Oracle Database Administrator,19,30
Data Architect Staff,29,31
Data Migration Deployment Manager,7,3
Senior Machine Learning Engineer - AI,24,14
"Data Engineer (Java, Spark, Kafka)",6,36
Senior Data Analyst in Sunnyvale CA,5,48
Senior Data Scientist - Clearance Required,12,40
Sr. Snowflake Data Engineer Charlotte NC or Austin TX,10,41
"Assistant Vice President, Data Governance",23,38
Sr. Data Developer,17,9
Expert Data Engineer with Security Clearance,1,19
Database Marketing Manager,7,50
Principal Data Engineer,4,18
"Performance Management and Data Analyst II, (Human Capital Performance Management Data Analyst II), Grade N25",5,53
Senior Data Scientist with Security Clearance,1,19
"Director, Securities Data Analysts",10,39
Data Center Supervisor,15,29
"Senior Quantitative Finance Analyst, AML Model Development",9,39
Manager- Business Data (Medicaid Reporting),25,55
Lead Machine Learning Engineer,24,14
Senior Datacenter Product Development Engineer - RAS SME,0,20
Principal Scientist - Machine Learning and AI,24,14
Consumer Operations Business Execution Sr. Lead- Issue and Exam Data and Analytics,8,51
Senior Data Visualization Analyst,5,48
CIRES/NOAA GML Trace Gas Observing Systems Research Scientist,12,8
Cybersecurity Signature Implementer/Data Security Analyst II with Security Clearance,1,19
IT Data Manager - HYBRID,7,3
Medical Technologist (MT/MLT) - Competitive Pay,20,35
Staff Data Scientist,12,40
Senior Data Developer,17,9
Data Engineering Manager,7,22
"Manager, Data Engineering (Python, AWS, Airflow, Snowflake) (Hybrid)",7,41
"Supervisor, Advanced Research Data Services",10,29
Enterprise Risk Adjustment Data Analyst III-,5,4
Metadata Specialist (Flex Hybrid),21,5
Architect - Data Engineering,29,22
Senior data manager,7,3
Manager* Clinical Data Management Solutions,7,46
Assistant Professor of Data Science and Analytics,18,54
Sr. Health Equity Data Project Manager,7,24
Senior Data Analyst - OFCCP,5,48
Data Entry Pharmacy Technician - Part Time (Providence Location),22,10
Sr. Data Analyst and Visualization Engineer,6,59
Database Administrator- Senior,19,30
"HR Product Data Management Analyst, Vice President",10,44
Data Warehouse Architect,29,31
"Data Center Technician, Dojo",15,2
Site Reliability Engineer - ML Systems,3,27
MLT / Medical Laboratory Technologist II - ProMedica Fremont Memorial Hospital - Part Time - Days,20,33
DATABASE ENGINEERING SR MANAGER,7,22
"Data Science Manager, Growth",18,1
Data Reporting & Business Intelligence Associate,25,37
Data Center Team Lead,27,25
"Design Project Manager, 5G Data System",7,24
Sr. Data Platform Engineer,13,59
Vendor Master Data Analyst (2 Openings),5,21
Senior Data Engineer (Remote),6,23
Production Support Data Analyst,5,39
Medical Lab Scientist - MLS / Medical Technologist - MT,20,35
"Senior Software Engineering Manager, Data and Statistical Modeling",16,22
Master Data Projects Administrator,10,39
MLT/Medical Technologist/ Medical Lab Technician,20,35
Data Lake Architect,29,31
"LAB - Medical Lab Scientist (MLS/MT) FT, PT, or PRN",11,45
Data Center Supervisor (Shift A),15,29
"(USA) Staff, Product Manager, Sponsored Products - AI/ML (Ad Relevancy, Recommendations, Predictions)",3,12
IT Supervisor – Data Engineering,10,29
Data Science Manager,18,1
"Senior Software Engineer, VP - Market Data Engineering (Dallas, TX)",16,6
Senior Data Center Critical Facilities Engineer V,15,2
"Distinguished Engineer, Data Architecture",6,36
Senior Software Engineer - Streaming  (Cloud/Data Lake),16,6
"HR Administrator ($52K-$57K, 1+ yrs. HRIS data entry exp. req.)",22,10
"Manager, Data Science and Analytics- (May Be Underfilled)",18,1
Sponsor Funded Professional - Data Scientist : Data Analyst,12,40
"Medical Technologist or MLT, Days - Microbiology, SW",20,33
Registered Nurse (RN) - Medical Laboratory Tech (MLT) - Per Diem,11,43
Senior Data Engineer - Hybrid,6,34
SUPPLY CHAIN DATA ANALYST,5,39
"Scientist I, Machine Learning",24,14
IT PROFESSIONAL 3 - Database Administration,10,28
Machine Learning Data Scientist - Python | AI | NLP - Top Sec... with Security Clearance,24,14
Environmental Forensics and Data Analytics Manager,8,51
Regional Water System Data Manager (PHA2) DOH7813,7,3
"Senior Software Engineer, Machine Learning",24,14
Data Architect/Team Lead,27,25
Sentinel (GBSD) Integrated Functional Capability (IFC) Data Analytics & Software Metrics Manager 2- 10400,8,51
Senior DB2 Database Systems Programmer with Security Clearance,1,19
Sr. Staff Machine Learning Hardware Engineer,24,14
Database Analyst Sr,5,59
Power Systems Engineer - Data Science Applications,18,27
"Co-Team Lead - Surveillance Data Quality Assurance, Bureau of Hepatitis, HIV, and STI",28,25
Data & Analytics Portfolio Manager,8,51
"Data Center Equipment Supply & Inventory Planning, Program Manager",15,3
Senior Data Scientist - Growth Analytics,8,51
Oracle Database Developer and local candidates,17,9
Engineering Data Analyst,5,22
Oracle Database Developer,17,9
Data and Reporting Analyst,5,21
Senior Data Manager | TS/SCI CI Poly,7,42
DataBricks Lead,27,26
BSA/AML Investigator I,10,39
Foreign Service Regional Medical Laboratory Scientist (RMLS),11,43
Research Data Specialist at Northside Hospital Inc.,21,5
Data Visual Design Strategist,10,39
Adjunct Faculty Credit - Computer Information Systems and/or Database,10,27
Manager - Supply Chain Master Data,7,3
Data Center Expert,15,2
Clinical Research Data Management,10,46
Master Data Management Specialist,21,53
"Strategic Advisor 2, CL&PS (Data-Driven Policing)",10,39
"Cybersecurity Senior Data Analyst, Audit Services/Fiscal Audits",5,39
Senior Software Engineer - Machine Learning Platform,13,14
Lead Data Scientist with Security Clearance,1,19
Medical Laboratory Scientist (MLS) & Medical Lab Technician (MLT) Opportunities,11,43
"Lead Data Engineer (Bangkok based, relocation provided)",27,58
Volunteer: Database and Reporting Support (Remote/Hybrid),26,23
MLTC-Nurse Care Manager (Brooklyn Office),10,39
Senior MS Azure Data Engineer,6,34
Head of Operations and Strategy Data Center Equipment,2,32
Intermediate Systems Administrator (Data Services) with Security Clearance,1,19
Finance Data Reconciliation Analyst,5,21
Database Reporting Analyst,5,28
Data Engineering Lead,27,22
Denver Traveling Project Superintendent - Data Center,15,24
DATABASE MANAGER / TEAM LEAD - db2,27,25
Product Manager - Data - Contract to Perm Option,7,44
"Backend Engineer, Supply Chain Data Analytics",8,51
Senior Machine Learning Engineer - HHCJP00001941,24,14
"Principal Site Reliability Engineer, Datastores (Hybrid)",4,18
Business and Data Analyst,25,55
Senior Data Integration Analyst,5,48
Assistant\/Associate Professor of Information Systems or Data Analytics,8,54
Climate Data Analyst Fellow,5,21
"Staff Software Engineer, Data Privacy",16,6
"Senior Scientist II, Ophthalmology Multi-omics Data Application",12,40
Software Engineer III / Full Stack - Data Management,16,6
Senior DB2 Database Administrator,19,30
Senior Data Platform Engineer,13,34
"AI Research Engineer, Large Language Model (Applied Machine Learning)",9,14
Assistant Professor - Applied Data Science,18,54
Senior Data Architect #TS999,29,31
Independent - Data Analyst,5,21
Data Center Technician III/IV,15,4
NY Healthcare Data/Reporting Analyst (155792),5,49
Senior Clinical Data Analyst (US),5,46
Security Supervisor - Data Entry,22,29
"Senior Data Analyst (Flights team, Bangkok-based, Relocation provided)",10,25
Staff Machine Learning Feature Engineer,24,14
"Data Management Specialist, Journeyman (ANKG23058)",21,5
Data Reporting and Analytics Manager,8,51
Staff Machine Learning Engineer,24,14
Medical Technologist/MLT FT Nights,20,33
Senior Lead Data Engineer,27,58
Data Compliance Counsel,10,39
Software Engineer in ML Engineering Platform,13,6
SAS DataFlux Specialist,21,5
Test Data Manager – Digital Platform Services,13,3
Database Administration Specialist 2- 20067154,21,5
"Technical Program Manager - Data Center Infrastructure, Civil, Structural, Architectural Solutions",7,3
"Senior Biostatistician / Data Reporting and Analytics Consultant IV, Epidemiologic Research",8,15
Medical Technologist/MLT/POC (Full-time Night Shift + Bonus),20,33
Data Designer,10,39
Lead Software Engineer - Big Data,16,17
"Associate Manager, IT Customer & Consumer Data Owner, Kohler Energy",10,37
Financial Data Analyst - FP&A Technology & Market Data Finance,5,47
Data Center Engineer - Las Vegas,15,2
"Senior Enterprise Cloud Architect, Data",29,31
"Sr. Principal Scientist, Global Commercial Data Science",4,18
Marketing Data Analyst,5,50
Manager of Data Center Operations (San Jose),2,32
Data Engineer - Hybrid,6,36
"Cloud Data Engineer, Sr. Consultant",6,15
IT Data Engineering Manager,7,22
Senior Research Associate / Associate Scientist Data Reviewer,12,37
"Technical Product Manager - B2B (EDI, IDoc, ERP Integrations) Data Exchange",7,44
RESEARCH DATA ANALYST II,5,8
(Worldpay) Privacy and Data Protection Specialist-Security Analyst for US/Europe,21,52
"Senior Systems Software Engineer, Data Center - CUDA",16,27
Data Governance Analyst  (3-5 years experience) - 3 days on-site -  1 year Contract to perm,23,38
Principal Data Platform/DevOps Engineer,13,18
Master Data Administrator (38111),19,30
"Research Data/Informatics Specialist, Senior- Winship Cancer Institute at Emory Healthcare/Emory University",21,5
Data Quality Engineer,28,57
Senior Business Data Analyst,25,55
Senior Data Center Operations Technician,2,32
Data Automation Technologist,10,39
Head of Machine Learning,24,14
Senior Manager of Software Engineering - Data Modernization,16,22
Data Network Engineering Manager,7,22
Databricks developer,17,26
"Senior Software Engineer, Machine Learning, Android",24,14
Junior Data Engineer,6,36
"Sr Software Engineer, Data Platform",13,6
Health Data Scientist – Senior Consultant,12,15
"Senior Manager, Consumer Data Strategy",7,3
"Senior AI/ML Engineer Team Lead - Waltham, MA",3,12
"Senior Data Architect, Principal",4,18
"Senior Programmer Analyst, Data",5,48
Early Learning Program Research Data Assessment/Observation - PART TIME TEMP HARRISBURG & Hershey PA Education Research Assistant,10,8
Finance Data Reporting Developer Sr.,17,9
Data Analyst Sr Advisor,5,59
Machine Learning Engineer-Deep Model Infrastructure,9,14
Senior Data Business Analyst,25,55
Data Management Analyst with Security Clearance,1,19
Senior Data Scientist - Behaivior,12,40
Configuration Management Analyst/Data Management Analyst with Security Clearance,1,53
Identity Data Management Instructor - Mid Level with Security Clearance,1,19
AML/BSA Specialist,21,5
Data Management Analyst - Anesthesiology,5,53
"Senior Data Operations Manager, Data Coordination Center (Hybrid) - Infectious Disease",2,32
Medical Laboratory Scientist MT/MLS Lab Lead 7548,11,45
Big Data Architect,29,17
Senior Product Manager AI/ML,3,12
MACHINE LEARNING RESEARCHER,24,14
"Director, Securities Data Management",10,53
"Sr. Application Software Engineer, Data (Top Secret Clearance)",16,6
Sustainability Data Portfolio Lead,27,58
Product Safety Systems Data Migration Specialist,21,27
Senior Peoplesoft Database Administrator (Hybrid/Remote Opportunity),19,23
Manager of Software Engineering - Data Tech,16,22
LAB - Medical Lab Technician (MLT) PRN,11,35
Database Security Engineering Manager,7,22
Summer 2024 Configuration and Data Management Intern -Graduate (R38241),0,53
IT Information Security & Data Protection Expert,10,39
Commissioning Manager - Data Centers,7,3
"Experienced - Asbestos/Mold Analyst - Eurofins EMLab P&K - Atlanta, GA",10,39
"Scheduler, Data Center",15,2
Sr. Data Engineer with Security Clearance,1,19
"Sr. Software Development Engineer, Kinesis Data Streams",16,6
"Agency Contract Job - School Psychologist - Hemlock, MI",10,39
Medical Laboratory Scientist (MLS) - Float,11,43
Lead Data Processor - Administrative Clerk,27,58
Sr. Business Manager - Data Strategy,7,3
Principal Engineer II: Enterprise Cloud and Data Center Storage Engineer,4,18
"Research Scientist III, Measurement, Ad Tech, and Data Science (MADS)",18,8
DataStage Architect,29,31
Federal Government Senior Data Scientist (Fully Remote),12,23
Data Governance Project Manager,23,24
"Manager, Data & Process Integration Governance, Americas",23,38
Data Support Supervisor,10,29
PROGRAM MANAGER III Manager of Geospatial Data and Analysis,7,3
Electronic Data Interchange Administrator,10,39
Computer Systems Analyst III-Database Manager,7,4
Application and Data Security Lead,27,58
"Mls Coordinator in Alpharetta, GA, USA",10,39
Data Engineer IV,6,36
Data Center Team Lead (Shift D),27,25
Cloud Senior Data Engineer,6,34
Sr Data Modeler - Onsite,10,13
"Principal Product Manager, ML Applications",4,44
Senior ML / AI Engineer,3,12
User Study Facilitator / Data Collection Moderator,10,39
"Database Specialist, Level 4 with Security Clearance",1,19
Senior Applications Database Administrator,19,30
FT Medical Technologist/Medical Lab Technician (MT/MLT),20,35
Medical Technologist/ MLT - Full Time *Sign On*,20,33
Lead Software Engineer - Data Analytics,16,6
Data Architect Greenplum- REMOTE,29,23
Data Integration Lead,27,58
$2500 sign on bonus Medical Technologist/MLT FT Evenings Iuka,20,33
Data Governance Manager,23,38
Data Steward,10,39
"Long Term Contract: QA Lead (API Manual testing & Database testing) @ Rosemont, IL- Onsite",10,7
"Chief Data Architect, Personal Investor CDAO",29,31
VDOT DataStage Architect (720582),29,31
MLT/ Medical Technologist - Full Time - Evenings,20,33
Medical Technologist: MT/MLT/MLS/CLS/Bachelor of Science in Biology or Chemistry,20,11
Principal Dev Ops Engineer- Data Platform,13,18
Electrical Project Mgr. - Comm. Const. (Data Center Exp) (Relo Opp.),15,24
Data Privacy Incident Manager,23,52
"Medical Technologist (MT), Clinical Laboratory Scientist (CLS) or Medical Laboratory Technician (MLT)",11,43
Data Engineer Senior with Security Clearance,1,19
Data Architect Full-Time,29,31
FMLA School Nurse,10,39
"Senior Software Engineer, Data Acquisition",16,6
Medical Technologist / MLT - PRN - Paducah KY,20,33
"Sr Data Analyst (Alexanderia, VA) Public-Trust",5,59
Mission Data Engineer - Senior - SWW,6,34
Medical Laboratory Scientist (MLS),11,43
Lead Data Management Analyst (Big Data Engineer) (1022576),27,17
"Sr. Manager, IT Data Center Operations",2,32
Data Quality Analyst - (10+ years of Exp) - Full Time/ W2 contract,28,57
"Manager, Product Management, Card Data",7,44
DATA RESEARCH SPECIALIST,21,5
Specialist Solutions Architect - Data Warehousing & Data Governance,23,38
"Sr. Data Engineer, Cell Manufacturing Quality",28,57
Data Center Technician 4 with Lab Experience,15,2
SDA Data Systems Acquisition Program Manager,7,27
IT Project Manager Data Center Build NY 1529,15,24
Senior Project Manager - Data Center Construction,14,24
BSA/AML Compliance Investigator,10,39
Datacenter Network Manager,0,20
Senior Image Data Scientist,12,40
"Manager, Data Integration",7,3
"DataBricks Lead@O Fallon, Missouri",27,26
PI/QA RESEARCH & DATA INFORMATICIST,10,8
"Principal Data Scientist, Marketing",4,50
Medical Technologist (MT/MLT) - Competitive Pay + Sign on bonus,20,33
Principal Software Engineer - Big Data,4,17
Assistant or Associate Professor - AI & Machine Learning,24,54
DataBricks Architect,29,26
"Sr. Data Scientist, Private Pricing Analytics & Insights",8,51
Solution Architect (Data),29,31
Senior Coordinator Marketing and Social Media (Hybrid) - Office of Health Information and Data Science,18,50
Data Solutions Manager,7,3
Data Science Manager: Credit Risk & Marketing Analytics,18,50
"Senior Manager, Technical Program Manager - Machine Learning",7,3
Data Engineer (Sr.-TS/SCI-On Site) with Security Clearance,1,42
Database developer with data modelling,17,9
LAB - Medical Laboratory Technician (MLT) PRN,11,43
"Senior Manager, Biostatistics / Data Reporting and Analytics, KPSC R&E Behavioral & Health Services Research",8,51
Security Consultant Data & Application Security Services - ISAM,1,19
Commodity Data Analytics & Reporting Manager,8,51
"Senior Manager, US Medical Myeloid, AML & MF",7,3
Medical Lab Technologist MLT,20,35
Sr. Data Analyst #: 24-00529,5,59
Advanced Computational Tools and Data-Analysis Techniques for LISA Science,18,56
Data Engineer IV - Max Digital (Data Operations),2,32
"Data Engineering Supervisor in Denver, CO, USA",10,29
Data Center Team Lead (Shift A),27,25
"Manager, Data Governance and Integration",23,38
Lead Software Engineer - AML,16,6
"Software Development Engineer, AGI Data Services",16,6
Master Data Management SME,10,53
Commercial Data Specialist #: 24-00328,21,5
Sr Logistics Data Engineer,6,59
"Medical Laboratory Scientist (MLT/MT) - $5,000 SIGN ON BONUS",11,43
Data Recovery Technician,10,39
"Senior Manager, Data Management",7,53
Full Stack Software Engineer - Machine Learning Infrastructure,24,14
Sr Data Engineer,6,59
Lead Data Architect,29,31
Data Analytics Manager with Security Clearance,1,19
Mulesoft API Developer with Data Security Experience,17,9
"Temporary Tax Data Validator, Sorter, and Scanner",10,39
"Sr Data Scientist - Generative AI (GenAI, GAI, Deep Learning)(Remote Or Hybrid)",12,23
Healthcare SAS HEDIS Data Analyst,5,49
Geospatial GIS Data Manager,7,3
"Senior Mechanical Engineer, Data Center Controls",15,2
Data Engineer (Sr.-TS/SCI-On Site),6,42
"Manager, Consumer BI and Data Operations",2,32
"Sr. Manager, Data Access Monitoring",7,59
Associate Professor of Data Science,18,54
Data Center Facilities Engineer,15,2
"Co-op, Quantitative Pharmacology Research - Machine Learning",24,14
"Scientist, Medical Laboratory (MLS) I",11,43
"Senior Product Manager, Data Management",7,44
Clinical Research Data Specialist- TEMP,21,46
"eDiscovery & Data Forensics Senior Vice President, Project Management",10,24
Data Management,10,53
Sr. Big Data Engineer,6,17
Senior Electrical Engineer - Data Center,15,2
Datalink Analyst with Security Clearance,1,19
"MT / MLT / Medical Technologist II Fostoria/Fremont, OH Full Time Nights (71651, 71505, 61109) 71651, 71505, 61109",20,33
Senior Software Engineer - Data Path,16,6
"Sr. Data Engineer, Business Analytics",8,51
"Director, Securities Data Oversight",10,39
"Senior Financial Data Analyst (Financial Analysis, Associate)",10,47
Medical Technologist (MT) or Medical Lab Technician (MLT) - Full Time Overnights,20,35
Senior Software Engineer - Data Platform,13,6
Senior Reporting and Data Analyst,5,48
Business/Data Analyst w/ Data Dictionary/Metadat,25,55
"Software Engineer, Growth Data Engineering",16,6
"Network Dev Manager III, Data Center Access Network",15,4
Data Equity Analyst,5,21
Senior IA Data Analyst/Network System Administrator SME,5,48
"Clinical Lab Scientist (MLS/MLT) - Travel - ASCP Required - *Up To $2,400/WK!*",11,45
"Sr. MLOps Engineer - Dallas, TX (ONSITE)",10,39
Machine Learning Ops Engineer III,24,14
"Data Architect - Must live in Chicago, IL",29,7
Sr. & Jr. QA (Machine Learning),24,14
Supply Chain Analyst - Data Integrity,10,39
Data Engineer with AWS,6,36
Data & Analytics MDG Product Lead,8,44
Sentinel Principal Database Architect / Sr. Principal Database A with Security Clearance,4,18
"Manager Engineering, Data Infrastructure",7,22
"Philanthropy Coordinator, Data Management",10,53
Senior Machine Learning Data Scientist,24,14
Sr Data Scientist - PK/PD Modeling & Automation,12,40
Product Data Specialist,21,44
Customer Data Analyst 1 (Adminstrator),5,21
"Associate Director, Data & Specimen Governance",23,37
Data Analytics and Investigations Attorney,8,51
"Senior Data Science Engineer, Risk & Fraud",18,1
Data Analytics Fraud Examiner,8,51
"Medical Technologist or MLT, part time",20,33
"Software Engineer, Data Warehouse Analytics",16,6
Associate Staff - Machine Learning Algorithm Developer,24,14
DSHS ALTSA Contract and Data Specialist,21,5
Manufacturing Data Specialist,21,5
Medical Technologist/MLS,20,45
BI Data Project Reporting Analyst - Radiation Oncology - TGH Cancer Institute,10,39
"Principal Associate, Data Science",4,37
Sr. IT iQuote Config and Data Migration Analyst,5,59
Lead Data Quality Analyst,28,57
AML Product Analyst 3,5,44
"Looking for Sr. Data Engineer - NYC, NY, USA (Onsite)- Contract",10,39
Data Managment Analyst (PMA-262),5,21
Database Administrator Expert,19,30
"(USA) Senior, Data Scientist",12,40
"Data Governance, Senior Consultant",23,38
Sr. Data Modeler (REMOTE),10,13
Sr Cloud Big Data Developer,17,17
Sr. Database Analyst,5,59
Compliance - Capital Market AML Investigations,10,39
Bioimage Informatics Scientist - Image Analysis & Machine Learning,24,14
Remote - NYS RN Care Manager - Bilingual Registered Nurse - MLTC,9,39
"Data Scientist II , Infra DCPD - PACE",12,40
"Sr. Manager, Data Refinery",7,59
Early Career Environmental Scientist Data Manager,12,40
Master Data Senior Analyst,5,48
Data Quality Manager,28,57
Principal Software Engineer - Core Data Team,4,18
"Associate Manager, Cloud Systems Engineer, SQL Database Services",7,27
Sr. Systems Administrator (Data Management),19,27
Database Engineer Sr,6,28
USD-Lead Data Scientist Engineer,27,58
Sr Engineer - Data Science - Gaithersburg MD (Onsite) Local only,18,1
Regulatory & Medical Affairs - Data Analyst Data Analyst,5,21
Senior Estimator (Data Collections),6,48
Data Science Analytics Engineer II (Coordinated Campaign),18,1
"Senior Director, Data Science",18,1
Mandataire Immobilier (H/F),10,39
"Sr. Site Reliability Engineer (Application Software, Data)",16,6
"Reliability, Maintainability, Logistics supportability, and Availability (RMLA) Analyst #1785",10,39
Volunteer: Data and Salesforce Volunteer,26,16
"Canvas Consultant (Member Service Specialist) - Grand Junction, NMLS",21,5
"Systems Design Engineer - C/C++, Kernel development for AI/ML processor, performance modeling",3,12
"Senior Data Analyst, Climate Strategy & Sustainability",5,48
Shelf Intelligence Data Collection Consultant - Denver,10,15
Data Link Test Engineer - Senior - TGBC,6,34
Managed Services and Data Center Support Specialist,21,5
"MLS Microbiology Supv: Las Cruces, NM",10,45
Sr. AWS Data Engineer (REMOTE),6,23
Software Engineer III - Data Modernization,16,4
Senior Mobile/Web Developer (Full Stack with AI/ML Integration),3,12
IT Data and Analytics Manager (Data Engineering & Architecture),8,22
Cleared Data Scientist,12,40
Quantitative Data Engineer,6,36
Data Management Analyst,5,53
Data Intelligence Team Lead,27,25
(VV) Collection Data Manager - Level 2 (TS/SCI w/ FS Poly),10,42
Senior Lead Software Engineer - Pricing Reference Data,16,6
Enterprise Data Architect - Remote Opportunity,29,23
Senior Manager of Big Data Infrastructure,7,17
Data Integration Developer (Azure DI Developer),17,9
Senior Business Analyst / Data Analyst,25,55
Data Governance Program Manager,23,38
Lead Report Writer / Data Analytics,8,58
Volunteer: CrowdDoing Service Learning Data Architect Volunteer,26,16
Quality Specialist - Data Center Build,28,57
"Manager, Product Management - Consumer Data (Hybrid)",7,44
Data Center Team Lead (Thurs-Fri 7:00am - 5:30pm),27,25
"Big Data Engineer - USC, GC/ EAD GC and H1b",10,17
Senior Data Engineer #: 24-00133,6,34
Data Scientist (USSOCOM),12,40
"Manager, Customer Growth Insights: Data Scientist (Kroger / Albertsons Channel )",12,3
Master Data Analyst - Supply Structures,5,21
"Medical Technologist ( MT, MLS)",20,11
Data Privacy/Mobility Attorney,23,52
"Senior Data Engineer, Investments Technology",6,34
"Sr. Marketing Campaign Manager, Global Campaigns, AI & Machine Learning",24,14
Data Analyst with SQL Experience,5,39
Statistician/Data Scientist Fellowship - Established Scientist,12,40
Sustainability Data Architect,29,31
Principal Database Administrator – Snowflake,19,41
Assistant or Associate Professor - Statistics/Data Science,18,54
"Data Scientist, Subject Matter Expert",12,40
Data & Business Intelligence Associate,25,37
ETL Developer/Data Engineer contractor,17,9
Data & Analytics Consultant,8,15
"Engineering Manager, Machine Learning",24,14
Maintenance Database Integrity Manager,7,28
Data Management Specialist,21,5
Data Center Construction Integration Manager,14,2
Data Scientist / Machine Learning Engineer (Credit Analysis) (Mexico),24,14
Tax Data Analyst - Business Tax Advisory - Quantitative Services - Manager - Mult Pos - 1467476,10,39
Expert Data Scientist,12,40
"Data Analysts, Visualizers and BI Specialists",10,39
Data Center Project Manager,15,24
Security Operations Supervisor - Data Center,2,29
Research Data Specialist II,21,5
"ONSITE : Hiring AWS Data Engineer, Phoenix, AZ",10,36
"Laboratory Supervisor, Medical Laboratory Scientist (MLS), Evenings",11,43
Sr. / Data Scientist,12,40
"Staff Data Engineer (Fintech team) (Bangkok based, relocation provided)",10,25
Director of Robotics and Machine Learning,24,14
Database Technology Manager,7,28
Data Business Analyst - RR,25,55
Lead Data Scientist - Clinical,27,46
"Senior Data Scientist , Managed Operations Data Science (MODS)",2,1
Commercial (Data Center) Superintendent,15,2
(USA) Data Engineer III,6,4
"QA/QC Manager, Data Center",15,2
Software Engineer 3 - Linux/TypeScript/HTML 5/Yarn/React/Git,16,6
Operational Researcher / Data Scientist,12,40
"Senior Product Owner, CXD Data and Analytics, Personal Investor",8,44
Data Center Contract Support,15,2
Data Architect - TS/SCI Clearance Required,29,42
"Principal Data Scientist, Growth",4,18
Data Platform Leader,13,39
Data Systems Business Analyst- Sales Reporting (Memphis/Raleigh/New Orleans),25,27
"Human Resources Generalist (LOA, FMLA, ADA)",10,39
"Senior Data Scientist, Fraud & Risk Analytics",8,51
Senior Technical Data Analyst,5,48
"Technical Program Manager, Data Systems",7,27
Senior Electrical PM Data Center Chicago 2,15,7
"senior engineer, DPS AI/ML Platforms – ST",3,12
Sr. IT Analyst Software and Data Services (TS/SCI) - DODP12,16,42
Volunteer: Make a Difference with Girls in Your Community: Volunteer with Girl Scouts (Peyton-Simla),26,16
Data/IT Operations Manager,2,32
Portfolio Manager II - Office of Health Information and Data Science,18,1
"Public Health Adviser Data Entry, Bureau of School Health",22,10
Manager of Data Analysis-Planning,7,56
Sr. Data Scientist for Signal Processing Project (TS/SCI Required),12,42
Senior Lead Data Scientist,12,40
Data Integrity Analyst,5,21
"MLS Team Lead - Blood Bank, Full-Time Days",27,25
Digital Forensics Engineer (Data Protection/Information Security) - R44182,10,39
"Senior Data Scientist, AI Foundations",12,40
IT Database (DB) Specialist,21,5
Building Manager – Data & Decision Sciences and Undergraduate Science Lab Buildings,18,1
Lab - Medical Laboratory Scientist/ MLS,11,45
Full-Time Tenure-Track Faculty: Political Science and Statistics/Data Science,18,1
"Manager, Data Science - Card Fraud Detection",18,1
Medical Laboratory Scientist/Technician (MLS/MLT),11,43
Data Scientist - AdTech,12,40
Lead Data Architect/Data Modeler,29,13
Senior Software Engineer - Distributed Data Systems,16,27
Data Center MEP Manager,15,2
"Data Scientist, Algorithms - Rider",12,40
Business Data Analyst,25,55
Business Data Analyst II with Security Clearance,1,19
Data Entry Clerk Shift 1,22,10
DATA BASE ANALYST III,5,4
Business Analyst with DataWarehousing project exp,25,55
Medical Technologist/ MLT - Full Time Evenings *Sign On*,20,33
Project Manager-Data - I (700551),7,24
Quality Data Coordinator,28,57
"Sr. BigData Engineer (Hadoop/AWS, Python)",6,36
AI -Data Scientist Senior (6-10 yrs.),12,40
Data Solutions Architect,29,31
MLT,20,33
Full Time - Job Opportunity - Data Integration ETL Architect - W2,10,39
Databricks Architect,29,26
Enterprise Architect-Data and Analytics- US,29,31
Data Warehouse Architect 18424,29,31
Enterprise Data Architect,29,31
Technical Data Manager,7,3
Data Controller Trainee,5,21
Data Center Engineer - Tampa,15,2
Machine Learning Operations – Staff Engineer,24,14
"Sr BSA/AML Specialist - Troy, MI or Hicksville, NY or Cleveland, OH",10,39
Product Engineer - Data Engineering Analytics,8,44
Research Scientist - Machine Learning / Applied Mathematics,24,14
Field Inspector/Auditor/Data Collector (C),10,39
Data Center Technician,15,2
Entry Level Data Analyst/Management Consultant - Nationwide (US Based Candidates Only),22,10
Network/Data Center Business Analyst,25,55
Data Warehouse Analyst II,5,21
Data Entry/Customer Service Rep- ASAP HIRE,22,10
Research Data Analyst,5,8
Epic Clarity Data Analyst (with a focus on revenue cycle),10,39
Sr. IT Data Analyst,5,59
Senior Health Data Analyst I,5,48
Senior Data Analyst (Customer Facing ),5,48
"Data Analyst, Research Solutions",5,8
Accounting Professor- Data Analytics/AIS- 90K+ Salary,8,51
"Synolo - Senior/Principal Scientist, AI/ML Aided Protein Design and In Silico Antibody Optimization",3,12
Infrastructure Engineer (Data Center),15,2
Lead Data Engineer - Hybrid,27,58
Data Center Engineer - McAllen,15,2
Data Engineer - Snowflake expert,6,41
Technical Staff - Machine Learning Algorithm Developer,24,14
Digital Data Engineer,6,36
RESEARCH DATA SPECIALIST II,21,5
Senior Data Engineer Hybrid,6,34
Machine Learning Scientist,24,14
Computational Medicinal Chemist/Senior Expert Data Science,18,1
"Medical Technologist / Medical Lab Technician (MLS, MT, MLT) Biddeford",20,35
AI/ML Server Performance Architect,3,12
"Staff Software Engineer, Data Serving",16,6
Analytics Engineer/Data Scientist-ANA009802,8,51
MLS (Medical Lab Scientist) - SJH,11,45
Construction Administration Manager - Data Center,14,2
Customer Data Specialist,21,5
Volunteer: DIY: MLK Day of Service - Snack Packs,26,16
Data Analyst Assoc Manager - Enterprise Data Foundation,7,3
Data & Progress Analyst (Ref ID: 230),5,21
Senior Data Analyst - Data Management with Security Clearance,1,19
Master Data Analyst,5,21
Data Analyst 3,5,21
Data Analyst- External Manufacturing,5,21
"Analyst, Data Accuracy Response Team",5,25
Data Technical Business Analyst,25,55
Senior Paid Media Data and Visualization Analyst,5,48
Exchange Traded Derivatives Data Analyst,5,21
Data Engineer Analyst,6,21
Classified Data Processing Systems Analyst/Programmer,10,27
Health Data Analyst,5,21
Master Data Analyst I (10120-2023693),5,21
"Senior Data Analyst, Payer Relations - Remote",5,23
Supplier Relations- Data Analyst,5,21
Sr. Data Analyst,5,59
Cancer Data Analyst,5,21
Data Quality Assurance Analyst,28,57
External Supply Sr. Data Analyst & AI,5,59
Business Data Analyst - SC with Security Clearance,1,19
"Data Analyst 3- Mishawaka, IN",5,21
HealthCare Data Analyst,5,49
Data Analyst 2,5,21
Research Data Analyst with Security Clearance,1,19
DATA ANALYST,5,21
Master Data Coordinator/Analyst,5,21
Database / Data Analyst IV,5,28
Data Quality Analyst,28,57
Data Analyst Senior,5,48
Data Analyst 1 ( Temporary ),5,21
Volunteer: Biophelia Health & Financial Data Cost Benefits Assistant Analysis Volunteer,26,16
Data Practices Analyst - Management Analyst 2,5,53
Technology & Data Analyst,5,21
Senior Data Analyst- Business Insights (Harry's & Flamingo),25,55
Financial Data Analyst with Security Clearance,1,19
Research Associate (Data Analyst),5,37
Senior data analyst,5,48
Inpatient Coding Data Quality Auditor/Educator,28,57
Big Data Engineer - IV (876217),6,17
Compliance & Data Privacy Counsel,23,52
"Staff Machine Learning Engineer, Risk",24,14
MLT - Medical Laboratory Technologist,20,43
"Machine Learning Scientist, Generative AI",24,14
Staff Software Engineer - ML Engineering,16,6
Medical Technologist MT or Medical Lab Technician MLT - Laboratory,20,35
Business Systems Analyst- Data Dashboards,25,27
Senior Cost Manager / Quantity Surveyor - Data Center Construction,14,2
"Engineer III, Big Data",6,17
"Staff Software Engineer, Data Frameworks",16,6
Medical Laboratory Technician (MLT),11,43
Data Analyst Intern,5,21
3K Signing Bonus: Medical Laboratory Technician(MLT),11,43
Medical Laboratory Scientist MLT or MLS 7317,11,43
Medical Technologist (MT/MLT) NIGHT SHIFT,20,35
Customer Experience Banker Non-NMLS,10,39
Cost Manager / Quantity Surveyor - Data Center Construction,14,2
Compliance&Data Specialist,21,5
DataStage Developer,17,9
Flight Test Data Reduction Engineer,6,36
Data Governance Analyst,23,38
Senior Engineer/Modeler (Data & Integration),6,13
Workforce Planning Data Analyst,5,39
Data Engineer III,6,4
Data Technician- Telecom,10,39
Account Executive – Agencies (AdTech / Data),10,39
"Senior Financial Analyst, AWS Services Finance - Database Group",10,47
Data Entry,22,10
Master Data Management Administrator,19,53
Law Enforcement Data Analyst,5,21
Data Analyst (USSOCOM),5,21
Senior Data Analyst (Data Lead),27,58
Database and Systems Administrator.,19,30
Senior Systems and Data Analyst,5,27
"Data Analyst _ HYBRID- New York, NY 10020 (3 in-office/2 remote)",10,23
Senior Database Administrator (Database Administrator 3) - 12920 with Security Clearance,19,30
Data Engineer 2,6,36
Senior Statistical Data Analyst - Infectious Diseases,5,48
Data Engineer 2/3 (Database Administrator),19,30
Assortment Planner/Supply chain data analyst,10,39
Program Analyst (Data Management),5,53
Sr SQL Database Administrator,19,30
Data Analyst I-Addictions Institute,5,21
Data Engineer - Offshore,6,36
Associate Data Engineer,6,37
Data Engineer 3,6,36
Corp Clinical Data Analyst,5,46
"Data Analyst (Bangkok Based, relocation provided)",10,39
Volunteer: Data Visualization / Business Intelligence Analyst Volunteer Wildfire Prevention,26,16
Data Entry Clerk,22,10
Volunteer: Wildfire Prevention Financing Data Analyst- CrowdDoing Volunteer,26,16
RIC - Data Analyst 2,5,21
SAP Master Data Analyst,5,21
Senior Cloud Data Platform Engineer,13,34
Business Intelligence Data Analyst II,25,55
Sr Data Analyst,5,59
Senior Data Entry Specialist,22,10
"Data Scientist/Senior Data Scientist, Insights & Analytics",12,40
Quality Assurance Data Analyst,28,57
Senior Data Management Analyst,5,53
Systems and Data Analyst 4,5,27
P&C Data Analyst,5,21
Clinical Data Analyst,5,46
"Sr. IT Data Analyst,Perm Role, Cleveland, OH",5,59
Lead Business Execution Consultant - SQL Data Analyst,25,15
Senior Data Analyst - Only W2 (1021284),5,48
Sr. Clinical Information Analyst/ Clinical Data Analyst,5,46
BI/Data Analyst,5,21
Data Sr Analyst,5,59
Master Data Analyst I,5,21
Business Analyst/Data Analyst,25,55
Google Data Analytics Engineer,8,51
Sr. Data Analyst - Quality Consultant,28,57
Senior Data & Reporting Analyst,5,48
APD Data/Reporting Analyst,5,21
"Sr. Data Analyst (Mid-Atlantic Permanente Medical Group, P.C.)",5,59
"Business Data Analyst || Chicago, IL(onsite)",25,7
IT Business Analyst - Data &amp; Analytics,25,55
Senior Data Analyst (onsite),5,48
RESEARCH DATA SPECIALIST III,21,5
Data & Metrics Analyst,5,21
Data Scientist - Bellevue,12,40
Volunteer: Machine Learning Team Lead - Python Developers - Protecting Kids Online!! May turn into PAID,24,25
Data Governance Analyst (Hybrid),23,38
Machine Learning Engineer,24,14
Data Analytics Manager,8,51
Data Center Engineering Operations Area Manager,2,32
Medical Technologist (MT/MLT) - Blood Bank - Kettering - Full Time - Evenings,20,33
Datacenter Technician,0,20
Sr. Data Warehouse Analyst,5,59
Medical Technologist / MLT - Part time Evenings - $2500 Sign-on Bonus,20,33
Data Center Technician Level 2,15,2
Senior Data Entry Operator,22,10
Sr Bigdata engineer-scala programmer,10,39
"Business Analysts Wanted: Turn Data into Insights, Join Our Team",10,25
Quality Data Engineer,28,57
"Medical Technologist / Medical Lab Technician (MLS, MT, MLT) - Blood Bank",20,35
Volunteer: Remote Data Organization Manager *Unpaid Volunteer Opportunity*,26,16
AWS Databricks Architect-US,29,26
Data Governance Enterprise Architect hybrid(Atlanta GA),23,38
Senior SQL Database Developer,17,9
"SQL Data Integration Developer/ Data Analyst, Anaheim CA (ONSITE REQUIRED)",17,9
Test Data Management Specialist,21,5
DATA BASE CONSULTANT - 48000731,10,15
Founding ML / NLP Engineer,3,12
Data Solutions Production Support Manager,7,3
Data Domain Architect - Vice President- Commercial Real Estate,10,39
Project Manager dw (data center) - 1313053,15,24
Data Analytics & Insights Manager (Hybrid),8,51
Risk Management - Third Party Data Procurement Program Manager-Vice President,7,53
EHS Data & Hazard Communication Specialist,21,5
"Manager, Data Scientist - Compliance Risk",12,3
Data Center Operations Technician 2 - Swing Shift,2,32
"MI - Medical Lab Technologist(MT/MLT), Afternoons - Mount Clemens",20,35
"Performance Management and Data Analyst II, Grade 25",5,53
"(USA) Principal, Data Analyst",4,18
Data Center Operations Analyst,2,32
"Senior Data Analyst, MS Society",5,48
"Medical Device Safety Data Analyst -Whippany, NJ",5,39
Applied Machine Learning Scientists,24,14
Data Center Team Lead (Shift C),27,25
Construction Project Manager (Data Center),14,24
GCP Data Engineer,6,36
Data Center Hardware Support Technician,15,2
"Account Executive, Data & Analytics",8,51
Data Quality Specialist,28,57
Snowflake Data Engineer,6,41
Senior Data Platforms Administrator,19,30
Lead Data Engineer (P4029),27,58
Data Analyst - Hybrid,5,21
DataStage Lead Developer,17,9
Volunteer: Data Entry,26,16
QT/QML Software Developer,17,9
Machine Learning Engineer III,24,14
Medical Lab Technologist (MLT),20,35
JUNIOR DATA ANALYST,5,21
System Information Data Specialist,21,5
Jr. Data Center Engineer,15,2
Postdoctoral Scientist - Tatonetti Lab - Data-Driven Precision Pharmacology,12,40
Market research data analyst Melville NY ref,5,8
"Machine Learning Engineer, Motion Planning, Autopilot AI",24,14
Senior Application Developer – Database,17,9
SR DATASTAGE TECHNICAL LEAD,27,58
AI/ML Autonomy Senior Engineer,3,12
Senior Data Scientist Manager,12,40
"Technical Infrastructure Program Manager, Data Center Security - Global Security Services",1,19
"Data Engineer Technical Lead Lewisville, TX OR Renton, WA(Hybrid Onsite)",27,58
Data Operations Specialist,2,32
2024 MiLB Data Operations (Seasonal),2,32
Data Operations 1,2,32
Data Engineer/ Tech Lead with PBM,27,58
"Operational Data Analysis Specialist_ Chattanooga, TN 37402 USA",10,56
Principal Software Engineer - Data Operations,4,18
Consumer Data Representative,10,39
Database – Principal Advanced Support Engineer,4,18
Data Center Supervisor - Lead Mechanical & Electrical Technician,15,29
Sr II Machine Learning Scientist,24,14
Business Data Analyst II,25,55
Data Governance Steward III,23,38
Data and Analytics Sr. Program Manager,8,51
Senior Master Data Analyst,5,48
"Sr. Data Scientist, RWE",12,40
Data Collection Support Consultant - Boston,10,15
Inprocessing Data Entry,22,10
Senior Data Analyst - GLU,5,48
Expert Data Manager - Enterprise Lead,27,58
"Senior Solutions Architect, Machine Learning",24,14
"Configuration Data Manager, New Shepard (R37466)",7,3
Vice President - Machine Learning COE,24,14
Business Intelligence Developer | Helios Enter Data Warehouse IT | Full Time,17,9
Data Entry-Support of Account Executives,22,10
Data Engineer (USSOCOM),6,36
Data Scientist – Fraud Specialist,21,5
Data Entry Clerk IV/Grand Jury,22,10
"Data Engineer, Specialist",21,5
Software Engineer 1 - Data Analysis,16,56
Part-Time Lecturer - School of Mathematics and Data Science,18,1
"Computational Scientist, Omics Data Analysis and Integration",12,56
Senior Staff Data Scientist,12,40
Senior Clinical Data Analyst,5,46
Data Engineer IV - Max Digital (Data Engineering),6,22
Senior Mechanical Engineer - Data Center,15,2
"Sr. Mech Product Engineer, Data Center Eng, Mech Solutions",15,44
PHARMACY DATA ENTRY TECHNICIAN - PRN,22,10
Manager of Data Reporting & Assessment Operations,2,32
Digital Marketing Data Analyst (44476),5,50
Scheduler - Data Center Construction,14,2
Database Specialist RN Bariatrics,21,5
Volunteer: Data Collection at the Community Kitchen,26,16
Senior Datacenter Product Development Engineer - Liquid-Cooling SME,0,20
"Summer Intern - JFK Airport Operations, Data Analytics",2,51
Volunteer: Mentor a child in honor of MLK Day,26,16
Data Management Controller 2/3 (End item data package) - Space Components,10,53
Data Support Specialist,21,5
CVB Data & Technology Consultant Contractor,10,15
Epidemiologist-Cancer Data Collection - Public Health,10,39
"Lab Scientist (MT/MLT/CLS/CLT) - Full-time, Days",11,11
Data Technician I,10,39
"FT Medical Technologist/Medical Lab Technician (MT/MLT) *Up to $70,000 a year*",20,35
Lab Scientist - Certified (MLS/CLS/MT/MLT),11,11
Field Data Collection Service Owner,10,39
Data Collection Unit Chief (Hybrid),10,39
Data Scientist (USA),12,40
Facilities and Data Center Technician IV (Reston),15,2
Billing Data Analyst,5,21
Principal Data Consultant,4,18
Volunteer: Wildfire Prevention Financing Data Scientist- CrowdDoing Volunteer,26,16
Senior Data Scientist (Healthcare) with Security Clearance,1,19
Data Collection Nurse - Chattanooga area (964818),10,39
Data Editor,5,21
Data Governance Program Manager II,23,38
Laboratory Scientist/MLS/CLS/MT - Blood Gas Lab - Nights,11,11
Data Architect/ SQL Server,29,31
Laboratory Scientist/MLS/CLS/MT - Immunology - PRN,11,11
Manager - Consumer Data Privacy,23,52
Laboratory Scientist/MLS/CLS/MT Client Services Representative - Nights,11,11
Data Analyst/Scientist,12,40
LEAD MLT - EVENINGS,27,58
"HVAC Project Manager -- Hospital, Commercial, Data Center Work",15,24
"BUSINESS DATA ANALYST- Austin , TX",25,55
Lead Data Analyst #: 23-07033,27,58
Senior Azure Data Engineer,6,34
Cost Engineer – Data Center Construction,14,2
Python + Data Structures Engineer,6,36
Sr. Data Engineers,10,59
Senior Engineer - Data Management & MDM,6,53
Data Analyst/Modeler - Hybrid,5,13
Senior Database Manager,7,28
Customer Service Representative / Data Entry,22,10
Data Entry / Customer Service Rep.,22,10
Database Administrator - Oracle (Hybrid-Setup) Houston Texas,19,30
Customer Experience Banker Non NMLS Fox Chapel,10,39
Sr. Data Analytics Lead,8,51
Sr Data/Business Analyst,25,55
"Database Administrator I, II, III, or Senior",19,30
Lead Data Engineer-DE --- US,27,58
Bigdata / Spark Developer,17,9
Data Science Analyst,18,1
Data/reporting analyst,5,21
Banking Data Analyst,5,21
Sr. Research Data Analyst,5,8
"Lead Data Analyst, Data Operations",2,32
Volunteer: DIY: MLK Day of Service - Personal Care Kits,26,16
Data Analyst (HRIS),5,21
"Data Reporting and Analytics Consultant IV, Programming",8,15
Sr. Clinical Data Analyst,5,46
Healthcare Data Analyst,5,49
Trainer/Data Analyst,5,21
Senior Data Analyst (contract),5,48
Fraud Investigations Data Analyst,5,21
Senior Analyst - Data Analytics,8,51
Data Analyst Lead,27,58
DATA ANALYST (Limited Term-Hourly/Temporary),10,39
"Analyst, Data Scientist",12,40
Staff Cybersecurity Data Platform Engineer,13,36
Contract Master Data Analyst - Urgent Need,10,39
Data Analyst I or II,5,21
Data Scientist II,12,40
Staff Pricing Data Analyst,5,39
Associate Data Analytics Analyst,8,37
Senior Data Engineering Analyst,5,22
Senior Data Analyst (Hybrid),5,48
"Data Reporting and Analytics Consultant II  - Bio-Statistics, Epidemiology, SAS, R, Python",8,15
DATA AND PROCESS ANALYST,5,21
Clinical Trials Data Analyst,5,46
Entry Level Data Analyst / General Office,22,10
Data Engineer/Administrator,19,30
Vendor Data Analyst,5,21
"Senior Analyst, Data Operations",2,32
Supply Chain Analyst – Data Governance,23,38
Accountant - Data Analyst,5,21
Data Engineer Lead (Bigdata Production support),27,58
Data Analyst CO-OP (SACB),5,21
Data Analyst I (US - Contract),5,21
Data Analyst I or II - Family Medicine,5,21
Research & Data Operations Specialist,2,5
Sr. CRM Data Analyst,5,59
"Senior Analyst, Compliance Data",5,48
Data Analytics Specialist,21,5
"Data Reporting and Analytics Consultant IV, Programming Programming",8,15
PERFORMANCE DATA SENIOR ANALYST,5,48
Senior Power BI Data Analytics and Visualization Analyst - Hybrid,8,51
Data Analyst 1 - 78135,5,21
Senior Data Analyst - Marketing,5,50
Data Analyst- Global Public Health,5,39
Data Analyst (Entry/Junior Level),22,10
Social Media Data Analyst - MI,5,21
"Data Reporting and Analytics Consultant IV, Biostatistics, Epidemiology, SAS, R, Python",8,15
Data Analytics Specialist 1,21,5
Network Data Engineer with Wireless,6,36
Data Analyst (Data Analyst 3)- 17357,5,21
"Data Reporting and Analytics Consultant III, Programming Programming",8,15
Segment Data Analyst-2,5,21
Digital Data Analyst,5,21
Data Governance Senior Analyst,23,38
Senior HR Data Analyst,5,48
Business Intelligence and Data Visualization Lead,25,55
Business Data Power BI Analyst,25,55
Hiring : Clinical Data Analyst,5,46
"Associate Director, Data and Analysis",10,56
Config/Data Mgt Analyst 3 (Army Metering Program),5,21
Senior Fraud Data Analyst,5,48
Senior Data Analyst - Team Lead,27,25
2025 Blackstone Data Science Summer Analyst,18,1
"Lead, Data Analyst",27,58
Lead ETL Data Analyst,27,58
Associate Security Data Analyst with Security Clearance,1,19
Tenure-Track Assistant Professor in Education Statistics and Data Science,18,54
HR Data Analyst,5,21
Senior Data Analyst – System Nursing,5,48
Employee Relations Data Analyst - Hybrid/NJ Based,10,39
Virtual Data Analyst Part Time,5,21
Sr Salesforce Business Data Analyst,25,55
LEAD DATA ANALYST,27,58
"Manager Data Analyst Patient Experience, Regional Hub Patient Experience, FT, 08A-4:30P",10,39
Senior Data Analyst Engineer Levels I - III,6,4
Principal Data Analyst,4,18
Staff Technical Data Analyst,5,21
Business data analyst,25,55
Senior Business Analyst - Data Analytics,25,55
Data Analytics Consultant (SQL/SAS) (1017880),8,15
Business/Data Analyst,25,55
"Statistician, Data Science",18,1
"Manager, Automation & Commercial Data",7,3
Data Analyst - Advanced,5,21
Senior Data Analyst Revenue Management,5,53
Power BI/Data Analyst,5,21
Project Mechanical Engineer - Data Center,15,24
Data Engineer (Hybrid - 3/2 Work Schedule),6,36
IT Data Analyst Local Candidates Only,5,39
Electronic Data Interchange Analyst,5,39
"Instructor, Business/Data Analytics, Economics",8,51
Human Resources - Audit Data Analyst,5,39
Lead Data Governance Analyst,23,38
Data Analyst 1,5,21
"Analyst, Senior IT - Geoscience Data Steward",5,48
Senior Finance Data Analyst,5,48
Financial Data Analyst & Developer,17,47
Senior Data Analyst / Manager,7,48
Data Science Analyst (Hybrid - 3/2 Work Schedule),18,1
Data Analytics Consultant,8,15
Fundamental Data Researcher,10,39
"Business Data Analyst, MDM – SAP (Hybrid)",25,55
Data Analyst/Report Writer 2,10,39
"Assistant Director, Gift Administration & Data Management",10,53
Engineer III - Test Data Manager,7,4
Senior Data Analyst and Reporting Specialist,21,5
Epic Clarity Data Analyst,5,21
"Field Supervisor, MLTC, Manhattan, Per Diem",10,29
"Data Reporting and Analytics Consultant III, Biostatistics",8,15
Senior Data Entry Operator (Financial Domain),22,47
Field Service Operations Manager - Data Center,2,32
Clinical Flow Cytometry Data Analyst TEMP,5,46
Data Center Engineer - San Jose,15,2
Business Process Data Analyst,25,55
Depot Database Engineer (Access) SD23-84,6,28
"Software Engineer, Data and Evaluation",16,6
HTML Developer,17,9
"Sr. Data Analyst, Capital PMO",5,59
InfoSphere/DataStage Developer(10+ years),17,9
Lead Data Scientist (Hybrid),27,58
SAS Data Programmer,10,39
Lead Marketing Data Analyst,27,50
Senior DataCenter System Engineer,0,20
Volunteer: DIY: MLK Day of Service - C.R.O.W.N. Hair Care Kits,26,16
Senior ML Operations Engineer,2,12
Senior Cassandra Database Engineer,6,28
Data Engineer Level 2,6,36
Senior Data Center Engineer,15,2
Data Replication Engineer,6,36
"IT Specialist-12973,IBM Data Stage,XML,AIX/Unix scripting",21,5
UI/HTML Senior Developer,17,9
Hiring for Data Engineer,6,36
M365 Engineer - Data Migration Specialist,21,5
Data Engineer (Associate),6,37
CockroachDB Database Engineer,6,28
Cloud Support Engineer - BigData,6,36
"Data QA Lead, Amazon Search",27,58
"Database Developer - SQL, Ssis, Ssrs",17,9
Cloud Support Engineer-Database,6,28
AWS Lead Data Engineer,27,58
Vendor Data Analyst - Urgent Need,10,39
Data Engineer (Onsite - St. Louis),6,36
IT Database Developer,17,9
"Data Warehouse and Business Intelligence Consultant Albany, NY",25,15
Data Center Technical Operations Engineer II,2,32
UI developer with ML,17,9
GCP Engineer ( AI/ML),3,12
Lead Snowflake Data Engineer,27,41
Lead Machine Learning Operations Engineer,24,14
"Software Engineer, Associate - Core Data Platform (New York, NY)",13,6
Data Platform Engineer,13,36
"Data Engineer Phoenix, AZ ( Onsite day 1 )",10,36
Junior Data Visualization Developer,17,9
Data Engineer (Ohio Candidate Only),6,36
Data Validation / QA Engineer,6,36
"Machine Learning Engineer, Identity",24,14
Sr. Engineer/Modeler (Data & Integration),6,13
Entry Level Database Developer,22,10
"Senior Data Analyst,",5,48
Senior MS SQL Database Developer,17,9
Data Warehouse/ETL Developer,17,9
Sr. Data Engineer/Modeler,6,13
IT Data and Applications Software Project Lead,16,24
ML AI Engineer,3,12
"Data Modeler (on-site in Philadelphia, PA)",10,13
Staff Health Data Engineer,6,36
SENIOR DATA ENGINEER - 72004170,6,34
Principal Software Engineer- Storage and Data Management,4,18
"Engineer, IT Data",6,36
Datacenter Engineer,0,20
Developer - Senior Data Engineer,17,9
Cloud Data Engineer (W2 Contract),6,36
Data Developer IV (SSIS/ADF) - Contract REMOTE,17,23
Sr. Software Google Data Migration Eng,16,6
Data Engineer (GCP/ Spark/Pyspark & Scala functional),6,36
Data Engineer - GCP (Google Cloud),6,36
Data Center Infrastructure Engineer,15,2
Data Engineer III - NBC Sports Next,6,4
Azure Sr. Data Engineer,6,59
Python Developer with Big Data,17,17
Senior Data Engineer (Stream Sets),6,34
Data Modeler,10,13
Azure data senior engineer,6,34
"Business Intelligence Engineer (Azure Data, Kusto, .Net)",25,55
Senior Data Engineer - Remote,6,23
Data Analytics Senior Auditor - Consumer Lending,8,51
Lead ML Engineer (Machine Learning),24,14
Financial and Data Analyst,5,47
Data Center Engineer - Detroit,15,2
Business Data Architect- REMOTE,29,23
Data & Reporting Analyst,5,21
Data & Software Manager (2024-2025 SY),16,6
Assistant Professor of Mathematics/ Data Science,18,54
Senior Machine Learning Engineer/MLOps,24,14
Principal Software Engineer - Data Platform,13,18
Sr. Data Analytics Engineer,8,51
"Machine Learning Engineer Onsite ( Phoenix, AZ )",24,14
"ONSITE JOB: Hiring Data Engineer GCP , Phoenix, AZ",10,36
Data Engineer&nbsp;with AI,3,12
Big Data Engineer,6,17
Senior Robotics Perception and Machine Learning Engineer,24,14
"100% ONSITE JOB : Hiring Data Engineer GCP Dallas, TX",10,39
Investment Data Analytics Engineer,8,51
Founding ML Engineer/Scientist,3,12
Sr. Data Scientist (Hybrid),12,40
Principal Machine Learning Scientist,24,14
Principal Consultant - Senior Databricks Developer-ITO074300,4,26
Data Scientist-Distributed Algorithms,12,40
Machine Learning Operations Engineer - Mid-Senior,24,14
Data Lake with Java,10,39
Lead ML/Ops Engineer,3,12
Geospatial Data Engineer 2,6,36
Distributed Systems Engineer - Analytical Database Platform,13,27
Sr. Data Scientist (Remote),12,23
"SR. Engineer, Machine Learning & AI",24,14
Senior/Principal Machine Learning Scientist,24,14
"Entry Computer Scientist – Full Stack Developer, AI/ML",3,12
Azure Data Engineer / Lead / Analyst,27,58
Data Center Engineer - Sacramento,15,2
"Senior Engineer, Data Management",6,53
Senior Machine Learning Engineer (NLP Specialist),24,14
Data Manager/Engineer,7,3
"Cloud Data Engineer with Python, Spark, AWS, Terraform-23-01705",6,36
Principal Database Engineer - Mission Assurance,4,18
Part-Time Lecturer for Big Data and Data Analytics,8,17
"Senior Data Engineer, Corporate Strategy Advanced Analytics",8,51
Senior Data Scientist (m/w/d) – Remote,12,23
Data Architect (Snowflake),29,41
Principal Command & Telemetry Database Engineer/Sr. Principal Command & Telemetry Database Engineer,4,18
AI/ML Engineer-Data Scientist,3,12
Marklogic Data Architect,29,31
Solutions Data Architect,29,31
"Staff Machine Learning Engineer, Transaction Risk",24,14
Senior Data Scientist - Language Modeling and AI,9,40
"Associate Director, Data & Technology",10,37
Information Technology Data Center Technician Senior,15,2
Database Architect Jr. (080-23),29,28
Data Architect (Data Ingestion and Data Lake Infrastructure Lead),29,58
Azure ML Architect,29,31
Enterprise Data Modeling Architect,29,31
Data Entry Clerk - Senior,22,10
Data Architect III,29,4
Principal Data Scientist,4,18
Solutions Architect - Data,29,31
"Business Title Senior Specialist, Data and Analytics Solution Developer EF IT",17,5
Azure Data Architect (732),29,31
DATA Architect,29,31
Customer Data Platform Manager,13,3
"Data Warehouse Developer/Architect,",17,9
MLS - Medical Lab Scientist - Laboratory,11,45
"Data Architect, IT",29,31
Data Systems Architect / Data Engineer,29,27
Senior Solution Architect Data,29,31
"Machine Learning Engineer, Transaction Risk",24,14
Data Center Project Architect,29,24
Data Science Practitioner,18,1
Data and Innovation Architect,29,31
"Data Engineering Lead, Translational Genomics",27,22
Sr. Data Architect (242859),29,31
Maintenance and Logistics Cloud Data Solutions Architect,29,31
"Volunteer: Medicinal Foods, Volunteer Data Architect",26,16
Senior Data Scientists,6,48
Sr. Solution Architect  Azure Data Factory,29,31
BSA / AML Analyst,10,39
Cloud Data Architect - SME,29,31
Data Architect with Security Clearance,1,19
Information Technology Analyst IV (Database Engineer),10,28
Lead Data Architect/Mission Systems with Security Clearance,1,19
DATA ENGINEERING ARCHITECT,29,22
Cybersecurity Architect- Data Security,29,31
Data Model Architect,9,31
"AWS Data Architect at Plano, TX",29,31
Data Scientist (Senior) NGA - Washington,12,40
Data Architect / Report Writer,29,31
"Assistant Professor - Cataloger and Metadata, Library",10,54
"Data Scientist, Algorithms - Driver Incentives",12,40
"Volunteer: Medicinal Foods, Data Scientist Volunteer",26,16
Data Architect --Greenplum ( REMOTE),29,23
AWS Data Architect,29,31
"Medical Technologist/ MLT/ Lab Technician IV - Blood Bank, Full Time, Days - $5,000 Sign On Bonus",20,33
Financial Data Reporting Analyst,5,47
Data Collection Staff,10,39
Databricks Architect-ADF - US,29,26
SQL Server Database Architect,29,28
AWS Data Architect-Healthcare,29,49
Senior Cloud Data Architect,29,31
IT/Data Management - ATC – ATSS,10,53
Data Architect C-496,29,31
Enterprise Data Center Architect with Security Clearance,1,19
Principal Analytics Architect - AI & Machine Learning - TJX Companies,24,14
Data Architect (Data Warehouse),29,31
Data Curator and Metadata Librarian - Mellon College of Science - Pittsburgh Supercomputing Center,18,1
Medical Laboratory Technologist - MT / Medical Laboratory Technologist - MLT,20,43
Senior Consultant-Database Designer,10,15
Solution architect (Microstrategy Cloud  / Business Intelligence / Data Visualization),29,31
Laboratory Scientist/MLS/CLS/MT - Chemistry - Nights,11,11
"Manager, Data Products",7,3
Micro-Solder / Flash Data Recovery Technician,10,39
Sr. Data / Reporting Engineer,6,59
Legal Assistant/Data Collection //Pay rate: $23.17/hr,10,39
"Data Collection Staff (Consultant must live near Indianapolis, IN)",10,15
Data ware House Architect,29,31
Laboratory Scientist/MLS/CLS/MT Senior - Blood Bank - Days,11,11
Data Communications Technician,10,39
Volunteer: Educational Data Scientist at Nature Counter by CrowdDoing,26,16
"Construction Manager, Data Center Construction, ADC / Colo Construction",14,2
Sr. Data Center Technician,15,2
Assistant/Associate Professor – Data Science,18,54
Data Scientist (Hybrid) #231229-1947AR-001,12,40
Assistant Professor Tenure-Track- Genomic Data Science and Systems Biology,18,54
Assistant Professor of Data Science,18,54
DATA ARCHITECT,29,31
Adjunct Faculty for the MLS Program,10,39
Professional Track Faculty Positions in Statistics and Data Sciences (2024),10,39
Data Systems Technician,10,27
"Faculty-Adjunct-High Impact Practices (Marketing, Advertising, Data Analytics)",8,50
Assistant/Associate Professor - Biostatistics and Data Science,18,54
Field Technician - 1 Hour weekly- Cleaning and Data Collection,10,39
Data Entry Technician,22,10
Substitute Paraprofessional - MLL Spanish,10,39
"Medical Technologist / Medical Lab Technician (MLS, MT, MLT) - Maine Medical Center Lab",20,35
LAB - Medical Laboratory Scientist (MLS/MT) or Medical Lab Technician (MLT),11,45
Medical Laboratory Technician - MLT - PRN,11,43
Asst Prof Computer Science in Data Science &,18,1
Database Manager/Administrator,19,30
BSA/AML Analyst II,10,39
Data Scientist (SkillBridge Intern) - 7491,12,40
Pharmacy Technician - Data Entry - JOB FAIR,22,10
Machine Learning Engineer / Onsite / Applied Scientist,24,14
Medical Laboratory Scientist MLT or MLS 7567,11,43
Temporary Billing Data Entry Coordinator,22,10
"Medical Lab Scientist(MLS)/Medical Lab Tech. (MLT), Night Shift, PRN",11,45
Medical Technologist (MT)/Med Lab Tech (MLT) - Microbiology,20,35
Medical Laboratory Scientist (MLS/MT),11,11
Data Scientist Associate,12,37
Medical Lab Scientist (MLS) Blood Bank 10k sign-on,11,45
Reference Lab Technologist (MT/MLS/CLS) 2nd Shift Mon-Fri,11,11
Medical Lab Technologist/Technician (MT/MLT),20,35
Statistician/Data Scientist Fellowship,12,40
Medical Laboratory Scientist (MLS) or Medical Laboratory Tech (MLT),11,43
Medical Lab Scientist (MLS)-CORE LAB,11,45
"Pre-Sales Product Engineer, Data Center",15,44
Medical Technologist OR MLT,20,33
Data Entry Certified Pharmacy Technician,22,10
Laboratory Scientist/MLS/CLS/MT - Hematology - PRN,11,11
Laboratory Scientist/MLS/CLS/MT - Blood Bank - PRN (10 hrs/wk) - Days,11,11
Data Center Construction Manager - Owner Rep,14,2
Medical Technologist/ MLT - Full Time Days *Sign On*,20,33
"Canvas Consultant (Member Service Specialist) - HSC, NMLS",21,5
Data Center Electrical Project Manager,15,24
"Medical Technologist / MLT - Laboratory, FT, Nights, Sign-on Bonus Availabl",20,33
Medical Technologist: MT/MLT/MLS/BS in Biology or Chemistry. 40 hr weekly 2nd shift Microbiology/Molecular Lab,20,35
Medical Technologist/ MLT - Full Time,20,33
Data Scientist III (LLM Researcher),12,4
Supervisor of Compliance - BSA/AML,10,29
MLT and Medical Technologist Opportunities in Oklahoma City,20,33
"Medical Laboratory Scientist (MLS) -($10,000 sign on bonus)- GEN LAB EVENIN",11,45
Medical Technologist (MT)/Medical Lab Technician (MLT),20,35
Medical Laboratory Scientist (MLS) - Core Lab,11,45
"Medical Laboratory Scientist, MLS, Microbiology, Day shift, Full-time",11,45
Medical Technologist or MLT - PT day shift,20,33
"Data Scientist, Level 2 (2023-0232)",12,40
Medical Technologist/ MLT - Full Time Weekend Nights *Sign On*,20,33
Senior Project/Program Mgr - Enterprise-Wide Master Data Management,10,53
Medical Technologist (MLT/MT) -Laboratory,20,35
Sr. Data Scientist (Retail Domain),12,40
"Data Scientist, Translational Data Science (Principal Scientist)",12,40
Data Scientist Consultant,12,15
Medical Technologist - MT/MLS/MLT,20,35
Medical Laboratory Scientist (MLT) (MT),11,43
Medical Laboratory Scientist (MLS/MT) (Microbiology),11,11
Medical Laboratory Scientist (MLS) (Full-time),11,43
Medical Laboratory Scientist (MLS/MLT) (Microbiology),11,43
"Medical Technologist / Medical Lab Technician (MLS, MT, MLT) - Franklin Lab",20,35
Environmental Data Scientist,12,40
Senior Machine Learning Engineer (Computer Vision Recognition),24,14
Data Privacy & Security Attorney,23,52
"Senior Construction Project Manager, Data Center",14,24
Security Data Transfer Officer,1,19
Construction Manager - Data Centers,14,3
Medical Laboratory Technologist/Scientist (MLT/MLS) *Sign-on!*,11,43
"Research Scientist, Multimodal Machine Learning R&D for Population Health Sciences (Hybrid Eligible)",24,14
"Medical Laboratory Scientist (aka MLS, MT, or MLT)",11,43
Medical Laboratory Scientist MLT or MLS 7318,11,43
"Medical Technologist (MT, MLS, CLS)",20,11
Medical Laboratory Scientist Microbiology MT CLS MLS 7203,11,11
Medical Technologist/Medical Laboratory Technician (MT/MLT),20,43
"Construction Manager, MLZ Data Center Construction",14,2
MLS Microbiology Supv,10,45
Medical Lab Scientist(MT or MLT),11,35
Medical Lab Scientist/Technologist - MLS/MLT,20,45
Sr data scientist,12,40
"Sr. Construction Manager, MLZ Data Center Construction",14,2
Sr. Data Architect Azure & Databricks,29,26
"Management Analyst (TMU) with Min 3+yrs exp in preparation of final reports,in Analyzing financial records and reconciling financial data (Webcam Interview)(HYBRID)",10,47
Sr. Data Scientist - 10% 401k - CI Poly with Security Clearance,1,19
Program Manager (Data Management) with Security Clearance,1,19
"OR -Medical Technologist(MT) / Medical Laboratory Technician(MLT), Varies - Lebanon",20,43
Teamleider Gaar,10,39
"Data Reporting Analyst 2, Enrollment Management",5,53
Electrical Project Manager Data Center Construction (Traveling),14,24
Construction Project Manager - Data Center/Advanced Manufacturing,14,24
Data Center Construction Project Manager,14,24
"Senior Associate Data Scientist - Statistical Analysis, Financial Services",10,47
Client Services Rep/Data Entry,22,10
Public Sector – Education: Data & Technology Consultant,10,15
DoD Cleared - Data Analyst,5,21
Data and Evaluation Coordinator,10,39
Configuration and Data Manager Journeyman with Security Clearance,1,19
Data Scientist/Machine Learning Engineer,24,14
Manufacturing Data Process (Controls / AI) Engineer,10,39
MEDICAL LABORATORY TECHNOLOGIST OR SCIENTIST MLT MLS,11,43
"Senior Data Scientist, Recommendation Systems",12,27
Machine Learning Engineer 03-SE1220-2,24,14
Data Privacy Manager,23,52
"Senior Associate Data Scientist - Machine Learning, Financial Services",24,47
Senior Data Storage Administrator - Cloud Architect with Security Clearance,1,19
SR. Data Scientist (Airline/Aviation domain experience),12,40
Earth Science: Tropospheric Photochemistry: Modeling and Data Analysis,18,56
"Senior Environment, Health and Safety Manager (Data Center Construction)",14,2
"Manager of Construction, MLZ Data Center Construction",14,2
Data Center Engineer - Salt Lake City,15,2
Data Center Operations Engineer,2,32
Assistant Professor - Data Science - Computer Science #24-04,18,54
"Medical Laboratory Scientist or MLT (Hematology) - Full or Part Time (0.6-1.0 FTE), 3rd Shift;  *Sign-On Bonus Offered!",11,43
Sr. PM/PM Data Privacy,10,52
Laboratory Scientist/MLS/CLS/MT - Chemistry - Evenings,11,11
Senior Azure Data Engineer (Hybrid),6,34
Big data SDET,10,17
Senior Data Engineer (On-Site),6,34
"Data Analyst I, II, or III",5,4
"Associate/Full Professor in Physics Informed Machine Learning, Fall 2024",24,14
"Privacy by Design Consultant, Global Data & Privacy Center of Expertise",23,52
Production Support - Insurance Data Analyst,10,39
"Workday Associate Analyst, Data Integrity",5,37
"Data Steward Sr. Analyst/ Phoenix AZ, Sunrise - FL, New York (Day 1 Onsite)",10,39
US Data & Reporting Analyst,5,21
Behavioral Data/Reporting Analyst,5,21
"Copy of Senior Data Analyst, Marketing & Enrollment – Hybrid/Columbia",5,50
"Associate Manager, Data Engineer",7,37
"Canvas Consultant (Member Service Specialist) - Lakewood, NMLS",21,5
Data Analytics Associate,8,37
Data Solutions Consultant,10,15
Regulatory Data Analyst,5,21
"Research Associate: Early Childhood - Research, Assessment, & Data Department (2023-24)",10,8
"Data Management Education Program Consultant, Division of Special Education",10,15
Senior Consultant (w/m/d) Digital Compliance Projekte/Prozesse/Big Data,10,17
"Senior Data Privacy Analyst (Locations - Richmond, VA, Kansas City, MO or Abbott Park, IL",23,7
"Canvas Consultant (Member Service Specialist) - Lemay, NMLS",21,5
"Canvas Consultant (Member Service Specialist) - Spectrum (Co Springs), NMLS",21,5
"Data Analyst, Education Policy Studies",10,39
TPWD - Data Analyst V (Data Management Officer),5,53
(Senior) Manager (w/m/d) Digital Compliance Projekte/Prozesse/Big Data,7,17
Supplier Diversity Data Administrator,19,30
Product Data Management Analyst - Product Configuration,10,44
Senior Business Transformation Data Analyst,25,55
Marketing Communications Data Analyst,5,50
Database Analyst,5,28
IT Database Analyst I-II (GIS Systems Analyst),5,27
Temporary Business / Data Analyst,25,55
"Research Associate, Center for Trans-Disciplinary Data Analytics",8,37
Tech Data Associate I - 1st Shift,10,37
Associate Data Analyst,5,37
Tech Data Associate III - 1st Shift,10,37
Data Analyst I - Windreich Department of Artificial Intelligence & Human Health,10,39
"Post Doctoral Research Associate, NCRHP - Machine Learning, AI, and Rural Medicine",24,14
"Data Analyst in Pittsburgh, PA, and multiple client locations",10,39
Receiving Assistant/ Data Entry,22,10
Data Analytics Science Analyst 2,18,1
Canvas Consultant (Member Service Specialist) - NMLS,21,5
National Account Manager - Data Centers,7,3
Junior Database Administrator (DBA),19,30
Associate Contract Data Analyst,5,37
"Data Control Clerk, Day Shift, Patient Financial Services",10,47
"ML Infrastructure Engineer - Python, C++",3,12
AI Engineer (Machine Learning / LLM'S) Well funded Startup backed by the best,24,14
Legal Operations and Data Management Consultant,2,15
Machine Learning AI Engineer/Scientist,24,14
USDA-ARS Postgraduate Research Associate Fellowship - Geospatial Data Specialist,21,37
Data Analyst II,5,21
Lead Database Administrator,19,30
"Job Title: Database Administrator 2 Job Location: Lansing, MI (Hybrid) Job Type: Contract",10,39
Data Center Operating Engineer,15,2
USFS Research Opportunity on Leveraging High Performance Computing and Data Science to Evaluate and Forecast Wildland Fire Potential,18,1
"Data Analyst, Print Contract Management Specialist",21,53
BSA/AML Analyst - Multiple Positions,10,39
Hardware Datacenter Engineer,0,20
"Sr. Staff Engineer, Datapath Design, High-Speed IO Design",10,39
Data Analyst/BI Analyst,5,21
"Data Reporting and Analytics Consultant IV / Biostatistician, Biostatistics Research",8,15
Human Resource Data Analyst with federal client,5,39
Senior Technical Advisor - Data Engineering with Security Clearance,1,19
SQL Database Reliability Engineer,6,28
Data Engineer/Architect,29,31
Data Center Technology Manager Cloud Software Hardware Active Secret Clearance Required,10,39
"Senior Staff Software Engineer, Machine Learning, Core",24,14
DATA CENTER SHIFT C SUPERVISOR,15,29
DTC Data and Marketing Technology Manager,7,50
RN Care Manager- MLTC (Managed Long Term Care) at Elderwood/Pediatric/PostAcute/Woodmark,10,39
"Director, Data Operations",2,32
Medical Lab Technician (MLT) PRN,11,35
"State of New York | Senior Datawarehouse Developer | 24 Months Contract | Albany, NY 12226 | 13244",10,39
Principal Software Engineer for Apex Database & Analytics Platform (C / C++) - Network Performance and Threat Solutions,13,18
Senior DataStage Developer.,17,9
"Data Center Technician - Irvine, California",15,2
Phlebotomist Part Time - PAML,10,39
Sr. Lease Administrator & Database Analyst,19,30
Principal Software Engineer - Data Link Products (Onsite),4,18
Experienced Geotechnical and Construction materials laboratory Technician (EG-CMLT),14,43
Data Submissions Officer - Parkville Youth Justice,5,21
Data Warehouse Director,10,39
Data Link Operations Manager,2,32
Drumline Instructor,10,39
Lead Oncology Data Specialist,21,5
Technical Data Editor,10,39
Security Data Technician,1,19
Data Center Facilities Technician (Electrical/HVAC),15,2
Electrical Superintendent - Mission Critical - Data Center - 100% traveling role.,15,2
Electrical Engineer (Data Center/Mission Critical),15,2
Electrical Superintendent - Data Center,15,2
"Manager, Data Scientist - AI Foundations, Personalization",12,40
Data Technician,10,39
Emergency Medical Services Data Manager - Limited Service,7,3
Project Technical Manager – MMIII Integrated Maintenance Data,7,24
"Sr. Engineering Manager, Databases - Max Digital",7,22
Cannabis Control Board Data Manager,7,3
SR1 Senior Data Manager & Statistician,7,3
"Manager, ERP Data Management",7,53
MLTC-Nurse Care Manager - Queens & Long Island at RiverSpring Health,10,39
Senior Audit Manager - Financial Data Management,7,47
"Associate Director Data Scientist, Clinical Trial Research - Evinova",12,37
"Manager, Data Science, Cloud Operations Products",2,32
Data Center Engineer - Tallahassee,15,2
Manager Programs 2 -Antares 330 and MLV,7,3
Data Catalog Product Manager,7,44
Volunteer: Know Filemaker? Come help us get our data in order!,26,16
Debug Steering and Capabilities Leader ( Data Center GPU ),15,2
Data Engineering Group Leader with Security Clearance,1,19
"Senior Technical Program Manager, Data Platforms",7,3
Sr Manager - Data Engineering,7,22
Technical Leader - Machine Learning,24,14
Data Center Technical Team Leader,15,25
"Senior Manager - Data Center Operations, Chicago, IL",2,7
Sr. / Clinical Data Manager,7,46
Data Manager (2334),7,3
Medical Technologist/ MLT - PRN,20,33
Project Manager - Data Lake Technical PM - MS - Medicaid,7,24
Data Recovery Engineer - Windows Platform,13,36
Portfolio Manager I - Office of Health Information and Data Science,18,1
Senior Electrical Engineer (Data Center/Mission Critical),15,2
"Manager, Product Management, Card Data- XDS Batch Platform",13,44
"Supervisor, Data Center Critical Facilities Operations",2,29
Professor Position in AI/ML,3,12
"Sr. Principal/Principal Engineer, Datapath Design, High-Speed IO Design",4,18
Intelligent Automation / AI- ML Engineer,3,12
"ML Research Scientist - $150k-$200k (GNN, Transformers)",3,8
Critical Facilities Operations Technician (Data Center),2,32
"Machine Learning Engineer, Risk",24,14
ML Engineer – MLops,3,12
Big Data Developer,17,17
Generative AI Engineer/Sr. Data Scientist,12,40
Applied AI/ML Research Scientist,3,12
Machine Learning / Data Scientist,24,14
Principal DataOps Engineer - Kiewit Technology Group,4,18
Senior Prediction and Planning Machine Learning Engineer - Autonomous Vehicles,24,14
Medical Laboratory Scientist/Technician Float (MLT/MLS/CLS),11,43
"Senior Engineer, AV and ML Visualization Platform - Autonomous Vehicles",13,12
Senior Embedded Machine Learning Software Engineer,24,14
Enterprise DevSecOps Data Engineer,6,36
ML / CV Research Engineer,3,12
Medical Lab Technician (MLT)-PRN-Kings Mills,11,35
4213 - Junior Data Scientist (TS/SCI - FSP),12,42
Python Developer with SDET and Big Data,17,17
Data Center Electrican Lead,27,58
Onsite Work - Need Sr Test Engineer (Data Validation and Conversion) in Cincinnati Ohio,10,39
Master Electrician (Data Center),15,2
BI Developer/Data Warehouse,17,9
"Medical Technologist / Medical Lab Technician (MLS, MT, MLT) - Waldo",20,35
"Senior Technical Program Manager, Physical Infrastructure (Electrical) , Data Center Engineering - Electrical Solutions (DCE-ES)",7,22
Onsite work - Need Senior Test Engineer – Data Validation and Conversion in Cincinnati Ohio,10,39
Hybrid-Remote Data Modeler,10,13
"Principal Software Engineer, Machine Learning Engineering",24,14
Catering Services Worker Lead - Hamline University,27,58
Product Manager - Workers Streaming Data & Messaging,7,44
"Senior Software Engineer, Machine Learning, Google Cloud Compute Infrastructure",24,14
Data Entry Temp,22,10
"Medical Technologist / Medical Lab Technician (MLS, MT, MLT) Sanford",20,35
"Medical Technologist / Medical Lab Technician (MLS, MT, MLT)",20,35
"Account Executive, Public Sector - Datadog",10,39
Royalty Data Temp,10,39
Clinical Data Abstractor,10,46
Supv-Credentialing & Data Cntr,5,21
Tenure/Tenure-Track Faculty (Data Science),18,39
Data Entry Processor (Part-Time),22,10
"Construction Manager - Data Centers, Mission Critical",14,3
"RN Field Supervisor, Partners MLTC, Manhattan",10,29
"Data Scientist, Supply and Operation Technology",12,40
Physician Data Management (Data Entry Operator),22,10
"Medical Technologist / Medical Lab Technician (MLS, MT, MLT) - PenBay",20,35
Senior Database Engineer,6,28
"Senior Data Scientist, Product Growth",12,44
Enterprise Data Warehouse Lead,27,58
"Senior Data Engineer, SCOT AIM: Inventory Forecasting and Analytics",8,51
Data Manager - Elementary,7,3
PLM Data Entry Associate | Karl Lagerfeld & DKNY Suits,22,37
Database Developer/Analyst,17,9
Data Scientist Lead - Property & Casualty Loss/Risk Modeling,27,58
Senior Data Engineer (W2),6,34
Senior Data Engineer / Senior ETL Developer,17,34
"Machine Learning Engineer-Dallas,TX(Hybrid)",24,14
Data and Systems Manager,7,27
Compliance Analyst/ Data Analyst,5,21
FINANCIAL DATA ANALYST,5,47
Compliance Anti-Money Laundering (AML) Senior Analyst,5,48
Sr Loan Boarding Data Analyst,5,59
"Sr. Data Analyst, Payment Risk & Fraud",5,59
Financial Crimes Compliance Data Analyst,5,47
Clinical Data & Financial Analyst 2,5,47
BSA AML Analyst III / IV,10,4
Senior Electrical Engineer - Data Link/RF Engineer,6,34
Senior Electrical Engineer - Data Link/RF Engineer with Security Clearance,1,19
Allen Plant - CMMS Database Management Specialist,21,5
Trader - Data Collection (Part Time/On-Call),10,39
Legal Data Collection Specialist,21,5
BSA/AML Analyst Sr-Team 2,10,25
EDD/AML Analyst-Team 2,10,25
Direct client hiring Compliance Analyst (Sanctions and AML) at New York NY.,10,39
Data Entry Clerk (708146),22,10
Data Analyst/Financial Crimes,5,47
"Sr. Pre-Construction Manager, JAN Data Center Construction",14,2
AML Investigation Analyst,5,39
Database Administrator II #: 20-01623,19,30
Founding Data Engineer,6,36
Database Devloper,19,28
Data Center Mechanical Lead / HVAC,27,58
Data Center Building Operations Engineer,2,32
"Data Center\/Systems Administrator @ Hillsboro, OR - 100% onsite",15,27
Professor of Practice - Open Rank - MLSoC,10,54
DATA ANALYST 3,5,21
GIS Data Analyst,5,21
Senior Sql Database Administrator,19,30
AML Auditor,10,39
Postgres Database Administrator III,19,30
Data Center Electrical Engineering Lead,27,22
Data Analyst II - Firm Analytics,8,51
DATA - BI Developer - Hybrid Houston,17,9
Cloud Support Engineer-Databases,6,36
SQL Server Database Administrator 1344,19,30
Senior Database Developer 1556,17,9
Database Administrator- Need local candidates,19,30
Sr. Database Administrator - 23108,19,30
Databricks Developer,17,26
Senior Database Administartor,19,28
"Data Engineer (Google Cloud, SPARK, JAVA)",6,36
"Looking for Azure Data Engineer - Houston, TX - Fulltime",10,39
MS SQL Database Administrator,19,30
"Staff Software Engineer (Kafka, DB tuning, datastores)",16,6
"Cloud Support Engineer-Database, AWS",6,28
Senior Database Administrator (MSSQL – Performance tuning expert),19,30
Data Warehouse ETL Developer,17,9
Database Administration Manager,7,28
Data Base Administrator,19,30
Senior Data Systems Engineer,6,27
"SQL Server Database Administrator, Senior",19,30
Sr Cloud Database Engineer,6,28
Junior Database Administrator,19,30
Database Specialist,21,5
Hiring for Lead Data Engineer,27,58
Lead Data Engineer (Hybrid),27,58
Senior Database Administrator (DBA) - Onsite,19,30
Senior SQL Server Database Administrator,19,30
Sr. Database Engineer,6,28
"Database Administrator-Oracle utilities AWR, ADDM, OEM,Golden-Gates ::  Alpharetta, GA - 30004 - Onsite",19,30
Administrative Database Manager,7,28
Client Database Manager,7,28
"Principal Engineer – Database, SRE, & Cloud Engineering",4,18
Database Administrator 3,19,30
Sr ETL DataStage Developer,17,9
Senior Data Engineer - Spark,6,34
Senior Snowflake Data Engineer,6,41
Senior Cloud Database Engineer,6,28
Senior Azure MLOps Engineer,6,34
Database Administrator III #: 20-01625,19,30
"Senior Data Engineer, Infrastructure-Dallas, Austin, or San Antonio, TX",10,39
Database Administrator 3 - 17419 with Security Clearance,1,19
Database Administrator Level 2,19,30
Senior Data Engineer  - 3352,6,34
Integrations Data Engineer III,6,4
"Sr. Data Engineer (AWS, Azure, Big Data)",6,17
"Senior Data Engineer, Gigster Network - Chicago",6,7
Database Administrator - MarkLogic,19,30
Senior Database Administrator (DBA),19,30
Database Engineer 2,6,28
(IT - Database Administrator IV),19,30
Senior Azure AI/ML Engineer,3,12
Developer - Database III_US,17,9
Database Administrator 4 -  NEED LOCAL CANDIDATES,19,30
Database Administrator II,19,30
Sr. Data Engineer I,6,59
Database Administrator Specialist,19,30
Senior Database Administrator (Oracle RAC experience),19,30
Data Engineer III -locals,6,4
"Lead Data Engineer-PySpark, Redshift, Airflow, AWS",27,58
"Staff, Data Engineer",6,36
Database Engineer 3,6,28
Lead Data Platform Engineer,13,58
Senior Database Administrator (Database Administrator 3) - 12920,19,30
MS SQL Server Database Administrator,19,30
Sr. Data Engineer (PASA),6,59
"Senior Data Engineer, Pipeline (486)",6,34
Prime Contract: Database Administrator,19,30
Sr. Data Engineer- Customer Analytics (Hybrid),8,51
Data Warehouse Developer III - ENT,17,4
Azure Cloud Data Engineer,6,36
Senior Data Engineer (P4026),6,34
Sr Database Administrator,19,30
Volunteer: Medicinal Foods-Database Administrators,26,16
Security Engineer III - Data Security,1,19
Data Devops Engineer,6,36
Senior Staff Database Engineer,6,28
"Consultant, Product Database Solutions",10,44
System Administrator/Database Administrator,19,30
Data Warehouse Engineer,6,36
Database Administrator Senior,19,30
Data Engineer Level 3,6,36
"Staff, Software Engineer - Big Data",16,17
Sr. Systems (Database) Administrator with Security Clearance,1,19
Database Manager Administrator III,19,30
Database Engineer / Data Engineer,6,36
"Sr SDE - Core Engine Internals, Open Data Analytics - Engines in Redmond, WA, USA",8,51
Database Administrator 3 - 17419,19,30
Sr. Database Developer,17,9
Business Intelligence Data Developer,25,9
Database Administrator 2,19,30
Database Engineer/Administrator III,19,30
Senior Data Engineer (MN),6,34
Data Engineer- 10+ years Exp (Snowflake & Python) - (Local to Dallas / Full Time Employee / W2 Contract),10,39
Database Administrator 4,19,30
Sr. Manager Databases,7,59
"Database Administrator 3, Digital Technology Solutions",19,30
Data Administrator III,19,4
CLINICAL DATA ANALYST-HSOM,5,46
DATA BASE ANALYST III-RESEARCH STUDY,5,8
Senior Oracle Database Administrator,19,30
HR Business Analyst (Data/Payroll),25,55
SAP Data Analyst,5,21
Database Developer 2,17,9
BI Data Analyst (Imange),5,21
Senior Manager – Oracle & Cloud Database Administration,7,28
Senior Data Analyst - TS/SCI w/ FS Poly,5,42
Data Analyst / Engineer in Support of NET Assessment,5,36
IT - Database Developer 3,17,9
Senior Data Engineer - C2c,6,34
Healthcare Data Analyst - Employee Benefits ( fka Diversified Insurance),10,49
Volunteer: Data entry for tech-driven nonprofit,26,16
Financial Data Analyst (3288),5,47
Senior Data Quality Analyst,28,57
Sr Business Data Analyst,25,55
HR Data Analyst EDGE,5,21
Security Data Analyst - 22483,1,19
Processing Specialist IV-Data Entry,22,10
Program/Project Manager - Data Analyst,7,24
Data Analyst Quantitative (Fixed Income),5,21
Senior Product Data Analyst,5,44
Research Data Analyst 1,5,8
Social Media Data Analyst - NC,5,21
Data Entry Operator,22,10
Data Analyst (Free Library of Philadelphia),5,21
Data Analyst (Compliance),5,21
Capital Markets Quantitative Data Analyst,5,39
Research Data Analyst 3 - Heart and Vascular Institute,5,8
Senior Marketing Data Analyst,5,50
Data Entry Operator - Senior (6-10 years),22,10
Data Analyst Remote position,5,23
"Business Data Analyst - Claims Compliance *$3,000 Sign On Bonus",25,55
Regulatory Reporting Data Delivery Senior Business Analyst,25,55
Contract Master Data Analyst,5,21
Project Analyst (Must Have Data Analysis Exp),10,56
Risk Analyst II - Data/Analytics,8,51
Principal Data Systems Engineer,4,18
SAS Data Analyst (Hybrid),5,39
Data Analyst (Intermediate Systems Analyst),5,27
Senior Quality Data Analyst,28,57
Program Analyst (Data Management) with Security Clearance,1,19
Logistics Data Analyst,5,21
Business Data Quality Analyst (Healthcare),28,49
Data Science and Analyst,18,1
Senior Statistical Data Analyst - Neurology,5,48
Data Entry-Concessions Citi Field Home of the New York Mets,22,10
Senior CX Data Analyst,5,48
R&D Quality Data Analyst,28,57
Sr. Data Analyst - Music Insights (Data Analyst IV),5,21
Business Intelligence Analyst – Data Visualizations,25,55
Market Data Analyst,5,21
Sr BI Enterprise Data Analyst,5,59
Part-Time Data Analyst,5,21
Senior Financial Analyst – Data Center and Real Estate Capital Projects,10,47
Data Entry / Admin - Trusts and Deeds,22,10
Actuarial Data Analyst,5,21
Operations Data Analyst / Onsite,2,32
Lead Data & Reporting Analyst,27,58
Senior Go To Market Data Analyst,5,48
Research Data Analyst II Bioinformatics,5,8
Data Analyst – Client Strategy,5,39
EDI Data Analyst,5,21
"Sr. Business Analyst (Data Analytics) - Owings Mills, MD (Only Local Candidate)",25,55
"Sr. Business Data Analyst Austin, TX or Charlotte, NC. (Hybrid)",10,39
"Master Data Analyst, Inventory - Hybrid",5,39
"Data Reporting Analyst - (Cincinnati, OH)",5,21
Jr. Business Data Analyst,25,55
Sr. Master Data Analyst,5,59
"Senior Data Analyst- Unix, Shell scripting, SQL",5,48
Geospatial Analyst Senior (Research & Data Analytics),8,8
Mixed Methods Researcher (Research Data Analyst 3) - Center for Survey Research,5,8
"Data Analyst, Business Services",25,55
Senior Data Analyst- Deposits,5,48
"Business Analyst, Digital Data",25,55
D208 - Human Resources - Data Analyst,5,21
Staff Energy Fleet Data Analyst,5,39
"Analyst Master Data IN Libertyville, IL",5,7
USA-Data Analyst II (IT) #: 23-06619,5,39
Data Analyst - Full Time Temporary,5,39
"Senior Staff Data Analyst, Financial Planning and Strategy",5,47
Tax Season Temp - Mail Opening/Count Sort/Prep/DV/Data Entry Revenue Administration Division,22,10
Master Data Analyst (3 OPENINGS!),5,21
Part Time Phlebotomist - PAML,10,39
Senior Data Services Engineer,6,34
Principal Data Analyst - Enterprise & Sales,4,18
Bioinformatician/Research Data Analyst,5,8
Internal Audit Data Analyst Staff,5,39
Marketing Research and Data Analyst,5,50
Data Entry (Insurance Verification Specialist) ON SITE,22,10
Clinical Data Analyst-Clinical Data Operations- Hybrid 150 East 42nd Street Full-Time,2,46
FINANCIAL DATA ANALYST - STRATEGIC ANALYTICS (HYBRID),8,47
Archibus Database Manager,7,28
Epidemiologist/Tobacco Data Analyst - Public Health,5,39
(5461) Data Analyst,5,21
Data Engine Operations Analyst,2,32
Healthcare Data Analyst II,5,49
Data Analyst 4 - 22415,5,21
Volunteer: Data Entry Volunteer,26,16
Applied Research Scientist – Biomedical Data Analyst,12,8
CLINICAL DATA ANALYST,5,46
Data Entry/ File Clerk 1,22,10
Sr. Data Business Analyst,25,55
"Business Data Analyst  Seattle, WA – remote – must be willing to work PST",25,23
Data Loss Prevention Analyst,5,39
HR DATA ANALYST,5,21
"Volunteer: Medicinal Foods, Volunteer Healthcare Data Analyst",26,16
"Data Analyst-SQL, Python, Visualization tool",5,39
Data Stewardship Analyst,5,21
Data Analyst (Day 1 Onsite),5,39
"Data Integrity Analyst, FT",5,39
Clinical Data Analyst (US),5,46
Data Analytics Analyst,8,51
"DBA - DATABASE ENGINEER - DIRECT HIRE - HYBRID ONSITE, PHILADELPHIA AREA - W-2, NO C2C",10,39
"Senior Analyst, Enterprise Data Operations(EDO)",2,32
Data and Policy Analyst - Statistical Programmer,10,39
Senior Data and Business Intelligence Strategist,25,55
Research Data Analyst 3,5,8
Data Protection Analyst Senior,5,48
Analyst - Business Data (Call Center),25,55
Power BI Data Analyst,5,21
"Senior, Data Analyst",5,48
Senior Data Analyst with Automotive Domain,5,48
Data & Analytics Specialist,21,5
Prospect Research and Data Analyst,5,8
"Senior Data Analyst, Amazon (Harry's & Flamingo)",5,48
URBN Senior HRIS Data Analyst,5,48
"Head, Data Science Training & Consultation",18,1
Senior Digital Data Analyst,5,48
Business Data Analyst with Security Clearance,1,19
Cloud Data Engineer III,6,4
Air Defense — Mission Data Analyst,5,21
"Data Warehouse Analyst, Advanced - 2090",5,39
SR. Data Analyst (SQL and Tableau),5,0
"Senior Data Analyst- Tableau, Cognos, BI",5,0
Data Quality Lead Analyst,28,57
ICM Data Analyst,5,21
"Senior Data Analyst, Data Analytics",8,51
Senior Data Analyst (Management Track),5,53
Data and Marketing Support Analyst,5,50
Data and Planning Analyst - 1st Shift,10,39
DATA RESEARCH ANALYST,5,8
Statistician - Fraud Data Analyst,5,39
Data Analytics/Fraud Strategy Analyst,8,51
"Staff Software Engineer, Data",16,6
Azure Data Lead Analyst,27,58
Sr. Data Analyst - Empower Field,5,59
Planner & Data Analyst – Automotive,5,21
"Urgent Hiring for the role Business Data Analyst (Power BI) in Chicago, IL",10,7
Global Sourcing Data Analyst,5,21
Sr. Data Analyst (No C2C),5,59
Data Engineer Intern Summer 2024,0,36
Clinical Data Analyst - Biostatistics Team,5,46
Business Data Analyst - III (804337),25,55
Sr. Investment Data Analyst,5,59
Operations Data Analyst,2,32
"Snowflake Data Engineer-FT WASINGTON, PA- Hybrid Role-Need Locals-Only GC, GC EAD, Citizen, TN",10,39
Senior Consultant - Data Analytics,8,15
Senior Database Analyst - SG 20G,5,28
Lead Data Integration Analyst/Consultant (XY2),27,15
Sr Data & Analytics Governance Analyst,23,38
Healthcare Data Analyst (MedInsight - Milwaukee Office location preferred),10,49
Data Integration and Review Analyst,5,39
Data Analyst 1 with Security Clearance,1,19
Data Analyst Levels I - III,5,4
Business Data Analyst I,25,55
Samsung Business Data Analyst,25,55
Volunteer: Biophelia Health & Financial Data Cost Benefits Analysis Volunteer,26,16
Sr Investment and Data Analyst,5,59
"Senior Data Analyst, Marketing & Enrollment – Hybrid/Chicago",5,50
Senior Data Analyst with Automotive Client Experience,5,48
Business Analyst - Data Governance,25,38
"Data Analyst, Mid (2023-0230)",5,39
Sr. Data Governance Analyst,23,38
Quality Management Systems Data Analyst Co-Op,28,57
Data Research Analyst,5,8
Health & Benefits Data Analyst Intern,10,39
Informatica PowerCenter and Snowflake Data Warehouse Analyst,5,41
Senior Data Analyst (MN),5,48
Volunteer: Nutrition Center Data Analyst - Jeremiah's Inn,26,16
Clinical Data Analyst III,5,46
Strategic Data Analyst Senior,5,48
Data Analyst (Process Mining) – Automotive,5,21
Data Analyst (Power BI),5,21
Healthcare Data Analyst - OQPS 1002,5,49
Data Analyst IT III,5,4
Data Review Specialist,21,5
Volunteer: Biophelia Health & Financial Data Cost Benefits Analysis Volunteer Advisor,26,16
DATA & MEDICAL ECONOMIC ANALYST,5,21
Business Intelligence Data Analyst - ELP/Tempe,25,55
Healthcare Data Analyst I- Quality Systems (hybrid),28,49
Junior Data Analyst,5,21
Business Systems Data Analyst,25,27
Data/GIS Analyst - Advanced Analytics Specialist,21,5
Claims Compliance Data Validation Analyst II,5,39
Principal DATA Engineer   Data Analytics Platform,13,18
Lead Azure Data Engineer-US,27,58
"Big Data Lead - New Jersey, Nj",27,17
Sr. Oracle Database Administrator (DBA),19,30
Senior Statistical Data Analyst - Biostatistics,5,48
GIS DATABASE ADMIN,10,28
"Data Analyst, Senior",5,48
Business Analyst front to back office data,25,55
Sr Data Analyst ( W2 Position ),5,59
Sr. Principal Database Administrator,19,30
Analyst-Information Services Data Senior,5,48
Lead Oracle Database Administrator,19,30
Summer Data Administrator,19,30
Info Big Data Engineer (Sr. Engineer),6,17
Senior IT Data Analyst – Public Safety,5,48
Data/Information Analyst - Contract,5,39
Medical Data Analyst,5,21
Data Analyst 3 (Need local candidate only),5,39
Data Analyst #: 23-05691,5,21
Urgent Hiring for - Epic Clarity Data Analyst,10,39
System Administrator / Database Administrator,19,30
Sr. Application Database Administrator,19,30
Snowflake Data Warehouse Analyst,5,41
PL/SQL developer( Teradata),17,9
Database Administrator 2 (TBT - 047),19,30
Software Engineer II (SwE2) with Azure and Big Data Expertise,16,17
QC Data Analyst,5,21
Product Data Analyst,5,44
Data Solutions Analyst,5,21
"Senior Data Engineer - Snowflake, AWS, Relational Data Modeling",6,41
QC Data Analysts / Reviewers,10,39
"Job Opening for QC Data Analysts / Reviewers - Bucks County, PA",10,39
Medical Records Data Quality Analyst,28,57
Entry Level High Volume Invoices/Data Entry,22,10
Preclinical Data Business Analyst,25,55
Business Analyst Data Analyst,25,55
"Administrator, Senior Database",19,30
Data Entry-Audit Intake Specialist,22,10
Volunteer: 40 hour Data Entry Project - Community Service,26,16
General Support Services - Data Entry,22,10
Senior Databricks Engineer,6,26
Database Administrator: III (Senior),19,30
Compliance Data Entry Specialist,22,10
Volunteer: Database administrator,19,30
GCP-DATA ENGINEER,6,36
"Senior Data Engineer  - Sunnyvale, CA - 12+ Months",6,39
"Data Technician (Electrical Industry) - Houston, TX",10,39
Engineering Configuration and Data Management Specialist,21,53
"Sr. Human Resource Business Partner (Technology, Engineering and Data Science)",18,22
"Senior Manager, Project Management, Enterprise Data Strategy PMO",7,24
24-08 Data Management Specialist-Quality,28,57
Datacenter Logistics Assistant,0,20
Sr. BSA/AML Analyst,10,59
Senior Big Data Engineer,6,17
Sr. Machine Learning Engineer,24,14
Field Inspector/Auditor/Data Collector,10,39
Master Data Custodian,10,39
"Manager, Data & Analytics",8,51
Database Engineer III,6,4
Database Administrator / Principal Database Administrator (DoD TS/SCI with CI Poly required**),19,30
Database Engineer (TS/SCI Required),10,42
Database Administrator III with Security Clearance,1,19
Senior Microsoft SQL Database Administrator,19,30
Data Analyst (Business Intelligence),25,55
Data and Policy Analyst - Writer/Coordinator,10,39
Data Warehousing Technical Business Analyst,25,55
Analyst (Data Management),5,53
IA-DOM-HHS-DBA4-IBHRS Data Analyst,5,21
Summer 2024 Graduate Data Analyst Engineering Co-Op/Intern,0,39
Systems Analysis (Lead Data Analyst),27,56
"Hiring _ Data Analyst _ Lake Forest, IL - 60045",10,7
Senior Water Utility Data Analyst,5,48
Business Systems Data Analyst (Maximo),25,27
Senior Research/Data Analyst IA020124,5,8
Consulting Data Engineer,6,36
"Sr Data Analyst, Commercial Planning",5,59
Senior Data Analyst for Strategic Initiatives,5,48
"Business Analyst, Data Engineering",25,55
Data Operations Analyst,2,32
Data Architect / Data Engineer - Azure / SQL Server,29,31
SENIOR BUSINESS INTELLIGENCE DATA ANALYST (HYBRID),25,55
"Manager, Software Engineering - Data Engineering",16,22
"Senior Datacenter Product Development Engineer, Server",0,20
MLT or Med Technologist,20,33
Senior Data Manager with Security Clearance,1,19
BSA/AML Analyst,10,39
AML Investigator Analyst Level II (P2),10,39
Machine Learning Operations Engineer,24,14
DATA ABSTRACTOR,10,39
Remote work from home Data Entry clerk / Typing,22,10
"Account Executive, Simulation (Applied Flow Technology, a Datacor company)",10,39
AML Model Risk Analyst,9,39
Quantitative Scenario Analyst – Anti-Money Laundering (AML),10,39
USA - Database Analyst III,5,4
FAMILY MEDICAL LEAVE ACT (FMLA) ANALYST,5,21
PPM (Power Plan PPM) functional consultant/Data Analyst,5,15
BSA/AML Analyst - Team 2,10,25
Datasheet Writer,10,39
"Global Supply Manager, Electrical & Mechanical Data Center Construction",14,2
Project Technical Manager - MMIII Integrated Maintenance Data with Security Clearance,1,19
Risk Management - Home Lending Data Analyst - Vice President,10,53
Teamleider expeditie,10,39
Privacy And Data Security Attorney,23,52
Privacy and Data Security Legal Strategist,23,52
BSA/AML Officer,10,39
Product Manager - Data Center (Hybrid),15,44
"Data Engineer (InRiver) || Onsite 5 days a week in Kennesaw, GA",10,36
Volunteer: Provide data support virtually,26,16
Senior Data Review Specialist,21,5
Holiday Hiring - Data Center Security,15,2
Sr. Data Management Process and Training Specialist (Center for Cellular Immunotherapy),21,5
Sr Systems Administrator (Data Management),19,27
SCHOOL DATA MANAGER II 2023-2024 EOY,7,39
IMLS Graduate Fellow in Objects Conservation,10,39
Medical Scientist/MLT - Cranberry (FT and PT available),11,33
Medical Laboratory Scientist/MLT,11,43
Research Data Specialist,21,5
"Government Representative 2  Data Coordinator, Gender Based Violence (Posting #014-24)",10,39
Grants and Data Quality Assurance Manager,28,57
Alternative Data Sales,10,39
P-12 Research & Data Analyst,5,8
Sentinel Principal / Sr. Principal Data Visualization Engineer - 10335,4,18
Data Entry Supervisor,22,29
Senior Software Engineer for Data Development Platform,13,6
"IS Data Engineer - ADF, SnowFlake",6,41
Data Analytics and ML Developer,17,9
Data Entry Operator 1 - Intermittent,22,10
Data Center Engineer - Columbus,15,2
"Sr Engineer, Data Management and Analytics",8,51
fivetran Data Engineer,6,36
Manager of Development Operations&Data Systems,2,32
Business Analyst- Data analysis,25,56
"Lead Business Data Analyst - Weston, FL",25,55
Lead Data Science Analyst (multiple openings) - IHM,18,1
Business Analyst - Data,25,55
Lead Data Science Analyst (Multiple openings) - IHM,18,1
Sr. Research Specialist/Data Analyst (Aviation) - Ability to Obtain Secret Clearance,21,5
Senior Sales Data Analyst Corporate Accounts (NJ/NY),10,39
Sr. Data Scientist (1020250),12,40
Senior Data Engineer (1021882),6,34
Data Analytics Consultant (SQL/SAS),8,15
Data Supervisor,10,29
"Senior Manager, Data Analysis",7,56
Production Data Coordinator,10,39
"Supervisor, Data Center II (Shift A)",15,29
Data Center Engineer - Jacksonville,15,2
"NV - Medical Laboratory Technologist(MLT), NV General Supervisor required-  Nights Boulder City",20,33
"Medical Lab Technologist (MLT), Generalist, 40hr - Nights",20,33
MEDICAL LAB TECHNOLOGIST (MLS) or MLT - (FT),20,35
Medical Lab Scientist (MLS) or Medical Lab Technologist (MLT)- Micro- St. Elizabeth Youngstown Hospital,11,45
"Lead Technologist (MT, MLT)",20,35
Medical Technologist MT/MLT/CLS/MLS,20,11
"MLS 2 , 2nd Shift - Blood Bank",10,45
MLS/MLT/LT **Shift Bonus and Shift Differential Available**,11,45
"Manager, Data Analysis",7,56
"TEAM LEAD MT/MLS, LABORATORY - (Temple/Chestnut Hill Hospital - 40 hours days)",11,25
"Laboratory Team Lead MT or MLT, Full Time, Varied Shifts, To Include Rotating Weekends and Holidays",27,25
"Medical Laboratory Scientist (MLS) or MLT, Generalist, FT, Evenings",11,43
Medical Technologist/ MLT - Full Time Weekends *Sign On*,20,33
MEDICAL TECHNOLOGIST (MT)/ or Medical Laboratory Technician (MLT),20,43
Data Management Manager,7,53
Donor Database Supervisor,10,29
"Counsel, Data Analytics",8,51
Manager of Datacenter and Telecommunication Infrastructure,0,20
Data Privacy and Technology Transactions Attorney / MA 02101 3063,23,52
Data Privacy and Technology Transactions Attorney / MN 55402 3069,23,52
Data Privacy and Technology Transactions Attorney / IL 60602 3066,23,52
"Senior Manager, Global Biometrics and Data Sciences",7,3
AI and Data Governance Legal Counsel,23,38
Privacy & Data Protection Counsel,23,52
Assistant/Associate Professor of Data Science for Animal Systems,18,54
Part-Time GEODE Datathon - Data Curators - Department of Biology - Crandall Lab,10,39
Operations Manager - Data Center,2,32
"Mgr, Data Insights",10,39
"Principal Engineer-Software, Inventory Data Platform",13,18
Data Production Engineer,6,36
Senior Data Quality Engineer,28,57
Software Engineer (Machine Learning),24,14
ML Ops Engineer,3,12
PRN Medical Laboratory Scientist (MLS or MT - ASCP),11,11
Machine Learning Engineer Sr Analyst,24,14
Principal Site Reliability Engineer (Cortex Data Lake),4,18
"Data Intelligence - Engineer, Data Sr",6,59
MLT or Medical Laboratory Scientist,11,43
MLS - Medical Laboratory Scientist - PRN/Casual,11,43
"LAB - Medical Laboratory Scientist (MLS/MT) 36 hrs/wk, 3rd shift",11,45
"LAB - Medical Laboratory Scientist (MLS/MT) 36 hrs/wk, 1st shift",11,45
"Medical Lab Scientist/MLT, Blood Bank, 2nd Shift at Pennsylvania Hospital - $10,000 SIGN ON BONUS!",11,45
Medical Technologist/MLT,20,33
Medical Technologist/ MLT,20,33
"Medical Technologist or MLT - Generalist - Stafford Hospital, Nights",20,33
Medical Technologist (MT/MLT),20,35
"Sr. Manager, Data Scientist - Biopharma",12,40
MT/MLS,11,11
Research Professor & Roux Institute Member in Computational Medicine & Biomedical Data Science (Open Rank),18,54
Technical Writer – Data Science (1106564),18,1
Lead-Med Lab Scientist (MLS),11,45
Market data analyst Melville NY,5,39
Senior Preconstruction Estimator - Data Center Construction,14,2
"Data Center Regional Electrical Engineer (Field Engineering), AWS Support Engineer",6,36
Junior Evaluation & Data Analyst,5,39
Databricks Sales Leader,10,26
Market Research & Data Analyst,5,8
"Sales Representative, CoStar Data & Analytics - Albany NY",8,51
Regional Sales Manager - Data Center (West),15,2
Statistician/Data Analyst II,5,39
Data Entry & Mailing Assistant,22,10
Data Center Engineer - Upper Arlington,15,2
Medical Data Analyst (Medical Coder) (Remote),20,23
"Sr Financial Data Analyst, Revenue",5,47
"Data Center Technician - Hillsboro, OR",15,2
Data Support Assistant (Part-Time),10,39
Data Entry Clerk (Elite Executive Partners),22,10
MLO/Wholesale Account Executive,10,39
Solutions Architect | Data Centers,29,31
Customer Success Manager - Data Impact (Associate Client Director Level),10,37
Account Executive (Sales) - REMOTE - Cannabis Data,10,23
"Software Architect -12992 (JAVA, JEE, SOA, SQL, Web Services, XML)",10,39
Financial Data Quality Lead Analyst,28,47
Principal Data Solutions Consultant - Presales,4,18
Tenure-Track Assistant Professor in Environmental Health Sciences - Big Data,10,54
Accountant/Data Specialist,21,5
Product Architect - AI/ML Model Development Platform,3,12
Senior Software Engineer - Data Pipe Infrastructure,16,6
Accounting Data Entry Clerk,22,10
Lead AI/ML Solutions Architect,3,12
Senior Data Analyst - Localization (German),5,48
PRN Medical Lab Tech MLT/MLS (Day Shift),11,45
Data Center Power/Cooling Architect,29,31
Senior NoSQL Developer - Data Modeling and Design Expert (719936),17,9
Assurance - Forensic and Integrity Serv - Data Analytics - Manager - Multiple Positions - 1468958,8,51
Domain Architect - Data & Analytics,29,31
"Associate Manager, Payer Relations – Data Specialist",21,37
Data Architect/Data Modular,29,31
GCP Data Architect/Engineer,29,31
Data Privacy Architect,29,52
Sr. Enterprise Data Warehouse Architect - Hybrid role in the New York area.,10,39
"Principal Architect, Data",4,18
Network Architect/Data Center Experience,29,31
Senior Data Performance Engineer- US,6,34
Senior Software Engineer - Big Data Pipeline,16,17
"Data Architect, Senior, iSchool",29,31
Medical Laboratory Technologist/ MLS/ CLT/CLS - QUICK START*,11,11
GIS Data Architect,29,31
Medical Laboratory Technologist (MLT) or Medical Lab Scientist (MLS) - St. Joseph Warren Hospital,11,45
Sr Data Modeler / Data Architect,29,13
Teradata Specialist (1019238),21,5
"VT- Medical Laboratory Technologist(MLT), Days/Evenings - Morristown",20,33
Local or Travel Contract - MLT - Medical Lab Technologist,20,35
Data Science Developer,18,1
Data Architect - US,29,31
Teradata Specialist,21,5
"Big Data Architect in Raritan, NJ",29,17
"Staff Machine Learning Engineer, Trust & Safety",24,14
(Sr.) Machine Learning Scientist,24,14
Machine Learning Data Scientist,24,14
SAP Master Data Architect,29,31
ML Engineer,3,12
AI/ML Developer with Python,3,12
Data Analytics Engineer,8,51
Machine Learning Architect & Engineer,24,14
Data Scientist - Back End Data Engineer,12,40
Data Scientist III (Applied Research),12,8
Machine Learning Researchers and Engineers,24,14
Spatial Data Scientist (Active TS/SCI required),12,42
ML Architect/Applied AI Researcher,3,12
Big data developer,17,17
"Machine Learning Scientist - MLDD, gCS",24,14
Industrial Affairs (IA) Data Scientist,12,40
Data Center Engineer - Atlanta,15,2
Data Center Engineer - Minneapolis,15,2
AI/ML Machine Vision Embedded Programmer,3,12
AI/ML Engineer,3,12
Data Engineer - ETL Pipelines,6,36
AVP Enterprise MS SQL Data Engineer,6,36
Senior Data Engineer (ETL / Java / Python),6,36
AI/ML Developer,3,12
Computational Scientist - Artificial Intelligence & Machine Learning,24,14
4189 - Data Scientist (TS/SCI-FSP),12,42
"New Grad, PHD - Data Science",18,1
Computer Scientist (Data Scientist),12,40
Senior Lead Business Data Analyst / Consultant,25,15
Data Scientist Machine Learning,24,14
Machine Learning Engineer (Austin),24,14
Staff Data Solutions Engineer,6,36
"Vehicle Systems Data Pipeline Engineer, Body in White, Model Y",9,27
AI/ML Scientist,3,12
Summer 2024 Intern - Data Engineering,0,22
"Sr. Data Scientist, Amazon Robotics (AR)",12,40
Principal Software Engineer - Air Combat Datalinks (Onsite),4,18
Data Center Engineer - Buffalo,15,2
"100% ONSITE: AI Machine Learning Data Engineer, Phoenix, AZ",24,14
"Machine Learning Engineer (Malvern, Pennsylvania, Charlotte NC/Direct Hire)",24,14
DataStage and Snowflake Developer with Cloud expertise,17,41
Sr. InfoSec Engineer [Database Development],6,28
GenAI - NLP Data Scientist,12,40
Teradata GCP Engineer,6,36
"Senior Software Engineer, Perception - Computer Vision/Machine Learning",24,14
DATA ENGINEER #: 24-00206,6,36
Senior Data Engineer (Machine Learning) - PA or NJ,24,14
TB21DE3 - Sr. Database Engineer - Cleared,6,28
Data Center Engineer - Miami,15,2
Lead ML Ops Engineer,3,12
"Scientist, Machine Learning",24,14
"Sr Java Developer with Data Flow || Alpharetta, GA (In-person Interview -Day1 Onsite)",17,9
"Machine Learning Scientist, Prescient Design",24,14
"Staff Software Engineer, Data Storage",16,6
Sr Applied Machine Learning Scientist,24,14
Data Center Engineer - Ashburn,15,2
"Data Scientist, Specialist",21,5
"Senior Software Developer, Data Services",17,9
Data and Software Engineer,16,6
Software Engineer (AI/ML),3,12
Software Engineer (Database Administrator),19,30
Machine Learning Engineer- MLOps,24,14
Data -  Scientist TS/SCI,12,42
"Application Technical Specialist with Min 11+yrs exp in developing Software applications using IBM Content Navigator, FileNet, Java, DOJO, JavaScript, HTML/CSS, Oracle DB.(Webcam Interview)(HYBRID)",10,39
"Sr MS SQL DATABASE ENGINEER - Oakland, CA(hybrid)",6,28
"(USA) Senior, Data Scientist - Multilingual Experiences",12,40
Principal Data Science Engineer,4,18
"(USA) Principal, Software Engineer | Machine Learning",24,14
Big Data Engineering,10,17
Machine Learning Researcher,24,14
Physical Scientist - AI and Machine Learning for Improving Physics Parameterizations,24,14
Consulting Systems Engineer (Data Center) - Northern CA,15,27
Data Center Engineer - Omaha,15,2
Building Operating Engineer - Data Center,15,2
Future Opportunities Data Engineer Co-Op (Summer 2024),0,39
"BigData Scala & AWS Developer Richardson, TX(Hybrid)",17,9
Operations Research and Data Analyst,2,8
Trauma Data and Outcomes Analyst (Must have healthcare exp),5,49
Sr Machine Learning Engineer II,24,14
Data Integration Engineer,6,36
Sr Machine Learning Engineer I,24,14
Data Center Engineer - Norfolk,15,2
Machine Learning Engineer for Advanced Manufacturing Artificial Intelligence,24,14
"Senior, Data Scientist, People.AI",12,40
Senior Machine Learning Operations Engineer,24,14
Database Developer,17,9
Data Center Engineer - Indianapolis,15,2
Senior Machine Learning Engineer - Amgen,24,14
"Data Analytics Engineer, Lead",8,58
Data Recovery Engineer - Macintosh and iOS Platforms,6,36
Sr. Engineer - Storage & Data Protection,6,59
Software Engineer-Data Acquisition and Modelling,16,6
Big Data Integration Engineer,6,17
Database Web Developer,17,9
OData developer (.NET expertise),17,9
Machine Learning Scientist/Engineer,24,14
Senior BI Data Engineer,6,34
Product Engineering Intern - Systems Engineer (Data Analytics),8,27
Machine Learning Research Scientist - Job Order 3327,24,14
Senior ML Ops Engineer,3,12
Machine Learning Scientist II - Cheminformatics,24,14
Customer Data Platform & Marketing Automation Developer,13,50
Junior Data Engineer II,6,36
Data Scientist (TS/SCI),12,42
Medical Technologist/MLT/Clinical Lab Tech - OLG Ortho - PRN,20,35
Software Engineer - Market Data,16,6
Research Data Support Analyst,5,8
"Urgent Hiring || Bigdata Developer with BI ||Rancho Cordova, CA- Day one onsite Hybrid",17,9
Dataiku Administrator 1509,19,30
Targeting Analyst/Data Scientist,12,40
AI Data Science Lead,18,1
Senior Research Data Support Analyst,5,8
Lead Data Integration Developer,17,9
AWS Cloud Data Engineer,6,36
"Consultant ' UML Documentation, Data and Process Modeling",10,15
USD-Sr Data Scientist Engineer,12,40
Data Engineering and Data Science CoE - Commercial/Functions,18,22
Associate Engineer - Data Analytics,8,37
Data Engineer Co-Op,6,36
Data Engineer || W2 Only (No C2C),6,36
Data and Risk Management Analyst,5,53
Data Annotation Associate Manager,7,37
Configuration & Data Management Lead,27,53
Head of Data Science Lead (Finance and Actuary),18,1
SCADA Database Analyst,5,28
AML/CFT Program Manager,7,3
Manager - Supply Chain Data and Analytics,8,51
Head of Data Science,18,1
Sales Data Lead,27,58
Principal SAP Data Consultant,4,18
Data Center Foreman - Fiber & Copper (Travel),15,2
Business Analyst AML (7+ years-New York-Onsite),10,39
Big Data Developer - III (827754),17,17
Senior Clinical Data Manager (1025595),7,46
Hair Stylist - Northwood Landing (frmly Chatham Park),10,39
"Supervisor, Clinical Laboratory (MLS) Extractions",11,29
Data Governance Lead (1021872),23,38
Data Center Facilities Team Lead,27,25
"Medical Laboratory Technician(MLT) - PRN, Night Shift",11,43
Engineer- Data - III (823423),6,4
Medical Technologist (MT)/Medical Laboratory Technician (MLT),20,43
Laboratory Customer Service Representative-Mls,11,39
MLT - Special Procedures Lab - Anesthesia Tech - PM (722),10,39
Data Services Librarian,10,39
"Data Coordinator- Bone Marrow, Full-Time, Days",10,39
HRT Data & Reporting Analyst,5,21
Senior Data Operations Specialist,2,32
"Data Center Physical Security Manager (GovCloud) , DC Security Amer-West",1,19
Data Architect - Remote,29,23
Data and Analytics Manager - II (1020837),8,51
Clinical Research Data Specialist,21,46
"Senior Scientist, Machine Learning",24,14
Performance Data Architect,29,31
Principal Architect (Data/AI) - Remote - Dallas,4,23
Regulatory Climate Related Data Manager,7,3
MLS/MLT/Laboratory Scientist: 20 Hours Per Week (Midnights),11,43
Business & Data Analysis Librarian,25,56
"RN, Clinical Data Abstractor, PD Day",10,46
Senior Database Architect 1 / SDA1 (Mostly Remote),29,23
Data Architect /Senior Data Engineer,29,31
Data Streaming Architect,29,31
"Job Opportunity - Data Architect - Miami, FL",29,31
MLS - Medical Laboratory Scientist or MLT - Medical Laboratory Technician - Sanford Health USD Medical Center - FT - Straight Nights,11,43
MLS - Medical Laboratory Scientist or MLT - Medical Laboratory Technician - Sanford Center Building - Infectious Disease - Sioux Falls - PT - Evenings,11,43
MLS - Medical Laboratory Scientist or MLT - Medical Laboratory Technician - Sanford Health USD Medical Center - FT,11,43
MLT - Medical Laboratory Technician - Brookings Clinic - PRN,11,43
Senior Legal Counsel -Data Privacy - 16988/LN,23,52
MLT - Medical Laboratory Technician - Webster Medical Center - PRN,11,43
Senior Financial Healthcare Data Analyst I,5,49
"Medical Technologist or MLT, Nights, 12 hour shifts",20,33
MLS 2 PRN - Microbiology laboratories,10,45
Associate Data Scientist,12,37
"ML Performance Software Engineer, Autopilot AI & Tesla Bot",3,12
Rates and Data Analyst,5,21
"Manager, Data Integrity and Analysis",7,56
"Senior Data Scientist, IT Engineering & Operations (Generation/Wholesale)",2,22
Sr Coding Data Quality Auditor / Educator Specialist,28,57
Medical Laboratory Scientist (MLS or MT - ASCP),11,11
"Sr. Project Manager (SAP, Master Data, Data Migration)[EST or CST Candidates]",7,24
"ERP Modernization - Data Architect, Senior Advisor [HYBRID]",29,39
Databricks Architect-US,29,26
Data Integration Architect - Remote,29,23
"Data Domain Architect Lead, Workforce Planning",27,58
Data Architect (Terraform),29,31
Azure Data Factory Architect,29,31
Master Data Management Architect,29,53
Data Center Solutions Architect,29,31
Sr Data Engineer - Data Warehousing Technologies,6,59
Data Entry Clerk 1 #: 24-00204,22,10
Windchill Data Migration Architect,29,31
Solution architect to design Real-time data & analytics platform,13,39
"Medical Technologist (MT) or Medical Laboratory Technician (MLT) - $8,000 Sign-On Bonus*",20,43
Senior Data Architect- MMA National,29,31
Data Entry/Accounting Clerk,22,10
Data architect,29,31
Remote WFH Full Time Data Entry Clerk - Typing - Part Time,22,10
Financial Data Analyst I/II,5,47
Director AI/ML Engine Design Engineering,3,12
"Software Architect,12969,PowerApps,canvas,model driven app,Common Data Service",9,31
Data Architect Lead/OMS with Security Clearance,1,19
Visa: GC/USC/H1B - Hiring: Sr. Data Scientist with Pivot tables VLOOKUP,12,40
Data Integration Developer,17,9
"Sr Data Scientist, Connect",12,40
PHARMACY DATA ENTRY TECHNICIAN-PART TIME,22,10
Market Intelligence Data Analyst,5,39
Principal Database Administrator - Remote,19,30
Part Time-Canvas Consultant (Member Service Specialist) - NMLS,21,5
Data Center Facility Operations Manager,2,32
"Technical Lead, Core Data Center Operations",2,32
Certified Medical Laboratory Scientist (MLS) Supervisor - Blood Bank,11,45
Senior Site Reliability Engineer - Data Management (SQL Server),10,53
Cloud Support Engineer-Big Data,6,17
"Medical Technologist / MLT - Full Time Evenings, Blood Bank - $5,000 Sign-on Bonus",20,33
Data Privacy Attorney,23,52
"Medical Technologist / MLT - Generalist, Full Time Evenings - $5,000 Sign On Bonus",20,33
"MLT, MLS, or Microbiologist/Sr. Microbiologist",11,45
Medical Technologist / Medical Lab Technician (MT/MLT) - Lab - Chabert - Nights - Sign On Bonus,20,35
"Environmental, Health, and Safety Manager (Data Center Construction)",14,2
Medical Technologist/MLT - Full Time,20,33
Medical Laboratory Technician(MLT) - Day Shift,11,43
DATA SCIENTIST (PYTHON PROGRAMMER),12,40
2024 MLB Data Operations (Seasonal),2,32
Laboratory Scientist/MLS/CLS/MT - Hematology - Days,11,11
Azure Data Warehouse Architect,29,31
Medical Lab Scientist (MLS) Blood Bank,11,45
Medical Technologist (MT) Medical Lab Technician (MLT),20,35
"Medical Laboratory Scientist or MLT (Hematology) - Full Time, 3rd Shift   *Sign-On Bonus Offered!",11,43
Research Scientist Lead (Machine Learning and Artificial Intelligence),24,14
"Medical Technologist (MT, MLS)",20,11
Medical Laboratory Technician(MLT) - Night Shift,11,43
Onsite Data Engineer,6,36
Laboratory Scientist/MLS/CLS/MT Senior - Hematology - Evenings,11,11
Medical Laboratory Technicians/Clinical Laboratory Technicians (MLT/CLT),11,43
Bioinformatician / Data Scientist / Computational Biologist,12,40
"Environment, Health and Safety Manager (Data Center Construction)",14,2
Principal / Sr. Principal Digital Innovation Data Scientist - 11741,4,18
"Medical Technologist (MT) / Medical Laboratory Tech (MLT) - Per Diem, Shift Varies",20,35
"Medical Technologist (MT) / Medical Laboratory Tech (MLT) -  Per Diem, Shift Varies",20,35
Technical Lead DataStage,27,58
Data Automation Assistant,10,54
Medical Technologist MT/MLT (ASCP) - Sign on bonus,20,33
Clinical Data Abstractor -  STS Adult Cardiac - Part Time,10,46
DataStage Developer/Admin,17,9
Sr. Executive Assistant to CHRO at Leading Data Platform,13,39
"Sr Product Manager I, Data Orchestration and Reliability",7,44
"Mgr, Data Engineering",10,22
Data Scientist (OIG) - Full Performance Level,12,40
Equipment Manager (MLS NEXT Pro),7,3
"Python Data Engineer with Ansible / Charlotte, NC",6,36
"SQL Database Architect - Streetsboro, OH (on-site 2-3 Days)",29,28
Senior Data Analyst Remote position,5,23
Business Intelligence and Data Warehouse Developer,17,9
Data Architect / Modeler,29,13
Data Entry Processor - Part Time,22,10
"Data Engineering Manager, Data Science",18,22
Tech Lead/Azure Data Engineer,27,58
RN-Clinical Data Abstractor,10,46
"Data Entry Specialist - 2nd Shift - Fire, Life Safety & Security - Irving, TX",22,10
Data Scientist - TS clearance. Eligible for SCI.,12,42
"Machine Learning Engineer - Abbott Park, IL or Columbus, OH",24,14
"GCP Data Engineer at Orlando, FL",6,36
Staff Product Designer- Data Security,10,44
Data Center Engineer - Memphis,15,2
Senior Data Designer,10,39
Senior Data Engineer - Cloud Data Integration,6,34
"Data Engineer at Phoenix, AZ OR Charlotte, NC",10,36
"ONSITE: Data Engineer GCP, Phoenix, AZ",10,36
Construction Manager - Critical Facilities / Data Centers,14,3
"Data & Reporting Analyst, Credit, Collections & Billing",5,21
"Manager, Data Scientist - Biopharma",12,40
Data Scientist Direct Hire (12 Month Register),10,39
"Medical Technologist / MLT - Generalist, Part Time Day Shift - $2500 Sign-on Bonus",20,33
"KIPP NYC Manager, Student Enrollment - Data & Reporting",7,3
Program Manager - Data Management,7,53
Assistant Salon Manager - Hamlin Plaza,7,54
Pharmaceutical Manufacturing Data Manager,7,3
Medical Lab Scientist (MLS) CORE LAB,11,45
Trauma Registrar - Data Coordinator,10,39
Data Operations Analyst (Writer),2,32
Senior/Lead Data Scientist with Supply Chain and Forecasting Experience,27,58
"Sr. Business Analyst, AWS New Regions Data Center Planning",25,55
MLOps Engineer,6,36
"Big Data Engineer(Java, Azure, Spark) - Berkeley heights, NJ(hybrid)",10,17
ML Framework Software Development Engineer - Generative AI,3,12
"Medical Laboratory Scientist (MLS, MT, MLT)",11,43
Clinical Data Abstractor - Cardiology - Cath / PCI,10,46
CDSC DATA ANALYST III,5,4
Financial Reimbursement Data Analyst | KA Consulting,5,47
"Medical Technologist/ MLT/ Lab Technician IV - Generalist, PRN, Variable Shift",20,35
Customer Service Agent - Remote Data Entry Agent – Full/Part Time,22,10
Engineer Database 2 with Security Clearance,1,19
"Data Scientist (Hybrid- Exton, PA)",12,40
"Data Governance, Associate - Controllers (Jersey City, NJ)",23,37
Medical Technologist (MT or MLT) Lab Full Time Evenings,20,35
"Master Data Specialist in Seattle, WA",21,5
Senior Data Architect- Schaumburg/Illinois- Hybrid,29,31
"Construction Manager, QA/QC - Data Centers, Mission Critical",14,39
Medical Laboratory Scientist (MLS) - PRN (as needed) - Day Shift/Gen Lab -,11,45
Data Architect (Consultant II),29,15
Superintendent - Semi-Conductor or Data Center,15,2
"Solution Architect Multi Cloud (AWS, Azure, GCP) Solution Architect Data Management, Data Analytics,",29,31
Data Modernization Architect - Onsite,29,31
Data Modeling & Reporting Architect,29,31
Information Technology Specialist (Data Management) (12 Month Register),21,5
Senior Database Engineer - MS SQL Server,6,28
Pharmacy Data Entry Tech,22,10
Data Visualization Developer,17,9
Data Engineer/Admin,6,36
"Sr. Principal Engineer, Data",4,18
Data Center/Facility Maintenance Technician,15,2
Security Engineer (Data Focused),1,19
Datacoves DevOps Architect,29,31
Job Opportunity - Lead Data Engineer,27,58
ETL Datawarehouse Specialist (Time Series Developer),17,9
IBM DataStage Developer,17,9
"Volunteer: Forest Fire Prevention Derivatives, CrowdDoing, Volunteer Data Architect",26,16
Pharmacy Technician - Data-Entry,22,10
Data engineer with Java,6,36
"Volunteer: Data Architect Volunteer Forest Fire Prevention Derivatives, CrowdDoing,",26,16
"Data Engineer - Columbus, OH - day 1 Hybrid",6,36
Senior Data Center Architect,29,31
Enterprise Data Center Architect,29,31
Medical Lab Technician MLT PRN,11,35
Senior Civil Project Manager - Data Centers,7,24
Senior Data Engineer-- Data Governance,23,38
Senior Scheduler - Data Center Construction,14,2
Senior Database & Web Data Services Developer,17,9
"Volunteer: MLK Day of Service! BKLYN: Cook, flyer, pop-up stands, fundraise... more...",26,16
IT Data & Analytics Manager (Data Engineering & Architecture),8,22
"Sr Solutions Architect, Data Center (Northeast)",29,31
"Construction Manager, Data Center Construction",14,2
Data Analytics & Engineering - Data Engineer,8,22
Data Governance Platform Architect,13,38
Data Analytics Intern (Summer 2024),0,51
Sr. Site Reliability Engineer w/d Bigdata Exp,10,39
Senior Data Scientist AI & Machine Learning - Manufacturing Systems,24,14
Data Architect-Healthcare - US,29,49
Data governance architect Tampa ref,23,38
Sentinel Principal Database Architect / Sr. Principal Database Architect - 11846,4,18
Volunteer: Data Assistant,26,16
Data Center Technician L2,15,2
Senior Data Visualization Developer,17,9
SQL Database Architect,29,28
Salesforce Data Quality Lead Engineer,28,57
Data Center/Mainframe Technician,15,2
Datacenter Technician III,0,20
Data Policy Analyst,5,21
Metadata Technician - Records Management,10,53
Data Centre Facility Engineer,6,36
Configuration and Data Management Analyst,5,53
Database Engineer- 10K Sign on Bonus,6,28
Clinical Assistant Professor - Advanced Data Analytics,8,54
Data Warehouse/BI Developer,17,9
Sr. Database engineer - SQL/SAAS,6,28
Staff Database Engineer,6,28
"Sr Prin Algorithm/Data Science Engineer (Northridge, CA)",18,1
"QA/QC Assistant, Data Center",15,2
Senior Cloud Data Engineer,6,34
Sr. Database Architect,29,28
Principal Clinical Data Scientist - Focus on Programming,4,46
"Senior IVR Application Developer + Java, SOAP, VXML SQL, XML, REST",17,9
Senior Mechanical Engineer - Data Centers,6,34
Data Engineering Manager / Architect,29,22
Urgent Hiring for - UI/HTML Sr. Developer ( W2/1099 role ),17,9
Data Analytics Developer,17,9
Software Engineer – Machine Learning,24,14
Data Engineer- Direct Client- W2 Contract,10,39
Enterprise Data Modeler,10,13
Bigdata Lead,27,58
"Principal Data Engineer, MS&T Robustness & Digital Strategies",4,18
"Machine Learning Engineer, Prescient Design",24,14
Data Visualization Engineer,6,36
Senior Staff AI Data Engineer,6,34
"Database Architect - Raleigh, NC",29,28
Data Automation Engineer,6,36
"Data Science Analyst/Engineer, Junior with Security Clearance",1,19
"GO, Kubernetes, Geospatial Software Engineer/ Data Engineer with GCP",16,6
Big Data Developer- L3 Support,17,17
Lead Data Engineer - Service,27,58
Software Engineer 3 - Customer Data Domain,16,6
Data Privacy Engineer,23,52
"Asset & Wealth Management Engineering, Data Engineer-Associate-Richardson",10,37
Field Engineer - Data Center,15,2
"Clinical Data Abstractor for Cancer Research (WAMC Ft. Liberty, NC)",10,46
Senior Data Engineer for E-Commerce,6,34
Big Data SDET,10,17
Marketing Data Analyst Job,5,50
"Data Engineer, Sr.",6,59
Certified Databricks Engineer,6,26
Temp Provider Database Coordinator,10,28
"Data Center Infrastructure Technician - Rio Rancho, NM",15,2
Azure Data Engineer (Junior to Mid level),6,36
Senior Data Storage Engineer,6,34
Data Modeler 3,10,13
Data engineer,6,36
Mainframe Developer with Data Masking - Onsite,17,9
"Test Engineer, Data Acquisition Systems",6,27
"Software Engineer, Data Platform",13,6
Data Scientist Intern,12,40
Senior Oracle Database Engineer (Requires ACTIVE Secret Security Clearance),1,19
Sr. Data / Reporting Engineer (MicroStrategy),6,59
Gas Supply Senior Planner and Data Analyst (hybrid),5,39
Data bricks Architect,29,31
Databrick Lead-US,27,58
Senior Technical Architect - Digital Technology Solutions - Big Data & Analytics,29,17
"Senior Data Systems Developer – (Epic Certification required Tapestry, Clarity)",17,27
Senior/Staff Data Engineer,6,34
Senior Data Engineer (Python / AWS),6,34
Data Center Inventory & Asset Technician,15,2
Senior Data Modeler-Remote,10,13
Data Engineer (Free Library of Philadelphia),6,36
"Assistant Professor, Biology, Biological Data Science",18,54
Senior Data Entry Clerk,22,10
Java; Big Data; SRE Engineer,6,17
"Sr Engineer - Data Science || Gaithersburg, MD",18,1
"Data Engineer (AWS, Python, Apache Spark, Jenkins/Terraform, SQL, Agile)",6,36
Senior data engineer,6,34
TS/SCI Cyber Data Engineer,10,42
"Data Engineer, LLM",6,36
MongoDB Database Engineer,6,28
Sr Data Analyst - Quality-1,28,57
jr Data Engineer,6,36
Senior Data Solution and Delivery Engineer 1599,6,34
Data Engineer II,6,36
Database Engineer - Bellevue,6,28
"Software Architect - Senior 13035 (OBIEE, HTML, SQL, BI)",16,6
"Asst/Assoc Professor, Asst/Assoc Scientist AI/ML",3,12
Investment Data Analyst,5,21
Associate Senior Data Analyst and Reporting Specialist,21,37
Decision Support Data Analyst,5,21
IT Database Developer III,17,4
"Senior Manager, Clinical Data Management (Data Management Lead)",7,53
Data Software Engineer,16,6
Metadata Specialist,21,5
"Software Architect-12965,COBOL/CICS/JCL/EZTrieve,DB2/SQL,XML,SoapUI/WSDL,SOA",29,39
"Global Supply Manager, Datacenter Construction",0,20
Mechanical or Process Engineer - Heavy Industrial Project Data Entry,22,10
Master Data Associate,10,37
Business Data Analyst - I (839950),25,55
eDiscovery Data Analyst,5,21
Medicaid Birth Data Analyst,5,21
Education Program Consultant - Data and Reporting,10,15
Principal Database Engineer IV/Admin-TS/SCI-poly with Security Clearance,1,42
Senior Development Data Analyst (Development Specialist II),21,5
Data / Metrics Consultant,10,15
Engineering Associate - Data Center - Summer Internship 2024,0,37
Senior Data Engineer (Client Solutions),6,34
Investor Relations Associate (Data Analyst),5,37
"Data Analyst, Product",5,44
Business/Data Analyst - 1,25,55
Talent Acquisition Data Analyst,5,21
Data Scientist I/II – Computational Biology / Machine Learning,24,14
Enterprise Risk Management Data Specialist,21,5
BUSINESS ANALYTICS AND DATA AUTOMATION ANALYST,25,55
Data and Reporting Analyst - Specialty Pharmacy,5,21
Data Specialist 2,21,5
"Data Management and Reporting Administrative Consultant, Division of Special Education",10,15
Sourcing Analyst (Data Analytics),8,51
Clinical Data Abstractor - TQIP - Part Time,10,46
Clinical Data Abstractor - GWTG - Part Time,10,46
Clinical Data Abstractor - VQI - Part Time,10,46
Clinical Data Abstractor - NSQIP - Part Time,10,46
Datacenter vertical client manager,0,20
Data Center Operations-L2,2,32
"Junior Data Engineer (SQL, Azure Data Factory, PowerApps, C#)",6,36
"Data Operator Instructor, Senior with Security Clearance",1,19
Data Developer - Onsite,17,9
Physical Data Recovery Technician,10,39
"Medical Laboratory Technician(MLT) - PRN, Day Shift",11,43
Data Center Operations Technician - Swing Shift,2,32
Enterprise Data Modeler- Need local candidates,10,13
"PCTE Technical Operations, Data Center/Cloud Applications Installation Technician",2,32
"Research Scientist/Engineer, Interdisciplinary Engineering and Data Science",18,22
Datawarehouse Developer/BI Developer,17,9
"MLR Operations Specialist, US Commercial Operations and Compliance",2,32
Information Technology Specialist (Security/Data Management),21,5
Data Scientist - Customer Service,12,40
"Medical Technologist / MLT / Lab Technician - Full time Nights, Blood Bank - $5000 Sign-on Bonus",20,33
Medical Technologist - MLS / MLT,20,33
MEP Assistant Superintendent Data Center Construction,14,2
Senior Software Engineer / Data Engineer / Gcp  Data Engineer,16,6
Software Engineer – Database,16,6
"Java, DataStage Developer - Onsite (FullTime)",17,9
"Senior Software Engineer: Data Management, Linux, Networks",16,6
"Data Center Technician, Senior Operations",2,32
Delphix Test Data Specialist,21,5
EDI (ELECTRONIC DATA INTERCHANGE )Engineer,10,39
"Data Engineer Lead (Bigdata Production support)@Baskin, NJ (Day 1 onsite) - hybrid",27,58
Hybrid Work - Need Data Engineer III in Houston TX,10,4
System & Dataplane Software Engineer,16,6
Technical Lead Data Modeler,27,13
"Medical Technologist / MLT - Part time Nights, $2500 Sign-on Bonus",20,33
"Advanced Data Scientist, Lead with Security Clearance",1,19
"Azure Data Warehouse Architect - Contract - Remote within driving of Harrisburg, PA - USC GC",29,23
Dataware Housing Technical Lead,27,58
Onsite Work - Need DATA ENGINEERING ARCHITECT in Houston TX,10,39
Medical Laboratory Scientist (MLS) - *SIGN ON BONUS*,11,43
Medical Laboratory Scientist/Technician MLS/MLT,11,43
"Supervisor, Data Operations",2,29
Data Masking engineer with Mainframe,6,36
"Medical Technologist/ MLT/ Lab Technician IV - Generalist, PRN, Evening/Night shift",20,35
Intelligent Automation / AI-ML Engineer (MidLevel),3,12
Database Developer III,17,4
Data Engineer Remote,6,23
Data Architect Manager,29,31
Python/ Data Engineer,6,36
Data Visualization Tableau Developer,17,0
Data Analytics Process Architect - Ethical AI,29,51
Coding Data Quality Auditor,28,57
Senior QA Engineer - Data & Analytics Platform,13,51
Data Process Architecture Lead,27,58
Information Systems Specialist II/Senior Systems Specialist - Data Management (Open Until Filled),21,27
Data Engineer - Chicago - 165k,6,7
Medical Lab Scientist (MLS) II - Laboratory,11,45
Bigdata Architect,29,31
Data Engineer -Lead,27,58
IT Data Architect,29,31
Data Information Architect with Security Clearance,1,19
Registered Nurse - Contingent - Cardiac Cath Lab Data Abstraction - Days,10,39
Data Engineer - IDELIC,6,36
Utilities Customer Services – Data Warehouse: Technical Architect,29,31
Sr. Data Architect (Principal or Sr. Principal Level),4,18
Business Analyst 4 - Enterprise Data Warehouse Project with Min 5+yrs exp in collecting requirements and artifacts for data warehouse design and implementation(Webcam Interview)(HYBRID),10,39
AGILE DEVELOPMENT TECH LEAD (DATA PLATFORM AUTOMATION LEAD),27,58
Financial Data and Credit Analyst (Argentina),5,47
Construction Manager (Data Center),14,2
Software Development/Data Specialist (Remote),21,23
Sr. Data / Reporting Engineer  (W2 Position No H1b or TN),10,59
"Sr. Lead, Data & Analytics Product Manager (Pod Manager)",7,44
Senior ML Operations Engineer (two positions),2,12
Exadata System Admin,10,39
Senior Counsel for Privacy and Data Security,23,52
Application Engineer (Database Administration),6,28
Database Engineer | Hybrid,6,28
Data Stage Architect,29,31
IT Data & Apps - Applications Architect,29,31
"Urgent Role -  Data Architect || Franklin, TN (Onsite)",10,39
GCP Data Engineer - AIML,6,36
Data Center Solutions Architect (Pre-Sales) - Remote,29,23
Senior Risk & Compliance Data Analyst,5,48
BSA AML EDD Analyst IV,10,39
"Analyst, Credit Risk Mgmt - Strategy and Data Science",18,1
Vendor Master Data Analyst/ Financial Analyst III,5,47
"Account Director - Cloud, Data & Digital- Banking, GSE",10,39
Data Center Engineer - Los Angeles,15,2
"Customer Service Data Entry Clerk I-AT Omaha, NE - 68106 – Onsite(need Locals )",22,10
Customs Compliance Data Analyst-1,5,21
Inside Customer Service Rep/Data Entry Clerk,22,10
Business / Data Analyst,25,55
Behavioral Health Data Analyst,5,39
Volunteer: Remote Data Analyst *Unpaid Volunteer Opportunity*,26,16
Teradata & Datastage Developer,17,9
Data Center Engineer - San Diego,15,2
Research Data Analyst 2 - 127476,5,8
Aviation Pilot Data Analyst,5,21
Lead Data Engineer - Clinical Data Repository,27,46
DATA ANALYST 2,5,21
Database Administrator Sr,19,30
HYBRID - Senior Database Administrator (Database Administration Specialist 3),19,30
Oracle Database Administration,10,28
Senior Oracle Database Administrator (DBA) with AWS RDS Experience,19,30
Data Movement Engineer (Contractor),6,36
Mid SQL Database Administrator/Developer,19,30
NoSQL Database Administrator (MongoDB/Redis DBA),19,30
Big Data/ Hadoop L3 Support Engineer,6,17
Data Engineer ll,6,36
Sr. Data Base Developer,17,9
SENIOR DATABASE ADMINISTRATOR,19,30
IT Database Administrator Senior,19,30
Founding Data Engineer (Spark/Python/Elastic),6,36
Sr Staff Data Engineer - Hybrid,6,59
SQL Data Analyst,5,21
"Business Analyst-12980,UAT,Data analysis,SQL,Cognos,OBIEE",25,56
Sr. Oracle Database Administrator,19,30
Data Engineer with GCP (Google Cloud Platform) Experience  -- Only W2 Profiles 1.10.24,13,36
Senior Azure Data Platform Admin,13,39
Sr Data Analyst (On-site),5,59
Data Systems Software Engineer II or III,16,4
Volunteer: Seeking Data Entry Enthusiasts,26,16
Senior Data Engineer I,6,34
Databricks Engineer- Fulltime only,6,26
Election Database/System Administrator,19,30
AVP Data Engineer,6,36
Data Curation Engineer with Google Cloud Platform (GCP) & Hadoop Experience 1.10.24,13,36
Senior Healthcare Data Analyst,5,49
"Database Administrator, Advanced - 1964",19,30
Volunteer: Data Entry Master!,26,16
"Senior Data Engineer, Enterprise Data and Analytics",8,51
Senior Data Financial Analyst,5,47
Data Analyst-Power BI,5,21
Business Analyst - Data Management,25,55
Data Analyst 2 - 95086,5,21
DATA ENGINEER III,6,4
Airport Data Reporting Analyst- Procurement,5,21
"Engineer, IT Data Sr",6,59
Business / Data Analyst - IT,25,55
Mainframe Database Administrator,19,30
Sr SQL Data Engineer,6,59
"Professional, Data Engineering",10,22
Data Engineer General,6,36
SQL MX Database Administrator [Hybrid] - W2,19,30
CEPI – Database Administrator 4,19,30
"Database Administrator, Intermediate",19,30
"Sr. Data Analyst, Applications Engineering",5,22
Senior PL/SQL Database Administrator,19,30
Summer 2024 Undergrad Data Analyst Engineering Co-Op/Intern,0,22
Business Analyst (front to back office data flows),25,55
Data Warehouse Developer,17,9
Data Analyst & QA Tester,5,21
Data Center Sr. Analyst,15,59
Data Center Engineer - Denver,15,2
Machine Learning Engineer  [on site Austin Texas],24,14
Datacenter Operations Technician,0,20
Content Data Analyst,5,21
Senior Data Engineer (Snowflake),6,41
Software Engineer II (Data Services Team) - IDELIC,16,25
Database Administrators,19,28
Healthcare Data Analyst II (Hybrid),5,49
SR Data Engineer,6,59
DATASTAX/CASSANDRA DBA,10,39
Lead Cloud Database Engineer,27,28
"Business Intelligence Data Analyst (I, II, III, Senior)",25,55
"Data Warehouse Analyst (Snowflake or Informatica PowerCenter) - Tallahassee, FL (Only W2 Candidates)",10,41
Database Administrator - 19807,19,30
Electronic Medical Record Data Interface Analyst Senior,5,48
Volunteer: Database Administrator Virtual Volunteer Job in CrowdDoing,26,16
Data Engineer- ETL,6,36
2024 Entry Level - Supply Chain - Data Analyst,22,10
Data Warehouse Analyst - Informatica and Snowflake,5,41
TB63DBA2 - Mid Level Database Admin - Cleared,10,28
Lead Database Engineer,27,28
DB2 z/OS Database Administrator 6289,19,30
Data Analyst Staff - Level 4,5,21
"Sr Analyst, Credit Risk Mgmt - Data Science and Modeling",18,1
"Sr. Application Software Engineer, Data",16,6
Senior Specialist - Data Engineering,21,22
Data and  Planning Analyst - 1st Shift,10,39
Mission Data Analyst - Sr. Staff/Senior,5,59
IT - Sr Database Administrator,19,30
Oracle Database Administrator with Golden Gate,19,30
Principal Engineer I - Data,4,18
Senior Research/Data Analyst,5,8
"Business Intelligence Data Analyst : Wayne, NJ ( Need Locals / Onsite from day 1 )",25,39
Teradata BTEQ Developer with Snowflake,17,41
Cloud Data Engineer,6,36
Data Lake Lead Developer,17,9
Business Data Analyst(STTM),25,55
F2P Data Business Analyst,25,55
"HRIS Analyst, Business Process & Data",25,55
"SAP, Sr. Analyst (MDG - Master Data Governance)",23,38
"Senior Database Engineer (Apex,Oracle)",6,28
Sr. Business Analyst ( Data Migration ),25,55
"Sr Data Analyst, Digital Marketing",5,50
DataStage Tableau Developer,17,0
"Data Warehouse Analyst, Tallahassee, FL (Hybrid)",5,39
Informatica Data Warehouse Analyst,5,21
Database Technical Lead,27,58
Data Security analyst,1,19
Data Analyst #: 23-05460,5,21
Senior Enterprise SQL Database Administrator,19,30
Database Manager III,7,4
Data Analyst with Healthcare- REMOTE,5,49
"Senior Data Engineer - Python, AWS, Databricks",6,26
Data Conversion Analyst (Workday),5,21
Data Entry Specialist (721581),22,10
Receiving Data Analyst,5,21
SQL Data Analyst - W2 role (No C2C),10,39
Volunteer: Data Entry for Food Pantry,26,16
Hybrid Work - Need Text Data Labeling Analyst in Vienna VA or Pensacola FL.,10,39
Data Consulting Analyst,5,21
IT Business Intelligence & Data Analyst Level I,25,55
"Statistician-Data Analyst I, FIS University Program",10,39
Sr Business Data Analyst with Salesforce and Alteryx,25,55
HR Data & Reporting Analyst,5,21
"Cardiovascular Data Analyst Senior Clinical Specialist, Registered Nurse",21,46
Sr. Data Analyst-DFCS-NEED LOCAL CANDIDATES,10,59
Remote Buyer - Sap Data Entry,22,23
Business/Data Analyst with MDM,25,55
Data Analyst IT - Lead,27,58
DCH Database Administrator 1,19,30
Research Data Analyst 2,5,8
Data Analyst (Onsite),5,21
Senior Data Analyst/Developer,17,9
Data Quality Business Analyst,28,57
Volunteer: Data Entry for Wild Cat Non-Profit,26,16
Sports Marketing Data Analyst,5,50
Sr. Data Analyst- Dallas/TX,5,59
Volunteer: Data Entry Support/ Form Prep,26,16
Field Asset Associate Analyst or Data Analytics Specialist,21,37
IT/OPS Database Admin III - 100% remote in Texas,10,23
PL/SQL Developer / Data Analyst,17,9
Data Analyst - 23-163395,5,21
Salesforce Data Analyst,5,21
Hybrid Work - Need Sr. Data Analyst in LakeVille MN,10,59
GCR Data Analyst - Contract,5,21
Data Analyst w/ Scrum,5,21
Data Dashboard Analyst,5,21
Volunteer: Interview/Data Entry - Hope Villages of America,26,16
Data Integration Analyst,5,21
Data Analyst//Pay rate: $33.56/hr,5,21
Sr Bigdata engineer (Azure),6,59
"Analyst, Data Analytics",8,51
Data Analyst Level 1,5,21
Space Data Analyst,5,21
Data Analytics,8,51
Global Regulatory Compliance Data Analyst (Mathematics Knowledge),5,39
"Looking for Salesforce Data Analyst -New York, NY (Hybrid) - Contract",10,39
Program Analyst - Healthcare Data Management,5,49
"Data Analyst/ Processor - Hamilton, NJ (Only Local Candiadtes)",10,39
Marketing Data Analyst - Hybrid,5,50
Freelance Customer Master Data / AR Analyst,5,21
Clinical Data Quality Analyst,28,57
"Data Analyst | Brooklyn, NY | Long term Contract",10,39
Database Administrator III #: 20-01624,19,30
Senior Data Management Analyst - W2 Position,5,53
Data Modelling Analyst,5,21
ECDP Data Analyst,5,21
Data Warehouse Systems Analyst,5,27
"Squad Lead, Data Analytics",8,58
"Director, Data Scientist - Biopharma",12,40
Custodial Quality Data Analyst,28,57
Senior MDM Data Analyst,5,48
"Database Developer/Administrator - (Denver, CO) - Onsite - Only USC/GC",19,30
Portfolio Reporting Data Analyst,5,21
"Senior Analyst, Data Insights & Analytics",8,51
Process Design & Data Analyst,5,39
Psyche Magnetometer Data Analyst I,5,21
Data Entry support,22,10
Multi Platform Database Administrator,19,30
"Sr Analyst, Data Science",18,1
Business Process & Data Analyst - 127423,25,55
Plant Master Data Analyst,5,21
Database Administrator Senior Technical Specialist,19,30
Senior Technical Data Analyst (1025569),5,48
"Senior Data Engineer (Irving, Texas)",6,34
Data Analyst Level 1 with Security Clearance,1,19
Mongo Database Administrator (W-2 Only),19,30
Sr DataStage Developer,17,9
Senior Data and Business Intelligence Analyst,25,55
"Data Reporting and Analytics Consultant II / SAS Programmer, Behavioral & Health Services Research",8,15
Data Anlayst 4,5,21
Sr. Data Analyst - Slate Reporting & Analytics,8,51
"Data/BI Analyst, Sr - Corporate Quality & Patient Safety - Orlando Health",28,57
Business Intelligence Data Analyst,25,55
Database Administrator III #: 20-01626,19,30
Volunteer: Data Analysis,26,56
"High Volume Invoices/Data Entry (20hr Fairfax, VA)",22,10
Senior Data Analyst – Bookable Experiences Revenue Management Analytics,8,53
"Summer Intern - Operations Services, Data Analytics",2,51
Senior BigData Engineer,6,34
Sr. Data Modeler,10,13
"Associate Technology Operations Analyst (Data Cabling, BICSI)",2,37
Senior SQL Database Administrator,19,30
"Data Analyst in Pittsburgh, PA location",10,39
Data Entry Coordinator,22,10
Sr. Systems (Database) Administrator,19,30
Principal Database Administrator,19,30
Volunteer: Data Entry for Paws and Claws Cat Rescue,26,16
Database Administrator (DBA) / Senior Data Engineer,19,30
Data Engineer/DBA,6,36
Clinical Data Analyst - Department Of Orthopedics,5,46
Data Analyst Specialist (substitute),21,5
Senior Data Warehouse Developer,17,9
Junior Data Analyst *no sponsorship (Technical Support Role),10,39
Sr. Shipping Data Entry Operator,22,10
Sr Data Modeling Analyst,5,59
Database Administrator (OPEN UNTIL FILLED),19,30
Onsite Work - Need Data Security Analyst in Austin TX,10,39
Database Administrator - Active Secret Clearance,19,30
ANALYST SENIOR DATA STRATEGIES,5,48
Lead Data Engineer-DE,27,58
Data Engineer SME (2021-0181),6,36
Volunteer: Salesforce Data Entry and Organization Volunteer,26,16
Senior Data Analyst - Mayor's Office of Employment Development,5,48
"Data Analyst - 3 positions _ Deerfield Beach, FL Corporate (Hybrid)",10,39
SAP Material Master Data analyst,5,21
Senior Statistical Data Analyst - Cancer Center Biostatistics Core,10,39
Network Data and Reporting Analyst,5,21
"Volunteer: Data Entry, Accounting, Business Office Volunteer- Maple Valley, WA location",26,16
Data entry or Business Analyst,25,55
"Sr. Software Engineer, Data (Starlink)",16,6
"Lead Data Analyst, Power BI",27,58
Data Engineer - 2,6,36
Marketplace Data Analyst #: 23-07210,5,21
Geospatial Database Specialist,21,5
BUSINESS DATA ANALYST,25,55
Database Admin,10,28
Cloud Database Developer or Senior Cloud Database Developer,17,9
"Sr Analyst, People Analytics and Data",8,51
Junior Data Migration Analyst,5,39
Data-Intensive Python/SQL Developer with Machine Learning Experience,24,14
Java Lead with Bigdata exp,27,58
"Master Data Management Analyst, Owings Mills, MD (Hybrid)",5,53
Principal Data Engineer-Snowflake,4,41
ITS Application Analyst II / IS Data Governance,23,38
Sr. Database Admin. - TS/SCI,10,42
Database Manager Administrator III with Security Clearance,1,19
Data Anaylst,5,21
Data Analyst Business Analyst,25,55
Senior Database System Administrator (Information Technology Specialist 5),19,30
Cassandra DataStax DBA,10,39
Enterprise - Sr Database Admin,10,28
Senior Data Analyst (Remote),5,23
Senior Data Quality Assurance Analyst,28,57
Business Intelligence Analyst – Data Engineering Support,25,55
Sr. Cloud Database Administrator,19,30
ADVANCED DATA ENGINEER,6,36
Data Integration and Review Analyst Intermediate,5,39
Health Data Analyst - MA Experience Needed!,5,39
Business Analyst with data migration experience,25,55
"Sr. Data Engineer- Snowflake _ Raleigh, Westlake TX, Boston, NH, New York, New Jersey. (1 of 5 cities Hybrid 5 days a month)",10,39
Database Administrator / Web Programmer,19,30
Database Administrator III (Oracle focus),19,30
"Data Engineer Tech Lead - Atlanta, GA",27,58
Business Data Analyst – PeopleSoft Applications,25,55
Prime Contract: Principal Database Administrator,19,30
I/S - Salary - Senior SQL Database Administrator,19,30
Clinical Data Analyst Int,5,46
"Regional Manager & Data Analyst | Vancouver, WA",7,3
Data Engineer - Must be local to Iowa,6,36
Senior Manager - SQL Server & Cloud Database Administration,7,28
Procurement Data Analyst (with Power BI),5,39
"Sr Principal Clinical Data Analyst (R, R-Shiny, Spotfire) (Office OR Remote)",4,23
Sr Research Data Analyst,5,8
"Researcher/Data Analyst, Bureau of Mental Health",5,39
Sr. Data Reporting Engineer,6,59
Azure Data Engineer with Databricks,6,26
Merchandising Business Data Analyst,25,55
Operations Research Data Analyst - USCYBERCOM with Security Clearance,1,19
"Data Lineage and Control Analyst, MS Excel",5,39
Remote-Database Administrator 3-Oracle,19,30
API Data Engineer,6,36
Senior Database Administrator (Automation),19,30
Donor Database Administrator,19,30
Associate Security Data Analyst,1,37
Snowflake Data Engineer - (Hybrid),6,41
Data Analyst-III #: 23-06518,5,4
Business Data Analyst / Project Manager - (Counterparty Credit Risk / Volcker),25,24
Research Associate III (STEEP: Data Management and Analysis Core),10,37
Senior Data Engineer / Analyst,6,34
Data Management Specialist/Data Analyst,21,53
DATABASE MANAGER,7,28
Data Analyst Lead - GenAI Specialist,21,5
Data Engineer with Alteryx exp,6,36
Lead IT Analyst-Encounters Data Management,27,53
Business Intelligence/Data Specialist (Global Law Firm),21,5
DATA REPORTING ANALYST,5,21
MDM Data Engineer,6,36
"Senior Data Analyst, Reimbursement (Hybrid, Remote, or Onsite Options)",5,23
"Azure Data Engineer || C2C || Irving, TX OR Dallas, TX - (Need Local Candidate)",10,39
Sr Data Analyst (Demand Planning & Supply Cha,5,59
Digital Asset Data Analyst,5,39
Senior Data Centre Operations Analyst - (Consultant),2,15
"Sr. Data Engineer - Integration and Warehouse Developer (Tableau, SQL)",17,0
Data Risk Analyst,5,21
Senior Employee Data Management Analyst,5,53
Senior Data Management Analyst (contract),5,53
Senior Data Engineer with Security Clearance,1,19
Mid/Senior Database Engineer/Administrator,19,30
Business Analyst / Data Analyst,25,55
Data Entry Operator II-Remote (4 Openings),22,10
Senior HR Reporting and Data Analyst,5,48
CLUB Data Analyst I,5,21
Senior Electronic Data Interchange Analyst,5,48
Research & Data Analyst - Healthcare,5,49
"BigData Engineer Phoenix, AZ ( Onsite Daya 1 )",10,36
"Data Analyst, EV Charging, Python, Matlab, Visualization Libraries",5,39
Database Admnistrator,19,28
"Data Analyst-III in Philadelphia, PA Location",10,4
Cloud Support Engineer - Big Data,6,17
"Volunteer: Cloud Data Engineer,CloudData Virtual Volunteer Job for CrowdDoing",26,16
Electronic Data Interchange Business Analyst,25,55
Neuroimaging Data Analyst Junior (Department of Neuropsychiatry),5,39
Lead CouchBase Database Administrator,19,30
Data Analyst - Procurement Services (PowerBI),5,39
Data & Compliance Analyst,5,21
Data Analysis,10,56
Data Market Analytics Summer 2024 Intern,0,51
Senior Operations Planning and Data Analyst,2,32
Principal Data Analyst on W2 only,4,18
Sr. Data Analyst-Quality Consultant,28,57
Workday Reporting & HR Data Analyst,5,21
Customer Data Analyst,5,21
Cryptography Data Analyst,5,21
"Senior Analyst, Data Science and Analytics",18,1
US - Marketing Data Analyst (Full Time),5,50
"Data Engineer 2 (RTP, NC Hybrid role) #3328",6,36
Senior Associate Data Analyst,5,37
BigData Engineer,6,36
Research Data Analyst 2 - Pediatrics Hematology Oncology,10,8
Data and Power BI Analyst,5,21
Marketing Data Analyst #: 19-06614,5,50
SR Data Management Analyst,5,53
Senior Data Analyst - Product,5,44
THC - Data and Reporting Analyst (Data Analyst III) 24-46,5,21
Research Data Analyst 3 - 62727,5,8
Senior Business Analyst-Procurement Data,25,55
Traffic Controller (Control Room Dispatch/Heavy Data Entry),22,10
"Hiring _ Business Process Data Analyst _  Des Plaines, IL",25,7
Temporary Clinical Genomic Data Analyst,5,46
Data Analyst/Engineer-Net Assessment,5,36
Senior Data Analyst - Enterprise Data and Integrations,5,48
"Master Data Analyst, Greer",5,21
Data Analyst - Power Supply / Renewable Energy,10,39
Data Analyst Associate,5,37
Entry Level Accounting Coordinator/Data Entry,22,10
"(USA) Senior, Data Analyst",5,48
Seasonal Data Entry Processor - PM Shift (FT),22,10
Data Analyst II #: 20-00904,5,39
Sr data analyst Boston ma ref,5,59
Data Analyst with Quicksight,5,21
"Data Engineer/Lead - Dallas, NY/NJ, Chicago, IL, Atlanta, GA (Onsite for now but could be hybrid too)",10,7
Sr. Data Storage Analyst - NetApp/Pure,5,59
Big Data Lead - Snowflakes,27,17
"Hiring _ Business Process Data Analyst _ Des Plaines, IL",25,7
"W2 Contract- Long Term Hybrid Contract- Data Engineer Position at Dalla/Fort Worth, TX.",10,39
Sr. Quantitative Data Analyst,5,59
Data Analyst - E-commerce Strategy,5,21
"Senior Analyst, Data and Analysis",5,56
Data Analyst/Developer (Graph Focused),17,9
Data Analyst 2 - 51574,5,21
Principal Data Product Analyst,4,44
Health Care Data Analyst (Full-Time),10,39
"IT Specialist - HBITS - 05 - 13007 (Medicaid, Data warehouse, Data Analysis)",21,56
Senior Data Research Analyst,5,8
"Vendor Data Analyst (Entry Level With Some Experience SAP, W8 &W9) - Urgent Need",22,10
Data Scientist (TS/SCI Cleared),12,42
Senior Business Intelligence Data Analyst,25,55
"Artificial Intelligence, Machine Learning (AI/ML) Engineer",24,14
Senior HMIS Data Analyst,5,48
Senior Data Insights & Reporting Analyst,5,48
"Senior, Data Modeler - Data Ventures",10,13
Data Scientist (NEED LOCAL CANDIDATES),12,39
LEAD ANALYST - LEAD ENGINEER - PRINCIPAL ENGINEER - Systems Engineer/Data Science Engineer,27,58
Remarketing Data Analytics - Senior Analyst,8,51
sUAS Data Analyst,5,21
Sioux Falls Data Analysis Tutor,10,56
"Co-op, Data Analyst - Crew Resources (Summer, 2024)",0,39
Business Insight Data Analyst III,25,55
Data Analyst - Assurance - Analytics Delivery - Manager - Multiple Positions - 1474388,8,51
Business Data Analyst - After Sales,25,55
Uncapped Games - Senior Data Analyst,5,48
"Data Reporting and Analytics Consultant III, Programming (Durational with Benefits)",8,15
Sr. Marketing Data Analyst,5,50
"Data Scientist - Oakland, CA - (Only W2 Candidates)",12,39
HEOR Data Analytics Research Associate,8,37
Senior Data Analyst - Insights,5,48
Sr. Data Analyst(Medical Affairs),5,59
"Data Reporting and Analytics Consultant IV, Biostatistics,  Epidemiology, SAS, R, Python",8,15
Data Analyst/ Data Operations,2,32
Marketing Data Analyst | Hybrid,5,50
R&D-Data Analysis Co-Op,10,56
Data Analyst I – Customer & Vendor Master Data,5,21
Statistician/Data Analyst - (JP9785),5,21
Data / Operations Analyst (In Office 80%),2,32
Associate Finance Data Analyst,5,37
Sr. Data Analyst (Research),5,8
Data Center Engineer - Nashville,15,2
Data Analyst Staff - Level 4 with Security Clearance,1,19
BI Data Visualization Analyst II,5,39
Lead Research Associate-Data Analyst,27,37
"SENIOR DATA ANALYST - ARPA, County Auditor",5,48
"Sr. Software Engineer, Data",16,6
Account Development Manager - Datacenter,0,20
Machine Learning Engineer II,24,14
Data Center Engineer - Montgomery,15,2
"Data Warehouse /ODI Developer - PERM   (Farmington Hills, MI)",17,9
Data Center Engineer | Infrastructure Operations,2,32
Business Intelligence and Analytics Lead - Data Engineer [Future Opportunities],8,51
Data Scientist with AI/ML,3,12
Senior Product Manager - Data Sharing & Linking,7,44
"Senior Analyst, Data Engineering and Compliance",5,22
Data Center Engineer - Richmond,15,2
TS/SCI Data Scientist,12,42
Senior Profisee MDM (Master Data Management) Developer,17,53
Data Scientist/Machine Learning,24,14
DATA WAREHOUSE LEAD - SQL SERVER,27,58
Urgent Opening :: Database Analyst :: Onsite Position,10,39
Machine Learning Researcher (FT),24,14
Email Marketing Web Developer (HTML CSS),17,50
Sr. Data Analyst with AWS Experience - (REMOTE),5,23
Sr Oracle Database Developer (HYBRID),17,9
Furniture CAD & Data Manager,7,3
Machine Learning / AI Algorithm Developer,24,14
Sr Data Analystics Lead,27,58
Data Specialist/Business Analyst,25,55
ML OPS Engineer,3,12
"Data Analyst, Asset Management",5,53
Data Scientist/GeoSpatial Engineer (SOUTHCOM),12,40
Senior Machine Learning Engineer - Generative AI,24,14
Sr. A/AI Machine Learning Engineer,24,14
Principal Consultant - Senior Databricks Developer-ITO074299,4,26
Geospatial Intelligence Integrator / Data Scientist,12,40
Manager Predictive Analytics & Machine Learning,24,14
"Consulting Systems Engineer - Data Center,  Global Financial",15,47
Pathology Data and Compliance Specialist- PT- Day,21,5
Manager of Data Analytics and Strategic Projects,8,51
"Direct Client:: W2:: Onsite:: Director, DWH with Data Governance & Healthcare Exp. :: Tallahassee, FL",10,39
Career Coach + Communications and Data Manager,7,3
Data Center Engineer - Chicago,15,7
Enrollment Data and Systems Manager,7,27
Senior Data Systems Engineer - BI,6,27
Data Center Building Operating Engineer,15,2
Marketing Data Analysis Manager,7,50
Head of Data Center Economic Development,15,2
Sr. Machine Learning,24,14
"Director, Commercial Digital Health - Data Science & AI",18,1
"Manager II, GBD Special Programs MLTSS Utilization Management",7,53
DATAWAREHOUSE MANAGER,7,3
Data Scientist / ML Engineer (Credit Underwriting) (US Based),3,12
"Data Center Engineering Operations Facility Manager, ADC InfraOps DCEO",2,32
"Associate Director, Oncology Data Science Platforms",18,37
Technical Applications Group Manager - Data Systems,7,27
"DC Design Manager for Region (AMER), Data Center Engineering",15,22
Director of Data Science (Life Sciences),18,1
"Senior Engineer, Machine Learning",24,14
RESEARCH ENGINEER - SR. COMPUTER SCIENTIST - SR. RESEARCH ENGINEER - MACHINE LEARNING,24,8
Senior Data Scientist / Software Engineer - Partial Telework,16,6
Supervisor - Cancer Registry Data & Quality - 40 Hours - Days,28,29
Data Warehouse Manager (Hybrid),7,3
Data Center Facility Manager,15,2
Aviation Data Link Cyber Team Lead - TOP SECRET with Security Clearance,1,25
Senior Consultant Datacenter,0,20
Machine Learning Engineer - Sr Consultant Level - Emerging AI Tech Team,24,14
Data Manager III,7,4
Data Manager III (Working Leader),7,4
Data Center Engineer - Newark,15,2
"Manager, Data Science, Model Risk Office",9,1
Machine Learning Engineer - Large Language Models,24,14
Senior Computational Scientist - Scientific Computing & Data,12,40
Data Management SME,10,53
Staff Data Engineer SRE,6,36
Senior Data Scientist - Deep Learning,12,40
"Senior Documentation Engineer, Data Center Systems",15,27
Lead Engineer - Machine Learning - World Renowned AI Company - Remote Work,24,14
Data Center Engineer - Austin,15,2
Machine Line Lead (Braider Machine) - 1st Shift,24,14
Azure Devops YAML Engineer,6,36
Medical Technologist / MLT - Full time Evenings - $5000 Sign-on Bonus,20,33
Master Data Team Lead,27,25
Data Scientist (DIRECT HIRE),12,40
Database Coordinator,10,28
Data Center Operations Officer,2,32
(Senior) Data Scientist,12,40
Medical Technologist or MLT,20,33
Data Center Operations Management Supervisor,2,29
Machine Learning Ops Engineer(Generative AI)  BCIV16,24,14
Sr. Data Scientist (on-site hybrid),12,40
CDL Driver - Data Destruction Specialist,21,5
Assistant Marketing Data Analyst,5,50
Database Analyst - PL/SQL,5,28
Sr Quantitative Fin Analyst - AML Models,10,59
Volunteer: Database analyst Wildfire Prevention Derivative,26,16
BSA/AML Case Analyst,10,39
"Test Analyst (Machine Learning) | Westbrook, ME | 6+ months",24,14
Data Modeling Expert,10,39
Senior Database Report Writer,10,28
Data Center Facilities Technician (Electrical/HVAC) - Swing Shift,15,2
Traveling Electrical Superintendent (Data Center experience),15,2
Staff Electrical Design Engineer – Command and Data Handling,6,36
Machine Learning Engineer C++/ Python,24,14
"Looking for Sr. Data Engineer- NYC, NY - Fulltime",10,39
Data Center Electrician,15,2
"Sr. Electrical Design Engineer, Data Center Design Engineering",15,22
Sr. Mechanical Design Engineer- Data Acquisition/Analytics,8,51
"Software Engineer - Core Data Engineering Platform (Dallas, TX)",13,6
"Urgent Role || Sr Engineer - Data Science  || Gaithersburg, MD(Onsite) || USC,GC only",18,1
Lead Data Engineer Lead (Bigdata Production support),27,58
Signal Processing AI/Machine Learning Engineer,24,14
Machine Learning Software Engineer,24,14
"AI Modeler / Data Engineer - (Python, SQL, R, Java, Hadoop) - Stanton, TN (BOSK)",10,13
Bigdata Developer,17,9
"Senior Staff Machine Learning Engineer, Perception",24,14
Datacenter Operations Engineer,0,20
Senior Machine Learning Engineer - NLP/LLM,24,14
Sr. Oracle Database Developer- Richmond/VA (Hybrid),17,9
"Case Manager, Custodian, Data Coordinator",7,3
Medical Technologist/Medical Laboratory Technician (MT/MLT) - GC,20,43
Data Analytics Report Developer,17,9
"Senior Analyst, Data Governance and Standardization (Senior Consultant MIS - Level B), Data and Analytics",23,38
Senior Program Specialist-Data Analyst,21,5
"Consultant - UML Documentation, Data and Process Modeling",10,15
"Canvas Consultant (Member Service Specialist) - Drake, NMLS",21,5
"Canvas Consultant (Member Service Specialist) - Meldrum, NMLS",21,5
Technology Consultant - Data Analytics,8,15
Data Warehouse Engineer III,6,4
Senior Business Data Analyst Supervisor,25,29
"Metrics/Data Analyst, EHS (Bath, ME)",5,21
DATABASE MARKETING ANALYST,5,50
"Enterprise Account Executive, Data Integrations",10,39
Energy Data Portfolio Analyst,5,39
Commercial Banking Data Governance Analyst,23,38
"Machine Learning Engineer  Onsite ( Phoenix, AZ )  ( Day 1 onsite )",24,14
Data Engineering Managing Director,10,22
Healthcare Data Analyst - Quality Management,28,49
Planner (Data Analyst) -- Transportation/Service & Strategic Planning,10,39
"Data Analyst IN Summit, NJ",5,21
Cloud Data Engineer - 23-10177,6,36
Customer Service Representative/Data Analyst/Data Entry Clerk Full Time,22,10
Associate Underwriting Data Analyst,5,37
Senior Solutions Architect | Data Centers,29,31
Contracts Data Analyst,5,21
Senior Data Governance Analyst (Remote),23,38
Lead Data Analyst (contract),27,58
Electronic Medical Record Data Architect,29,31
Data Center Engineer - Portland,15,2
Clerical/Data Entry,22,10
Research Engineer – AI/ML Design for Manufacturing,3,12
"Senior Product Development Engineer, Datacenter Products",0,20
Data Center Engineer - Houston,15,2
BUSINESS INTELLIGENCE DATA ANALYST (HYBRID),25,55
"ONSITE DAY 1:  Bigdata Developer, Phoenix, AZ",17,9
"Sr Data Analyst (Houston, TX)",5,59
Senior Data Analyst (onsite/hybrid),5,48
Data Analyst IV@Houston TX,10,39
Data Center Engineer - Dallas,15,2
Unit Clerk - DATA ENTRY - flexible hours M-F - 346,22,10
Full time - opportunity - ML Ops Engineer,3,12
Data Archival Engineer,6,36
Data Analyst - Hoboken NJ - 12+ Months Contract,10,39
USFS Research Opportunity for Lichen Air Quality & Climate Biomonitoring: Web Design and Scientific Data Query,28,57
"Data Bricks Implementation Specialist -- 6+ Months Contract -- Dallas, TX  (Onsite - Locals Only)",10,39
Coordinator 2 - Database (contract),10,28
AI/ML Contract,3,12
"Risk Analytics Data and Analytics Manager - Charlotte, NC - Contract",8,51
Senior Data Scientist for Oil and Gas,12,40
Python Engineer / Data Modeling,6,36
Data Center Engineer - Phoenix,15,2
Senior Supervisory Control & Data Acquisition (SCADA) Engineer,6,34
Database Administration 2,10,28
Data Engineer- Level 2,6,36
IT - Database Developer 2,17,9
Senior Service Delivery Manager - Sustainability Data Leader,7,3
"Data Engineer Scala, 100% ONSITE in Phoenix, AZ",10,36
Data Center Engineer - Seattle,15,2
Principal Statistician/Data Scientist,4,18
Sr. Data Governance Engineer,23,38
Data Center Engineer - Kansas City,15,2
Data Center Engineer - San Francisco,15,2
Java Developer (AI/ML),3,12
Healthcare Data Analyst (CMH Health),5,49
Ab Initio/Teradata Sql/Oracle Developer,17,9
Microsoft SQL Database Administrator,19,30
"Sr. Data Analyst/with SQL Developer in Houston, TX (W2 Only)",17,9
"Machine Learning Engineer, Large Language Model (Bilingual)",9,14
Enterprise Data Modeler with Min10+yrs exp develop Data models for Data Assets&implementation of a cloud-based data management platform(In Person Interview)(100% ONSITE),10,39
"SR. DATA ANALYST, PAYMENT RISK & FRAUD",5,59
Customer Experience Banker Non NMLS,10,39
Data Entry - Customer Service Representative,22,10
"Looking Forward To Hearing From You Onsite Role San Antonio, TX Fraud- Data Analyst",10,39
Data Analyst / Business analyst,25,55
Financial Intelligence Unit Analyst - BSA/AML Fraud & Security Admin,10,47
SQL/ETL/Python/MYsql Data Engineer,6,36
Data Center Engineer - Philadelphia,15,2
Jr. Data Analyst,5,21
"Sr. API Data Engineer Austin, TX or Charlotte, NC - Hybrid",10,39
Sr/Engineer-Data Science & Analytics - 90261266 - Philadelphia,18,1
LEAD ENGINEER - SR. RESEARCH ENGINEER - Spacecraft Command & Data Handling,6,58
Technical Business Data Analyst,25,55
U103 MLS Field Mechanic B,10,45
Data Center Engineer - Boston,15,2
Data Systems Engineer,6,27
Sr. Data Center Engineer,15,2
Data Center Engineer - Honolulu,15,2
Data Engineer Data Quality - Contract - 23-00210,28,57
"Day Supervisor, TML",10,29
Navy Maintenance Data Systems Analyst,5,27
Data Privacy Analyst,23,52
"Machine Learning Platform Engineer, Sr. Stafff - 47590BR",24,14
Data Visualization Expert( BI Developer),17,9
DOH - Sr. Azure Data Warehouse Developer,17,9
Python Data Scientist,12,40
"Manager, Data Engineer",7,3
BIGDATA ENGINEER,6,36
Data Quality Engineer - Tableau,28,0
Big Data Engineer #: 19-02049,6,17
Lead Data Platform Engineer-Construction Technology,13,58
Human Resources Data & Systems Analyst-HRIS-FT-BHC-#3599,10,27
Sr Data Business Analyst II /Business Consultant (Quill),25,55
"Business Data Analyst, AbbVie Endocrinology (Abbott Park, hybrid)",25,55
Lead ETL Data Integration Developer,17,9
Technical Data Product Manager,7,44
Data Center IT Technician,15,2
Marketing Database Manager,7,50
Senior Business Systems Analyst - ML and Data Science(Oniste 3-4 days/week),25,27
Data Center Union Lead Engineer,27,58
Master Data Management Leader,10,53
Data Annotation Supervisor,10,29
"Sr SAP Analyst, Master Data Systems",5,27
Databricks Administrator,19,26
Future Opportunity - Data Engineering Manager,7,22
Data Center Quality Inspector I,28,57
Data Center Technician - Minneapolis - On-site,15,2
Cloud Data Center Operations Manager,2,32
"MLS Manager III (Deputy Election Director), Grade M3",7,4
Data Center Operations Manager,2,32
"Business, Data & Training Services Supervisor",10,29
Data Governance Coordinator - PM,23,38
Data Center Supervisor/ Team Lead,27,25
Manager - Data Quality,28,57
Expression of Interest: Data Science Manager,18,1
"Manager, Product Management - Data Management",7,53
Senior Clinical Data Manager,7,46
Data Integration API Manager,7,3
Configuration Data Management Specialist,21,53
Manager Provider Data Management – Managed Care - (LA8996),7,53
"Senior Manager, Data Science, Imaging AI",18,1
POPULATION HEALTH DATA ANALYST MANAGER,7,3
AI / ML Developer with Python,3,12
Machine Learning Engineer (Senior-Principal) – Hybrid working / San Francisco Bay Area ($180-280k),24,14
"Medical technologist - MLT - Liverpool, NY.",20,33
"Medical Technologist (MT, CLS, MLS)",20,11
"Medical Lab Scientist/MLT, Core Lab, 3rd Shift - Pennsylvania Hospital, $7500 SIGN ON BONUS!",11,45
Founding AI/ML Engineer,3,12
Medical Technologist (MT)/Medical Lab Tech (MLT),20,35
Principal Machine Learning Engineer (WildFire),24,14
Lead Data Engineer-DE -- US,27,58
Electronic Medical Record Data Interface Architect,29,31
Senior Corporate Data Scientist,12,40
Data Scientist - Tiktok commerce,12,40
"Associate, Data Acquisition",10,37
Volunteer: Fortune 500 Risk Simulation based on PGE Bankruptcy Data for Wildfire RIsk,26,16
Sr Principal Scientist – Computational Biology AI/ML - Amgen,3,12
Laboratory Scientist/MLS/CLS/MT - New Kent Emergency Center - PRN (4 hrs/week),11,11
Data Architect/Data Modeler,29,13
"SLM Data Lead - Austin, TX (Onsite)",27,58
Data Modeler with NoSQL Database - Local to PA,10,13
ML Autonomy Architect,3,12
Sr. Engineer/Modeler (Data & Integration) - 3179838,6,13
Senior Data Modeler,10,13
MongoDB Data Modeler,10,13
Database Architect with Security Clearance,1,19
Senior Data Pipeline Architect,29,31
Data Modeler with NoSQL Database,10,13
"MongoDB Data Modeler at McLean, VA",10,13
Data Architect/Modeler,29,13
"Norwegian Metadata Specialist (Movies and TV Shows) in Austin, TX",21,5
Data Architect - Commercial Aesthetics,29,31
Cloud Data Architect – FLRAA Digital Enterprise,29,31
Sr. Business Intelligence / Data Architect,25,55
"Data Scientist, Infrastructure",12,40
Downstream Associate - Chromatography Data Review,10,37
Research Data Specialist ll,21,5
"Medical Technologist, West Point FMC, FT, Days, var hours, will consider MLT.",20,33
PHARMACY DATA ENTRY SUPERVISOR,22,29
Lead Data Scientist- AD Tech,27,58
Senior Construction Manager - Data Centers,14,3
Environmental Data Manager,7,3
Computation Health Data Manager II-Developmental Neuroscience,7,3
Senior Manager Data Science (multiple openings) - IHM,18,1
Head of Computer Vision and Machine Learning,24,14
"Manager, Data and Business Intelligence",25,55
Data Assurance - Vice President,10,39
Data Owner Lead-Vice President,27,58
Critical Environment Supervisor (Data Center Facilities),15,29
Volunteer: Board Vice President #MLK,26,16
Data Center Facilities Operator,15,2
Head of Procurement Innovation and Data,10,39
Principal Machine Learning Researcher with Security Clearance,1,19
Claims Manager - Data Recovery Experience,7,3
Vice President- Applied AI/ML,3,12
Principal Enterprise Architect - ML/AI/GenAI,3,12
"Lead Technical Program Manager, Data Center Design",27,58
Principal Engineer/Staff Consultant - Space Data Management Architect,4,18
Oracle Cloud Master Data Management Consultant (Oracle Procurement and MDM Applications,10,39
Data & Analytics IT Project Manager,8,24
Volunteer: Event Producer #MLK,26,16
Technical Program Manager - Data Privacy,23,52
Program Manager (Data Governance),23,38
Data Systems Acquisition Program Manager,7,27
"Principal Engineer, Data Analytics and Governance - Remote",4,38
100% ONSITE: Bigdata Developer,17,9
Assistant Project Manager Data Center Construction,14,24
"Manager, Quality Data and Analytics",28,57
"Managing Technical Consultant, Environmental Data Management (Senior Level)",10,15
"Senior Counsel, Global Data Protection and Cyber Security Compliance and Privacy",23,52
Iowa City Copper Fiber Data Prevailing Wage,10,39
Lead Data Quality Engineer,28,57
Business Engineer - Manufacturing Data Analyst,25,55
Data Center Technician - Baltimore - On-site,15,2
Assistant/Associate Professor - Data Analytics and Data Engineering,8,54
Adjunct Faculty - Business and Data Science,18,1
Assistant Professor of Statistics & Data Science,18,54
MLT/MT (Weekend Package),20,35
Data Architect (Hybrid),29,31
"Project Architect, AIA (Data Centers/Mission Critical)",29,24
Machine Learning Computer Architect,24,14
Database and Applications Solutions Architect,29,31
Database Architect Jr. TS/SCI (080-23),29,42
Software Data Architect,29,31
Data Architect for AI,29,31
"Senior, Data Engineer - Data Ventures",6,34
Data Engineer III - Supply Chain and Site OPS,10,4
"Manager, Data Analytics and A/B Testing",8,51
Data Science Workflows Architect,18,1
"Staff Software Engineer, Database Engine",16,6
"Staff, Product Manager - Data Steward",7,44
Product Manager for Data Analytics & Software Products,8,44
"Senior Machine Learning Engineer, Generative AI",24,14
"Senior, Data Engineer - Supply Chain and Site OPS",6,39
"Software Architect - Expert - 13021 (J2EE, XML, IBM, Websphere)",29,31
Lead Database Architect - (Security+ required),29,28
Business Analyst - Enterprise Data Warehouse,25,55
Machine Learning Product Manager,24,14
"Sr. Engineer/Modeler (Data & Integration) - ONSITE in Portland, OR, USA",10,13
Assistant Staff - Machine Learning Algorithm Developer,24,14
Business Data Analyst - III (829871),25,55
"MLS 2 , 2nd Shift Blood Bank – Vanderbilt Laboratory Services",11,45
R&D Data Scientist,12,40
"TECHNICAL LEAD - GENERATIVE AI (DATA SCIENCE, SOLU (1020455)",18,1
Medical Lab Scientist - MLS / Medical Technologist Blood Bank - BLOOD,11,45
Senior Data Operations Manager (1010086),2,32
Medical Technologist/ MLT - Full Time Nights,20,33
Medical Technologist/ MLT - Part Time Days,20,33
"Associate Counsel, Business Affairs (Data Privacy)",23,52
DATA CENTER AND RECORDS MANAGER-SS with Security Clearance,1,19
Data Management Analyst-TechDoc Librarian,5,53
Midlevel Cybersecurity/Data Privacy Associate Attorney,23,52
Data Engineer Manager,7,3
"Senior Analyst, Integrated Master Data",5,48
Data Analytics / BI Support (2022-0027),8,51
"Senior Data Scientist, Business Intelligence",25,55
Data Visualization Analyst,5,21
"Senior Analyst, Data Standards",5,48
"Marketing Operations Analyst (Must Have Data Analytics Strong excel, formulas, pivot tables)",2,50
Senior Data Analyst - Ethics and Compliance,5,48
"Data Engineer 2 (Menlo Park, CA hybrid) #3328",6,36
Lead Data Transformation Analyst,27,58
Data Management Analyst (BI),5,53
Junior Data Analyst (Part-time),5,39
Senior Data Analyst (Blockchain) 10+ years Exp - (Local to Dallas / Full Time Employee / W2 Contract),10,39
ISD Data Analyst IV,5,21
1st shift Mail Data Processor $24 per hour,10,39
Regional Business Data Analyst,25,55
Data Management Analyst - Avendra,5,53
Business & Data Analyst,25,55
Market Data Developer - Leading Global Hedge Fund -  Excellent Compensation + Benefits,17,9
Lead Data Analyst / Power Platform Consultant,13,15
"BUSINESS ANALYSTS WITH DATA ANALYSIS EXPERIENCE-locals______________-NYC, NY",10,56
DEA Data Analyst 2 - US Citizens Only,5,21
Data Analyst/Business Process Engineer,25,55
"Data Reporting Analyst  (Boston, Tampa, or Jersey City )",10,39
Business Analyst – AML/KYC Client Lifecycle,25,55
Data Management Consultant/ Business Execution Consultant - W2 Position,10,15
"Project Manager , Enterprise Data Analytics ,Management Consultant.",8,24
Cloud Data Warehouse Sr. Technical Requirements Analyst,5,59
Senior Security Sys Analyst-Data Security-$10K Sign-On-FT  BHC,1,19
Data Reporting Analyst (Hybrid Schedule),5,21
"Real Estate – Real Estate Securities Operations (Liquids Operations), Associate (Data Governance/Reporting)",2,32
"Senior Business Data Analyst, MDM – SAP (Hybrid)",25,55
Facilities and Data Center Technicians (Reston),15,2
RESEARCH DATA SUPERVISOR II,10,29
Infrastructure - Data Center Project Manager,15,24
FAMLY SERVICES CASE MANAGER,7,3
CRM Data Steward,10,39
Service Supervisor - Citizen House MLK,10,29
Deals Tech & Data Solutions (Financial Analytics) - Manager,8,47
"Senior Manager, Data Analytics",8,51
"Senior Manager, Clinical Data Management",7,46
Tribute Database Manager,7,28
BSA/AML/OFAC Department Manager [Full-Time],10,39
Data Center Senior Program Manager-Delivery of Network and Data,15,3
Sr. ML OPS Engineer,3,12
Senior Python Engineer (with strong SQL and Data Engineering experience),6,22
Customer Service Representative/Data Tracker (Bilingual),9,39
Research Scientist -- Machine Learning and Signal Processing for Multimodal Perception,24,14
"Senior Data Scientist, Irving TX",12,40
Volunteer: AI Based Database Management Volunteer or Intern,26,16
Controls Engineer (Data Centers),6,36
"Lead, Machine Learning- AIGC",24,14
Enterprise Data Modeler (HYBRID),10,13
Licensed Insurance Sales Agent - Roamly,10,39
Volunteer: Research and Data Entry Assistants,26,16
Director of Machine Learning Research,24,14
Lab Scientist (MT/MLT/CLS/CLT) - Full-time (0.8) Days,11,11
ML Accelorator Modeling,3,12
"Sr. Data Scientist || O’Fallon, MO (onsite required)",12,40
Data warehousing lead,27,58
Expert Enterprise Architect - AI/ML,3,12
"Sr Solutions Architect, AWS Startups - Artificial Intelligence & Machine Learning",24,14
Application Architect (8+ years designing and reviewing logical and physical data models in SQL and/or PL/SQL),10,39
Senior Developer - Data Modeler,17,13
"Data Architect, Denver Health Medical Plan",29,31
Volunteer: Fundraisers needed Change Agent Network (WECAN): Uganda; Tanzania; Rwanda; Botswana; Burundi #MLK,26,16
Data Modeler I,10,13
Consultant Financial Data Analyst,5,47
Looking for Data Modeler - Mclean VA - Contract,10,13
Systems Data Modeler SDM (2024-0009),10,13
"Hungarian Metadata Specialist (Movies & TV Shows) in Austin, TX",21,5
"Dutch Metadata Specialist (Movies & TV Shows) in Austin, TX",21,5
"Danish Metadata Specialist (Movies & TV Shows) in Austin, TX",21,5
"Japanese Metadata Specialist (Movies & TV Shows) in Austin, TX",21,5
"Swedish Metadata Specialist (Movies & TV Shows) in Austin, TX",21,5
"Traditional Chinese (Hong Kong) Metadata Specialist (Movies & TV Shows) in Austin, TX",21,5
"Czech Metadata Specialist (Movies & TV Shows) in Austin, TX",21,5
Data Modeler - BI Analytics - Onsite (Full Time),8,13
Senior Data Modeler Hybrid New Jersey 10 year Experience,10,13
Databricks Architect -Should have worked in AWS environment,29,26
Commissioning Manager - Data Center Construction,14,2
Data Engineer Hybrid,6,36
Data Engineer (Only W2),6,36
ML Engineer - Data & Advanced Analytics,8,51
HR Data Analytics Specialist,21,5
Submit an application for general employment at Crumley Roberts,10,39
Machine Learning and AI Scientist,24,14
.NET with Azure ML studio,3,12
Data Engineer - Reference Genome,6,36
Sr. Big Data / Software Developer,17,17
"Business Analyst III - Accounting & Data Governance, IS Operational Experience",23,38
Lead Data Test Engineer,27,58
Full Stack Engineer (ML),3,12
TSDS Touch Systems Data Entry) - Middle School,22,10
AI/ML Product Owner,3,12
Database Developer 3,17,9
Sr. ETL Data Engineer- REMOTE,6,23
Solution Architect-Data,29,31
ML Tech Lead,27,58
Architect (Data Center),29,31
Logistics Data Entry Analyst,22,10
Item Master Data Custodian,10,39
Health Services Data Analyst-Finance,5,39
Data Developer - Senior,17,9
Operational Data & Analytics Analyst,8,51
Data Engineer Level 2 (C2C),6,36
"Sr. Pre-Construction Manager, ADC Pre Construction - Data Center Construction",14,2
Data Scientist (Computational Biology),12,40
Data Integration Architect cum Project Manager- Remote,29,23
"Projektleiter (m/w/d) Großschaden/-Projekte - Nürnberg und Umland in Nuremberg, Deutschland",10,39
Senior Site Reliability Engineer - Data Infrastructure (Seattle),6,39
Business Analyst Data SQL,25,55
High School Speech-Language Pathologist: FMLA,9,39
"Sr. HR Manager, HR Systems and Data Analysis",10,56
Senior Data Analyst - Cryptography \u0026 Governance,23,38
Assistant Professor - Computer Science AIML,18,54
Senior Manager - Customer Data Management,7,53
Lead Health Data Coordinator - HYBRID,27,58
Medical Laboratory Technologist/Scientist (MLT/MLS),11,43
"Data Scientist, Senior Manager",12,40
Database Administrator Senior with Security Clearance,1,19
Informatics/Clinical Data Analyst RN,10,46
"Principle Engineer, Data Analytics Engineering - Java/Spring",8,22
Health Information Management Data Integrity Analyst,10,53
EPA Fellowship on Data Curation and Analysis of Nanomaterial Database,10,56
Aircraft Systems Configuration Data Manager,7,27
Data Governance Architect,23,38
Global Data Entry Manager,22,10
Staff Data Scientist (Deep Learning),12,40
Data Scientist - Natural Language Processing,9,40
Site Reliability Engineer - AML,10,39
Construction Project Manager - Data Center - Indianapolis,14,24
"Senior Technical Program Manager, Data Security",7,3
Master Data Management Lead (Reliability Engineer with O&G exp),27,53
Sr. Cloud Data Engineer with Security Clearance,1,19
MLS Team Lead Hematology Lab Full-Time Day Shift,27,25
Volunteer: Data Entry Assistant,26,16
People Technology and Data Specialist,21,5
Data Manager with Security Clearance,1,19
Medical Technologist (MT/MLT) - 10K sign on bonus + Relocation Package,20,33
Data Center Architect (Infra Practitioner role)-US,29,31
"Senior Data Scientist, Pricing and Promotions",12,40
Medical Technologist/ MLT - Part Time,20,33
Microbiology Medical Technologist or MLT,20,33
Machine Learning Scientist - Natural Language Processing (NLP) - Vice President - Machine Learning Center of Excellence,24,14
"Data Center Facilities Manager, Dojo",15,2
Data Delivery Manager,7,3
Recruiter/Data collector,10,39
"Manager, Master Data",7,3
"Performance CHEF, SOUS - MLB Training Camp - West Palm Beach FL",10,39
Senior RCM Data Engineer - Data Operations,2,32
Medical Technologist or MLT - Microbiology Nights Southwest,20,33
Manager Master Data (Americas),7,3
Applications Dev & Test - Data Scientist 4 Data Scientist 4 #: 23-07122,12,40
Senior Strategic Data Analyst with Security Clearance,1,19
Data Manager/Bookkeeper,7,3
"Manager, Data Management",7,53
"Staff Engineer - Machine Learning | Remote - Dallas, TX",24,14
Mission Data Analyst - Sr. Staff/Senior with Security Clearance,1,19
Securities Data Consultant,10,15
"Data Analyst with Min 6-10yrs exp in planning, organizing, and conducting research in various areas(Webcam Interview)(HYBRID)",10,39
Sr. IT Manager - Data Reporting & Analytics,8,51
Senior Clinical Data Scientist - Focus on Statistics,12,46
Senior Data and Controls Engineer (Hardware),6,34
Research Data Specialist l,21,5
Sr Manager Advanced Analytics and Data Science,18,1
"Staff Program Manager, Data Augmentation",7,3
Big Data Cloud Architect,29,17
RN Field Supervisor- Personal Care- MLTC- Queens,10,29
2023-2024 Temporary Grade 8 Science Teacher - Hamlin Middle School,18,1
Freight Forwarder Data Reporter,5,21
"IT Manager - Microsoft AD, Azure, O365, Database, and SecOps",7,28
Data Analytics Audit Team Leader,8,25
Vesalius : Head of Data Science,18,1
MLS Coordinator,10,45
Staff Data Engineer - Data Platform,13,36
Data & Analytics Portfolio Manager (Hybrid) (W2),8,51
Product Usage Data Analytics Scientist,8,44
"Senior AI/ML Solutions Architect, Global Life Sciences",3,12
Senior Fraud/AML Investigator,10,39
Registrar / Scheduler / Database Administrator,19,30
Founding Machine Learning Engineer,24,14
"SAS Data Programmer, Global Pricing",10,39
Clinical Laboratory Technologist/Scientist - CLT/CLS/MLS,11,11
Senior Clinical Data Scientist - Focus on Programming,12,46
Machine Learning Team Lead,24,25
Data Engineer with AI,3,12
"Senior Manager, Business Data Analysis – Business Intelligence",25,55
Data Science Technical Fellow,18,1
"Exadata Administrator in Pittsburgh, PA and multiple client locations",10,39
"Data Scientist, Tiktok Ads-Vertical Solutions",12,39
SC Master Data Analyst,5,21
Sr. BODS (Data Services) Developer (Hybrid),17,9
ETL Datawarehouse Specialist,21,5
"Data Reporting and Analytics Consultant II / SAS - R Programmer, Epidemiologic Research (Durational with Benefits)",8,15
Summer 2024 Datacenter Hardware Validation Engineer Graduate Co-Op/ Intern,0,20
"Assistant General Counsel, Finance and Data Privacy",23,52
Machine Learning Software Platform Architect,13,14
Data Collection Representative,10,39
ERP (SAP) Data Manager,7,3
Research Scientist in ML Systems,3,8
"Senior Data Scientist, TS/SCI with Polygraph",12,42
Data Administrator and Reporting Consultant,19,15
Senior Computer Programmer Analyst (Law Enforcement Database Programmer),10,39
IS - Data Engineer,6,36
"Manager, Data and Analytics",8,51
Configuration Data Management Specialist 2,21,53
"（ALL LEVEL OPEN) Machine Learning Engineer, TikTok Recommendation",24,14
Police Data Transcriptionist (Open Until Filled),10,39
CFS Compliance and Data VISTA,10,39
Vendor Master Data Analyst,5,21
Machine Learning Postdoctoral Fellow,24,14
Water Data Science Postdoctoral Fellow,18,1
Volunteer: CrowdDoing Traditional Chinese Medicine food data science of medicinal foods effectiveness voluntee,26,16
Automation and Machine Learning Postdoctoral Researcher,24,14
Speech-Language Pathologist: FMLA coverage,9,39
QC Manager Data Center,15,2
"Medical Technologist or MLT, Days, TMC",20,33
Medical Technologist/MLT Nights,20,33
Medical Technologist MLT,20,33
Direct Support Supervisor/Hemlock,10,29
AML Compliance Supervisor,10,29
Planning&Analysis: Data Management Lead- Vice President,27,56
Safety Data Strategy & Management Head,10,53
Primland Itinerary Design Manager,7,3
Bond Data Analyst,5,21
"Vice President, Applied AI/ML Lead",3,12
Salesforce Database Manager,7,28
"Supervisor, Critical Environment (Data Center)",15,29
Sr Manager-IT Datacenter & Cloud,0,20
IT Principal Data Governance,4,38
Configuration Data Management Analyst,5,53
Principal Engineer Software (Prisma Access Data-Plane Applications),4,18
Transportation & Data Associate,10,37
Data Center Team Lead (Shift E),27,25
3D Data Specialist,21,5
"Sr. Associate, Project Manager (Data Management)",7,24
Project Manager (managing data systems projects),7,24
Cyber Security Data Risk Project Manager,7,24
Senior Research Scientist/Tech Lead for AI Application (CV/NLP/Data Mi,10,58
"100% Onsite, Phoenix, AZ Data Engineer AWS",10,36
Senior Clinical Data Coordinator,10,46
"Supervisor, Meter Data",10,29
"Databricks Architect ( Full Time) in Raleigh, NC, USA",29,26
Lead Data Management Analyst (Big Data Engineer),27,17
"Associate Scientist, Data Review",12,37
Data Center Investments Structuring Lead,27,58
CIRES/NOAA CSL Professional Research Associate in Data Management and Software,16,37
Battlespace Awareness (BA) Capability Portfolio Management (CPM) Support – Data and Artificial Intelligence Analyst,10,53
"VISS/AXIS AI Developer - (AI modeling, data engineering, X-ray imaging) - Stanton, TN (BOSK)",3,12
Sr Principal UI Engineer (Data Visualization),4,18
Manager – Data Protection,7,3
"Senior Data Scientist, Revenue Analytics",8,51
Healthcare Quality Data Analyst,28,49
Heliophysics Science: Advanced analysis of observational data to predict solar activity,18,56
IT SPECIALIST (DATAMGT),21,5
SXN Beamline Scientist,12,40
Medical Technologist (MLT) Full Time / 1st shift,20,33
Data/BI Architect - Corporate Quality & Patient Safety - Orlando Health,28,57
Medical Lab Scientist MLS/MLT Relief- Redmond - Madras - Prineville (Float),11,45
Data Science Advisor,18,1
Superintendent - MEP - Data Center (Traveling),15,2
Big Data - Java Spark,10,17
Sr. Systems Analyst – Data Governance,23,38
"Senior, Software Engineer - SDET - Data Ventures",16,6
Registered Nurse - Nursing Data & Staffing Analyst,5,39
Data Engineer III (US - Contract),6,4
Database Administrator III (Hybrid role),19,30
Senior Data Quality and Governance Analyst,28,38
Clinical Data Management,10,46
"(Worldpay) Senior Director, Merchant Data Roadmap",10,48
Commissioning Specialist - Data Center,21,5
MongoDB REDIS Database Administrator (DBA),19,30
Senior Data Scientist - Must have Clearance,12,40
Senior DataStage Developer,17,9
"Onsite- Need Data Manager - Pharmaceutical Manufacturing - Seattle, WA",10,39
Sr. Staff Data Scientist,12,40
Quality Data Analyst,28,57
Senior Machine Learning Data Engineer - W2 ONLY,24,14
Senior Data Engineer (1024131),6,34
Senior Data Science Engineer,18,1
Datacenter Platform Integration Manager,0,20
Sr Aviation Ops Data Analyst,5,59
Senior Software Engineer- Data De-Identification,16,6
Travel Consultant - Expression of Interest - Bromley,10,15
Data Analytics Architect,29,31
Logistics Coordinator (Data Steward),10,39
Volunteer: Hemlock Companion Volunteer,26,16
"Sr. Data Engineer, Analytics",8,51
Data/Network Security Consultant in Pittsburgh PA location,10,15
"Manager, Operations, Cost Optimization Data Analytics",2,32
Senior Software Engineer - Ads and Data Platforms Integration Engineering,16,6
Provider Data Quality Auditor II (ALD),28,57
Senior Technology and Data Risk Analyst (1262887,5,48
AML Analyst (Korean Speaking),5,39
Sr Machine Learning Engineer - Recommendations (Max),24,14
Senior Data Architect - Azure,29,31
"Analyst II, Ancillary Revenue Data Scientist",12,40
"Tenure-Track, Assistant Professor, Department of Health Informatics and Data Science (primary) and Department of Surgery (secondary)",18,54
Teamleiter Qualitätskontrolle DACH (w/m/d/x),10,39
Sr. Manager Data Engineering,7,22
VULNERABILITY DATA CONSULTANT,10,15
"Senior Data Scientist, Marketing",12,50
Volunteer: CrowdDoing Marketing and Communications to the Big Data/Machine Learning Community,26,16
Scheduler - Data Center Construction (Anticipated Opening),14,2
Infrastructure Engineer/ Sql Database Administrator,19,30
Data Center Superintendent,15,2
"Machine Learning Engineer, Generative ML , 3+ Years of Experience",24,14
Navy ERP Data Management SME,10,53
MRT Data Analysis Specialist - Mental Health 627,21,56
Senior Electrical Engineer - Instrumentation and Data Acquisition Hardware Design,6,39
"Configuration Administrator (Microsoft Dynamics 365) - Accounting & Data Governance Services, IS Operational Experience",23,38
Big Data Architect- Databricks,29,26
"Manager, QARC Clinical Trial / Data Management",7,46
Senior Java Data Architect,29,31
Sr. Data Reporting Specialist,21,5
"Software Development Engineer II - Data Platform, Amazon Software Builder Insights (ASBI)",16,6
Volunteer: Data Science Crypto Manager,26,16
"Manager, Sustainability Data & Reporting",7,3
Senior ML Engineer - LLMs & Generative AI,3,12
Database Security Analyst,1,19
Clinical Research Data Specialist I at University of Southern California,21,5
"Traveling Superintendent - Interiors, Federal work, Data Center",15,2
Project Safety Manager - Data Center,15,24
Data Security Analyst - Senior with Security Clearance,1,19
"Sales Representative, CoStar Data & Analytics - Denver, CO",8,51
Assistant / Associate Professor - Data Science,18,54
"Sr Business Analyst with ""data Analysis"" (10 Years + only )",25,56
"Project Executive - Data Center - Clarksville, TN",15,24
Senior Data Architect (Terraform),29,31
Oracle Cloud Database Administrator Consultant,19,30
"Manager, Data Science - NLP",18,1
MEP Superintendent - Data Center,15,2
Clinical Data Research Scientist,12,46
"Senior Data Engineer, Kuiper Enterprise Data Service",6,34
Data Center Facilities Engineer - Nights 15% Differential Pay,15,2
Acquisition Support and Data Capture Specialists (Active Top Secret/SCI),10,39
Senior Data Engineer / Database Developer,17,9
Assistant Project Manager - Data Center,15,24
"MEP Project Manager, Data Center",15,24
Sr Data Scientist - ML | Big Data | Recommendation engine Expert,12,17
Sr Data Scientist - Contract W2,12,40
Engineering Manager - Data Infrastructure,7,22
Cyber & Data Security Attorney,10,39
Clinical Data Specialist,21,46
Assistant Apartment Manager / Data Entry,22,10
SAP-Data Migration-Manager-Consulting-Location Open,10,39
"Data Control Clerk II, Clinical Engineering",10,46
Senior Data Architect | TS/SCI,29,42
Sioux Falls Machine Learning Tutor,24,14
Medical Technologist - MT/MLT (ASCP),20,35
Senior AI/ML Ops Engineer,3,12
Data security architect Tampa dallas jersey city ref,29,39
"Senior Analyst, Data Science",18,1
Senior Product Data Scientist,12,44
"Manager, Data Analytics",8,51
Medical Lab Technologist (MLT) or MT - Full Time,20,35
Senior Data/NiFi System Engineer,6,34
"Manager-Marketing Research & Consumer Insights, healthcare data analysis & Interpretation required",10,56
(Full-time) Data and Reporting Analyst (SC),5,21
Database Administrator 2 w/ 10 years experience,19,30
Senior Software Development Engineer - Big Data,16,17
Business Systems Analyst - Data Technology,25,27
Technical Program Manager [Infrastructure / Data project]- Full time - Hybrid,7,24
SENIOR DATA ENGINEER,6,34
Part Time Data Analyst,5,21
Principal Data Acquisition Engineer,4,18
"CIRES/ NOAA Space Weather Prediction Center, Associate Scientist in Ionospheric Data Assimilation",15,37
"Software Engineer, Machine Learning Infrastructure",24,14
MEP Manager - Data Center - Reston,15,2
Traveling Controls Project Manager - MSG - Data Centers,7,24
"Sr Internal Auditor, Data Analytics",8,51
"Senior Data Scientist, Clinical Analytics (On-Site, Illinois Based)",8,46
Data Science Consultant III,18,15
"Sr Data Scientist, Computational Biology",12,40
"Staff DevOps Engineer- Data Platform, Hadoop",13,36
Sr. Data Systems Engineer,6,27
"Data Analyst I, P2P, Procurement & Payment Services",5,39
Staff Data Scientist / Protein Design,12,40
"Construction Superintendent (Data Center-Mission Critical) in Mansfield, TX, USA",14,2
"Associate Director, Data Integrity",10,37
"Senior Data Engineer, Data Engineering",6,22
Business Risk & Control – Data Loss Prevention Analyst,25,39
Data Engineering Consultant,10,15
Cleared Data Scientist - Workforce Analytics,8,51
Analyst - Data Systems- Doggett Corporate- Houston,10,27
Sr. Data Scientist (Starlink Product),12,44
"Neighborhood Branch Leader - North Denver Metro, NMLS",10,39
Data Analyst/Scientist - Active TS/SCI Full Scope Poly,12,42
Sr. Data Quality Analyst with Security Clearance,1,19
Health Policy Data Analyst,5,39
"Software Development Engineer, Data Center Systems",16,27
"Superintendent - Data Center - Nashville, TN",15,2
"Senior Staff Software Engineer, Data Persistence",16,6
"Assistant Professor, Data Visualization",10,54
"Staff Data Scientist, Business Analytics",8,51
"Machine Learning - Compiler Engineer II, Annapurna Labs",24,14
Data Warehouse (ETL) Architect,29,31
Research Data Specialist at Actalent,21,5
Machine Learning Lead Software Engineer,24,14
Configuration / Data / Records Manager,7,3
Data Analyst/Engineer,6,21
Master Data Analyst I-II,5,21
Data Architect - NextGen QMS,29,31
"Sr. ML Infrastructure Software Engineer, Autopilot AI & Tesla Bot",3,12
MDOT Transportation Planner 9-P11 (Pavement Condition Data Planner) - Planning,10,39
Database Programmer Analyst Consultant,10,15
Senior Planning Manager (Data Center Construction),14,2
Regional Configuration Management/Data Management (CM/DM) Liaison,10,53
"Global Logistics Manager, Amazon Dedicated Cloud (ADC) Data Center Operations",2,32
Datacenter Team Lead ( 7pm -5:30 am Thurs Sun),0,25
"ONSITE: Hiring GCP Data Engineer Google Cloud Platform, DALLAS, TX",13,36
Data Scientist II-Audience Team,12,25
"Senior Manager, Privacy and Data Ethics",23,52
Databricks Engineer with Pyspark & Python Exp---USA,10,26
Outcomes Data Manager Little Learners,7,3
Senior Data Scientist -remote,12,23
"Sr. Manager, Engineering - ML Operations (Remote - Dallas, TX)",2,22
Preconstruction Estimator - Data Center Construction,14,2
"Heimleitung / Einrichtungsleitung (m/w/d) in Nuremberg, Deutschland",10,39
SAP Plant Maintenance Data Specialist,21,5
Information/Data Architect,29,31
Dataflow Sustainment Engineer Level 2 with Security Clearance,1,19
Big Data BSA(Business System Analyst),25,17
"Data Center Field Operations Manager, Dojo",2,32
Clinical Data Supervisor,10,29
Senior Database Administrator (Onsite),19,30
Medical Laboratory Scientist/MLT (Full-Time and Part-Time Available),11,43
"Sr. Data Scientist, tip-of-spear ML/AI work - FS Poly with Security Clearance",3,12
Optimization Machine Learning Postdoctoral Researcher,24,14
DevOps Engineer Senior Specialist [NTT DATA],21,5
Medical Laboratory Scientist MLS-MT-Incentive Eligible,11,11
Research Data Management Specialist 4 - Surgery,21,5
"Audit Manager, Data Privacy/Protection Risk Management",23,52
Administrative Coordinator - Agency Operations and Data Processing,2,32
"Senior Specialist, Lead Database Programmer - Clinical Database Services",21,28
"Computational Research Scientist I or II, Physiological Data Modeling (Hybrid)",12,8
Senior BI Technical Data Analyst,5,48
Informatica Master Data Management Developer III,17,53
Senior Database Manager | TS/SCI,7,42
Sr. IT Database Administrator,19,30
Data Center Technical Operations Engineer,2,32
"Supply Chain Analyst IV, Materials and Data Management (On-Call / Onsite)",10,53
Assistant or Associate Professor - Computer Science AI / Machine Learning,18,54
Regional Data Forensics Investigator,10,39
Benefits Data Team Lead,27,25
"(USA) Senior, Data Engineer",6,34
Senior UX/UI Product Designer AI/ML Data Product,3,44
Machine Learning & Artificial Intelligence Architect,24,14
Scheduling Advisor - PEIMS and Data Services,10,39
Clinical Data Manager II,7,46
"(USA) Senior Manager, Data Science",18,1
Sr. Software Engineer - Air Combat Datalinks (Onsite),16,6
"Volunteer: M4MLA Station Set-Up: Volunteer Check In, Registration, T-Shirts/Goody Bags, Food/Beverage, Vendors",26,16
"Associate Manager, IT, Financial, Pricing & People Data Owner, Kohler Energy",10,47
UPMC Hamot Medical Laboratory Scientist (MLS) & Medical Lab Technician (MLT) - Multiple Opportunities,11,43
"Biostatistician II, Biostatistics and Data Science",18,1
"Assistant or Associate Professor, Department of Mathematics - Data Science",18,54
Configuration/Data Management Analyst,5,53
Master Data Management Consultancy,10,53
"Nurse Practitioner or Physician Assistant - Housecalls - Craven and Pamlico Counties, NC",10,39
Frontline Data Steward,10,39
"Sr Bus Analyst I Data,Rept&Vis",5,59
"Data Manager, Youth Mental Health",7,3
"Sr. Analyst, (ESG) Data Management",5,53
Database Engineer Lead - Top Secret Clearance,27,28
Medical Technologist (MT) / Medical Laboratory Technician (MLT) - La Porte,20,43
Senior Software Development Manager - Machine Learning (Hybrid),24,14
"Data Scientist II, DSP Insurance",12,40
Payments Data Manager,7,3
Manager of Data Center Operations (Day Shift) - Los Angeles,2,32
Configuration and Data Manager Journeyman,7,3
Financial Data Analyst- Sales Call Center,15,47
Senior Data Engineer(Hybrid) with Security Clearance,1,19
Research and Data Associate (Justice Grants Programs),10,37
"IT Operator (Data Center Technician – Winchester, VA)",15,2
Senior Mission Systems Avionics Communications/Datalinks Enginee with Security Clearance,1,19
W2 role-Senior Data Engineer: 24-00007,6,34
Transfer Database Assistant (Temporary),10,28
Cloud Data Architect - Remote Opportunity,29,23
Postdoctoral Researcher in AI/ML,3,12
SAP S/4HANA Data Design Lead – Network and Supply Chain,27,39
Project Safety Manager - Data Center Construction (Traveling),14,24
"Volunteer: Risk Prevention Data Scientist Virtual Volunteer Wildfire Prevention Derivatives, CrowdDoing,",26,16
"Database Manager (SQL, VBA) with Security Clearance",1,19
Systems Data Modeler 2 & Systems Data Modeler 1,10,13
Sr Systems Administrator (Data Management) with Security Clearance,1,19
Orion Flight Software Functional Manager for Data - Space Systems,16,27
Global Health Financial Data Analyst,5,47
"Senior Software Engineer, Data Platform",13,6
Data Security Analyst II,1,19
Sr Principal Data Scientist,4,18
Machine Learning Engineer-Model Training Infrastructure,9,14
Sr.  AML Consultant,10,15
Data and Analytics Sr. Manager,8,51
Avaya Voice/Data Engineer 2,6,36
Voice/Data Engineer 4 Voice/Data Engineer 4,6,36
Volunteer: NHQ:HSO - Database & Client Support Team Member,26,25
"Medical Laboratory Scientist (MLS) or Medical Laboratory Technician (MLT), Nights 7PM-730AM",11,43
Team Lead Database Engineering,27,25
"Research Associate, WFIRM, Organs on a Chip/Machine Learning/Artificial Intelligence",24,14
Project Manager/Software Engineer - Data Science - Machine Learning,24,14
"Superintendent - Data Center Construction - Nashville, TN",14,2
Data Engineering - AIOPS,10,22
Principal Computational Biologist - AI/ML,3,12
Medical Lab Scientist (MLS)/Medical Laboratory Technician (MLT),11,43
"Sr. MLOps Engineer - Day One Onsite - Dallas, TX",10,39
Manager – Enterprise Data Integration,7,3
"Senior Manager, Data & Location Intelligence GTM",7,3
Master Data Management Manager,7,53
Teamleiter Produktion DACH (w/m/d/x),10,39
Navy Maintenance Data Systems Analyst with Security Clearance,1,19
"Sr. Data Scientist, Loss Prevention Tech",12,40
Data Center Facilities Manager,15,2
Sr. Data Architect with Data Modeling/Governance,23,38
Data & Evaluation Manager,7,3
"DIVE Technical Project Manager - Data, Integration, Visualization, Evaluation Team",7,24
Datacenter Cabling Operations Supervisor,0,29
Senior ETL Datawarehouse Specialist,21,5
Data Architecture Consultant,10,15
"Data Center Security Installation Project Manager - Charleston, SC",15,24
"Data Center Operations Engineer (Senior Consultant MIS- Lvl A), Mid-Range Computing",2,32
Business Systems Analyst - AI/ML,3,12
DATA ENGINEERING ARCHITECT-locals,29,22
Volunteer: Help us share our success-Data Entry,26,16
Manager of Data Center Operations and Facilities,2,32
Big Data QA Engineer,6,17
"Senior Product Designer, Data Quality",28,44
Lead Databricks engineer,27,26
Data Center Technician (Lab experience),15,2
MLS - Medical Laboratory Scientist or MLT - Medical Laboratory Technician - Canby Medical Center - PT,11,43
Configuration / Data / Records Manager with Security Clearance,1,19
"Data Engineer II, Infra-Finance Business intelligence & Transformations",25,39
Sr. Data Analyst & Visualization Engineer,6,59
Information Technology Specialist (APPSW/DATAMGT-DIRECT HIRE AUTHORITY_,21,5
"Senior Analyst, Safety Data and Systems",5,27
QC Chemist Data Reviewer,10,39
Senior Manager | Master Data Management | Relocation Offered,7,53
IT Manager - Datacenter,0,20
Data Management Controller 2/3 (End item data package) - Space C with Security Clearance,1,19
Enterprise Data Center Lead Information Technology Project Manager Active Secret Security Clearance Required $165-$175k,1,24
"Professor of Practice - Data Analytics/Public Relations in SLAM (Strategy, Leadership & Analytics Minor) / Communication",8,51
"Software Development Engineer, Network Data Modeling Services",16,6
WildFire- Principal Machine Learning Engineer,24,14
"Data Scientist- TikTok Ads, Ad Inventory & User Experience",10,39
Database Engineer Level 3,6,28
Program Manager – AED and Enterprise Data Services,7,3
"Data Scientist, Product",12,44
Data Scientist - Onsite,12,40
Barista Lead - Hamline University,27,58
"Senior DevOps Engineer, Tessera Data",6,34
ETL Data Architect,29,31
Senior MySQL Database architect,29,28
"(USA) Staff, Data Engineer",6,36
Manager Data Analytics 2,8,51
Medical Lab Scientist (MLS) or Medical Technician (MLT),11,45
"Junior Systems Management Analyst (Datacenter Mainframe, Chaska, MN Data Center)",0,20
Lead Data Engineer (Remote),27,23
"Department of Defense AI/ML Sales Manager On-site (Bethesda, MD)",3,12
Senior Data Scientist AI/ML- Insurance domain Required,3,12
Data Scientist - Central Market Management,12,53
Senior Advisor - Data & AI,3,12
Senior Data Transformation Project Manager,7,24
CDnA - Senior Data Science Manager (Omnichannel Orchestration) - Amgen,18,1
Senior Master Data Management Analyst,5,53
Senior Data Scientist Managing Consultant with Security Clearance,1,19
Data Center Security Construction Manager - San Jose,14,2
Data Center Facility Manager- Reston/VA,15,2
Database/Systems Administrator with Security Clearance,1,19
General Superintendent - Data Center Construction - Atlanta,14,2
TS/SCI Cleared Senior Data Scientist,12,42
Lead Data Software Engineer,16,6
Systems Data Management Specialist,21,27
Business Data Analyst Information Services,25,55
"Finance Director, CPA - Contracts for Datacenter Solutions Group",0,20
Operational Test and Evaluation Data Analyst,10,39
Data Controller,5,21
SAP S/4 HANA Data Architect,29,31
Datacenter Network Engineer,0,20
Radiology Data Management Specialist,21,5
"Senior Manager Sales Strategy, Walmart Data Ventures (Senior Manager, Revenue Operations Scaled Services, Enablement and Support)",7,3
Senior Manager - Data Science & Growth Analytics,18,1
"Construction Superintendent - Data Center - Clarksville, TN",14,2
Python PySpark/ Data Engineer,6,36
Senior Product Manager - Data Intelligence,7,44
Assistant Professor of Data Analytics,8,54
Data Quality Assurance Analyst – 401k,28,57
Traveling Superintendent Data Center Construction (Various Levels),14,2
"Associate Director - Academic Advisor, Data Science and Analytics, Wharton School",18,37
Manager- Data Quality (RDC) USA,28,57
Data Analyst Level 2 with Security Clearance,1,19
GCP MLOps Lead Analyst,27,58
"MLS, Senior (Easton location)",10,45
Volunteer: Drive Impact through Data - Become an Impact Associate at Oppia,26,16
"Data Engineer || Juno Beach, FL",6,36
Sales Lead- Databricks,27,26
Clinical Lab Scientist/MLT - Full Time,11,46
Senior Data Privacy and Governance Analyst,23,38
Phantom Works Lead Configuration & Data Management Engineer with Security Clearance,1,19
Field Inspector / Auditor / Data Collector (PT),10,39
Data Center Technician 4 w/ Lab experience,15,2
"Senior Data Manager, Lombardi Comprehensive Cancer Center -- Georgetown University Medical Center",15,2
Senior Fullstack Developer [NTT DATA],17,9
Data Center Security Operations,2,32
Principal / Sr Principal Instrumentation and Data Acquisition Hardware Engineer,4,18
"Senior Data Science Product Manager, AI Products",18,44
Senior Clinical Data Standards Manager (Biotechnology / Pharmaceutical),7,46
Master Data Lead,27,58
Data Analyst(EPCI/EHR),5,21
"Data Systems Manager, FEWS NET",7,27
Principal Business Data Steward,4,18
Lead ML Infra Engineer (Neural Interfaces / BCI),3,12
Sr Principal Software Engineer (Data Plane),4,18
Sr. Database Analyst - Data Engineer,6,59
Data Center Construction Superintendent,14,2
Postdoctoral Researcher - Multimodal Healthcare Data (Mt. Sinai),10,49
Machine Learning for Autonomous Agents,24,14
Medical Technologist (MT) or Medical Lab Technician (MLT) - (Part Time),20,35
Project Manager- Data Center Construction,14,24
Site Manager - Data Center Operations,2,32
Senior Data Center Hardware Technician with Security Clearance,1,19
Senior Cyber Security Specialist (Data Protection),21,5
Data Architect (Snowflakes + Databricks),29,26
Sr. Master Data Services Manager,7,3
Landscape Designer (MLA/BLA),10,39
Senior ML Training GPU Optimization Engineer,3,12
"Senior Manager, Software Engineering - Full Stack - Data Ventures",16,22
"Manger Fleet Data Analysis, Diagnostic & Predictive Services",10,56
Data Analytics Supervisor/Lead,8,29
Medical Technologist/ MLT - Full Time Weekend Nights,20,33
IICS Technical Data Lead,27,58
"Senior Product Manager, Data Infrastructure",7,44
Assistant Professor - Machine Learning,24,54
Volunteer: Data Processor,26,16
Senior Chapter Lead (Gen AI Data Engineering),27,22
"Leadership Technical Program Manager I, Machine Learning, Google Cloud",24,14
"Principal Data Scientist, Cloud Migrations Growth",4,18
Senior Data Scientist - Partial Telework,12,40
Data Protection Cyber Security Engineer,6,36
"Sales Representative, CoStar Data & Analytics - Raleigh, NC.",8,51
"Sports Live Data Monitor/Content Moderator in Austin, TX (Onsite)",10,39
Machine Learning and Artificial Intelligence Learning Consultant,24,14
Application Database Admin III,10,4
Senior Data Science Analyst - Audit,18,1
NJATCSU Data Warehouse Analyst #: 19-03491,5,21
Data Analyst - Advanced with Security Clearance,1,19
Volunteer: Historian #MLK,26,16
Volunteer: 30 day project (Several Projects to Choose from) - Intelligence and Data Entry,26,16
Part-time Instructor of Artificial Intelligence and Machine Learning,24,14
"Microbiology Lead (MT, MLT, MLS) - $5,000 - $10,000 Sign-on Bonus",10,39
Sr Engineer - Data Science,18,1
Card Services Data Support Manager,7,3
Research Analyst (Data Scientist II),12,8
"Big Data Developer  Phoenix, AZ ( Onsite Daya 1 )",17,17
Supervisor - Data Centers,10,29
Senior Data Storage Administrator – Cloud Architect,29,31
"Manager, Automation Engineering (Data Analytics)",8,22
Vice President of Data Infrastructure,10,39
Sr. Data Analyst/Developer,17,9
Lead Data Scientist Engineer,27,58
Field Inspector/Auditor/Data Collector (PT),10,39
"Sr. Master Data Analyst, SAP S/4 Hana (Hybrid, AP51, 1 N Waukegan Road North, Chicago IL)",10,7
Technical Lead AIML,27,58
"Senior Data Engineer (Relocate to Shanghai, Beijing or Singapore)",6,34
Systems Architect - Data Management,29,27
Sr. Land Data Analyst,5,59
Principal Algorithms & Data Systems Engineer,4,18
Salesforce Data Architect,29,31
Principal Software / Data Engineer,4,18
Medical Technologist (MT/MLT) - Core Lab - Hamilton -FT/Days,20,35
BtC Data-science/Art Instructor,18,1
CRM Data Analyst/Data Engineer,5,21
Medidata Rave Study Builder,10,39
"Staff, Data Engineer, API/ML Infrastructure (Store No. 8 | Health & Wellness)",3,12
Data Scientist - Senior Manager,12,40
"SR. Scala Engineer, Database Engineering",6,22
Section 8 Data/Business Analyst Specialist,25,55
"Urgent Need : DataStage Architect || Richmond, VA || Hybrid || C2C ||",10,39
"Postdoctoral Research Associate - Biostatistics, Al & ML",3,37
Senior Treasury Manager (Treasury Data Management),7,53
Cloud Datawarehouse Principal Technologist,4,18
"Senior Manager, Product Management - Behavioral Data Group",7,44
Global Data Analytics Audit Leader,8,51
"Seeking Analytics Trailblazers: Data Analysts, Lead the Journey",8,58
Data Setup Supervisor,10,29
"Attorney, Data Analytics and Investigations",8,51
ETL Cloud Data Engineer,6,36
Sentinel (GBSD) Integrated Functional Capability (IFC) Data Anal with Security Clearance,1,19
Business Process and Data Analyst with Security Clearance,1,19
"General Clerk III (data entry, MS excel, HS diploma) AH",22,10
DevOps Consultant (Data Power),10,15
Infrastructure Operations Engineer with Azure Databricks,2,26
"(Worldpay) Senior Director, Merchant Data Operations",2,32
Data Scientist & Business Intelligence (BI) Developer,17,9
"Volunteer: Mentor A Child in honor of MLK Day - Train Virtually and Mentor In-Person (OR, WA only)",26,16
Box Office Manager for Database & Ticketing Systems.,7,27
Data Architect (Retail Domain Expertise),29,31
Data Services Manager,7,3
Data Scientist - CapCut - UG,12,40
"Assistant Professor, Computer Science (Cybersecurity, Computer Networks, Data Science)",18,54
"Graphics/Multimedia Editor - Data and Tooling, Election Analytics",8,51
Project Manager/Scrum Master - Omnichannel Data Hub,7,24
Manager of Data Center Operations,2,32
Data Scientist: Senior Data Warehousing Specialist,21,5
FBI APSS Data Analyst (Jr|Inter|Sr) with Security Clearance,1,19
Data Centre network Engineer,6,36
Sr Database Marketing Manager,7,50
Business Architect Lead-AML/sanctions,29,58
"Software Dev Engineer II, Advertising Analytics & Data Management",16,6
"Senior Software Engineer, Data Infra",16,6
Senior Electrical Project Manager – Data Centers,7,24
"BigData Engineer  Phoenix, AZ ( Onsite Daya 1 )",10,36
"Senior Machine Learning Engineer, Perception - Autonomous Vehicles Next-Gen",24,14
Data Assurance,10,39
Database Analyst Senior - TS/SCI clearance required,10,42
QA Manager - Data Center,15,2
"Technologist, Radiology - Imaging Ctr Tomlin- Per Diem",10,39
Data Analytics Lead,8,58
"Sr Manager, Master Data Management",7,53
Sr. Data Analyst (RPA and Tableau),5,0
Volunteer: Board Secretary #MLK,26,16
PRODUCTION MACHINE LEVEL I (WEEKEND SHIFT),10,39
Manager of Data Engineering and Analytics,8,22
Senior AI/ML Ops Engineer with Security Clearance,3,12
Senior EHS Manager (Data Center Construction),14,2
Principal Data Architect,4,18
Laboratory Technician/Technologist - MLT/MLS/MT,11,43
"Lead Data Analyst, User Growth",27,58
Data Analyst III with Security Clearance,1,19
"Acoma Pueblo, NM / IHS / Medical Laboratory Technician (MLT)",11,43
"Principal, Enterprise Data Architect",4,18
Business Data Analyst - III (701568),25,55
PS Clinical Data Manager II,7,46
"Robotics Engineering Manager, ML-based Planning",7,22
(Senior) AI/ML Data Engineer,3,12
"Data Center Supervisor (7:00a-5:30p, Thursday-Sunday)",15,29
Data Science Manager - Supply Chain & Manufacturing,18,1
PCTE: Data Center Cloud Applications Installation Administrator,15,2
"Medical Technologist or MLT, FT, Days, Core Lab",20,35
"Technical Project Manager, Data Platforms",7,24
Data  Architect-  PySpark,29,31
Lead Cybersecurity Data Visualization Engineer,27,58
Engineering Manager - Database Security,7,22
"Looking for Data Architect - -McLean, VA (Hybrid) - Contract",29,39
Need Sr. Lead Data Scientist with Airlines Domain experience,27,58
Research Data Manager Pediatrics,7,8
Big Data Development Manager,7,17
Sous Chef- Hamline University,10,39
"CO - Informatics RN/Clinical Data Analyst RN, FulltIme Permanent, Days/Evenings - Grand Junction",10,39
Capital Market Quantitative Data Analyst,10,39
Marketing Data Specialist,21,50
Environmental Health & Safety Data Analyst,10,39
Configuration and CDRL Data Manager III Secret),7,4
"(Worldpay) Senior Director, Data Architect",29,31
Senior Project Engineer - Data Centers,6,24
Senior Engineer – Data Center Facility Operations,2,32
"Medical Technologist / Medical Lab Technician (MLS, MT, MLT) - Memorial Hospital",20,35
Database and ERP Systems Analyst,10,27
Senior Business Systems Analyst I- Companion Data Services,25,27
Volunteer: Database Team Lead OR team members (may turn into paid!) - Protecting Kids Online!,27,25
"Engineering Manager, Data Science",18,22
Sr. Enterprise Data Warehouse Architect - Hybrid role in San Antonio area,10,39
Lead Data Loss Prevention Analyst,27,58
Senior Data Engineer 1/Development Lead,27,58
Data/Configuration Management Analyst with Security Clearance,1,19
Staff MLOps Engineer,6,36
"Sr. Risk Adjustment Data Analyst, Medicare Advantage",5,59
Data Warehouse experts for Program Manager,7,3
Senior Datacenter Engineer,0,20
Onsite Work - Need Senior ML Operations Engineer in San Francisco CA,10,39
Data Collection Manager,7,3
MLTC Credentialing Analyst,5,39
Clinical Data Analyst - Bone Marrow Transplant Support - (032),5,46
Data Center Planning and Procurement Lead,27,58
Data Integration Engineer (m/f/d),6,36
Data Entry Lead,22,10
Assistant or Associate Professor - AI and Machine Learning,24,54
Master Data Coordinator,10,39
"Data Coordinator, Sr",10,59
Data Manager-- Pelham Park Middle 21st Century Community Learning Program,7,3
PFML Business Analyst,25,55
Senior Data Scientist - Optimization,12,40
Data Analyst - Junior,5,21
"Travel - Medical Lab Scientist (MLS/MT) - *Up To $2,400/WK!*",11,45
"MEP Coordinator - Data Center Construction in Dallas, TX, USA",14,2
Primarily Remote Data Analyst (Alexandria VA),5,23
MLT - Medical Laboratory Technician - Worthington Medical Center - PRN,11,43
Principal Engineer II: Data Center Hardware Engineer,4,18
Summer 2024 Machine Learning Co-Op/ Intern,0,14
Senior Data Scientist (m/w/d),12,40
"Senior Manager, Analytical Data Solutions",7,3
Clinical Quality & Data Registry Manager: Cardiac Surgery,28,57
Sr. BackEnd Software Engineer - Data Architecture,16,6
Senior Software Engineer - Data Insights,16,6
"Senior Machine Learning Engineer (LLM) in Foster City, CA, USA",24,14
"Data Management Specialist, Transportation Field Trips",21,5
Business/Data Analyst IV,25,55
Data Scientist - Technical Program Manager,7,3
Program Manager (Data Center / Lab Operations),2,32
Sr. Database Analyst with Security Clearance,1,19
"Sr. Product Manager - Tech, Data Analytics , XCM Media and Content",8,44
Data Architect (DWH),29,31
"Quality Data Nurse Reviewer, RN- Onsite",28,57
"Cloud/Data Architect || Boston, MA (Hybrid/ Local)",29,31
IN-DOH-PRAMS Data Manager,7,3
Database Analyst III,5,4
"Senior Software Product Manager, Data Platform #3310",13,44
"Sr. Staff Software Development Engineer -  AI/ML, drivers, DirectML, C++",3,12
Senior Information Assurance Data Analyst & Network System Administrator SME,10,39
Machine Learning Manager,24,14
"ComEd - Senior Data Scientist - Oakbrook Terrace, IL",12,7
"Sr. Data Scientist, tip-of-spear ML/AI work - FS Poly",3,12
Safety Data Sheet Author,10,39
"Sr. Manager, Data Systems Engineering",7,22
Data Engineer (Snowflake & Python),6,41
"BIGData Developer Phoenix, AZ ( Onsite Daya 1 )",17,9
Sr. Data modeler - Erwin,10,13
Big Data Analyst,5,17
Principal/Sr. Engineer Systems Test (Data Acquisition Engineer),4,18
Lab Technical Sec Lead-MT/MLS,27,45
"Data Center Manager, DCC Communities",15,2
Databricks Sr. Systems Engineer -- Security Clearance REQUIRED,1,19
Senior Database Architect and Administrator,19,30
"Charts Coordinator (CMLS) in Fresno, CA, USA",10,39
Medical Technologist Lead (MT/MLT),20,35
"Sr. Associate, EI&D Data Analytics and Reporting",8,37
Clinical Research Data Specialist 1 - Smidt Heart Institute (Cheng Lab) at Cedars-Sinai,21,5
Summer 2024 MLIR Co-Op/ Intern,0,39
"Engineering Manager - Data Platform in Sunnyvale, CA, USA",13,22
Sr.Database Developer,17,9
Office/Administration - Data Analyst Lv2 #: 23-02164,10,39
Adjunct Faculty - Data Analytics,8,51
TDM Consultant - Test Data Management Engineer,10,15
Business Project Manager – Data Capture,25,24
Adjunct Faculty - Marketing Analytics and Data Storytelling,8,50
Sr. Clinical Informatics Data Scientist I,12,46
"Mechanical Commissioning Engineer II, Data Center Services",15,2
Superintendent - Data Center,15,2
New Algorithms and Science Data Processing for Hyperspectral Imagery,18,1
Data Center Logistics Associate L3,15,37
Database Administrator Lead,19,30
Data Analytics - Deposits (Midlevel position),8,51
"Financial Analyst: ERP, SEC filings, Excel, data visualization (any tool); construction project financial variance analysis a +",10,47
Database Management Specialist,21,5
"Database Software Engineer/Researcher, Infrastructure System Lab",16,6
Dataflow Sustainment Engineer Level 2,6,36
Senior Mission Systems Avionics Communications/Datalinks Engineer,6,27
Computational Scientist - Image Analysis & Data Visualization,12,56
Data Control Associate Senior,10,37
Head of Product Data Science,18,1
Mid level Business Analyst-Data/SQL/Agile,25,55
Senior Database Developer/ Data Modeler,17,13
"Mainframe Database Administrator (DB2, IMS)",19,30
"Manager, Data Management and Acquisition",7,53
Data Architecture Team Manager,7,25
Software Data Management IPT Lead with Security Clearance,1,19
Data Engineer - 3,6,36
Senior Architect - Hadoop Big Data,29,17
Volunteer: Biometric Data Analystat Nature Counter by CrowdDoing,26,16
"Clerk, Data Control (Part Time) Multiple Positions",10,39
"Program Lead II, Data Management - Oncology (Remote Opportunities)",10,23
Experienced Cleared Data Scientist,12,40
DEA Data Analyst 1 - US Citizens only,5,21
Health Data Analyst - Health Information Management - FT Days,10,39
Senior Database Administrator with Security Clearance,1,19
"Systems Architect-12979,IBM Datapower,WSO2,APIs,Google Cloud Identity Platform",13,27
"Manager of Data Engineering, Analytics, and Reporting",8,22
"Data Analyst, Senior with Security Clearance",1,19
"Medical Laboratory Scientist (MLS) or Medical Laboratory Technician (MLT)- St. Elizabeth Boardman- up to $20,000 sign on bonus!!!",11,43
"Sr. Associate, Data Configuration Management with Security Clearance",1,19
Data Center Site Manager,15,2
Business Data Analyst - ADV,25,55
"Data Scientist- TikTok Ads, Ads Targeting, Auction and Delivery",10,39
Sr. Data Scientist II,12,40
General Support Services - Data Entry  Data Entry,22,10
Data Center Site Operations Manager,2,32
Medical Lab Technician (MLT) - PRN (As needed),11,35
Senior Data Manager and Analyst,7,48
Associate Director of Data Systems and Monitoring & Evaluation,10,37
Postdoctoral Associate- Data Analysis,10,56
MLTC Marketer - Licensed Broker - Bilingual Spanish,9,39
Data Collector 2,10,39
Junior Data Engineer with Security Clearance,1,19
Institute for Engaged Aging Data Manager,7,3
Data Processing Specialist - Information Technology Consultant I,21,5
Volunteer: Data-Entry Assistant,26,16
MEDICAL LAB SCIENTIST (MLS) OR MEDICAL LAB TECH (MLT)- St. Elizabeth Boardman Hospital,11,45
Scientist I – Informatics & Data Science – Multiomic cellular atlases of primate brain,18,1
Data Analyst/Junior Report Writer,10,39
GME Research Data Statistician - FT - Days,10,8
Sales Data Analyst,5,21
Assistant Professor – Spatial Data Science,18,54
Manager in Training - MLK,7,3
"Assistant Manager, Cyber Security Engineering – Database Security",1,19
Manager Finance and Data,7,3
Lead Data Scientist - Top Regional Bank,27,58
Senior Data Manager,7,3
"Software Engineering, VP - Data Design & Curation (New York, NY)",10,22
Deputy BSA/AML Officer,10,39
Senior GCP DataOps Engineer,6,34
GDOT GIS Data Manager/Administrator,7,3
IS Data Consultant - Population Health - New Orleans,10,15
BSA/AML Investigator,10,39
"Medical Lab Scientist (MLS) or Medical Lab Technician (MLT) - St. Elizabeth Youngstown - up to $20,000 Sign on Bonus!!!",11,45
Riser & Marine Engineer - Data Analytics,8,51
"Project Superintendent- Data Center - Columbus, OH",15,24
Master Data Management Coordinator - Truck Service,10,53
Data Engineer(Python),6,36
Senior Data Analyst - IT,5,48
"(USA) Manager, Product Management -Data and Platforms",7,44
"Medical Technologist or MLT, PT, Nights, Blood Bank",20,33
PySpark Data Engineer/ETL Developer,17,9
Data Management and Reporting Analyst,5,53
IT OT Data & Analytics Specialist,21,5
"Manager of Data Center Operations (Overnight Shift) - Santa Clara, CA",2,32
"Senior Data Systems Analyst, Policy &amp; Operations Analysis",2,56
"Dynamics Data Conversion/Migration Lead with Min 18+yrs exp in data migration projects,Oracle/SQL Server for data extraction and transfer(Webcam&In Person Interview)(HYBRID)",10,39
Senior Data Analyst / Data Scientist,12,40
Database Architect II,29,28
"Assistant Vice President, AML Compliance",10,39
"MLS Microbiology Supv - Las Cruces, NM",10,45
Data Assessor - Charlottesville,5,21
"Principal Engineer, Data Platform",13,18
Sr. DataStage Developer,17,9
Master Data Engineer,6,36
Senior Data Scientist - Finance and Actuarial,12,40
Bioinformatics Scientist/ Data Scientist,12,40
Health Data Analyst - Medical Staff Admin,10,39
"Database Manager/Administrator-Trenton, NJ-(Immediate position)",19,30
Data Reconciliation Analyst,5,21
"Sr. Data Engineer, Abuse Test & Engineering",6,22
"Senior, Data Scientist (Demand Forecasting) | Dallas",12,40
"Staff Auditor, AML",10,39
Document Control Specialist - Data Center,21,5
Data Manager II/III,7,4
"Senior Test Engineer, Data Acquisition Systems",6,27
Lecturer or Lecturer (Doctoral Schedule) in Data Analytics,8,39
LAB DATA MANAGEMENT PM,10,53
Program Development Manager - Missile Warning/Mission Data Processing,7,3
Data Center Team Lead (Shift B),27,25
"Manager, Safety Data Sheets & Trade Compliance",7,3
Data Control Associate II,10,37
Sr Principal Data Scientist with Security Clearance,1,19
Political Campaign Data Strategist,10,39
Master Data Manager,7,3
Hair Stylist - Hamlin Plaza,10,39
Sr. Machine Learning Engineer II,24,14
Adjunct Faculty - Data Analytics and Storytelling,8,51
Data Analytics Advisor [HYBRID],8,51
Engineer II/Engineer Senior - Command and Data Handling Systems,6,27
"Data Scientist, Consultant",12,15
Market Data Supplier Manager,7,3
Volunteer: Set up and break down crew #MLK,26,16
DATA WAREHOUSE BANKING BUSINESS ANALYST,25,55
Journeyman Data Analyst with Security Clearance,1,19
Fully Remote Sr Data Scientist,12,23
Data Scientist 4739,12,40
Commercial Superintendent - Data Center,15,2
"BMH - Data Scientist - Southfield, MI",12,40
Big Data Azure Lead Developer,17,17
Senior Data Migration Analyst,5,48
BSA/AML Compliance Specialist III,21,5
MLT- Med Lab Technician PRN Gainesville 10a-10:30p WEEKENDS | ASCP AMT or NCA CERT is REQUIRED,10,39
Lead Data Engineer-Java,27,58
Software Engineer 1 (Data Management),16,6
"Medical Laboratory Scientist (MLS) or Medical Laboratory Technician (MLT), Nights 11PM-730AM",11,43
DSS Medical Technologist/MLS,20,45
QAQC Engineer - Data Center,15,2
Senior ML Platform Engineer - Artificial Intelligence Group,13,12
SAP Master Data Analyst - IRVING TX,5,39
Business Data Analyst - III (1000091),25,55
Lead Data Engineer (Java Programming)- US,27,58
SENIOR DATA ANALYST,5,48
Advancement and Alumni Engagement Business Systems Analyst/Data Visualization Specialist,25,27
"Government Representative 2 – Data Coordinator, Gender Based Violence (Posting #014-24)",10,39
Senior Counsel for Contract Management and Database Management,10,53
"Data Analyst, Junior - Security Clearance Required",1,19
Data Platform Architect,13,31
Part-Time Data Coordinator - ELECT Program,10,39
Senior Consultant - Data & Analytics,8,15
Field Manager - Superintendent - Data Center – traveling position - Can live anywhere in the US,15,2
"Remote Data, Analytics &amp; Insights - Data Operations - Mid-level Assignment",2,23
Privacy and Data Protection Counsel,23,52
Supervisore Elettrico Impianti Datacenter,0,20
Senior Data Scientist-Deep Learning,12,40
Senior Cyber Software and Machine Learning Engineer,24,14
Sr. Clinical Systems (Medidata Rave Project Manager) Programmer II,7,27
"Senior Manager, Data Center Operations",2,32
University Lecturer/Senior University Lecturer - Data Science,10,39
Portfolio Surveillance Senior Data Analyst,5,48
Helen Hamlyn Senior Fellow,10,39
"Data Analyst, Digital Marketing",5,50
Data Management Analyst - Entry Level (Must Have Workday Exp),22,10
"CHEF, SOUS - MLB Training Camp - West Palm Beach FL",10,39
"Financial Reporting Data Analyst - Cumberland County, NJ",5,47
"Data Engineering Manager, Workforce Intelligence",7,22
"Counsel, Litigation, Privacy, and Data Protection",23,52
Database and Campaign Operations Manager,2,32
Manager - Data and Reporting Services,7,3
"Senior Technical Program Manager, Data Governance & Safety",23,38
Database Administration 2 with Security Clearance,1,19
Data Privacy Compliance Counsel,23,52
"Business Systems Analyst, AI and ML",3,12
Medical Technologist: MT/MLT/MLS/CLS/Bachelor of Science in Biology,20,11
Senior Data Engineer Staff (ETL),6,34
Data Scientist - Advana,12,40
Director - Data & List Processing,10,39
Senior Incentives and Proficiency Data Analyst with Security Clearance,1,19
Construction Management - Data Center Energy Marshal 5 Data Center Energy Marshal 5 #: 23-07561,15,2
"Front-end Developer (React, NodeJS, HTML5, CSS3, Material UI, Bootstrap, Responsive Design, Swagger.io)",17,9
WAM SAP Master Data Manager,7,3
Datacenter Coordinator,0,20
"Domain Architect- Analytics and AI/ML, Senior Specialist",3,12
"Supervisor, Data Entry & GoalPost",22,29
Construction Management - Data Center Energy Marshal 4 Data Center Energy Marshal 4 #: 23-07483,15,2
"(Senior) Scientist, AI/ML Protein Design and Engineering",3,12
Oracle DBA L3 Database Administrator Support,19,30
Senior Business Intelligence Developer ( DATA SYS ANL 4 ) - 45187,17,9
Sr Principal Scientist Computational Biology AI/ML,3,12
Sr Manager WM Data Platform Engineering,13,22
System Administrator - Data Center,15,2
Statistician / Data Scientist,12,40
Pharmacy Data Analyst I,5,21
Data Engineer (Mid),6,36
Sr. ETL Data Developer,17,9
Principal Data Science Analyst - Medical Imaging Technology,4,1
Senior Artificial Intelligence / Machine Learning Software Engineer,24,14
BAMAI2-Systems and Data Analyst 2 - B91-System/Application Analysis,10,56
Principal Software Engineer - Database Platform,13,18
NJDOH Database Manager/Administrator 3 #: 20-00942,19,30
Principal Data Engineer (REMOTE),4,23
Associate Epidemiologist-Data Wrangler,10,37
"Assistant Admissions Director, Data & Marketing",10,50
Data Steward - Manufacturing (Hybrid),10,39
Sr ETL Developer with Teradata,17,9
Data Privacy and Security Counsel,23,52
Actuarial Data Scientist,12,40
MLS - Medical Lab Scientist - Microbiology,11,45
Clinical Research Data Manager 2,7,46
Manager Advancement and Data,7,3
Adjunct Faculty - Data Science,18,1
Sr. IT Analyst Software and Data Services (TS/SCI) - DODP12 with Security Clearance,1,42
"Data Engineering Consultant in Phoenix, AZ, USA",10,15
Senior Data Scientist (2022-0259),12,40
"Principal Product Manager, Data for AI",4,44
Data Architect and Developer,17,9
"Senior Financial Data Analyst (Financial Analysis, Associate) with Security Clearance",1,47
Manager MLOps Team- Artificial Intelligence / Machine Learning,24,14
Senior Project Superintendent Data Center Construction (Traveling),14,24
Database Engineer Level 2,6,28
Senior Project Manager- Data Center Construction,14,24
Digital Data Record,10,39
Volunteer: Support Group Facilitator #MLK,26,16
Database Architect Levels I - III,29,4
"CIRES/ NOAA Space Weather Prediction Center, Research Scientist in Ionospheric Data Assimilation",15,8
Data Service Lead,27,58
"Sr. Software Engineer, Data Pipelines, Cell Manufacturing",16,6
Data Governance and Process Manager,23,38
Superintendent- Data Center Construction,14,2
Data Collections Project Coordinator,10,24
WELLNESS DATA AND RESEARCH ANALYST,5,8
Principal Data Scientist for Walmart Supply Chain Finance,4,18
Sr Data Engineer with Security Clearance,1,19
"Senior Software Engineer, Clinical Data Management Platform",13,6
Data Engineer Leader,6,36
Job Title:Sr. Data Scientist,12,40
"Senior Product Manager I, Data Management",7,44
Medical Lab Scientist(MLS)-Kings Mills,11,45
"Data Control Clerk II, Trauma Surgery",10,39
Medical Laboratory Scientist (MLS) & Medical Lab Technician (MLT) - Multiple Opportunities UPMC Chautauqua,11,43
"Configuration & Data Manager - Wright-Patterson AFB, OH",7,3
Sr Data Analytics Analyst,8,51
Data Entry and Research Assistant,22,10
Sr Data and Applied Sci-PCCI,10,42
Volunteer: Developer Needed to Remove a Database Malware,26,16
"Senior Software Engineer, VP (Data / System Risk) - Financial Engineering",16,47
"eDiscovery & Data Forensics Vice President, Project Management",10,24
Legal Data Specialist (Global Law Firm),21,5
Senior Data Scientist - Large Language Models / Generative AI,12,40
"Principal Machine Learning Engineer, Ad Ranking",24,14
Machine Learning Engineering Manager,24,14
Principal Data Analyst - QuickBooks Credit Strategy,4,18
Non Destructive Examination Technician (ML),3,12
"Senior Product Manager - Data Governance Company Hidden Retail Cincinnati, OH Pr",23,38
Assistant Data Processing Manager,7,3
Data Acquisition Specialist,21,5
Data Center Network Developer,17,9
"Sr Data Scientist, DSP Insurance",12,40
Cleared Data Analyst,5,21
Senior Database Administrator / Developer,19,30
Data Science Supervisor,18,29
Senior Data Center Critical Facilities Engineer V (night shift),15,2
"Sr. Electrical Engineer, Datacenter Engineering, Power Generation Solutions",0,20
Fulltime Job || Lead Data Engineer & Data Engineer,6,36
Business Systems Analyst (Data Warehousing),25,27
Sr. Clinical Data Manager,7,46
Quality Systems Spc I Doc & Data Mgt,28,57
"Engineering/Machine Learning Lead, Life Science Project",24,14
Data Research Fellow,10,8
Python API Developer Data Engineer #: 23-04526,17,9
Software Engineer 3 - Java/Database/NoSQL,16,6
Senior Software Engineer - Database Security,16,6
Farmland Action Plan Coordinator,10,39
Senior Solutions Architect - Data (Central) - Digital Velocity,29,31
"Client Relationship Consultant (Banker) NMLS - Estacada, OR",10,15
Senior Data Integration Engineer,6,34
Dynamics 365 CE Functional Analyst (Remote) [NTT DATA],5,23
Data Tech Lead- US,27,58
Data Automation Engineer (TS/SCI required),10,42
"Senior Manager, IPS Data Integration",7,3
"Azure Data Architect / Seattle, WA (Hybrid) or Dallas, TX (Hybrid) or US Remote",10,23
Sr SAP DATA Engineer,6,59
VTTC Database Engineer -,6,28
Sr. DataCenter Consultant with Security Clearance,1,19
Lead Databricks Developer,17,26
"Data Scientist Senior -Northern, VA",12,40
Data Assurance - Risk and Controls - Vice President,10,39
Data Privacy & Cybersecurity Associate,23,52
Azure Data & Analytics Solution Architect,29,31
"Staff Machine Learning Engineer - Seattle in Seattle, WA, USA",24,14
Chapter Lead - Enterprise Data Delivery,27,58
"Data Manager, Senior (PMA-262)",7,3
Low Latency Java Developer (Market Data exp REQUIRED),17,9
"Immediate Hiring : Sr. Java Big Data Developer-Alpharetta, GA (Onsite, Hybrid Model)",9,17
Summer 2024 Configuration and Data Management Intern- Undergrad (R38240),0,53
Manager Data Analytics 2 with Security Clearance,1,19
Vendor Master Collection Data Analyst - Urgent Need,10,39
"Senior Thermal Mechanical Engineer, Data Center GPU",15,2
"Sr. Quality Analyst, Machine Learning, Prime Video Trust & Safety",24,57
Member of Technical Staff: Data,10,39
Database Architect Remote position,29,23
"Sr. Data Engineer, New York City, NY (Hybrid)",10,39
CASINO Database Marketing Analyst,5,50
"Pixel System Architect Lead, Machine Learning",24,14
Lead Data Protection Analyst,27,58
Sr. Data Engineer- Underwriting (Hybrid),6,59
Teamleider Marketing en Communicatie - Energiewacht,10,50
"Sr Data Scientist, Ads & Offers",12,40
Senior Oracle Database Developer,17,9
Data Architect - Senior,29,31
Advanced Technology Data Center Program Manager PM IV,15,3
"Data Architect Locations: Chicago, IL",29,7
Sr Healthcare Data Analyst - Ben Taub Hospital,5,49
Data Audit Associate,10,37
"SR. ANALYST, DATA-HYBRID",5,59
Senior QA Lead (Data Services),27,58
Travel Medical Technologist (MT/MLT) - ASCP REQUIRED,20,35
Calibration Dataset Manager – Automotive,7,3
ORSA / Data Scientist (23-050),12,40
Medical Technologist/MT/MLT/POC (Full-time Night Shift + Bonus),20,33
DTAS Fleet Data Manager SME - San Diego,7,3
Manager Contracting & Provider Data,7,3
Senior Principal Data Scientist,4,18
Datacenter Management Product Owner - Physical Hosting Target Sites,0,20
Financial Data Analyst/ Power BI Reporting Analyst,5,47
Data Protection Manager (Remote Opportunity),7,23
"Certified Peer SpeciaCertified Peer Specialist, Adult Crisis Intervention and Stabilization Teamlist, Adult Crisis Intervention and Stabilization Team",21,25
Big Data MDM Consultant,10,17
MERCH PRODUCTION DATABASE MANAGER,7,28
Global AML/CFT and Sanctions Compliance Manager,7,3
Clinical Data Scientist - with Programming Focus,12,46
Senior Database Engineer/Architect,29,28
Senior Data Scientist – Patient Journey,12,40
Azure Data Solutions Architect/Engineer,29,31
Analytics Data science and IOT Lead- Atlanta,18,1
"Credit Data Analytics Lead, AVP",8,58
"Sr. Software Engineer, ML Acceleration and Performance",16,6
"AWS DATA ENGINEER | BEAVERTON, OR – HYBRID | Industry: Retail / Wholesale",6,36
Principal / Senior Principal Instrumentation and Data Acquisition Hardware Engineer,4,18
"Lead Machine Learning Engineer, Corporate Vice President",24,14
Senior Java Developer - Data Engineering,17,9
"Manager, Database Administration- Washington DC",7,28
Software Engineer 2 - Docker/Mongo/Nginx/JavaScript/Git/Linux/HTML,16,6
"Senior Software Development Engineer, AWS Networking Data Management Systems, AWS Networking Data Management Systems",16,27
Data Governance Lead,23,38
Product Data Management Admin,10,44
Specialist Data Receivables Management System Analytics,21,5
MEP Superintendent - Data Center - Reston,15,2
L3 Database Engineering,19,22
"Program Lead II, Data Management - Immunology TA (Remote Opportunities)",27,23
Machine Learning Engineer-Model Serving Infrastructure,9,14
Outbound Call Center Data Collection Agent,15,2
Machine Learning Performance Architect,24,14
"Data Architect@Berkley Heights, NJ (5 Days Onsite)",29,31
"Sr. Manager, Clinical Data Analyst",7,46
MLTC Marketing Representative - Bilingual Russian,9,50
Data Management Manager with Security Clearance,1,19
Sr./Staff Software Engineer - Data Development Platform,13,6
"Sr Product Manager I, Data Management",7,44
Neighborhood Branch Leader - NMLS,10,39
Salesforce Data Specialist,21,5
GC001DE2 - Mid Level Database Engineer - Cleared,6,28
Senior DataOps Engineer I,6,34
Oracle Data Warehouse and BI Analyst,5,39
Research Data Management Specialist - Public Health Sciences,21,5
EHS Data Analyst [AA-13469],5,21
Master Data Management (MDM) Architect,29,53
Database Marketing Campaign Manager,7,50
Laboratory Supervisor (Second/Evening Shift) Board Certified MT or MLT,11,29
IBM DataPower and ESB Administrator,19,30
Data Center Security Manager,15,2
Software Engineer and MLOps Internship Summer 2024,16,6
Software Engineer III - AWS Big Data,16,17
"Senior Manager, Data Science Solutions",18,1
Data Analysis Specialist - Mental Health 135,21,56
Senior Data Center Facility Manager,15,2
Assistant Professor (Data Science),18,54
"Sr. Manager, Agile R&D Process and Data Intelligence",7,3
Program Manager (Data Management),7,53
Software Engineer (ML Platform),13,6
Senior Data Scientist - Operations Research,2,8
"Big Data Engineer (Day 1 Onsite)/ Chandler, AZ",10,17
"SENIOR SYSTEMS ENGINEER – ETL, Data Bricks, Kafka, Informatica",6,27
Datacenter Support Admin - 5151480,0,20
Sr Bus Intel Data Architect,29,31
DER Data & Connectivity Technical Leader,10,39
Collection Data Manager,7,3
Data Center Energy Marshal 4,15,2
senior data architect - Hybrid,29,31
Staff Technical Program Manager - Data Strategy,7,3
Operational Risk Analyst II/III (Data Governance),23,38
Dynamics 365 CE Business Analyst (Remote) [NTT DATA],25,23
Lead Equip/Rolling Stock Data Analyst - 90371568 - Wilmington,27,58
Config Data/Doc Control D - TROLLING,10,39
Sr. Manager Data Engineering - Enterprise Data Foundation,7,22
Tech Consulting - AI & Data - Financial Services - Data Architecture & Engineering - Manager,7,47
Summer 2024 AI/ML Software Development Co-op / Intern,0,12
PRN Data Analyst Quality PMAH,28,57
IS Data Consultant,10,15
"Data Engineer -Los Angeles, CA",6,36
"Senior Data Manager, TS/SCI with Polygraph",7,42
Configuration/Data Management Analyst with Security Clearance,1,19
Electronic Data Interchange (EDI) Business Analyst,25,55
Senior SQL Data Developer,17,9
Data Bricks Implementation Specialist,21,5
Engineering Manager - Data Platform (Vancouver),13,22
"Superintendent - Data Center - Clarksville, TN",15,2
Marketing Manager- Data Enablement and MarTech,7,50
Sr MLOps Engineer with Azure Exp Dallas TX (onsite Role),10,39
Product Manager - Data as a Service,7,44
Employee Data Support Specialist,21,5
"Medical Technologist or MLT, Days",20,33
Expert Data Engineer,6,36
Data Management with Security Clearance,1,19
Manager - Business Data (Medicaid EDI),25,55
"Sr. Software Engineer, Data Infrastructure, Cell Manufacturing",16,6
Data Center Services Electrical Commissioning Engineer II,15,2
Generic:  Data Manager,7,3
Senior Data Scientist (hybrid),12,40
Data Analyst and General Consultant,5,15
Database Manager/Administrator PL/SQL,19,30
Tableau Python Bigdata Developer,17,0
Datacenter Facility Manager,0,20
Senior Construction Project Manager - Data Center,14,24
Quality Control Data Reviewer,28,57
Data Management Business Analyst,25,55
Senior SSIS/ETL Data Engineer,6,34
"Staff Software Engineer, Data Bridge",16,6
"Manager, Data Analytics, NY",8,51
BSA/AML Quality Control Analyst II,28,57
Project Manager 4 - Data Governance Project (HYBRID),23,24
"Sr Software Dev Engineer, Network Data Modeling Services",16,6
DataPower Admin,10,39
"Mls Coordinator in Norcross, GA, USA",10,39
Senior Software Engineer-Database Engineer,16,6
"Data Quality Engineer -- 1 year contract -- Dallas, TX (Day 1 Onsite)",28,57
Senior Steward- Data Governance/Data Catalog,23,38
Data Architect/Team Lead with Security Clearance,1,25
QA AI/ML Test Lead,3,12
"Senior Software Engineer-Storage, Data Plane and C++",16,6
"Medical Technologist or MLT, Nights, Part Time",20,33
Database Engineer 2 w/ Microsoft SQL,6,28
Data Engineer/Senior Data Engineer - Federal,6,34
"Senior Software Engineer, Machine Learning Infrastructure",24,14
Senior Consultant in Non-SQL Distributed Databases for the Joint Development of Project FuSSE with the Bank for International Settlements Innovation Hub,10,15
NJDHS-CO Database Architect #: 19-02681,29,28
RF Machine Learning Performance Bounds Fellowship,24,14
Regional Data Systems & Research Specialist - Behavioral Health 396,21,5
Quality Assurance/Data Integrity,28,57
"Director, Domain Architect – Data & Analytics",29,31
Senior Software Engineer (Python/Data Pipelines),16,6
Bilingual Senior Data Analyst (Spanish),9,48
Sr. Data Manager,7,59
Data/Configuration Management Analyst Specialist,21,53
"Assistant/Associate Professor of Health and Exercise Science - Sports Data Analytics (Athlete Performance), Tenure Track",18,54
"Senior Machine Learning Engineer, Perception - Autonomous Vehicles",24,14
Teamleiter Logistik DACH (w/m/d/x),10,39
"Assistant Professor, Computational Data Science and Engineering",18,54
Auditor/a Interno/a / Data Analytics,8,51
Medical Technologist MT/MLT Per Diem 12-Hour Night Shift / Berlin & Camden,20,35
Sr. Cloud Data Infrastructure Engineer,6,59
Sr Manager Data Integrity,7,3
Electrical Project Manager – Data Center Construction,14,24
Sr Analyst - Data Products,5,59
Senior Data Loss Prevention Analyst,5,48
Sr./Lead Data Platform Engineer,13,58
Senior Lead Data Science Consultant - Conduct Analytics and Reporting,8,15
"Data Analytics Manager - Hybrid to Olympia, WA",8,51
Senior Data Intelligence Manager - Walmart Connect,7,3
"Database Engineer, Lead Team",27,25
BSA/AML Compliance Specialist I,21,5
RSCH DATA ANL 1 (Research Data Analyst) - 63346,5,8
Partner Attorney/Of Counsel - Data Privacy & Cyber Security,23,52
Medical Technologist/MLT (Traveler) | Fishers IN 46037,20,33
MLTC-Nurse Care Manager- Bilingual Russian (Brooklyn Office),9,39
Data Consultant (Data Governance),23,38
AML Financial Crimes Analyst,5,47
"Data Science Manager, Generative AI",18,1
Facilities and Data Center Technician IV,15,2
Master Material Data Specialist,21,5
Supervisor Treasury Database - St. Mary's Hospital Troy NY - FT Days,10,29
"Senior Splunk Engineer with Spark (BigData)--Reston, VA (Day one onsite)",10,39
Assistant Professor - Data Science,18,54
"Sr Data Scientist - Recommendations (Applied ML, Deep Learning, Relevance Systems)",3,27
Data Engineering Manager - Data & Machine Learning Platform,13,22
Data Engineer III with Security Clearance,1,19
"Staff Data Engineer, Quality Data Analytics & Systems",28,57
Machine Learning Research Scientist with Security Clearance,1,19
21st CCLC Data Clerk STEAM (Year 1),10,39
Transportation Planner & Data Scientist,12,40
"Associate Director, Commercial Data Engineering",10,37
Research Analyst (Data Scientist II) with Security Clearance,1,19
"Staff Industrial Engineer, Data Analytics",8,51
"Senior Data Science Engineer, LLM MLOps Platform",13,1
"Scientist, Data Science - Drug Discovery and Cellular Modeling",18,1
Senior Project Manager 4 - Data Governance Project,23,24
"Senior Project Manager - Data Centers, Mission Critical",7,24
"Senior EHS Manager (Data Center Construction) in East Windsor, NJ, USA",14,2
"Manager, Data Scientist - Card Generative AI Systems",7,27
"Data Scientist II, Middle Mile Transportation",12,40
"Pre-Construction Manager, Virginia Data Center Construction",14,2
"Big Data Technologist (Hadoop, Java, Python, Scala, Spark, AWS, HDFS",10,17
"Registered Nurse (RN), Research & Data Analyst",10,8
Senior Lead Software Engineer - Data Modernization,16,6
"Medical Data Analyst at Alameda, CA",5,21
Senior Data Scientist - Marketing Science,18,50
Clin Research Data Mgr,10,8
Senior Datacenter GPU Power Architect,0,20
Senior Auditor/Audit Supervisor - Data Quality and Analysis,28,57
Network Engineer with Data Center,15,2
"Public Health Advisor I - Data Entry Unit , Bureau of School Health",22,10
Senior Electrical Project Manager - Data Center -Chicago 1,15,24
Senior Scientist – ML/AI,3,12
Data Analyst - Senior with Security Clearance,1,19
"Manager, Data Science - Retail Bank",18,1
Senior Data Scientist - Autonomous Mobility & Delivery,12,40
"Sr. Program Manager Data INFRA, Acting On Behalf of Sellers (ABS) Data Inffrastructure",7,3
Senior Machine Learning Engineer - Auto-labeling / Active Learning,24,14
Medical Technologist - Microbiology (MT/MLT/MLS),20,35
"Associate Manager IT, Vendor, MOR, Product & Material Data Owner, Kohler Energy",7,44
Medical Technologist/Medical Lab Scientist (MT) (MLS) Senior - CMH Lab,11,45
IT Manager Data Governance,23,38
Lead Medical Technologist/Lead Clinical Laboratory Scientist/Lead Medical Laboratory Scientist (MT/CLS/MLS) - Coagulation,11,11
Cientista de Dados Sênior | Data & AI,3,12
Google Cloud Platform Data Engineering Manager,13,22
Volunteer: Data Entry - Bay Area Cancer Connections,26,16
Senior Data Projects Analyst,5,48
Founding ML Engineer,3,12
Senior Data Scientist II,12,40
Research Fellow-Acute Myeloid Leukemia (AML),10,8
Data Manager/Library Lead (21155),27,58
Material Master Data Coordinator,10,39
"Data Engineer II, Physical Stores Strategic Insights (PSSI)",10,39
Data/Software Engineer II/III,16,4
Data Architect/ AZURE DATA BRICKS 'W2',29,31
Data Management Software Engineer,16,6
"Senior Staff Software Engineer, Google Cloud Data Management",16,6
IT Business Intelligence & Data Analyst II,25,55
"Distinguished Engineer, Enterprise Data Platforms - Data Creation",6,36
Volunteer: CrowdDoing Growth Hacking for Recruiting Big Data/Machine Learning Volunteers,26,16
Lead Machine Learning Engineer / Computer Vision,24,14
"Data Scientist, Senior with Security Clearance",1,19
Data Engineer - Snowflake,6,41
Lead Software Engineer – AI/ML Services,3,12
"Software Dev Manager III - Foundational People Data Services, Data Producer eXperience (DPX)",7,4
Senior Technical Product Manager - Code Data,7,44
Freelance Data Analyst,5,21
Operations Research Analyst/Data Scientist (Mid to Senior Level),2,8
"Manager, Marketplace Strategy & Operations (MLB, Resale 3rd Party)",2,32
Travel Clinical Lab Scientist/Medical Technologist (MT/MLT) - ASCP REQUIRED,20,35
"Manager, Data Science - Financial Services",18,47
"Senior Data Engineer, IT Enterprise Data Solutions",6,34
"Data Engineer IV, Day Shift, Information Technology",10,39
"Data Scientist - Tiktok Ads, Growth Marketing",10,50
Associate Director-Data Architect,29,37
MLO Branch Manager,7,3
General Foreman - Data Centers,10,39
"Sr. Scala Engineer, Database Engineering",6,22
Principal Machine Learning Engineer (Data Scientist - Wildfire),24,14
Telecom Superintendent Data Center Construction (Traveling),14,2
"Marketing Business Analytics Data Analyst, Marketing – Lakeland",25,50
Lead Data Scientist - Property & Casualty Insurance Pricing,27,58
Application Developer III - (Surge Team BI – Data Engineering Team),17,25
OPERATIONS ANALYST-DATA AND PROJECTS - 54064,2,32
Quantitative Researcher - AI / ML,3,12
"Senior Data Analyst, Healthcare",5,49
DATABASE ARCHITECT 1470,29,28
Data Management Analyst - Entry Level,22,10
"Business Analyst with AML || New York, NY (Day1 onsite)",10,39
Database Analyst II,5,28
"Lead Bigdata Engineer//Bellevue, CA, NJ or Dallas. (hybrid)",27,58
Assistant Professor of Environmental Data Science (Tenure-Track),18,54
"Associate Director, Data Enablement",10,37
IT Data Engineer,6,36
Sr. Data Architect (ANKG23068),29,31
Data Center Business Development (Originator to Director),15,2
"Sr. Analyst, Data and Enrollment Planning, Medicine",5,59
Medical Technologist/MLT *SIGN ON BONUS!*,20,33
Senior Data & AI Engineer - Senior Data Scientist,12,34
Data Pipeline Engineer,6,36
"Category Manager, Data Center Sourcing & Procurement",15,2
Project Planner & Data Manager III,7,24
Data Manager Mid Level (20946),7,3
Senior Software Engineer - Data Platforms Integrations (Remote),16,23
Database&Campaign Operations Manager,2,32
Network  Data Center Support,15,2
Enterprise Data and Analytics Project Manager,8,24
AML Operations Control Analyst - Bilingual (Spanish),9,39
Database Management Associate - Level 4,10,37
"Sr Staff Software Engineer, ML Accelerators",16,6
Senior Database Architect,29,28
Technical Lead (Java/XML),27,58
Senior Logging Geologist-INSITE Specialist -Surface Data Logging,21,5
Tax Data Analyst - Business Tax Advisory - Quantitative Services - Manager - Mult Pos - 1455012,10,39
Cancer Clinical Research Project Manager – Data Quality,28,24
Sr Business Systems Analyst – Pharmacy Data Analytics & Compliance,25,27
Data Analyst -Power Bi Developer,17,9
Data Manager (Mid),7,3
"Senior Software Engineer, Growth Data Engineering",16,6
Senior Data Links/Network Engineer,6,34
Data Center Tech,15,2
Salesforce CRMA Data Architect / Data Engineer - Analyst,29,31
Capital Equipment Procurement Manager - Data Centers,7,3
IT Business Data Analyst,25,55
Senior ML Data Researcher,3,12
Data Center Operations Manager-Washington DC,2,32
"Sr. Data Scientist - Irving, TX - Onsite - 10+ years - Python coding test is mandatory",10,39
Data Center Training Manager,15,2
Volunteer: Medicinal Foods-Data Engineering/AWS,26,16
Machine Learning Data Scientist - Python / R | Clearance Requ... with Security Clearance,1,19
"Bioinformatician Data Analyst, Pulmonary",5,21
RDA2 (RSCH DATA ANL 2) - 62923,5,21
"Senior Staff Data Scientist, Research",12,8
Senior IT Database Administrator,19,30
Data Migration Lead,27,58
"Cartographic Analyst (Feature Data Production-Journeyman) NGA - Washington, 2nd Shift",10,39
Senior Data Engineer (Ruby on Rails),6,34
Senior Data Scientist (Department of Medical Ethics),12,40
Sr Tech Lead-Data Engineer-Healthcare,27,49
Cloud Data Security Analyst,1,19
Volunteer: Data input,26,16
"Security Program Manager, Data Center Security, Global Amazon Dedicated Cloud Security Program Management Team",1,19
Data Scientist - Fulltime,12,40
Research Data Consultant,10,15
Sr. Data Scientist 4740,12,40
"Sales Representative, CoStar Data & Analytics - Orlando, FL.",8,51
Enterprise Data Warehouse (EDW) Manager,7,3
Local Health Data System Analyst,5,39
Quality Assurance Data Reviewer,28,57
Sr Database Developer (On-Site),17,9
Entry Level Business Analyst/Entry Level Data Aanalyst,22,10
Quality Data Specialist Registered Nurse RN at HCA Healthcare,28,49
Clinical Support Data Analyst Research Fellow,5,46
Jr Business Data Analyst,25,55
Quality Control Manager Data Center Construction (Traveling),14,57
Data Analytics/Business Intelligence Manager,25,51
Databricks Architect-ADF,29,26
BSA AML Analyst,10,39
Senior Big Data Engineer + Healthcare Exp(On-Site),6,17
Sr Database Engineer,6,28
Cmms Administrator/data Manager with Security Clearance,1,19
Architect - Data Architect - MS - Medicaid,29,31
"Staff, Data Modeler",10,13
Sr. Data Analyst (min 12 yrs+ exp) HYBRID (LOCAL Candidates highly preferred) (either Webcam or In-person interviews),10,39
Nurse Data Collection Specialist,21,5
"Principal Consultant, Data Governance (Principal Level)",4,18
"Senior Manager, Global Safety Data Management (Princeton, NJ)",7,53
Manager - Patient Data Governance,23,38
"Branch Manager NMLS 3 - Delavan, WI",7,3
Senior Database Engineer with Security Clearance,1,19
Medical Technologist (MT / MLT) - Core Lab - Middletown - Resource - Varied Shift,20,35
MEP Senior Data Scientist (Hybrid),12,40
Senior (AI) Data Engineer,3,34
Data Scientist II - Language Modeling and AI,9,40
"Senior Manager, MLE Strategy",7,3
Data Center Network Engineer,15,2
Volunteer: Photographer #MLK,26,16
Data Analyst/ Business Analyst,25,55
US Consumer Bank Data Analytics Analyst Graduate Program 2024 (Wilmington),8,51
Data Insights Manager,7,3
"Data Strategy, Manager – Enterprise",7,3
Marketing Data Analyst Sr.,5,50
Principal Product Data Analyst,4,44
Database & Stewardship Manager,7,28
Supervising Management Analyst (Fleet Data & Asset Management),10,53
"Sr Engineer - High-Performance Machine Learning (Python, HPC clusters, Kubernetes)",24,14
Operations Manager (Senior Data Analyst),2,32
"Manager, Data and Analysis",7,56
Senior Principal Instrumentation & Data Network Engineer,4,18
Vendor Master Data Analyst - Entry Level,22,10
"Supervisor,  Datacenter & Technology Services",0,20
"Sr. Clinical Data Manager, Shifamed",7,46
Technical Data Manager with Security Clearance,1,19
Chapter Lead - Data Hub,27,58
SR. Data Platform Engineer in IL,13,7
Datacenter Technician & Linux Support Agent,0,20
Healthcare Equity Data Analyst,5,49
ERP Master Data Specialist | Supply Chain,21,5
Sr. Data Scientist 4740 with Security Clearance,1,19
Sr. Java Engineer with Big Data Experience,6,17
Senior Scheduler (Data Center),15,2
Business Analyst- Metadata,25,55
Marketing Database/Campaign Manager - Borgata,7,50
Oracle Enterprise Data Management Consultant,10,15
"Senior Project Manager, Data Center",15,24
"Full Time Job Opportuity - Sr Python Developer / Data Engineer - Wilmington, DE (Onsite)",17,9
"Data Science Engineer, Team Lead",27,25
RESEARCH CONSULTANT: MOORED BUOY DATA ANALYST & DEVELOPER,17,8
ML Engineer Manager,3,12
Data Tech Lead,27,58
"Machine Learning Research Scientist, Principal",24,14
IT Manager - Cloud Data Engineering,7,22
"Senior Full-Stack Engineer (Frontend, Backend, Database)",6,28
Sr. Research Data Manager,7,8
"Senior Data Engineer, Solar",6,34
Senior Data Scientist - Remote,12,23
Senior Database Administrator (Onsite Opportunity),19,30
Analytics Engineer / Data Scientist GAEDSPA1223-ANA009718,8,51
Staff Data Operations Engineer,2,32
Data Center Technician L1,15,2
"Data Engineer II, Amazon Software Builder Insights (ASBI)",16,6
"ML Compiler Software Engineer, Autopilot AI",3,12
Data Engineer Johnston IA Onsite position,6,36
IT Delivery Manager – Data and AI Services,7,3
"Manager, Data Infrastructure",7,3
Senior Research Data Scientist,12,8
Machine Learning Research Scientist - Atlas Perception,24,14
"VP Engineering, Data Platform",13,22
Staff Software Engineer - Data Platform,13,6
Project Scheduler- Data Centres -Traveling,10,24
"Sr Data Analyst GovCon (Alexanderia, VA)",5,59
Superintendent Data Center Construction,14,2
Data Analysis Manager,7,56
Assistant Professor (Cybersecurity/Data Privacy),23,54
Senior Software Architect - Data Center Systems,16,27
Journeyman Data Science Manager,18,1
Big Data Solution Architect,29,17
"Data Engineer-junior -northern, Va with Security Clearance",1,19
Data Operations Manager II,2,32
"Supervisor- Quality Control, Data Review",28,57
"Datacenter Engineer, Infrastructure Network Engineering",0,20
Data Governance Manager - Data Quality,28,38
Data Architect (Mortgage -Claims),29,31
ARCHITECTURE SENIOR TECH LEAD (PLATFORM & DATA SOLUTIONS) - AWS (HYBRID),13,58
PERFORMANCE EXECUTIVE CHEF - Washington Nationals MLB - Washington DC,10,39
Research Data Manager,7,8
Community Partnership Liaison PFMLIA Employee-Hybrid #231212-6500VR-001,10,39
"Cyber Tools and Database Administrator, Senior with Security Clearance",1,19
Business Analytics / Data Scientist (2023-0258),8,51
Data Support Manager at North Carolina - A2Zxperts,7,3
"Senior Data Scientist, Product",12,44
Data Scientist - Systematic Equities,12,40
Data Auditing Assistant,10,54
Advisor (Aviation Data Analyst Lead),27,58
Data Entry Operations Supervisor,22,29
Data Processor (Hourly),10,39
"Global Product Manager, Data Analysis & Simulation",7,56
Remote Sr. Data Analyst - Healthcare insurance,5,49
Expert Data Architect with Security Clearance,1,19
AML Compliance Specialist,21,5
Med Lab Technologist MLT MT,20,35
"Fraud Data Scientist, Senior with Security Clearance",1,19
"Teamleiter:in Finance Administration in der Logistik (m/w/d) in Nuremberg, Deutschland",10,39
Data Labeling Quality Specialist - Commercial,28,57
Senior Project Manager Data Center,15,24
BUSINESS ANALYST with Electronic data interchange EDI @Remote MST,25,23
Data Solution Architect,29,31
"Client Relationship Manager, Data Coordinator - Cristo Rey Jesuit Seattle",10,39
Oracle Exadata with Data analysis,10,56
Statistician/Data Scientist Pharmaceutical,12,40
Data Quality Business Systems Analyst,28,57
Databricks SME,10,26
"Senior Software Development Engineer, MADS - Measurement and Data Science",16,6
Manufacturing Engineer - Chamberlain Machine LLC,24,14
"Sr. Data Scientist, Charging Data Modeling",12,40
"Manager, SAP BI and Data Analytics",8,51
Cloud Data Platform Administrator,13,30
Strategic Buyer/Data Analyst,5,21
Senior Data Scientist - Measurement,12,40
"Senior Software Engineer, Full Stack (Enterprise Data)",16,6
Solution Marketing Manager – Data & AI,7,50
Senior Big Data Engineer -US,6,17
Data Center Operations Manager-Houston Texas,2,32
"Staff Data Engineer (Bangkok based, relocation provided)",10,39
Principal Database Architect - Information Technology,4,18
Data & Evaluation Manager in Planning and Development,7,3
"Project Manager, Data Center",15,24
Primarily Remote Mid-Senior Data Analyst (Alexandria VA),5,23
Medical Technologist (MT/MLT) - Lab - Hamilton - Resource - Varied Shift,20,35
"Senior Structural Engineer/Analyst GTSTRUDL, ML2",6,34
Manager - Vendor Master Data Refinery,7,3
Senior Risk Manager - Anti-Money Laundering (AML),7,3
#23-078 Senior Research & Data Analyst,5,8
Senior Infrastructure Engineer/Database Architect,29,28
Cybersecurity Signature Implementer/Data Security Analyst II,1,19
Database Developer (SQL),17,9
"W2 - Job opportunity  SAP HCM Masterdata & Integration Sheboygan ,  Wisconsin",10,39
Medical Data Manager,7,3
IT Business Intelligence & Data Analyst III,25,55
MLR/Veeva Coordinator,10,39
Data Architect (SOUTHCOM),29,31
Medical Technologist MT/MLT Part-time 2nd Shift - Micro / Voorhees,20,33
"Sr. Manager, Data Engineering",7,22
Quantitative Researcher - Big Data,10,17
Informatics RN (Quality Data Analyst),28,57
Data Centre Technician (Alabama/Arizona/New York/New Jersey - Onsite),10,39
"Staff Machine Learning Engineer (Bangkok based, relocation provided)",24,14
Senior Data Product Manager,7,44
Supervisor Core Lab (MLT/MLS),11,45
Configuration/Data Manager,7,3
"DATA ENGINEER II, AWS Training and Certification - Data Engineering",6,22
Data engineer ( Hadoop+Java),6,36
Sr Site Reliability Engineer - DataBase Focus - FedRamp,10,28
"Manager, Digital Quality & Data Integrity",28,57
Data Science Engineer Internship Summer 2024,18,1
Electrical Project Manager – Data Centers,7,24
Senior Software Engineer- Data Privacy,16,52
Data Integrations Manager,7,3
Senior Program Planner - LMLS Scheduling - Level 3,10,39
"Senior Data Scientist, Growth",12,40
Construction Superintendent - Data Center - Indianapolis,14,2
sr. MLops engineer,6,59
Traveling Superintendent - Data Center Projects,15,2
"Vendor Master Data (Must Have SAP, Audit & VMD Exp)",10,39
Database Administrator Sr with Security Clearance,1,19
Data Policy Advisor,10,39
"Manager, Data for Evaluation, Learning & Strategy",7,3
Cloudera Data Platform – Application Architect,13,31
"Volunteer: Project Manager Data Science Foods & Herbs for Stress,sleep & anxiety at CrowdDoing",26,16
"In House Counsel Jobs New York | JDHuntr 55845 Counsel, Data Security, Los Angeles, CA",10,39
"Senior Data Scientist, Forecasting",12,40
Business and Data Analyst with Security Clearance,1,19
Talent and Data Strategist,5,21
Clinical Research Data Operations Supervisor,2,29
Application Manager- Data Warehouse (Hybrid),7,3
Project Architect - Data Center/Mission Critical,15,24
Healthcare Data Analyst - SME,5,49
"Sales Representative, CoStar Data & Analytics - Pittsburgh, PA",8,51
Academic Liaison - MLK Jr Middle School Beacon,10,39
Market Manager Private Wealth - MLO,7,3
Data Architect / BI Developer,17,9
Senior/Lead Data Engineer - DataBricks,27,26
AI/ML Data Scientist Consultant,3,12
"Of the Practice and Clinical Professor Positions, Faculty of Computing & Data Sciences",10,39
1061736|Manager - Big Data Consultant|Analytics|Analytics|EXL Datasource|EXL Datasource|Analytics||Manager|Analytics,8,51
"Senior Data Engineer, New York, Hybrid",6,34
"Sr. Product Manager, Data & Analytics Platform",13,44
Senior Navy Logistics Data Analyst with Security Clearance,1,19
Manager Data Center Operations (Sterling R),2,32
"Director of Engineering, ML Platform",13,22
Part-Time Instructor: Data Analytics and Data Science,18,1
Test Data Management (TDM) Engineer,6,53
"Marketing Analytics Data Analyst – GIS, Marketing – Lakeland",8,50
Data Privacy and Technology Transactions Attorney / DC 20005 3072,23,52
"Senior Data Scientist, Analytics & Insights",8,51
"Engineering Manager, Datacom - Power",7,22
Summer 2024 Data Science Co-Op/Intern,0,1
Asset Manager - Insurance Company CMLs,7,3
"Sales Representative, CoStar Data & Analytics - Detroit, MI",8,51
Project Manager-Data Governance Project,23,24
Senior Scheduler - Data Center Construction (Anticipated Opening),14,2
Research Data Supervisor II (Hybrid),10,29
"(Senior) Research/Data Analyst, Housing Center",15,8
Configuration Data Management Manager,7,53
"MLS Manager (Geographic Information Systems (GIS) Manager, Grade M3",7,3
Data and AI Practice Leader,3,39
"AI and ML Research and Development Technologist, Lead with Security Clearance",3,12
Senior Staff Data Scientist - Activision Blizzard Media,12,40
Senior Revenue Cycle Data Analyst - Patient Accounting (On Site),10,39
Manager Paper Product Data Stewardship,7,44
Registered Nurse (RN) Data Specialist - Stroke Program,21,5
Senior Bioinformatics Research Scientist- Data Scientist,12,40
ML Compiler Backend Engineer,3,12
Actuarial Data Operations Analyst/Manager,2,32
Lab/Medical Technologist - MT/MLT II (231128_OH),20,35
Senior Research & Evaluation (Data Specialist),21,5
PRINCIPAL DATA ARCHITECT,4,18
"Sr. Technical Product Manager, Technical Data Platforms (R38389)",7,44
"Sr Data Steward, Enterprise Data & Analytics",8,51
"Client Relationship Consultant (Banker) NMLS, Sherwood, OR",10,15
Senior Data Protection Engineer,6,34
Product Manager (AIML),7,44
Lead Master Data Analyst,27,58
"Looking for Senior Azure Data Engineer -Jersey City ,NJ (HYBRID) - Full-time",10,39
"NAVAIR Data Manager, Journey - Ability to Obtain Secret Clearance",7,3
"VISS/AXIS AI Developer - (AI modeling, Data Engineering, X-Ray imaging) - Kentucky (BOSK) - R974",3,12
Data Architect with Retail Domain,29,31
"Data Engineer II, Analytics & Data Management",8,51
Datadog Architect,29,31
Computing Architect (SAP Data Analytics),29,31
Data Scientist/ Sr. Data Scientist - (CPG),12,40
Lead Data Analytics Consultant,8,15
Lead Quality Data Analyst,28,57
Manager of Provider Data Integrity,7,3
Medical Technologist I (MLT) - Greater Boston,20,33
Craft Data Systems Administrator,19,27
Energy Trading Data Scientist m/f/t,12,40
Data Product Line Owner,10,44
Medical Technologist Microbiology: MT/MLT/MLS/BS Biology or Chemistry. 40 hr/wk 2nd shift,20,35
Machine Learning Practice Lead,24,14
Assistant Professor -TT - Signal Processing & Machine Learning,24,54
Datacenter Support Admin - 5148406,0,20
Sr Real Estate Data Analyst,5,59
Hybrid - Data & Analytics Manager (Information Technology Manager 1),7,3
Project Management Team Lead - Data Center and Capacitors,27,25
Strategic Planner with data analytics background,8,51
Data Architect- DQS,29,31
GCP Data Lead (Hybrid),27,58
Senior AWS Solutions Architect - Data warehouse (FT),29,31
Machine Learning Scientist - Sr. Consultant level,24,14
Data Engineer-locals,6,36
Solutions Architect - Data Engineering,29,22
"Configuration & Data Manager - Wright-Patterson AFB, OH with Security Clearance",1,19
"Senior Software Engineer, Data Science",16,6
RN- Minimum Data Set (MDS) Nurse- Miller Pointe - FT Days,10,39
MLTC Coordinator (Full Time w/ Benefits),10,39
Master Data Manager Job,7,3
C2C - Data Manager,7,3
Loan Data Integrity Analyst,5,21
"Senior Manager, Data & Tech",7,3
"NAVAIR Data Manager, Senior - Ability to Obtain Secret Clearance",7,3
Medical Laboratory Technologist (MT/MLT) PRN,20,35
Senior Business Systems Analyst - Data Analytics,25,27
Principal/Sr. Engineer Systems Test (Data Acquisition Engineer) with Security Clearance,1,19
Application Architect Data Modernization,29,31
"Staff, UX Designer - Data Ventures",10,39
Data Center Support Specialist,21,5
OVERDOSE DATA TO ACTION PROGRAM MANAGER,7,3
"Looking for AWS Lead Data Engineer - Atlanta, GA - Full Time/Contract",10,39
"Position - Data Engineer: III (Senior) - Dallas, TX (Only Local Candidates on W2)",10,39
SDA Data Systems Acquisition Program Manager with Security Clearance,1,19
"Data Center Construction Project Manager in Portland, OR, USA",14,24
Family First Program Data Assistant- School of Social Work,10,39
Data Architect SME (Master) with 16+yrs exp as SME in complex enterprise level projects(Webcam/In person interviews)(Hybrid),10,39
Senior Data Scientist (Biostatistics and Bioinformatics Core (BBC),12,40
Senior Internal Auditor (Data Analytics SME),8,51
Program Manager - Data Center GPU Automation,15,3
Data Engineering Manager with Security Clearance,1,19
Manager AML/KYC,7,3
Software Engineer 3 - Docker/MongoDB/JavaScript/Git/Linux/HTML,16,6
SR ANALYTICS DEVELOPER/ Data Engineer----ONLY LOCALS TO NY-PA-NJ,17,51
Principal Data & Analytics Governance Analyst,4,38
"Data Engineer II, Amazon",6,36
Medical Technologist (MT or MLT) Lab Full Time Nights,20,35
Sr Data Science and Analytics Engineer,18,1
"Project Manager 4 - Data Governance Project - Richmond, VA",23,24
ERP Senior Business Analyst - Master Data Management,25,53
"Principal Machine Learning Engineer, ML Training Platform",13,14
Data Analytics and IT Service Solution Sales Consultant,8,15
"Food Service Worker Lead - Walmart-144-Fayetteville, AR (MLK BLVD)-Dunkin",27,58
Senior Data Analyst - Hedge Fund,5,48
Snr. Data Analyst (Remote),5,23
Staff Data Scientist - LLM,12,40
"Lead Software Development Engineer, Data Tech & Cybersecurity",16,6
Construction Project Manager - Data Center/Semiconductor,14,24
MEP Coordinator - Data Center Construction,14,2
Data Analyst I - HYBRID,5,21
PRN Medical Lab Scientist (MLS)/Medical Technician (MLT),11,45
Machine Learning Developer (Java),24,14
Data warehouse Architect,29,31
"Senior Data Scientist, Pre-Clinical Drug Discovery",12,46
"Academic Prog. Dir., with Open Rank NTT position in Data Sci.",10,39
"Technical Product Manager, Data Science",18,44
Technical Manager - CX - Data Center Construction,14,2
"Senior Manager, Fraud Data Analytics",8,51
Data Center Engineer - Pittsburgh,15,2
Product Data Management Financial FIT Cleanup Consultant,10,47
SQL Database Administrator / Report Writer,19,30
"Senior Product Manager, Data and Analytics, Adobe Firefly",8,44
ML Data Science Engineer,18,1
Accounts Payable (CSR / Data Entry),22,10
"Principal Data Scientist, Community",4,18
"Adjunct Faculty, Data Science",18,1
"Assistant Professor, Statistics and Data Science",18,54
Product Manager Ecommerce / Retail / AI/ML,3,12
"ML Infrastructure Engineer, Autopilot AI & Tesla Bot",3,12
Manager Data Center Operations (Carrollton),2,32
Data Analyst - BI,5,21
Senior Engineer (Technology - Data Engineering),6,22
Data Engineer Intern,6,36
Part-Time Data Processor,10,39
DATA MANAGER WITH CLINICAL SAFETY,7,46
"Computational Research Scientist III, Physiological Data Modeling",12,8
"Software Engineer, Senior Staff - AI/ML Workloads",3,12
Solution Data Architect (Security),29,31
Manager Global Master Data,7,3
BSA/AML Compliance Manager,7,3
Volunteer: Data Entry: Help Us Share Our Success,26,16
Per Diem Radiologic Technologist - MLK Community Hospital,10,39
ML Accelerator - SystemC or TLM exp,3,12
Database Architect( TS/SCI),29,42
"Construction Superintendent - Data Canter - Clarksville, TN",14,39
Data Processor,10,39
"Senior Manager, Data Pipeline Developer",17,9
Enterprise Architect-Data and Analytics - US,29,31
Technical Solutions Architect - Data Analytics and Artificial Intelligence - Tax Technology,10,39
2023-2024 Manager of Data and Technology,7,3
Senior Project Manager - Data Center,15,24
Transportation Data Team Lead,27,25
"Associate Director, Data & Specimen Governance at Bristol Myers Squibb",23,37
Senior Data Scientist - Statistics,12,40
"Direct Client - Data Center Systems Admin (Hardware,  OS Support / Patching – Retail Systems)",10,27
Data Entry Clerk - Excel,22,10
Corporate AML Alert Investigation Specialist,21,5
"Medical Technologist, MLS or MLT",20,33
