state,year,month,unemployment_rate,employment,labor_force
Alabama,2015.0,1.0,6.2,2033561.0,2166864.0
Alaska,2015.0,1.0,6.3,339969.0,362704.0
Arizona,2015.0,1.0,6.4,2893441.0,3090768.0
Arkansas,2015.0,1.0,5.5,1258688.0,1331412.0
California,2015.0,1.0,6.8,17534241.0,18818212.0
Colorado,2015.0,1.0,4.1,2692237.0,2807587.0
Connecticut,2015.0,1.0,6.0,1798490.0,1912878.0
Delaware,2015.0,1.0,5.0,435087.0,458015.0
District of Columbia,2015.0,1.0,7.3,351723.0,379620.0
Florida,2015.0,1.0,5.9,8985862.0,9547419.0
Georgia,2015.0,1.0,6.5,4433176.0,4739013.0
Hawaii,2015.0,1.0,3.8,654379.0,680210.0
Idaho,2015.0,1.0,3.9,758658.0,789286.0
Illinois,2015.0,1.0,6.1,6132193.0,6530801.0
Indiana,2015.0,1.0,5.4,3071983.0,3246591.0
Iowa,2015.0,1.0,3.9,1641989.0,1708406.0
Kansas,2015.0,1.0,4.3,1433010.0,1497763.0
Kentucky,2015.0,1.0,5.4,1880712.0,1987156.0
Louisiana,2015.0,1.0,6.7,2023380.0,2169690.0
Maine,2015.0,1.0,4.9,661015.0,695333.0
Maryland,2015.0,1.0,5.4,2988575.0,3157724.0
Massachusetts,2015.0,1.0,5.2,3445330.0,3632559.0
Michigan,2015.0,1.0,6.0,4478524.0,4764774.0
Minnesota,2015.0,1.0,3.8,2886685.0,3002256.0
Mississippi,2015.0,1.0,6.8,1164541.0,1249462.0
Missouri,2015.0,1.0,5.6,2874992.0,3046324.0
Montana,2015.0,1.0,4.3,495156.0,517396.0
Nebraska,2015.0,1.0,2.9,983736.0,1013018.0
Nevada,2015.0,1.0,7.4,1286014.0,1389305.0
New Hampshire,2015.0,1.0,3.8,721759.0,750638.0
New Jersey,2015.0,1.0,6.3,4307181.0,4599138.0
New Mexico,2015.0,1.0,6.5,879963.0,940698.0
New York,2015.0,1.0,5.7,9153255.0,9705061.0
North Carolina,2015.0,1.0,5.7,4412586.0,4680763.0
North Dakota,2015.0,1.0,2.6,405169.0,416126.0
Ohio,2015.0,1.0,5.2,5440311.0,5737312.0
Oklahoma,2015.0,1.0,4.0,1740647.0,1813648.0
Oregon,2015.0,1.0,5.8,1844099.0,1958638.0
Pennsylvania,2015.0,1.0,5.5,6087410.0,6444939.0
Rhode Island,2015.0,1.0,6.5,529233.0,566321.0
South Carolina,2015.0,1.0,6.4,2089533.0,2233242.0
South Dakota,2015.0,1.0,3.2,435204.0,449519.0
Tennessee,2015.0,1.0,6.1,2879087.0,3065281.0
Texas,2015.0,1.0,4.5,12413821.0,13005030.0
Utah,2015.0,1.0,3.5,1392252.0,1443189.0
Vermont,2015.0,1.0,3.7,340483.0,353493.0
Virginia,2015.0,1.0,4.7,4037511.0,4237002.0
Washington,2015.0,1.0,5.6,3323383.0,3519204.0
West Virginia,2015.0,1.0,6.4,744197.0,795082.0
Wisconsin,2015.0,1.0,4.7,2947348.0,3093599.0
Wyoming,2015.0,1.0,4.0,289817.0,302001.0
Alabama,2015.0,2.0,6.1,2036524.0,2169495.0
Alaska,2015.0,2.0,6.3,339800.0,362522.0
Arizona,2015.0,2.0,6.3,2898478.0,3093823.0
Arkansas,2015.0,2.0,5.4,1259787.0,1332284.0
California,2015.0,2.0,6.7,17560173.0,18826972.0
Colorado,2015.0,2.0,4.1,2693949.0,2808391.0
Connecticut,2015.0,2.0,5.9,1800235.0,1912990.0
Delaware,2015.0,2.0,5.0,435866.0,458674.0
District of Columbia,2015.0,2.0,7.3,351894.0,379593.0
Florida,2015.0,2.0,5.8,8995968.0,9552483.0
Georgia,2015.0,2.0,6.4,4434740.0,4737111.0
Hawaii,2015.0,2.0,3.7,655219.0,680652.0
Idaho,2015.0,2.0,3.9,760580.0,791359.0
Illinois,2015.0,2.0,6.1,6135825.0,6531408.0
Indiana,2015.0,2.0,5.2,3076931.0,3247085.0
Iowa,2015.0,2.0,3.8,1642043.0,1707615.0
Kansas,2015.0,2.0,4.4,1432269.0,1497519.0
Kentucky,2015.0,2.0,5.3,1879944.0,1985437.0
Louisiana,2015.0,2.0,6.7,2022376.0,2167248.0
Maine,2015.0,2.0,4.8,660850.0,694372.0
Maryland,2015.0,2.0,5.3,2992240.0,3160431.0
Massachusetts,2015.0,2.0,5.1,3445625.0,3630125.0
Michigan,2015.0,2.0,5.9,4482822.0,4763075.0
Minnesota,2015.0,2.0,3.8,2890005.0,3005497.0
Mississippi,2015.0,2.0,6.7,1168167.0,1252238.0
Missouri,2015.0,2.0,5.6,2878083.0,3048541.0
Montana,2015.0,2.0,4.3,496331.0,518398.0
Nebraska,2015.0,2.0,2.9,982946.0,1012312.0
Nevada,2015.0,2.0,7.3,1288563.0,1390782.0
New Hampshire,2015.0,2.0,3.8,722306.0,750753.0
New Jersey,2015.0,2.0,6.3,4310233.0,4599819.0
New Mexico,2015.0,2.0,6.5,879741.0,941207.0
New York,2015.0,2.0,5.6,9170153.0,9718246.0
North Carolina,2015.0,2.0,5.7,4417077.0,4686531.0
North Dakota,2015.0,2.0,2.7,404332.0,415394.0
Ohio,2015.0,2.0,5.2,5435824.0,5731526.0
Oklahoma,2015.0,2.0,4.1,1744211.0,1818867.0
Oregon,2015.0,2.0,5.8,1846491.0,1959179.0
Pennsylvania,2015.0,2.0,5.6,6090379.0,6448785.0
Rhode Island,2015.0,2.0,6.4,530218.0,566771.0
South Carolina,2015.0,2.0,6.4,2092926.0,2235851.0
South Dakota,2015.0,2.0,3.2,435277.0,449491.0
Tennessee,2015.0,2.0,6.0,2883222.0,3067489.0
Texas,2015.0,2.0,4.5,12412813.0,12996949.0
Utah,2015.0,2.0,3.5,1395382.0,1446330.0
Vermont,2015.0,2.0,3.6,340633.0,353453.0
Virginia,2015.0,2.0,4.7,4036591.0,4234354.0
Washington,2015.0,2.0,5.5,3328956.0,3523168.0
West Virginia,2015.0,2.0,6.5,743045.0,794759.0
Wisconsin,2015.0,2.0,4.7,2947687.0,3092455.0
Wyoming,2015.0,2.0,4.0,289615.0,301683.0
Alabama,2015.0,3.0,6.1,2038730.0,2171897.0
Alaska,2015.0,3.0,6.3,339561.0,362346.0
Arizona,2015.0,3.0,6.3,2903640.0,3097355.0
Arkansas,2015.0,3.0,5.4,1261263.0,1333305.0
California,2015.0,3.0,6.6,17587613.0,18838028.0
Colorado,2015.0,3.0,4.0,2696447.0,2809713.0
Connecticut,2015.0,3.0,5.8,1800921.0,1912140.0
Delaware,2015.0,3.0,5.0,436691.0,459436.0
District of Columbia,2015.0,3.0,7.2,352295.0,379763.0
Florida,2015.0,3.0,5.8,9008250.0,9560034.0
Georgia,2015.0,3.0,6.3,4437340.0,4736589.0
Hawaii,2015.0,3.0,3.7,656158.0,681108.0
Idaho,2015.0,3.0,3.9,762528.0,793573.0
Illinois,2015.0,3.0,6.0,6141482.0,6536364.0
Indiana,2015.0,3.0,5.1,3083199.0,3248870.0
Iowa,2015.0,3.0,3.8,1642145.0,1707029.0
Kansas,2015.0,3.0,4.4,1431738.0,1497293.0
Kentucky,2015.0,3.0,5.3,1878941.0,1983941.0
Louisiana,2015.0,3.0,6.6,2021504.0,2164327.0
Maine,2015.0,3.0,4.7,660558.0,693273.0
Maryland,2015.0,3.0,5.3,2996917.0,3163898.0
Massachusetts,2015.0,3.0,5.0,3445772.0,3627911.0
Michigan,2015.0,3.0,5.8,4487914.0,4763675.0
Minnesota,2015.0,3.0,3.8,2894084.0,3009713.0
Mississippi,2015.0,3.0,6.6,1171967.0,1255338.0
Missouri,2015.0,3.0,5.5,2881363.0,3050531.0
Montana,2015.0,3.0,4.2,497301.0,519291.0
Nebraska,2015.0,3.0,2.9,982371.0,1012006.0
Nevada,2015.0,3.0,7.3,1291256.0,1392287.0
New Hampshire,2015.0,3.0,3.7,722483.0,750431.0
New Jersey,2015.0,3.0,6.2,4314341.0,4600965.0
New Mexico,2015.0,3.0,6.6,879470.0,941739.0
New York,2015.0,3.0,5.6,9187558.0,9730674.0
North Carolina,2015.0,3.0,5.8,4421751.0,4693481.0
North Dakota,2015.0,3.0,2.7,403271.0,414498.0
Ohio,2015.0,3.0,5.1,5434385.0,5728534.0
Oklahoma,2015.0,3.0,4.2,1747012.0,1823690.0
Oregon,2015.0,3.0,5.7,1849561.0,1961126.0
Pennsylvania,2015.0,3.0,5.6,6095810.0,6454403.0
Rhode Island,2015.0,3.0,6.4,530920.0,567037.0
South Carolina,2015.0,3.0,6.3,2096610.0,2238395.0
South Dakota,2015.0,3.0,3.1,435380.0,449521.0
Tennessee,2015.0,3.0,5.9,2888465.0,3070631.0
Texas,2015.0,3.0,4.5,12414507.0,12994457.0
Utah,2015.0,3.0,3.5,1398739.0,1449776.0
Vermont,2015.0,3.0,3.6,340619.0,353266.0
Virginia,2015.0,3.0,4.6,4037220.0,4232923.0
Washington,2015.0,3.0,5.5,3334727.0,3528031.0
West Virginia,2015.0,3.0,6.6,742009.0,794694.0
Wisconsin,2015.0,3.0,4.6,2948476.0,3091803.0
Wyoming,2015.0,3.0,4.0,289372.0,301424.0
Alabama,2015.0,4.0,6.1,2040484.0,2173967.0
Alaska,2015.0,4.0,6.3,339383.0,362180.0
Arizona,2015.0,4.0,6.2,2909268.0,3101717.0
Arkansas,2015.0,4.0,5.3,1263225.0,1334305.0
California,2015.0,4.0,6.5,17616628.0,18848322.0
Colorado,2015.0,4.0,4.0,2700190.0,2811615.0
Connecticut,2015.0,4.0,5.7,1800501.0,1910119.0
Delaware,2015.0,4.0,4.9,437613.0,460259.0
District of Columbia,2015.0,4.0,7.1,353070.0,380227.0
Florida,2015.0,4.0,5.7,9023183.0,9569380.0
Georgia,2015.0,4.0,6.2,4440239.0,4735953.0
Hawaii,2015.0,4.0,3.6,657239.0,681613.0
Idaho,2015.0,4.0,3.9,764464.0,795780.0
Illinois,2015.0,4.0,6.0,6149640.0,6544294.0
Indiana,2015.0,4.0,5.0,3090897.0,3252300.0
Iowa,2015.0,4.0,3.8,1642018.0,1706203.0
Kansas,2015.0,4.0,4.4,1431866.0,1497182.0
Kentucky,2015.0,4.0,5.3,1877847.0,1982464.0
Louisiana,2015.0,4.0,6.5,2020626.0,2160724.0
Maine,2015.0,4.0,4.6,660181.0,692064.0
Maryland,2015.0,4.0,5.2,3002031.0,3167278.0
Massachusetts,2015.0,4.0,5.0,3446745.0,3626445.0
Michigan,2015.0,4.0,5.7,4494470.0,4766275.0
Minnesota,2015.0,4.0,3.8,2898454.0,3014026.0
Mississippi,2015.0,4.0,6.6,1175386.0,1257989.0
Missouri,2015.0,4.0,5.5,2885247.0,3051973.0
Montana,2015.0,4.0,4.2,497907.0,519870.0
Nebraska,2015.0,4.0,3.0,982306.0,1012259.0
Nevada,2015.0,4.0,7.1,1294093.0,1393710.0
New Hampshire,2015.0,4.0,3.6,722492.0,749781.0
New Jersey,2015.0,4.0,6.1,4319441.0,4601645.0
New Mexico,2015.0,4.0,6.7,879300.0,942216.0
New York,2015.0,4.0,5.5,9204589.0,9740242.0
North Carolina,2015.0,4.0,5.8,4427027.0,4700619.0
North Dakota,2015.0,4.0,2.8,402259.0,413654.0
Ohio,2015.0,4.0,5.1,5436356.0,5727608.0
Oklahoma,2015.0,4.0,4.3,1748825.0,1827272.0
Oregon,2015.0,4.0,5.6,1853504.0,1964359.0
Pennsylvania,2015.0,4.0,5.5,6104015.0,6461555.0
Rhode Island,2015.0,4.0,6.3,531331.0,566925.0
South Carolina,2015.0,4.0,6.2,2100758.0,2240573.0
South Dakota,2015.0,4.0,3.1,435586.0,449658.0
Tennessee,2015.0,4.0,5.8,2894532.0,3074122.0
Texas,2015.0,4.0,4.4,12420862.0,12997813.0
Utah,2015.0,4.0,3.5,1402347.0,1453518.0
Vermont,2015.0,4.0,3.5,340437.0,352923.0
Virginia,2015.0,4.0,4.6,4039414.0,4232210.0
Washington,2015.0,4.0,5.5,3340930.0,3533695.0
West Virginia,2015.0,4.0,6.7,741231.0,794714.0
Wisconsin,2015.0,4.0,4.6,2949987.0,3091466.0
Wyoming,2015.0,4.0,4.0,289115.0,301225.0
Alabama,2015.0,5.0,6.1,2040868.0,2174501.0
Alaska,2015.0,5.0,6.3,339207.0,361928.0
Arizona,2015.0,5.0,6.2,2914891.0,3106411.0
Arkansas,2015.0,5.0,5.2,1265338.0,1334929.0
California,2015.0,5.0,6.4,17643698.0,18852828.0
Colorado,2015.0,5.0,3.9,2704756.0,2813611.0
Connecticut,2015.0,5.0,5.7,1799142.0,1907097.0
Delaware,2015.0,5.0,4.9,438587.0,461075.0
District of Columbia,2015.0,5.0,7.0,353993.0,380770.0
Florida,2015.0,5.0,5.6,9039337.0,9578842.0
Georgia,2015.0,5.0,6.2,4443721.0,4735356.0
Hawaii,2015.0,5.0,3.5,658354.0,682114.0
Idaho,2015.0,5.0,4.0,766262.0,797796.0
Illinois,2015.0,5.0,6.0,6158683.0,6551834.0
Indiana,2015.0,5.0,4.8,3099232.0,3256839.0
Iowa,2015.0,5.0,3.7,1641329.0,1704780.0
Kansas,2015.0,5.0,4.3,1432655.0,1497110.0
Kentucky,2015.0,5.0,5.3,1876487.0,1980575.0
Louisiana,2015.0,5.0,6.4,2019193.0,2156254.0
Maine,2015.0,5.0,4.5,659760.0,690812.0
Maryland,2015.0,5.0,5.1,3006518.0,3169758.0
Massachusetts,2015.0,5.0,4.9,3447680.0,3624724.0
Michigan,2015.0,5.0,5.6,4502137.0,4769372.0
Minnesota,2015.0,5.0,3.8,2902062.0,3017178.0
Mississippi,2015.0,5.0,6.5,1178249.0,1259898.0
Missouri,2015.0,5.0,5.3,2889427.0,3052454.0
Montana,2015.0,5.0,4.2,498101.0,520065.0
Nebraska,2015.0,5.0,3.0,982672.0,1012908.0
Nevada,2015.0,5.0,7.0,1296756.0,1394779.0
New Hampshire,2015.0,5.0,3.5,722321.0,748830.0
New Jersey,2015.0,5.0,6.0,4324741.0,4600754.0
New Mexico,2015.0,5.0,6.7,879126.0,942410.0
New York,2015.0,5.0,5.4,9219213.0,9744552.0
North Carolina,2015.0,5.0,5.8,4432283.0,4706315.0
North Dakota,2015.0,5.0,2.8,401458.0,412965.0
Ohio,2015.0,5.0,5.0,5440072.0,5726888.0
Oklahoma,2015.0,5.0,4.3,1749307.0,1828834.0
Oregon,2015.0,5.0,5.6,1858192.0,1968414.0
Pennsylvania,2015.0,5.0,5.5,6113327.0,6468552.0
Rhode Island,2015.0,5.0,6.2,531461.0,566373.0
South Carolina,2015.0,5.0,6.1,2104903.0,2241910.0
South Dakota,2015.0,5.0,3.1,435854.0,449843.0
Tennessee,2015.0,5.0,5.7,2900641.0,3077173.0
Texas,2015.0,5.0,4.4,12429664.0,13004689.0
Utah,2015.0,5.0,3.5,1405887.0,1457187.0
Vermont,2015.0,5.0,3.5,340094.0,352438.0
Virginia,2015.0,5.0,4.5,4042017.0,4231145.0
Washington,2015.0,5.0,5.4,3347069.0,3539458.0
West Virginia,2015.0,5.0,6.8,740604.0,794426.0
Wisconsin,2015.0,5.0,4.5,2951990.0,3091078.0
Wyoming,2015.0,5.0,4.1,288812.0,301027.0
Alabama,2015.0,6.0,6.1,2040000.0,2173391.0
Alaska,2015.0,6.0,6.2,338950.0,361540.0
Arizona,2015.0,6.0,6.1,2919814.0,3110554.0
Arkansas,2015.0,6.0,5.1,1267143.0,1334831.0
California,2015.0,6.0,6.3,17665593.0,18848420.0
Colorado,2015.0,6.0,3.8,2709421.0,2815094.0
Connecticut,2015.0,6.0,5.6,1797091.0,1903378.0
Delaware,2015.0,6.0,4.8,439535.0,461824.0
District of Columbia,2015.0,6.0,6.9,354843.0,381214.0
Florida,2015.0,6.0,5.5,9055124.0,9586944.0
Georgia,2015.0,6.0,6.1,4447025.0,4734169.0
Hawaii,2015.0,6.0,3.4,659330.0,682503.0
Idaho,2015.0,6.0,4.0,767771.0,799382.0
Illinois,2015.0,6.0,6.0,6166066.0,6556268.0
Indiana,2015.0,6.0,4.7,3107195.0,3261547.0
Iowa,2015.0,6.0,3.7,1640132.0,1702889.0
Kansas,2015.0,6.0,4.2,1433791.0,1496942.0
Kentucky,2015.0,6.0,5.2,1874754.0,1978069.0
Louisiana,2015.0,6.0,6.2,2016752.0,2150797.0
Maine,2015.0,6.0,4.4,659278.0,689522.0
Maryland,2015.0,6.0,5.1,3009469.0,3170663.0
Massachusetts,2015.0,6.0,4.8,3447433.0,3621649.0
Michigan,2015.0,6.0,5.5,4510140.0,4771847.0
Minnesota,2015.0,6.0,3.8,2904003.0,3018332.0
Mississippi,2015.0,6.0,6.4,1180051.0,1260610.0
Missouri,2015.0,6.0,5.2,2893337.0,3051939.0
Montana,2015.0,6.0,4.2,498041.0,520020.0
Nebraska,2015.0,6.0,3.0,983255.0,1013724.0
Nevada,2015.0,6.0,6.9,1298919.0,1395265.0
New Hampshire,2015.0,6.0,3.4,721993.0,747698.0
New Jersey,2015.0,6.0,5.8,4329561.0,4597878.0
New Mexico,2015.0,6.0,6.7,878794.0,942102.0
New York,2015.0,6.0,5.3,9229744.0,9742165.0
North Carolina,2015.0,6.0,5.8,4436722.0,4709361.0
North Dakota,2015.0,6.0,2.8,400880.0,412415.0
Ohio,2015.0,6.0,4.9,5443078.0,5724503.0
Oklahoma,2015.0,6.0,4.4,1748366.0,1828173.0
Oregon,2015.0,6.0,5.5,1863321.0,1972552.0
Pennsylvania,2015.0,6.0,5.4,6121599.0,6473711.0
Rhode Island,2015.0,6.0,6.0,531319.0,565447.0
South Carolina,2015.0,6.0,6.0,2108504.0,2242091.0
South Dakota,2015.0,6.0,3.1,436105.0,449968.0
Tennessee,2015.0,6.0,5.6,2905909.0,3078968.0
Texas,2015.0,6.0,4.4,12437703.0,13012436.0
Utah,2015.0,6.0,3.5,1409012.0,1460409.0
Vermont,2015.0,6.0,3.5,339631.0,351857.0
Virginia,2015.0,6.0,4.4,4043889.0,4228911.0
Washington,2015.0,6.0,5.4,3352409.0,3544400.0
West Virginia,2015.0,6.0,6.7,739950.0,793510.0
Wisconsin,2015.0,6.0,4.4,2954013.0,3090401.0
Wyoming,2015.0,6.0,4.1,288422.0,300779.0
Alabama,2015.0,7.0,6.1,2038753.0,2171593.0
Alaska,2015.0,7.0,6.2,338644.0,361138.0
Arizona,2015.0,7.0,6.1,2923947.0,3113926.0
Arkansas,2015.0,7.0,4.9,1268565.0,1334168.0
California,2015.0,7.0,6.1,17683551.0,18839426.0
Colorado,2015.0,7.0,3.6,2714079.0,2816411.0
Connecticut,2015.0,7.0,5.5,1794895.0,1899802.0
Delaware,2015.0,7.0,4.8,440447.0,462553.0
District of Columbia,2015.0,7.0,6.8,355633.0,381639.0
Florida,2015.0,7.0,5.5,9070599.0,9594674.0
Georgia,2015.0,7.0,6.0,4449743.0,4732561.0
Hawaii,2015.0,7.0,3.3,660162.0,682855.0
Idaho,2015.0,7.0,3.9,769082.0,800658.0
Illinois,2015.0,7.0,5.9,6171075.0,6558362.0
Indiana,2015.0,7.0,4.6,3114746.0,3266590.0
Iowa,2015.0,7.0,3.7,1638912.0,1701152.0
Kansas,2015.0,7.0,4.1,1435120.0,1496837.0
Kentucky,2015.0,7.0,5.2,1873354.0,1975923.0
Louisiana,2015.0,7.0,6.1,2013476.0,2144721.0
Maine,2015.0,7.0,4.3,658800.0,688316.0
Maryland,2015.0,7.0,5.0,3011021.0,3170232.0
Massachusetts,2015.0,7.0,4.7,3445963.0,3617532.0
Michigan,2015.0,7.0,5.4,4518278.0,4773803.0
Minnesota,2015.0,7.0,3.8,2904592.0,3018015.0
Mississippi,2015.0,7.0,6.3,1180996.0,1260747.0
Missouri,2015.0,7.0,5.0,2897044.0,3051015.0
Montana,2015.0,7.0,4.2,498044.0,520051.0
Nebraska,2015.0,7.0,3.0,984055.0,1014675.0
Nevada,2015.0,7.0,6.8,1300599.0,1395389.0
New Hampshire,2015.0,7.0,3.3,721800.0,746770.0
New Jersey,2015.0,7.0,5.7,4334275.0,4594206.0
New Mexico,2015.0,7.0,6.7,878314.0,941385.0
New York,2015.0,7.0,5.1,9237777.0,9736639.0
North Carolina,2015.0,7.0,5.7,4440973.0,4710903.0
North Dakota,2015.0,7.0,2.8,400580.0,412068.0
Ohio,2015.0,7.0,4.8,5444284.0,5720710.0
Oklahoma,2015.0,7.0,4.4,1746645.0,1826170.0
Oregon,2015.0,7.0,5.5,1868817.0,1976675.0
Pennsylvania,2015.0,7.0,5.4,6128703.0,6477709.0
Rhode Island,2015.0,7.0,5.9,531080.0,564458.0
South Carolina,2015.0,7.0,5.8,2111492.0,2241576.0
South Dakota,2015.0,7.0,3.0,436350.0,450029.0
Tennessee,2015.0,7.0,5.5,2910253.0,3079697.0
Texas,2015.0,7.0,4.4,12444249.0,13021327.0
Utah,2015.0,7.0,3.5,1411732.0,1463234.0
Vermont,2015.0,7.0,3.5,339191.0,351320.0
Virginia,2015.0,7.0,4.3,4045134.0,4226202.0
Washington,2015.0,7.0,5.4,3357201.0,3549209.0
West Virginia,2015.0,7.0,6.7,739274.0,792080.0
Wisconsin,2015.0,7.0,4.3,2956190.0,3090169.0
Wyoming,2015.0,7.0,4.2,287965.0,300513.0
Alabama,2015.0,8.0,6.1,2038592.0,2170789.0
Alaska,2015.0,8.0,6.2,338311.0,360803.0
Arizona,2015.0,8.0,6.1,2927735.0,3116760.0
Arkansas,2015.0,8.0,4.8,1269753.0,1333299.0
California,2015.0,8.0,6.0,17700481.0,18832394.0
Colorado,2015.0,8.0,3.5,2719018.0,2818352.0
Connecticut,2015.0,8.0,5.5,1793233.0,1897248.0
Delaware,2015.0,8.0,4.7,441354.0,463324.0
District of Columbia,2015.0,8.0,6.7,356395.0,382112.0
Florida,2015.0,8.0,5.4,9086573.0,9603740.0
Georgia,2015.0,8.0,5.9,4451724.0,4730889.0
Hawaii,2015.0,8.0,3.3,660999.0,683337.0
Idaho,2015.0,8.0,3.9,770313.0,801819.0
Illinois,2015.0,8.0,5.9,6174592.0,6560595.0
Indiana,2015.0,8.0,4.6,3122057.0,3272212.0
Iowa,2015.0,8.0,3.6,1638194.0,1700151.0
Kansas,2015.0,8.0,4.0,1436586.0,1497096.0
Kentucky,2015.0,8.0,5.2,1872988.0,1975210.0
Louisiana,2015.0,8.0,6.0,2009846.0,2138864.0
Maine,2015.0,8.0,4.2,658378.0,687297.0
Maryland,2015.0,8.0,5.0,3011997.0,3169189.0
Massachusetts,2015.0,8.0,4.7,3443969.0,3613335.0
Michigan,2015.0,8.0,5.2,4526683.0,4775840.0
Minnesota,2015.0,8.0,3.7,2904692.0,3017335.0
Mississippi,2015.0,8.0,6.3,1181419.0,1260887.0
Missouri,2015.0,8.0,4.9,2900782.0,3050439.0
Montana,2015.0,8.0,4.2,498282.0,520343.0
Nebraska,2015.0,8.0,3.0,985078.0,1015778.0
Nevada,2015.0,8.0,6.7,1302015.0,1395502.0
New Hampshire,2015.0,8.0,3.3,721985.0,746324.0
New Jersey,2015.0,8.0,5.5,4339449.0,4591020.0
New Mexico,2015.0,8.0,6.7,877754.0,940443.0
New York,2015.0,8.0,5.0,9245181.0,9732451.0
North Carolina,2015.0,8.0,5.7,4445724.0,4712347.0
North Dakota,2015.0,8.0,2.8,400542.0,411965.0
Ohio,2015.0,8.0,4.8,5443854.0,5717012.0
Oklahoma,2015.0,8.0,4.3,1744694.0,1823735.0
Oregon,2015.0,8.0,5.4,1874617.0,1980845.0
Pennsylvania,2015.0,8.0,5.3,6135356.0,6481593.0
Rhode Island,2015.0,8.0,5.8,530853.0,563629.0
South Carolina,2015.0,8.0,5.7,2114050.0,2241066.0
South Dakota,2015.0,8.0,3.0,436624.0,450086.0
Tennessee,2015.0,8.0,5.4,2914272.0,3080105.0
Texas,2015.0,8.0,4.5,12449698.0,13031358.0
Utah,2015.0,8.0,3.5,1414293.0,1465935.0
Vermont,2015.0,8.0,3.4,338865.0,350907.0
Virginia,2015.0,8.0,4.2,4045861.0,4223634.0
Washington,2015.0,8.0,5.4,3362097.0,3554823.0
West Virginia,2015.0,8.0,6.6,738638.0,790472.0
Wisconsin,2015.0,8.0,4.3,2958907.0,3091273.0
Wyoming,2015.0,8.0,4.3,287466.0,300273.0
Alabama,2015.0,9.0,6.1,2039481.0,2170975.0
Alaska,2015.0,9.0,6.3,337964.0,360526.0
Arizona,2015.0,9.0,6.0,2932087.0,3119596.0
Arkansas,2015.0,9.0,4.6,1271022.0,1332649.0
California,2015.0,9.0,5.9,17720714.0,18832610.0
Colorado,2015.0,9.0,3.4,2724911.0,2821852.0
Connecticut,2015.0,9.0,5.5,1792415.0,1895796.0
Delaware,2015.0,9.0,4.7,442333.0,464181.0
District of Columbia,2015.0,9.0,6.7,357080.0,382552.0
Florida,2015.0,9.0,5.3,9104753.0,9615536.0
Georgia,2015.0,9.0,5.8,4455084.0,4731195.0
Hawaii,2015.0,9.0,3.2,662028.0,684081.0
Idaho,2015.0,9.0,3.9,771568.0,802951.0
Illinois,2015.0,9.0,5.9,6178507.0,6565320.0
Indiana,2015.0,9.0,4.5,3129795.0,3278980.0
Iowa,2015.0,9.0,3.6,1638374.0,1700298.0
Kansas,2015.0,9.0,4.0,1438185.0,1497880.0
Kentucky,2015.0,9.0,5.2,1874199.0,1976555.0
Louisiana,2015.0,9.0,6.0,2006675.0,2134210.0
Maine,2015.0,9.0,4.1,658183.0,686620.0
Maryland,2015.0,9.0,4.9,3013556.0,3168394.0
Massachusetts,2015.0,9.0,4.6,3442842.0,3610168.0
Michigan,2015.0,9.0,5.1,4536323.0,4779395.0
Minnesota,2015.0,9.0,3.7,2905367.0,3017390.0
Mississippi,2015.0,9.0,6.3,1182453.0,1262078.0
Missouri,2015.0,9.0,4.8,2904897.0,3050791.0
Montana,2015.0,9.0,4.2,498755.0,520872.0
Nebraska,2015.0,9.0,3.0,986287.0,1017033.0
Nevada,2015.0,9.0,6.6,1303525.0,1395804.0
New Hampshire,2015.0,9.0,3.2,722671.0,746425.0
New Jersey,2015.0,9.0,5.3,4345839.0,4589208.0
New Mexico,2015.0,9.0,6.6,877366.0,939512.0
New York,2015.0,9.0,4.9,9254257.0,9732729.0
North Carolina,2015.0,9.0,5.6,4451487.0,4714568.0
North Dakota,2015.0,9.0,2.8,400709.0,412104.0
Ohio,2015.0,9.0,4.8,5443268.0,5715547.0
Oklahoma,2015.0,9.0,4.3,1743041.0,1821679.0
Oregon,2015.0,9.0,5.3,1880948.0,1985425.0
Pennsylvania,2015.0,9.0,5.3,6142650.0,6486574.0
Rhode Island,2015.0,9.0,5.7,530670.0,562994.0
South Carolina,2015.0,9.0,5.6,2116812.0,2241281.0
South Dakota,2015.0,9.0,2.9,436979.0,450221.0
Tennessee,2015.0,9.0,5.3,2919088.0,3081151.0
Texas,2015.0,9.0,4.5,12457708.0,13043523.0
Utah,2015.0,9.0,3.5,1417085.0,1468803.0
Vermont,2015.0,9.0,3.4,338696.0,350639.0
Virginia,2015.0,9.0,4.2,4046350.0,4221591.0
Washington,2015.0,9.0,5.4,3367955.0,3561553.0
West Virginia,2015.0,9.0,6.5,738169.0,789089.0
Wisconsin,2015.0,9.0,4.3,2962659.0,3094258.0
Wyoming,2015.0,9.0,4.4,286971.0,300090.0
Alabama,2015.0,10.0,6.0,2042129.0,2173053.0
Alaska,2015.0,10.0,6.3,337673.0,360364.0
Arizona,2015.0,10.0,5.9,2938149.0,3123660.0
Arkansas,2015.0,10.0,4.5,1272936.0,1332905.0
California,2015.0,10.0,5.8,17749464.0,18846578.0
Colorado,2015.0,10.0,3.4,2732409.0,2827738.0
Connecticut,2015.0,10.0,5.4,1792613.0,1895443.0
Delaware,2015.0,10.0,4.7,443464.0,465198.0
District of Columbia,2015.0,10.0,6.6,357727.0,382995.0
Florida,2015.0,10.0,5.2,9127220.0,9632214.0
Georgia,2015.0,10.0,5.8,4461180.0,4734979.0
Hawaii,2015.0,10.0,3.2,663407.0,685238.0
Idaho,2015.0,10.0,3.9,773071.0,804326.0
Illinois,2015.0,10.0,5.9,6185365.0,6575528.0
Indiana,2015.0,10.0,4.5,3139115.0,3288343.0
Iowa,2015.0,10.0,3.6,1639918.0,1702038.0
Kansas,2015.0,10.0,4.0,1439859.0,1499217.0
Kentucky,2015.0,10.0,5.2,1877123.0,1980054.0
Louisiana,2015.0,10.0,6.0,2004805.0,2131724.0
Maine,2015.0,10.0,4.1,658459.0,686563.0
Maryland,2015.0,10.0,4.8,3016768.0,3168925.0
Massachusetts,2015.0,10.0,4.6,3444261.0,3609632.0
Michigan,2015.0,10.0,5.0,4548241.0,4786771.0
Minnesota,2015.0,10.0,3.7,2907405.0,3019206.0
Mississippi,2015.0,10.0,6.3,1183986.0,1264017.0
Missouri,2015.0,10.0,4.7,2909879.0,3052804.0
Montana,2015.0,10.0,4.3,499467.0,521678.0
Nebraska,2015.0,10.0,3.0,987747.0,1018552.0
Nevada,2015.0,10.0,6.5,1305577.0,1396707.0
New Hampshire,2015.0,10.0,3.1,723903.0,747110.0
New Jersey,2015.0,10.0,5.1,4354418.0,4590617.0
New Mexico,2015.0,10.0,6.6,877466.0,939028.0
New York,2015.0,10.0,4.9,9267002.0,9740366.0
North Carolina,2015.0,10.0,5.5,4459502.0,4719324.0
North Dakota,2015.0,10.0,2.8,400992.0,412475.0
Ohio,2015.0,10.0,4.8,5445048.0,5719033.0
Oklahoma,2015.0,10.0,4.3,1742362.0,1821067.0
Oregon,2015.0,10.0,5.2,1888482.0,1991370.0
Pennsylvania,2015.0,10.0,5.3,6152413.0,6494946.0
Rhode Island,2015.0,10.0,5.7,530643.0,562667.0
South Carolina,2015.0,10.0,5.5,2120519.0,2243185.0
South Dakota,2015.0,10.0,2.9,437488.0,450545.0
Tennessee,2015.0,10.0,5.1,2926120.0,3084457.0
Texas,2015.0,10.0,4.5,12474063.0,13062295.0
Utah,2015.0,10.0,3.5,1420602.0,1472335.0
Vermont,2015.0,10.0,3.4,338740.0,350573.0
Virginia,2015.0,10.0,4.1,4048007.0,4221568.0
Washington,2015.0,10.0,5.4,3375795.0,3570132.0
West Virginia,2015.0,10.0,6.4,738057.0,788343.0
Wisconsin,2015.0,10.0,4.2,2968092.0,3099569.0
Wyoming,2015.0,10.0,4.5,286548.0,300031.0
Alabama,2015.0,11.0,6.0,2045804.0,2176431.0
Alaska,2015.0,11.0,6.3,337483.0,360361.0
Arizona,2015.0,11.0,5.9,2946042.0,3129489.0
Arkansas,2015.0,11.0,4.4,1275637.0,1334180.0
California,2015.0,11.0,5.8,17787329.0,18875380.0
Colorado,2015.0,11.0,3.3,2741401.0,2835878.0
Connecticut,2015.0,11.0,5.4,1793823.0,1896095.0
Delaware,2015.0,11.0,4.6,444707.0,466327.0
District of Columbia,2015.0,11.0,6.5,358428.0,383528.0
Florida,2015.0,11.0,5.2,9153493.0,9653667.0
Georgia,2015.0,11.0,5.7,4470177.0,4742569.0
Hawaii,2015.0,11.0,3.2,665042.0,686702.0
Idaho,2015.0,11.0,3.9,774954.0,806140.0
Illinois,2015.0,11.0,6.0,6196100.0,6592406.0
Indiana,2015.0,11.0,4.6,3150054.0,3300603.0
Iowa,2015.0,11.0,3.7,1642944.0,1705349.0
Kansas,2015.0,11.0,4.0,1441430.0,1500810.0
Kentucky,2015.0,11.0,5.2,1881277.0,1984895.0
Louisiana,2015.0,11.0,6.0,2004230.0,2131345.0
Maine,2015.0,11.0,4.1,659308.0,687257.0
Maryland,2015.0,11.0,4.7,3021734.0,3171082.0
Massachusetts,2015.0,11.0,4.5,3449339.0,3612914.0
Michigan,2015.0,11.0,4.9,4562325.0,4798667.0
Minnesota,2015.0,11.0,3.7,2910779.0,3022960.0
Mississippi,2015.0,11.0,6.3,1185882.0,1266257.0
Missouri,2015.0,11.0,4.6,2915456.0,3056290.0
Montana,2015.0,11.0,4.3,500323.0,522689.0
Nebraska,2015.0,11.0,3.0,989343.0,1020251.0
Nevada,2015.0,11.0,6.4,1308257.0,1398385.0
New Hampshire,2015.0,11.0,3.0,725674.0,748406.0
New Jersey,2015.0,11.0,5.0,4364483.0,4595758.0
New Mexico,2015.0,11.0,6.5,878127.0,939278.0
New York,2015.0,11.0,4.8,9282085.0,9754221.0
North Carolina,2015.0,11.0,5.4,4470623.0,4727836.0
North Dakota,2015.0,11.0,2.8,401282.0,413014.0
Ohio,2015.0,11.0,4.9,5450990.0,5728965.0
Oklahoma,2015.0,11.0,4.4,1742760.0,1822170.0
Oregon,2015.0,11.0,5.1,1897461.0,1999157.0
Pennsylvania,2015.0,11.0,5.3,6164201.0,6506860.0
Rhode Island,2015.0,11.0,5.7,530868.0,562726.0
South Carolina,2015.0,11.0,5.4,2125210.0,2246987.0
South Dakota,2015.0,11.0,2.9,438109.0,451039.0
Tennessee,2015.0,11.0,5.0,2935594.0,3090661.0
Texas,2015.0,11.0,4.5,12499878.0,13088927.0
Utah,2015.0,11.0,3.5,1424957.0,1476757.0
Vermont,2015.0,11.0,3.3,338993.0,350711.0
Virginia,2015.0,11.0,4.1,4051459.0,4224180.0
Washington,2015.0,11.0,5.4,3385688.0,3580721.0
West Virginia,2015.0,11.0,6.3,738300.0,788293.0
Wisconsin,2015.0,11.0,4.2,2974946.0,3106733.0
Wyoming,2015.0,11.0,4.6,286207.0,300146.0
Alabama,2015.0,12.0,6.0,2050043.0,2180375.0
Alaska,2015.0,12.0,6.4,337412.0,360496.0
Arizona,2015.0,12.0,5.8,2954882.0,3136316.0
Arkansas,2015.0,12.0,4.3,1278578.0,1335781.0
California,2015.0,12.0,5.7,17829444.0,18910415.0
Colorado,2015.0,12.0,3.3,2750999.0,2845145.0
Connecticut,2015.0,12.0,5.3,1795728.0,1897121.0
Delaware,2015.0,12.0,4.6,445909.0,467363.0
District of Columbia,2015.0,12.0,6.5,359247.0,384123.0
Florida,2015.0,12.0,5.1,9180930.0,9676271.0
Georgia,2015.0,12.0,5.7,4479634.0,4750782.0
Hawaii,2015.0,12.0,3.1,666688.0,688148.0
Idaho,2015.0,12.0,3.8,777132.0,808241.0
Illinois,2015.0,12.0,6.1,6208945.0,6612670.0
Indiana,2015.0,12.0,4.6,3161388.0,3313993.0
Iowa,2015.0,12.0,3.7,1646902.0,1709426.0
Kansas,2015.0,12.0,4.0,1442672.0,1502058.0
Kentucky,2015.0,12.0,5.2,1885936.0,1989899.0
Louisiana,2015.0,12.0,6.0,2004291.0,2131888.0
Maine,2015.0,12.0,4.0,660622.0,688481.0
Maryland,2015.0,12.0,4.6,3027524.0,3173815.0
Massachusetts,2015.0,12.0,4.5,3457271.0,3618835.0
Michigan,2015.0,12.0,4.9,4577238.0,4813134.0
Minnesota,2015.0,12.0,3.7,2914640.0,3027432.0
Mississippi,2015.0,12.0,6.3,1187690.0,1267894.0
Missouri,2015.0,12.0,4.5,2920734.0,3059863.0
Montana,2015.0,12.0,4.3,501126.0,523658.0
Nebraska,2015.0,12.0,3.0,990824.0,1021789.0
Nevada,2015.0,12.0,6.4,1311254.0,1400386.0
New Hampshire,2015.0,12.0,3.0,727764.0,750055.0
New Jersey,2015.0,12.0,5.0,4373885.0,4602656.0
New Mexico,2015.0,12.0,6.5,879172.0,940098.0
New York,2015.0,12.0,4.8,9295938.0,9768487.0
North Carolina,2015.0,12.0,5.4,4483813.0,4738519.0
North Dakota,2015.0,12.0,2.9,401493.0,413573.0
Ohio,2015.0,12.0,4.9,5460627.0,5743561.0
Oklahoma,2015.0,12.0,4.4,1743519.0,1823974.0
Oregon,2015.0,12.0,5.0,1907157.0,2007927.0
Pennsylvania,2015.0,12.0,5.3,6175511.0,6519532.0
Rhode Island,2015.0,12.0,5.6,531276.0,563002.0
South Carolina,2015.0,12.0,5.4,2130294.0,2251491.0
South Dakota,2015.0,12.0,2.8,438712.0,451549.0
Tennessee,2015.0,12.0,4.9,2946065.0,3098226.0
Texas,2015.0,12.0,4.5,12531243.0,13119457.0
Utah,2015.0,12.0,3.5,1429825.0,1481723.0
Vermont,2015.0,12.0,3.3,339377.0,350950.0
Virginia,2015.0,12.0,4.1,4055780.0,4227902.0
Washington,2015.0,12.0,5.4,3396833.0,3592144.0
West Virginia,2015.0,12.0,6.3,738746.0,788672.0
Wisconsin,2015.0,12.0,4.2,2982272.0,3114079.0
Wyoming,2015.0,12.0,4.8,285890.0,300374.0
Alabama,2016.0,1.0,5.9,2054673.0,2184528.0
Alaska,2016.0,1.0,6.4,337440.0,360705.0
Arizona,2016.0,1.0,5.7,2963663.0,3143360.0
Arkansas,2016.0,1.0,4.2,1281130.0,1337081.0
California,2016.0,1.0,5.7,17869644.0,18943234.0
Colorado,2016.0,1.0,3.3,2759974.0,2854015.0
Connecticut,2016.0,1.0,5.3,1798050.0,1898182.0
Delaware,2016.0,1.0,4.5,446863.0,468108.0
District of Columbia,2016.0,1.0,6.4,360243.0,384806.0
Florida,2016.0,1.0,5.1,9206659.0,9696667.0
Georgia,2016.0,1.0,5.7,4487585.0,4757099.0
Hawaii,2016.0,1.0,3.1,668125.0,689357.0
Idaho,2016.0,1.0,3.8,779359.0,810355.0
Illinois,2016.0,1.0,6.2,6221167.0,6630981.0
Indiana,2016.0,1.0,4.6,3171242.0,3325676.0
Iowa,2016.0,1.0,3.6,1650457.0,1712835.0
Kansas,2016.0,1.0,3.9,1443453.0,1502719.0
Kentucky,2016.0,1.0,5.2,1890455.0,1994227.0
Louisiana,2016.0,1.0,6.0,2004346.0,2132364.0
Maine,2016.0,1.0,4.0,662232.0,689942.0
Maryland,2016.0,1.0,4.5,3032971.0,3175927.0
Massachusetts,2016.0,1.0,4.4,3465868.0,3624936.0
Michigan,2016.0,1.0,4.9,4591001.0,4827409.0
Minnesota,2016.0,1.0,3.7,2917614.0,3030919.0
Mississippi,2016.0,1.0,6.3,1189006.0,1268405.0
Missouri,2016.0,1.0,4.5,2925136.0,3062796.0
Montana,2016.0,1.0,4.3,501721.0,524396.0
Nebraska,2016.0,1.0,3.0,992040.0,1022997.0
Nevada,2016.0,1.0,6.3,1314196.0,1402291.0
New Hampshire,2016.0,1.0,2.9,729827.0,751713.0
New Jersey,2016.0,1.0,4.9,4380800.0,4608942.0
New Mexico,2016.0,1.0,6.5,880263.0,941174.0
New York,2016.0,1.0,4.8,9305342.0,9777801.0
North Carolina,2016.0,1.0,5.3,4497062.0,4748878.0
North Dakota,2016.0,1.0,3.0,401581.0,414024.0
Ohio,2016.0,1.0,5.0,5471385.0,5758397.0
Oklahoma,2016.0,1.0,4.5,1743713.0,1825278.0
Oregon,2016.0,1.0,5.0,1916387.0,2016473.0
Pennsylvania,2016.0,1.0,5.3,6184080.0,6529917.0
Rhode Island,2016.0,1.0,5.6,531797.0,563314.0
South Carolina,2016.0,1.0,5.3,2135021.0,2255437.0
South Dakota,2016.0,1.0,2.8,439216.0,451982.0
Tennessee,2016.0,1.0,4.8,2955799.0,3105368.0
Texas,2016.0,1.0,4.5,12562798.0,13149367.0
Utah,2016.0,1.0,3.5,1434798.0,1486793.0
Vermont,2016.0,1.0,3.2,339823.0,351226.0
Virginia,2016.0,1.0,4.0,4060211.0,4231483.0
Washington,2016.0,1.0,5.4,3408231.0,3603119.0
West Virginia,2016.0,1.0,6.3,739171.0,789107.0
Wisconsin,2016.0,1.0,4.2,2988999.0,3119928.0
Wyoming,2016.0,1.0,5.0,285541.0,300618.0
Alabama,2016.0,2.0,5.9,2058744.0,2187960.0
Alaska,2016.0,2.0,6.5,337505.0,360932.0
Arizona,2016.0,2.0,5.7,2971732.0,3150141.0
Arkansas,2016.0,2.0,4.1,1282907.0,1337797.0
California,2016.0,2.0,5.6,17903852.0,18970382.0
Colorado,2016.0,2.0,3.3,2767596.0,2861699.0
Connecticut,2016.0,2.0,5.2,1800732.0,1899395.0
Delaware,2016.0,2.0,4.5,447434.0,468495.0
District of Columbia,2016.0,2.0,6.3,361248.0,385458.0
Florida,2016.0,2.0,5.0,9229177.0,9714027.0
Georgia,2016.0,2.0,5.6,4493667.0,4761300.0
Hawaii,2016.0,2.0,3.1,669286.0,690351.0
Idaho,2016.0,2.0,3.8,781465.0,812327.0
Illinois,2016.0,2.0,6.2,6230715.0,6643168.0
Indiana,2016.0,2.0,4.7,3178692.0,3334079.0
Iowa,2016.0,2.0,3.6,1652390.0,1714546.0
Kansas,2016.0,2.0,3.9,1443626.0,1502778.0
Kentucky,2016.0,2.0,5.2,1894518.0,1997526.0
Louisiana,2016.0,2.0,6.0,2004045.0,2132466.0
Maine,2016.0,2.0,4.0,663988.0,691473.0
Maryland,2016.0,2.0,4.4,3037255.0,3177021.0
Massachusetts,2016.0,2.0,4.3,3473775.0,3629994.0
Michigan,2016.0,2.0,4.9,4602195.0,4839932.0
Minnesota,2016.0,2.0,3.7,2918620.0,3032318.0
Mississippi,2016.0,2.0,6.2,1189921.0,1268163.0
Missouri,2016.0,2.0,4.5,2928355.0,3065131.0
Montana,2016.0,2.0,4.3,502053.0,524830.0
Nebraska,2016.0,2.0,3.0,992840.0,1023801.0
Nevada,2016.0,2.0,6.2,1316869.0,1403929.0
New Hampshire,2016.0,2.0,2.9,731637.0,753232.0
New Jersey,2016.0,2.0,5.0,4384641.0,4613440.0
New Mexico,2016.0,2.0,6.5,881101.0,942292.0
New York,2016.0,2.0,4.8,9308167.0,9779589.0
North Carolina,2016.0,2.0,5.2,4508697.0,4757377.0
North Dakota,2016.0,2.0,3.1,401564.0,414326.0
Ohio,2016.0,2.0,5.0,5480556.0,5769621.0
Oklahoma,2016.0,2.0,4.5,1742793.0,1825449.0
Oregon,2016.0,2.0,4.9,1924039.0,2023889.0
Pennsylvania,2016.0,2.0,5.3,6188253.0,6536043.0
Rhode Island,2016.0,2.0,5.5,532406.0,563637.0
South Carolina,2016.0,2.0,5.3,2138767.0,2258099.0
South Dakota,2016.0,2.0,2.8,439579.0,452332.0
Tennessee,2016.0,2.0,4.7,2963588.0,3111174.0
Texas,2016.0,2.0,4.5,12589950.0,13176511.0
Utah,2016.0,2.0,3.5,1439594.0,1491654.0
Vermont,2016.0,2.0,3.2,340271.0,351520.0
Virginia,2016.0,2.0,4.0,4063952.0,4234176.0
Washington,2016.0,2.0,5.4,3418921.0,3613000.0
West Virginia,2016.0,2.0,6.3,739298.0,789137.0
Wisconsin,2016.0,2.0,4.1,2994182.0,3123491.0
Wyoming,2016.0,2.0,5.2,285123.0,300772.0
Alabama,2016.0,3.0,5.9,2061715.0,2190007.0
Alaska,2016.0,3.0,6.5,337490.0,361055.0
Arizona,2016.0,3.0,5.6,2978716.0,3156053.0
Arkansas,2016.0,3.0,4.0,1283776.0,1337808.0
California,2016.0,3.0,5.6,17930902.0,18990181.0
Colorado,2016.0,3.0,3.3,2773603.0,2867811.0
Connecticut,2016.0,3.0,5.1,1803806.0,1900911.0
Delaware,2016.0,3.0,4.5,447655.0,468579.0
District of Columbia,2016.0,3.0,6.2,362018.0,385881.0
Florida,2016.0,3.0,4.9,9248384.0,9728409.0
Georgia,2016.0,3.0,5.5,4532578.0,4798093.0
Hawaii,2016.0,3.0,3.0,670191.0,691167.0
Idaho,2016.0,3.0,3.8,783365.0,814072.0
Illinois,2016.0,3.0,6.2,6236786.0,6646990.0
Indiana,2016.0,3.0,4.6,3183899.0,3338943.0
Iowa,2016.0,3.0,3.6,1652356.0,1714396.0
Kansas,2016.0,3.0,3.9,1442998.0,1502176.0
Kentucky,2016.0,3.0,5.1,1898334.0,2000062.0
Louisiana,2016.0,3.0,6.0,2002899.0,2131596.0
Maine,2016.0,3.0,3.9,665761.0,692953.0
Maryland,2016.0,3.0,4.3,3040324.0,3177364.0
Massachusetts,2016.0,3.0,4.2,3481028.0,3634170.0
Michigan,2016.0,3.0,4.9,4610410.0,4849814.0
Minnesota,2016.0,3.0,3.8,2917610.0,3031641.0
Mississippi,2016.0,3.0,6.1,1190601.0,1267598.0
Missouri,2016.0,3.0,4.5,2930128.0,3066965.0
Montana,2016.0,3.0,4.3,502130.0,524949.0
Nebraska,2016.0,3.0,3.0,993056.0,1024063.0
Nevada,2016.0,3.0,6.1,1319219.0,1405134.0
New Hampshire,2016.0,3.0,2.8,733024.0,754502.0
New Jersey,2016.0,3.0,5.0,4385513.0,4615485.0
New Mexico,2016.0,3.0,6.5,881532.0,943263.0
New York,2016.0,3.0,4.8,9304138.0,9773761.0
North Carolina,2016.0,3.0,5.2,4517867.0,4763203.0
North Dakota,2016.0,3.0,3.1,401524.0,414495.0
Ohio,2016.0,3.0,5.0,5486233.0,5774990.0
Oklahoma,2016.0,3.0,4.6,1740720.0,1824396.0
Oregon,2016.0,3.0,4.9,1929601.0,2029635.0
Pennsylvania,2016.0,3.0,5.3,6188001.0,6537416.0
Rhode Island,2016.0,3.0,5.5,533059.0,563970.0
South Carolina,2016.0,3.0,5.2,2141221.0,2259058.0
South Dakota,2016.0,3.0,2.8,439760.0,452580.0
Tennessee,2016.0,3.0,4.7,2969388.0,3115694.0
Texas,2016.0,3.0,4.5,12610661.0,13200366.0
Utah,2016.0,3.0,3.5,1444077.0,1495995.0
Vermont,2016.0,3.0,3.2,340672.0,351797.0
Virginia,2016.0,3.0,4.0,4066471.0,4235617.0
Washington,2016.0,3.0,5.3,3428294.0,3621461.0
West Virginia,2016.0,3.0,6.3,739007.0,788478.0
Wisconsin,2016.0,3.0,4.1,2997590.0,3124851.0
Wyoming,2016.0,3.0,5.4,284624.0,300728.0
Alabama,2016.0,4.0,5.8,2064266.0,2191598.0
Alaska,2016.0,4.0,6.6,337390.0,361098.0
Arizona,2016.0,4.0,5.6,2984730.0,3161164.0
Arkansas,2016.0,4.0,4.0,1283850.0,1337326.0
California,2016.0,4.0,5.5,17952732.0,19006193.0
Colorado,2016.0,4.0,3.3,2778500.0,2872742.0
Connecticut,2016.0,4.0,5.0,1806958.0,1902644.0
Delaware,2016.0,4.0,4.5,447658.0,468519.0
District of Columbia,2016.0,4.0,6.1,362377.0,385998.0
Florida,2016.0,4.0,4.9,9265848.0,9742453.0
Georgia,2016.0,4.0,5.5,4569340.0,4833155.0
Hawaii,2016.0,4.0,3.0,670953.0,691859.0
Idaho,2016.0,4.0,3.8,785042.0,815631.0
Illinois,2016.0,4.0,6.1,6239060.0,6643484.0
Indiana,2016.0,4.0,4.6,3187529.0,3341156.0
Iowa,2016.0,4.0,3.6,1651013.0,1713159.0
Kansas,2016.0,4.0,4.0,1441554.0,1501053.0
Kentucky,2016.0,4.0,5.0,1902132.0,2002623.0
Louisiana,2016.0,4.0,6.1,2000785.0,2129776.0
Maine,2016.0,4.0,3.9,667394.0,694281.0
Maryland,2016.0,4.0,4.2,3042801.0,3177822.0
Massachusetts,2016.0,4.0,4.1,3488450.0,3638657.0
Michigan,2016.0,4.0,5.0,4616786.0,4857719.0
Minnesota,2016.0,4.0,3.8,2915718.0,3030266.0
Mississippi,2016.0,4.0,6.0,1190724.0,1266739.0
Missouri,2016.0,4.0,4.5,2930495.0,3068645.0
Montana,2016.0,4.0,4.3,502110.0,524919.0
Nebraska,2016.0,4.0,3.0,992676.0,1023824.0
Nevada,2016.0,4.0,6.0,1321366.0,1406068.0
New Hampshire,2016.0,4.0,2.9,733959.0,755519.0
New Jersey,2016.0,4.0,5.0,4384603.0,4615927.0
New Mexico,2016.0,4.0,6.6,881640.0,944166.0
New York,2016.0,4.0,4.8,9296018.0,9764691.0
North Carolina,2016.0,4.0,5.1,4524801.0,4767111.0
North Dakota,2016.0,4.0,3.1,401585.0,414631.0
Ohio,2016.0,4.0,5.0,5488344.0,5775604.0
Oklahoma,2016.0,4.0,4.6,1737790.0,1822517.0
Oregon,2016.0,4.0,4.9,1933453.0,2033924.0
Pennsylvania,2016.0,4.0,5.4,6184963.0,6535650.0
Rhode Island,2016.0,4.0,5.4,533702.0,564333.0
South Carolina,2016.0,4.0,5.1,2142635.0,2258691.0
South Dakota,2016.0,4.0,2.9,439760.0,452748.0
Tennessee,2016.0,4.0,4.7,2974284.0,3120233.0
Texas,2016.0,4.0,4.5,12625596.0,13222774.0
Utah,2016.0,4.0,3.4,1448296.0,1499835.0
Vermont,2016.0,4.0,3.1,340979.0,352019.0
Virginia,2016.0,4.0,4.0,4068481.0,4236956.0
Washington,2016.0,4.0,5.3,3436499.0,3629039.0
West Virginia,2016.0,4.0,6.2,738310.0,787246.0
Wisconsin,2016.0,4.0,4.0,2999694.0,3124946.0
Wyoming,2016.0,4.0,5.5,284076.0,300469.0
Alabama,2016.0,5.0,5.8,2066501.0,2193285.0
Alaska,2016.0,5.0,6.6,337257.0,361131.0
Arizona,2016.0,5.0,5.6,2990416.0,3166155.0
Arkansas,2016.0,5.0,4.0,1283555.0,1336764.0
California,2016.0,5.0,5.5,17973039.0,19024146.0
Colorado,2016.0,5.0,3.3,2783316.0,2877408.0
Connecticut,2016.0,5.0,5.0,1810024.0,1904535.0
Delaware,2016.0,5.0,4.5,447570.0,468464.0
District of Columbia,2016.0,5.0,6.1,362517.0,386077.0
Florida,2016.0,5.0,4.9,9284163.0,9759763.0
Georgia,2016.0,5.0,5.4,4604271.0,4867615.0
Hawaii,2016.0,5.0,3.0,671833.0,692653.0
Idaho,2016.0,5.0,3.7,786561.0,817117.0
Illinois,2016.0,5.0,6.0,6238066.0,6635761.0
Indiana,2016.0,5.0,4.5,3190354.0,3341816.0
Iowa,2016.0,5.0,3.6,1649326.0,1711784.0
Kansas,2016.0,5.0,4.0,1439612.0,1499791.0
Kentucky,2016.0,5.0,5.0,1906233.0,2006137.0
Louisiana,2016.0,5.0,6.1,1998046.0,2127371.0
Maine,2016.0,5.0,3.8,668817.0,695464.0
Maryland,2016.0,5.0,4.2,3045613.0,3179432.0
Massachusetts,2016.0,5.0,4.1,3496787.0,3644454.0
Michigan,2016.0,5.0,5.0,4622595.0,4864670.0
Minnesota,2016.0,5.0,3.8,2914230.0,3029700.0
Mississippi,2016.0,5.0,6.0,1190840.0,1266420.0
Missouri,2016.0,5.0,4.6,2929952.0,3070475.0
Montana,2016.0,5.0,4.3,502120.0,524896.0
Nebraska,2016.0,5.0,3.1,991892.0,1023339.0
Nevada,2016.0,5.0,5.9,1323547.0,1407087.0
New Hampshire,2016.0,5.0,2.9,734584.0,756318.0
New Jersey,2016.0,5.0,5.0,4383590.0,4616116.0
New Mexico,2016.0,5.0,6.7,881613.0,945142.0
New York,2016.0,5.0,4.8,9287621.0,9758146.0
North Carolina,2016.0,5.0,5.0,4530248.0,4770739.0
North Dakota,2016.0,5.0,3.1,401817.0,414808.0
Ohio,2016.0,5.0,5.0,5487616.0,5773817.0
Oklahoma,2016.0,5.0,4.7,1734516.0,1820290.0
Oregon,2016.0,5.0,4.9,1936377.0,2037219.0
Pennsylvania,2016.0,5.0,5.4,6181330.0,6533018.0
Rhode Island,2016.0,5.0,5.4,534302.0,564737.0
South Carolina,2016.0,5.0,5.1,2143670.0,2257759.0
South Dakota,2016.0,5.0,2.9,439648.0,452898.0
Tennessee,2016.0,5.0,4.7,2979358.0,3125918.0
Texas,2016.0,5.0,4.6,12637404.0,13245429.0
Utah,2016.0,5.0,3.4,1452435.0,1503476.0
Vermont,2016.0,5.0,3.1,341200.0,352187.0
Virginia,2016.0,5.0,4.0,4071159.0,4239689.0
Washington,2016.0,5.0,5.3,3444275.0,3636571.0
West Virginia,2016.0,5.0,6.2,737380.0,785844.0
Wisconsin,2016.0,5.0,4.0,3001170.0,3124789.0
Wyoming,2016.0,5.0,5.5,283534.0,300034.0
Alabama,2016.0,6.0,5.8,2068363.0,2195096.0
Alaska,2016.0,6.0,6.7,337098.0,361123.0
Arizona,2016.0,6.0,5.5,2996266.0,3171328.0
Arkansas,2016.0,6.0,4.0,1283205.0,1336276.0
California,2016.0,6.0,5.5,17993197.0,19044461.0
Colorado,2016.0,6.0,3.2,2788948.0,2882414.0
Connecticut,2016.0,6.0,4.9,1812956.0,1906346.0
Delaware,2016.0,6.0,4.5,447434.0,468431.0
District of Columbia,2016.0,6.0,6.1,362616.0,386269.0
Florida,2016.0,6.0,4.9,9304264.0,9780867.0
Georgia,2016.0,6.0,5.4,4638424.0,4902692.0
Hawaii,2016.0,6.0,3.0,673001.0,693665.0
Idaho,2016.0,6.0,3.7,788023.0,818611.0
Illinois,2016.0,6.0,5.9,6234833.0,6625995.0
Indiana,2016.0,6.0,4.5,3192693.0,3341421.0
Iowa,2016.0,6.0,3.7,1647879.0,1710646.0
Kansas,2016.0,6.0,4.1,1437546.0,1498626.0
Kentucky,2016.0,6.0,5.0,1910657.0,2010684.0
Louisiana,2016.0,6.0,6.1,1994906.0,2124381.0
Maine,2016.0,6.0,3.8,670037.0,696513.0
Maryland,2016.0,6.0,4.2,3049247.0,3182594.0
Massachusetts,2016.0,6.0,4.0,3505572.0,3651003.0
Michigan,2016.0,6.0,5.0,4628158.0,4871098.0
Minnesota,2016.0,6.0,3.9,2913553.0,3030303.0
Mississippi,2016.0,6.0,6.0,1191693.0,1267320.0
Missouri,2016.0,6.0,4.7,2928959.0,3072043.0
Montana,2016.0,6.0,4.3,502212.0,524902.0
Nebraska,2016.0,6.0,3.1,990863.0,1022721.0
Nevada,2016.0,6.0,5.9,1325918.0,1408330.0
New Hampshire,2016.0,6.0,2.9,735020.0,756851.0
New Jersey,2016.0,6.0,5.0,4383136.0,4615959.0
New Mexico,2016.0,6.0,6.8,881525.0,946073.0
New York,2016.0,6.0,4.9,9281266.0,9756519.0
North Carolina,2016.0,6.0,5.0,4534902.0,4775075.0
North Dakota,2016.0,6.0,3.1,402174.0,415001.0
Ohio,2016.0,6.0,5.0,5484778.0,5771173.0
Oklahoma,2016.0,6.0,4.8,1731613.0,1818130.0
Oregon,2016.0,6.0,4.9,1939208.0,2039991.0
Pennsylvania,2016.0,6.0,5.4,6178247.0,6530436.0
Rhode Island,2016.0,6.0,5.3,534866.0,565081.0
South Carolina,2016.0,6.0,5.0,2144724.0,2256628.0
South Dakota,2016.0,6.0,3.0,439490.0,453038.0
Tennessee,2016.0,6.0,4.7,2985128.0,3132837.0
Texas,2016.0,6.0,4.7,12648392.0,13267182.0
Utah,2016.0,6.0,3.3,1456632.0,1507116.0
Vermont,2016.0,6.0,3.1,341376.0,352315.0
Virginia,2016.0,6.0,4.0,4074787.0,4243995.0
Washington,2016.0,6.0,5.3,3452115.0,3644173.0
West Virginia,2016.0,6.0,6.1,736495.0,784631.0
Wisconsin,2016.0,6.0,3.9,3002499.0,3124936.0
Wyoming,2016.0,6.0,5.5,283038.0,299452.0
Alabama,2016.0,7.0,5.8,2070489.0,2197442.0
Alaska,2016.0,7.0,6.7,336921.0,361046.0
Arizona,2016.0,7.0,5.5,3002403.0,3176533.0
Arkansas,2016.0,7.0,4.0,1282900.0,1335816.0
California,2016.0,7.0,5.5,18013049.0,19064645.0
Colorado,2016.0,7.0,3.2,2795641.0,2887674.0
Connecticut,2016.0,7.0,4.8,1815783.0,1907844.0
Delaware,2016.0,7.0,4.5,447284.0,468408.0
District of Columbia,2016.0,7.0,6.2,362753.0,386583.0
Florida,2016.0,7.0,4.9,9325400.0,9803758.0
Georgia,2016.0,7.0,5.4,4672139.0,4938298.0
Hawaii,2016.0,7.0,2.9,674425.0,694824.0
Idaho,2016.0,7.0,3.7,789450.0,820032.0
Illinois,2016.0,7.0,5.8,6230521.0,6615725.0
Indiana,2016.0,7.0,4.4,3194231.0,3339869.0
Iowa,2016.0,7.0,3.7,1646936.0,1709736.0
Kansas,2016.0,7.0,4.1,1435677.0,1497614.0
Kentucky,2016.0,7.0,5.0,1915027.0,2015566.0
Louisiana,2016.0,7.0,6.1,1991517.0,2120892.0
Maine,2016.0,7.0,3.8,671099.0,697414.0
Maryland,2016.0,7.0,4.2,3053975.0,3187356.0
Massachusetts,2016.0,7.0,3.9,3514244.0,3657583.0
Michigan,2016.0,7.0,5.0,4633567.0,4877110.0
Minnesota,2016.0,7.0,3.9,2913546.0,3031789.0
Mississippi,2016.0,7.0,6.0,1193070.0,1268776.0
Missouri,2016.0,7.0,4.7,2927905.0,3072807.0
Montana,2016.0,7.0,4.3,502386.0,524936.0
Nebraska,2016.0,7.0,3.2,989682.0,1021957.0
Nevada,2016.0,7.0,5.8,1328498.0,1409759.0
New Hampshire,2016.0,7.0,2.9,735337.0,757124.0
New Jersey,2016.0,7.0,5.0,4383494.0,4615331.0
New Mexico,2016.0,7.0,6.9,881452.0,946815.0
New York,2016.0,7.0,4.9,9278229.0,9759182.0
North Carolina,2016.0,7.0,5.0,4539875.0,4780755.0
North Dakota,2016.0,7.0,3.0,402494.0,415106.0
Ohio,2016.0,7.0,5.0,5481144.0,5768861.0
Oklahoma,2016.0,7.0,4.8,1729685.0,1816449.0
Oregon,2016.0,7.0,4.9,1942876.0,2042757.0
Pennsylvania,2016.0,7.0,5.4,6175454.0,6527033.0
Rhode Island,2016.0,7.0,5.3,535390.0,565236.0
South Carolina,2016.0,7.0,4.9,2146068.0,2255543.0
South Dakota,2016.0,7.0,3.1,439346.0,453169.0
Tennessee,2016.0,7.0,4.7,2991612.0,3140466.0
Texas,2016.0,7.0,4.7,12659997.0,13287060.0
Utah,2016.0,7.0,3.3,1460884.0,1510805.0
Vermont,2016.0,7.0,3.1,341528.0,352402.0
Virginia,2016.0,7.0,4.0,4079400.0,4249505.0
Washington,2016.0,7.0,5.2,3460165.0,3651065.0
West Virginia,2016.0,7.0,6.1,735894.0,783746.0
Wisconsin,2016.0,7.0,3.9,3003969.0,3125470.0
Wyoming,2016.0,7.0,5.4,282605.0,298779.0
Alabama,2016.0,8.0,5.8,2072871.0,2200157.0
Alaska,2016.0,8.0,6.7,336740.0,360925.0
Arizona,2016.0,8.0,5.4,3008563.0,3181636.0
Arkansas,2016.0,8.0,3.9,1282586.0,1335289.0
California,2016.0,8.0,5.5,18031471.0,19082707.0
Colorado,2016.0,8.0,3.1,2802926.0,2892940.0
Connecticut,2016.0,8.0,4.7,1818532.0,1909188.0
Delaware,2016.0,8.0,4.5,447178.0,468437.0
District of Columbia,2016.0,8.0,6.2,362996.0,387048.0
Florida,2016.0,8.0,4.9,9345882.0,9826036.0
Georgia,2016.0,8.0,5.4,4705744.0,4974373.0
Hawaii,2016.0,8.0,2.9,675902.0,695946.0
Idaho,2016.0,8.0,3.7,790830.0,821305.0
Illinois,2016.0,8.0,5.8,6225784.0,6606604.0
Indiana,2016.0,8.0,4.3,3194525.0,3337265.0
Iowa,2016.0,8.0,3.7,1646026.0,1708506.0
Kansas,2016.0,8.0,4.2,1434105.0,1496592.0
Kentucky,2016.0,8.0,5.0,1918757.0,2020087.0
Louisiana,2016.0,8.0,6.1,1987834.0,2116858.0
Maine,2016.0,8.0,3.7,672068.0,698224.0
Maryland,2016.0,8.0,4.2,3059594.0,3193447.0
Massachusetts,2016.0,8.0,3.9,3522287.0,3663943.0
Michigan,2016.0,8.0,5.0,4638629.0,4882900.0
Minnesota,2016.0,8.0,3.9,2913987.0,3033760.0
Mississippi,2016.0,8.0,6.0,1194493.0,1270198.0
Missouri,2016.0,8.0,4.7,2926892.0,3072255.0
Montana,2016.0,8.0,4.3,502597.0,525004.0
Nebraska,2016.0,8.0,3.2,988408.0,1021036.0
Nevada,2016.0,8.0,5.7,1331205.0,1411375.0
New Hampshire,2016.0,8.0,2.9,735501.0,757169.0
New Jersey,2016.0,8.0,5.0,4384607.0,4614705.0
New Mexico,2016.0,8.0,7.0,881411.0,947311.0
New York,2016.0,8.0,5.0,9278605.0,9764203.0
North Carolina,2016.0,8.0,5.1,4545676.0,4787885.0
North Dakota,2016.0,8.0,3.0,402618.0,415035.0
Ohio,2016.0,8.0,5.0,5477886.0,5768142.0
Oklahoma,2016.0,8.0,4.8,1728822.0,1815346.0
Oregon,2016.0,8.0,4.8,1947146.0,2045298.0
Pennsylvania,2016.0,8.0,5.4,6171898.0,6521875.0
Rhode Island,2016.0,8.0,5.2,535924.0,565256.0
South Carolina,2016.0,8.0,4.7,2147660.0,2254749.0
South Dakota,2016.0,8.0,3.1,439236.0,453279.0
Tennessee,2016.0,8.0,4.8,2997536.0,3147411.0
Texas,2016.0,8.0,4.8,12671722.0,13304597.0
Utah,2016.0,8.0,3.3,1465068.0,1514535.0
Vermont,2016.0,8.0,3.1,341692.0,352500.0
Virginia,2016.0,8.0,4.0,4084821.0,4255870.0
Washington,2016.0,8.0,5.2,3468267.0,3657057.0
West Virginia,2016.0,8.0,6.1,735645.0,783172.0
Wisconsin,2016.0,8.0,3.9,3005406.0,3126052.0
Wyoming,2016.0,8.0,5.3,282226.0,298091.0
Alabama,2016.0,9.0,5.8,2074895.0,2202528.0
Alaska,2016.0,9.0,6.7,336637.0,360893.0
Arizona,2016.0,9.0,5.4,3014341.0,3186647.0
Arkansas,2016.0,9.0,3.9,1282176.0,1334672.0
California,2016.0,9.0,5.5,18046714.0,19097439.0
Colorado,2016.0,9.0,3.0,2810016.0,2897936.0
Connecticut,2016.0,9.0,4.7,1821155.0,1910739.0
Delaware,2016.0,9.0,4.6,447157.0,468589.0
District of Columbia,2016.0,9.0,6.3,363421.0,387727.0
Florida,2016.0,9.0,4.9,9363737.0,9845564.0
Georgia,2016.0,9.0,5.4,4722965.0,4994147.0
Hawaii,2016.0,9.0,2.8,677204.0,696866.0
Idaho,2016.0,9.0,3.7,792232.0,822564.0
Illinois,2016.0,9.0,5.7,6220926.0,6598952.0
Indiana,2016.0,9.0,4.2,3193177.0,3333790.0
Iowa,2016.0,9.0,3.6,1644548.0,1706420.0
Kansas,2016.0,9.0,4.2,1432800.0,1495401.0
Kentucky,2016.0,9.0,5.1,1921545.0,2023973.0
Louisiana,2016.0,9.0,6.1,1984151.0,2112570.0
Maine,2016.0,9.0,3.7,672939.0,698968.0
Maryland,2016.0,9.0,4.2,3065509.0,3200294.0
Massachusetts,2016.0,9.0,3.8,3528960.0,3669893.0
Michigan,2016.0,9.0,5.0,4642683.0,4888654.0
Minnesota,2016.0,9.0,4.0,2914717.0,3035888.0
Mississippi,2016.0,9.0,5.9,1195857.0,1271504.0
Missouri,2016.0,9.0,4.7,2925764.0,3070113.0
Montana,2016.0,9.0,4.2,502791.0,525100.0
Nebraska,2016.0,9.0,3.2,987105.0,1020007.0
Nevada,2016.0,9.0,5.6,1333912.0,1413245.0
New Hampshire,2016.0,9.0,2.9,735362.0,756983.0
New Jersey,2016.0,9.0,4.9,4385808.0,4614140.0
New Mexico,2016.0,9.0,7.0,881256.0,947474.0
New York,2016.0,9.0,5.0,9281345.0,9769629.0
North Carolina,2016.0,9.0,5.1,4552222.0,4796073.0
North Dakota,2016.0,9.0,3.0,402506.0,414793.0
Ohio,2016.0,9.0,5.1,5475825.0,5770193.0
Oklahoma,2016.0,9.0,4.7,1728573.0,1814459.0
Oregon,2016.0,9.0,4.7,1951231.0,2047051.0
Pennsylvania,2016.0,9.0,5.3,6166976.0,6514917.0
Rhode Island,2016.0,9.0,5.1,536560.0,565326.0
South Carolina,2016.0,9.0,4.7,2149126.0,2254325.0
South Dakota,2016.0,9.0,3.1,439137.0,453352.0
Tennessee,2016.0,9.0,4.8,3001875.0,3152701.0
Texas,2016.0,9.0,4.8,12681206.0,13319196.0
Utah,2016.0,9.0,3.2,1469021.0,1518277.0
Vermont,2016.0,9.0,3.1,341847.0,352623.0
Virginia,2016.0,9.0,4.0,4090821.0,4262873.0
Washington,2016.0,9.0,5.1,3476104.0,3662632.0
West Virginia,2016.0,9.0,6.0,735733.0,782806.0
Wisconsin,2016.0,9.0,3.8,3006439.0,3126447.0
Wyoming,2016.0,9.0,5.2,281877.0,297448.0
Alabama,2016.0,10.0,5.8,2076812.0,2204273.0
Alaska,2016.0,10.0,6.7,336654.0,360955.0
Arizona,2016.0,10.0,5.4,3019783.0,3191461.0
Arkansas,2016.0,10.0,3.9,1281640.0,1333826.0
California,2016.0,10.0,5.5,18059728.0,19107156.0
Colorado,2016.0,10.0,2.9,2816813.0,2902399.0
Connecticut,2016.0,10.0,4.6,1823732.0,1912534.0
Delaware,2016.0,10.0,4.6,447248.0,468855.0
District of Columbia,2016.0,10.0,6.3,364017.0,388522.0
Florida,2016.0,10.0,4.9,9378734.0,9860520.0
Georgia,2016.0,10.0,5.4,4772979.0,5045509.0
Hawaii,2016.0,10.0,2.8,678253.0,697509.0
Idaho,2016.0,10.0,3.7,793711.0,823829.0
Illinois,2016.0,10.0,5.7,6216550.0,6591007.0
Indiana,2016.0,10.0,4.2,3190501.0,3329267.0
Iowa,2016.0,10.0,3.6,1642192.0,1703087.0
Kansas,2016.0,10.0,4.2,1431927.0,1494001.0
Kentucky,2016.0,10.0,5.1,1923748.0,2027187.0
Louisiana,2016.0,10.0,6.0,1981151.0,2108513.0
Maine,2016.0,10.0,3.7,673752.0,699586.0
Maryland,2016.0,10.0,4.2,3071405.0,3207056.0
Massachusetts,2016.0,10.0,3.8,3534101.0,3675108.0
Michigan,2016.0,10.0,5.1,4645601.0,4893430.0
Minnesota,2016.0,10.0,4.0,2916085.0,3037832.0
Mississippi,2016.0,10.0,5.9,1197103.0,1272365.0
Missouri,2016.0,10.0,4.6,2924613.0,3066332.0
Montana,2016.0,10.0,4.2,502928.0,525144.0
Nebraska,2016.0,10.0,3.2,985912.0,1018853.0
Nevada,2016.0,10.0,5.6,1336655.0,1415296.0
New Hampshire,2016.0,10.0,2.9,734896.0,756584.0
New Jersey,2016.0,10.0,4.9,4386458.0,4612396.0
New Mexico,2016.0,10.0,7.0,881003.0,947276.0
New York,2016.0,10.0,5.0,9286139.0,9773080.0
North Carolina,2016.0,10.0,5.1,4559430.0,4804146.0
North Dakota,2016.0,10.0,2.9,402214.0,414415.0
Ohio,2016.0,10.0,5.2,5475221.0,5774241.0
Oklahoma,2016.0,10.0,4.7,1728459.0,1813225.0
Oregon,2016.0,10.0,4.5,1954692.0,2047689.0
Pennsylvania,2016.0,10.0,5.3,6161217.0,6506582.0
Rhode Island,2016.0,10.0,5.0,537335.0,565487.0
South Carolina,2016.0,10.0,4.6,2150405.0,2254017.0
South Dakota,2016.0,10.0,3.2,439056.0,453370.0
Tennessee,2016.0,10.0,4.8,3004775.0,3155934.0
Texas,2016.0,10.0,4.8,12687966.0,13330344.0
Utah,2016.0,10.0,3.2,1472765.0,1521999.0
Vermont,2016.0,10.0,3.1,341970.0,352761.0
Virginia,2016.0,10.0,4.0,4097239.0,4269893.0
Washington,2016.0,10.0,5.0,3483434.0,3667584.0
West Virginia,2016.0,10.0,5.9,736125.0,782451.0
Wisconsin,2016.0,10.0,3.8,3007034.0,3126280.0
Wyoming,2016.0,10.0,5.2,281562.0,296866.0
Alabama,2016.0,11.0,5.7,2079175.0,2205335.0
Alaska,2016.0,11.0,6.7,336792.0,361063.0
Arizona,2016.0,11.0,5.3,3025580.0,3196332.0
Arkansas,2016.0,11.0,3.9,1281386.0,1333086.0
California,2016.0,11.0,5.4,18075298.0,19113583.0
Colorado,2016.0,11.0,2.8,2824141.0,2906799.0
Connecticut,2016.0,11.0,4.6,1826588.0,1914777.0
Delaware,2016.0,11.0,4.6,447562.0,469288.0
District of Columbia,2016.0,11.0,6.3,364667.0,389247.0
Florida,2016.0,11.0,4.8,9393753.0,9872058.0
Georgia,2016.0,11.0,5.4,4775224.0,5046935.0
Hawaii,2016.0,11.0,2.7,679175.0,697993.0
Idaho,2016.0,11.0,3.6,795391.0,825147.0
Illinois,2016.0,11.0,5.6,6213500.0,6581198.0
Indiana,2016.0,11.0,4.1,3188213.0,3324425.0
Iowa,2016.0,11.0,3.5,1639313.0,1698894.0
Kansas,2016.0,11.0,4.1,1431725.0,1492606.0
Kentucky,2016.0,11.0,5.1,1926267.0,2030274.0
Louisiana,2016.0,11.0,6.0,1979652.0,2105462.0
Maine,2016.0,11.0,3.6,674643.0,700125.0
Maryland,2016.0,11.0,4.2,3077655.0,3213515.0
Massachusetts,2016.0,11.0,3.8,3538619.0,3679999.0
Michigan,2016.0,11.0,5.1,4648509.0,4896498.0
Minnesota,2016.0,11.0,4.0,2918967.0,3039925.0
Mississippi,2016.0,11.0,5.8,1198535.0,1272916.0
Missouri,2016.0,11.0,4.5,2924082.0,3061737.0
Montana,2016.0,11.0,4.2,503111.0,525201.0
Nebraska,2016.0,11.0,3.2,985137.0,1017746.0
Nevada,2016.0,11.0,5.5,1339753.0,1417614.0
New Hampshire,2016.0,11.0,2.9,734367.0,756175.0
New Jersey,2016.0,11.0,4.8,4387598.0,4609536.0
New Mexico,2016.0,11.0,7.0,880964.0,946974.0
New York,2016.0,11.0,4.9,9294636.0,9774939.0
North Carolina,2016.0,11.0,5.1,4567649.0,4811353.0
North Dakota,2016.0,11.0,2.9,401977.0,414089.0
Ohio,2016.0,11.0,5.2,5476862.0,5779152.0
Oklahoma,2016.0,11.0,4.6,1728653.0,1811787.0
Oregon,2016.0,11.0,4.4,1957997.0,2047929.0
Pennsylvania,2016.0,11.0,5.3,6157345.0,6499466.0
Rhode Island,2016.0,11.0,4.9,538249.0,565758.0
South Carolina,2016.0,11.0,4.5,2151916.0,2253877.0
South Dakota,2016.0,11.0,3.2,439086.0,453396.0
Tennessee,2016.0,11.0,4.8,3007482.0,3157653.0
Texas,2016.0,11.0,4.8,12696201.0,13340963.0
Utah,2016.0,11.0,3.2,1476621.0,1525847.0
Vermont,2016.0,11.0,3.1,342126.0,352973.0
Virginia,2016.0,11.0,4.0,4104635.0,4277138.0
Washington,2016.0,11.0,4.9,3490934.0,3672426.0
West Virginia,2016.0,11.0,5.8,736871.0,782104.0
Wisconsin,2016.0,11.0,3.8,3008131.0,3125852.0
Wyoming,2016.0,11.0,5.1,281335.0,296344.0
Alabama,2016.0,12.0,5.6,2082127.0,2205647.0
Alaska,2016.0,12.0,6.7,336998.0,361165.0
Arizona,2016.0,12.0,5.3,3032350.0,3201857.0
Arkansas,2016.0,12.0,3.8,1281884.0,1332977.0
California,2016.0,12.0,5.4,18097891.0,19121219.0
Colorado,2016.0,12.0,2.7,2832609.0,2911887.0
Connecticut,2016.0,12.0,4.6,1829996.0,1917802.0
Delaware,2016.0,12.0,4.6,448203.0,469975.0
District of Columbia,2016.0,12.0,6.3,365379.0,389937.0
Florida,2016.0,12.0,4.8,9412292.0,9883785.0
Georgia,2016.0,12.0,5.3,4780923.0,5049842.0
Hawaii,2016.0,12.0,2.6,680054.0,698455.0
Idaho,2016.0,12.0,3.5,797403.0,826671.0
Illinois,2016.0,12.0,5.4,6212838.0,6570574.0
Indiana,2016.0,12.0,4.0,3188136.0,3320740.0
Iowa,2016.0,12.0,3.4,1636673.0,1694792.0
Kansas,2016.0,12.0,4.0,1432170.0,1491522.0
Kentucky,2016.0,12.0,5.1,1929700.0,2033706.0
Louisiana,2016.0,12.0,5.9,1980040.0,2104052.0
Maine,2016.0,12.0,3.6,675624.0,700689.0
Maryland,2016.0,12.0,4.2,3084594.0,3219929.0
Massachusetts,2016.0,12.0,3.9,3543791.0,3685695.0
Michigan,2016.0,12.0,5.0,4652754.0,4897910.0
Minnesota,2016.0,12.0,3.9,2923692.0,3042724.0
Mississippi,2016.0,12.0,5.7,1200374.0,1273490.0
Missouri,2016.0,12.0,4.4,2924716.0,3057795.0
Montana,2016.0,12.0,4.2,503506.0,525469.0
Nebraska,2016.0,12.0,3.1,985048.0,1017062.0
Nevada,2016.0,12.0,5.4,1343501.0,1420468.0
New Hampshire,2016.0,12.0,2.9,734080.0,756026.0
New Jersey,2016.0,12.0,4.7,4390595.0,4607400.0
New Mexico,2016.0,12.0,6.9,881399.0,946881.0
New York,2016.0,12.0,4.8,9307666.0,9778376.0
North Carolina,2016.0,12.0,5.0,4577097.0,4817768.0
North Dakota,2016.0,12.0,2.9,402030.0,414022.0
Ohio,2016.0,12.0,5.2,5481576.0,5784601.0
Oklahoma,2016.0,12.0,4.5,1729476.0,1810688.0
Oregon,2016.0,12.0,4.2,1962012.0,2048991.0
Pennsylvania,2016.0,12.0,5.2,6157585.0,6496248.0
Rhode Island,2016.0,12.0,4.7,539327.0,566195.0
South Carolina,2016.0,12.0,4.4,2154028.0,2254263.0
South Dakota,2016.0,12.0,3.1,439307.0,453528.0
Tennessee,2016.0,12.0,4.7,3011676.0,3159171.0
Texas,2016.0,12.0,4.8,12710451.0,13355421.0
Utah,2016.0,12.0,3.2,1480889.0,1530053.0
Vermont,2016.0,12.0,3.1,342361.0,353293.0
Virginia,2016.0,12.0,4.0,4113787.0,4285563.0
Washington,2016.0,12.0,4.9,3499555.0,3678337.0
West Virginia,2016.0,12.0,5.6,737878.0,781715.0
Wisconsin,2016.0,12.0,3.7,3010827.0,3126065.0
Wyoming,2016.0,12.0,5.0,281246.0,295904.0
Alabama,2017.0,1.0,5.4,2086487.0,2206228.0
Alaska,2017.0,1.0,6.7,337246.0,361276.0
Arizona,2017.0,1.0,5.2,3040323.0,3208506.0
Arkansas,2017.0,1.0,3.8,1283229.0,1333689.0
California,2017.0,1.0,5.3,18128436.0,19132994.0
Colorado,2017.0,1.0,2.6,2842343.0,2918255.0
Connecticut,2017.0,1.0,4.6,1833677.0,1921297.0
Delaware,2017.0,1.0,4.6,449166.0,470908.0
District of Columbia,2017.0,1.0,6.3,366198.0,390694.0
Florida,2017.0,1.0,4.7,9436060.0,9898705.0
Georgia,2017.0,1.0,5.2,4790056.0,5054953.0
Hawaii,2017.0,1.0,2.6,680867.0,698896.0
Idaho,2017.0,1.0,3.5,799782.0,828467.0
Illinois,2017.0,1.0,5.3,6214763.0,6561466.0
Indiana,2017.0,1.0,3.9,3191170.0,3319366.0
Iowa,2017.0,1.0,3.3,1635216.0,1691889.0
Kansas,2017.0,1.0,3.9,1432993.0,1490813.0
Kentucky,2017.0,1.0,5.1,1934018.0,2037523.0
Louisiana,2017.0,1.0,5.8,1981915.0,2103859.0
Maine,2017.0,1.0,3.5,676585.0,701296.0
Maryland,2017.0,1.0,4.2,3092100.0,3226423.0
Massachusetts,2017.0,1.0,3.9,3550567.0,3693139.0
Michigan,2017.0,1.0,4.9,4659222.0,4898119.0
Minnesota,2017.0,1.0,3.8,2930380.0,3046821.0
Mississippi,2017.0,1.0,5.6,1201816.0,1273483.0
Missouri,2017.0,1.0,4.2,2926318.0,3055068.0
Montana,2017.0,1.0,4.2,504201.0,526046.0
Nebraska,2017.0,1.0,3.1,985628.0,1016947.0
Nevada,2017.0,1.0,5.3,1347936.0,1423972.0
New Hampshire,2017.0,1.0,2.9,734224.0,756274.0
New Jersey,2017.0,1.0,4.6,4395510.0,4607318.0
New Mexico,2017.0,1.0,6.8,882444.0,947172.0
New York,2017.0,1.0,4.7,9324353.0,9785983.0
North Carolina,2017.0,1.0,4.9,4587484.0,4823602.0
North Dakota,2017.0,1.0,2.8,402468.0,414262.0
Ohio,2017.0,1.0,5.2,5489730.0,5791153.0
Oklahoma,2017.0,1.0,4.4,1731013.0,1810280.0
Oregon,2017.0,1.0,4.1,1967270.0,2051780.0
Pennsylvania,2017.0,1.0,5.2,6161887.0,6497414.0
Rhode Island,2017.0,1.0,4.6,540499.0,566778.0
South Carolina,2017.0,1.0,4.4,2156883.0,2255404.0
South Dakota,2017.0,1.0,3.1,439687.0,453764.0
Tennessee,2017.0,1.0,4.5,3018331.0,3161588.0
Texas,2017.0,1.0,4.8,12732635.0,13375477.0
Utah,2017.0,1.0,3.2,1485579.0,1534672.0
Vermont,2017.0,1.0,3.1,342662.0,353658.0
Virginia,2017.0,1.0,4.0,4124816.0,4295344.0
Washington,2017.0,1.0,4.8,3509739.0,3686194.0
West Virginia,2017.0,1.0,5.4,738931.0,781243.0
Wisconsin,2017.0,1.0,3.6,3015550.0,3127673.0
Wyoming,2017.0,1.0,4.8,281301.0,295543.0
Alabama,2017.0,2.0,5.2,2091060.0,2206285.0
Alaska,2017.0,2.0,6.6,337475.0,361365.0
Arizona,2017.0,2.0,5.2,3049421.0,3216026.0
Arkansas,2017.0,2.0,3.7,1285311.0,1335151.0
California,2017.0,2.0,5.1,18165196.0,19148790.0
Colorado,2017.0,2.0,2.5,2853181.0,2926209.0
Connecticut,2017.0,2.0,4.5,1837092.0,1924477.0
Delaware,2017.0,2.0,4.6,450321.0,471950.0
District of Columbia,2017.0,2.0,6.2,367009.0,391426.0
Florida,2017.0,2.0,4.6,9464994.0,9917690.0
Georgia,2017.0,2.0,5.1,4801698.0,5061813.0
Hawaii,2017.0,2.0,2.5,681624.0,699271.0
Idaho,2017.0,2.0,3.4,802450.0,830471.0
Illinois,2017.0,2.0,5.1,6218512.0,6554923.0
Indiana,2017.0,2.0,3.7,3197036.0,3320361.0
Iowa,2017.0,2.0,3.3,1635408.0,1690683.0
Kansas,2017.0,2.0,3.8,1434129.0,1490558.0
Kentucky,2017.0,2.0,5.0,1938738.0,2041438.0
Louisiana,2017.0,2.0,5.7,1984642.0,2103948.0
Maine,2017.0,2.0,3.5,677465.0,701917.0
Maryland,2017.0,2.0,4.1,3099918.0,3232846.0
Massachusetts,2017.0,2.0,3.9,3558580.0,3701716.0
Michigan,2017.0,2.0,4.7,4667652.0,4897485.0
Minnesota,2017.0,2.0,3.7,2938701.0,3052170.0
Mississippi,2017.0,2.0,5.5,1203266.0,1273487.0
Missouri,2017.0,2.0,4.1,2928708.0,3053362.0
Montana,2017.0,2.0,4.1,505163.0,526882.0
Nebraska,2017.0,2.0,3.0,986806.0,1017385.0
Nevada,2017.0,2.0,5.3,1352931.0,1427984.0
New Hampshire,2017.0,2.0,2.9,734811.0,756804.0
New Jersey,2017.0,2.0,4.5,4401732.0,4609280.0
New Mexico,2017.0,2.0,6.7,884026.0,947755.0
New York,2017.0,2.0,4.6,9344486.0,9799491.0
North Carolina,2017.0,2.0,4.8,4598476.0,4829087.0
North Dakota,2017.0,2.0,2.8,403234.0,414721.0
Ohio,2017.0,2.0,5.1,5500476.0,5798781.0
Oklahoma,2017.0,2.0,4.3,1733336.0,1810692.0
Oregon,2017.0,2.0,4.0,1974053.0,2056697.0
Pennsylvania,2017.0,2.0,5.1,6169098.0,6501514.0
Rhode Island,2017.0,2.0,4.5,541572.0,567373.0
South Carolina,2017.0,2.0,4.3,2160505.0,2257293.0
South Dakota,2017.0,2.0,3.1,440199.0,454090.0
Tennessee,2017.0,2.0,4.3,3027509.0,3165138.0
Texas,2017.0,2.0,4.7,12762728.0,13399052.0
Utah,2017.0,2.0,3.2,1490531.0,1539544.0
Vermont,2017.0,2.0,3.1,343009.0,353982.0
Virginia,2017.0,2.0,3.9,4137189.0,4305591.0
Washington,2017.0,2.0,4.7,3521606.0,3696053.0
West Virginia,2017.0,2.0,5.2,739929.0,780830.0
Wisconsin,2017.0,2.0,3.5,3022127.0,3130817.0
Wyoming,2017.0,2.0,4.7,281460.0,295221.0
Alabama,2017.0,3.0,5.0,2095470.0,2206076.0
Alaska,2017.0,3.0,6.6,337593.0,361397.0
Arizona,2017.0,3.0,5.1,3058824.0,3223652.0
Arkansas,2017.0,3.0,3.7,1287615.0,1336992.0
California,2017.0,3.0,5.0,18202131.0,19166879.0
Colorado,2017.0,3.0,2.4,2864385.0,2935526.0
Connecticut,2017.0,3.0,4.5,1839434.0,1926439.0
Delaware,2017.0,3.0,4.5,451429.0,472919.0
District of Columbia,2017.0,3.0,6.2,367751.0,392114.0
Florida,2017.0,3.0,4.5,9495853.0,9939194.0
Georgia,2017.0,3.0,5.0,4814134.0,5069575.0
Hawaii,2017.0,3.0,2.5,682210.0,699458.0
Idaho,2017.0,3.0,3.3,805197.0,832549.0
Illinois,2017.0,3.0,5.0,6221979.0,6550862.0
Indiana,2017.0,3.0,3.6,3203831.0,3322728.0
Iowa,2017.0,3.0,3.2,1636792.0,1690865.0
Kansas,2017.0,3.0,3.7,1435375.0,1490797.0
Kentucky,2017.0,3.0,5.0,1942832.0,2044781.0
Louisiana,2017.0,3.0,5.5,1987521.0,2103789.0
Maine,2017.0,3.0,3.5,678132.0,702440.0
Maryland,2017.0,3.0,4.1,3107122.0,3238618.0
Massachusetts,2017.0,3.0,3.9,3566378.0,3709927.0
Michigan,2017.0,3.0,4.5,4676101.0,4896456.0
Minnesota,2017.0,3.0,3.6,2946919.0,3057640.0
Mississippi,2017.0,3.0,5.4,1204476.0,1273512.0
Missouri,2017.0,3.0,4.0,2931437.0,3052451.0
Montana,2017.0,3.0,4.1,506222.0,527826.0
Nebraska,2017.0,3.0,2.9,988311.0,1018267.0
Nevada,2017.0,3.0,5.2,1358112.0,1432257.0
New Hampshire,2017.0,3.0,2.9,735640.0,757373.0
New Jersey,2017.0,3.0,4.4,4407830.0,4612471.0
New Mexico,2017.0,3.0,6.6,885740.0,948296.0
New York,2017.0,3.0,4.6,9364375.0,9816438.0
North Carolina,2017.0,3.0,4.7,4609099.0,4834530.0
North Dakota,2017.0,3.0,2.7,404053.0,415160.0
Ohio,2017.0,3.0,5.1,5511227.0,5806189.0
Oklahoma,2017.0,3.0,4.2,1736281.0,1811936.0
Oregon,2017.0,3.0,4.0,1981655.0,2063292.0
Pennsylvania,2017.0,3.0,5.1,6176276.0,6505628.0
Rhode Island,2017.0,3.0,4.5,542357.0,567813.0
South Carolina,2017.0,3.0,4.2,2164214.0,2259503.0
South Dakota,2017.0,3.0,3.0,440777.0,454505.0
Tennessee,2017.0,3.0,4.1,3038175.0,3169407.0
Texas,2017.0,3.0,4.7,12796301.0,13421751.0
Utah,2017.0,3.0,3.2,1495332.0,1544341.0
Vermont,2017.0,3.0,3.1,343365.0,354222.0
Virginia,2017.0,3.0,3.8,4149138.0,4314559.0
Washington,2017.0,3.0,4.7,3534092.0,3707001.0
West Virginia,2017.0,3.0,5.1,740722.0,780633.0
Wisconsin,2017.0,3.0,3.4,3029196.0,3134796.0
Wyoming,2017.0,3.0,4.5,281632.0,294896.0
Alabama,2017.0,4.0,4.8,2100100.0,2206288.0
Alaska,2017.0,4.0,6.6,337534.0,361331.0
Arizona,2017.0,4.0,5.0,3068047.0,3230973.0
Arkansas,2017.0,4.0,3.7,1289834.0,1338968.0
California,2017.0,4.0,5.0,18236856.0,19187319.0
Colorado,2017.0,4.0,2.4,2875336.0,2945918.0
Connecticut,2017.0,4.0,4.5,1840416.0,1926784.0
Delaware,2017.0,4.0,4.5,452503.0,473853.0
District of Columbia,2017.0,4.0,6.2,368566.0,392905.0
Florida,2017.0,4.0,4.4,9524342.0,9959824.0
Georgia,2017.0,4.0,4.9,4827169.0,5078384.0
Hawaii,2017.0,4.0,2.4,682587.0,699424.0
Idaho,2017.0,4.0,3.2,807958.0,834705.0
Illinois,2017.0,4.0,5.0,6224830.0,6549587.0
Indiana,2017.0,4.0,3.5,3210283.0,3326115.0
Iowa,2017.0,4.0,3.1,1638792.0,1692030.0
Kansas,2017.0,4.0,3.7,1436627.0,1491539.0
Kentucky,2017.0,4.0,4.9,1946115.0,2047349.0
Louisiana,2017.0,4.0,5.4,1990404.0,2103524.0
Maine,2017.0,4.0,3.4,678618.0,702864.0
Maryland,2017.0,4.0,4.0,3113564.0,3243870.0
Massachusetts,2017.0,4.0,3.9,3573599.0,3717332.0
Michigan,2017.0,4.0,4.4,4683331.0,4896887.0
Minnesota,2017.0,4.0,3.5,2953992.0,3062642.0
Mississippi,2017.0,4.0,5.4,1205386.0,1273547.0
Missouri,2017.0,4.0,3.9,2934363.0,3052331.0
Montana,2017.0,4.0,4.1,507235.0,528766.0
Nebraska,2017.0,4.0,2.9,989906.0,1019505.0
Nevada,2017.0,4.0,5.1,1363325.0,1436691.0
New Hampshire,2017.0,4.0,2.8,736511.0,757871.0
New Jersey,2017.0,4.0,4.4,4412814.0,4616364.0
New Mexico,2017.0,4.0,6.5,887320.0,948576.0
New York,2017.0,4.0,4.6,9381374.0,9834089.0
North Carolina,2017.0,4.0,4.6,4619674.0,4841237.0
North Dakota,2017.0,4.0,2.6,404677.0,415409.0
Ohio,2017.0,4.0,5.0,5520965.0,5813051.0
Oklahoma,2017.0,4.0,4.1,1739992.0,1814313.0
Oregon,2017.0,4.0,3.9,1989039.0,2070638.0
Pennsylvania,2017.0,4.0,5.0,6181125.0,6507391.0
Rhode Island,2017.0,4.0,4.4,542886.0,568085.0
South Carolina,2017.0,4.0,4.2,2167636.0,2261845.0
South Dakota,2017.0,4.0,3.0,441404.0,455044.0
Tennessee,2017.0,4.0,3.9,3049779.0,3174476.0
Texas,2017.0,4.0,4.6,12830534.0,13442289.0
Utah,2017.0,4.0,3.2,1499829.0,1548933.0
Vermont,2017.0,4.0,3.0,343726.0,354394.0
Virginia,2017.0,4.0,3.7,4159883.0,4321755.0
Washington,2017.0,4.0,4.6,3546253.0,3718378.0
West Virginia,2017.0,4.0,5.1,741448.0,780887.0
Wisconsin,2017.0,4.0,3.3,3035599.0,3139051.0
Wyoming,2017.0,4.0,4.3,281782.0,294589.0
Alabama,2017.0,5.0,4.6,2104518.0,2206487.0
Alaska,2017.0,5.0,6.6,337323.0,361147.0
Arizona,2017.0,5.0,5.0,3076622.0,3237430.0
Arkansas,2017.0,5.0,3.7,1291755.0,1340849.0
California,2017.0,5.0,4.9,18268115.0,19207735.0
Colorado,2017.0,5.0,2.4,2885312.0,2956773.0
Connecticut,2017.0,5.0,4.4,1840071.0,1925556.0
Delaware,2017.0,5.0,4.5,453598.0,474779.0
District of Columbia,2017.0,5.0,6.2,369391.0,393708.0
Florida,2017.0,5.0,4.3,9546501.0,9975367.0
Georgia,2017.0,5.0,4.9,4840724.0,5087915.0
Hawaii,2017.0,5.0,2.3,682719.0,699050.0
Idaho,2017.0,5.0,3.1,810656.0,836926.0
Illinois,2017.0,5.0,4.9,6227404.0,6550628.0
Indiana,2017.0,5.0,3.4,3215339.0,3329948.0
Iowa,2017.0,5.0,3.1,1640676.0,1693382.0
Kansas,2017.0,5.0,3.7,1437808.0,1492460.0
Kentucky,2017.0,5.0,4.9,1948682.0,2049041.0
Louisiana,2017.0,5.0,5.2,1993110.0,2103007.0
Maine,2017.0,5.0,3.4,678964.0,703173.0
Maryland,2017.0,5.0,4.0,3119279.0,3248722.0
Massachusetts,2017.0,5.0,3.9,3580096.0,3723697.0
Michigan,2017.0,5.0,4.3,4688750.0,4900103.0
Minnesota,2017.0,5.0,3.5,2959582.0,3066694.0
Mississippi,2017.0,5.0,5.3,1206262.0,1273642.0
Missouri,2017.0,5.0,3.8,2937285.0,3052612.0
Montana,2017.0,5.0,4.1,508076.0,529560.0
Nebraska,2017.0,5.0,2.9,991412.0,1020874.0
Nevada,2017.0,5.0,5.0,1368464.0,1441113.0
New Hampshire,2017.0,5.0,2.8,737245.0,758267.0
New Jersey,2017.0,5.0,4.4,4415756.0,4619842.0
New Mexico,2017.0,5.0,6.3,888585.0,948424.0
New York,2017.0,5.0,4.6,9394766.0,9849999.0
North Carolina,2017.0,5.0,4.5,4630715.0,4849701.0
North Dakota,2017.0,5.0,2.5,404960.0,415392.0
Ohio,2017.0,5.0,5.0,5529534.0,5819388.0
Oklahoma,2017.0,5.0,4.0,1744418.0,1817808.0
Oregon,2017.0,5.0,4.0,1995181.0,2077500.0
Pennsylvania,2017.0,5.0,5.0,6182574.0,6505377.0
Rhode Island,2017.0,5.0,4.4,543251.0,568262.0
South Carolina,2017.0,5.0,4.1,2170546.0,2264136.0
South Dakota,2017.0,5.0,3.0,442048.0,455672.0
Tennessee,2017.0,5.0,3.7,3061581.0,3180235.0
Texas,2017.0,5.0,4.4,12863746.0,13460096.0
Utah,2017.0,5.0,3.2,1503951.0,1553118.0
Vermont,2017.0,5.0,2.9,344045.0,354489.0
Virginia,2017.0,5.0,3.7,4169284.0,4327413.0
Washington,2017.0,5.0,4.6,3557230.0,3729206.0
West Virginia,2017.0,5.0,5.0,742274.0,781625.0
Wisconsin,2017.0,5.0,3.3,3040700.0,3143102.0
Wyoming,2017.0,5.0,4.2,281873.0,294322.0
Alabama,2017.0,6.0,4.5,2108321.0,2206537.0
Alaska,2017.0,6.0,6.6,337008.0,360869.0
Arizona,2017.0,6.0,4.9,3083975.0,3242821.0
Arkansas,2017.0,6.0,3.7,1293030.0,1342321.0
California,2017.0,6.0,4.8,18293785.0,19224877.0
Colorado,2017.0,6.0,2.5,2893572.0,2967284.0
Connecticut,2017.0,6.0,4.4,1838360.0,1923005.0
Delaware,2017.0,6.0,4.4,454660.0,475670.0
District of Columbia,2017.0,6.0,6.2,370054.0,394337.0
Florida,2017.0,6.0,4.2,9560694.0,9984533.0
Georgia,2017.0,6.0,4.8,4853632.0,5097171.0
Hawaii,2017.0,6.0,2.2,682535.0,698244.0
Idaho,2017.0,6.0,3.1,813194.0,839209.0
Illinois,2017.0,6.0,4.9,6229491.0,6553254.0
Indiana,2017.0,6.0,3.5,3218268.0,3333471.0
Iowa,2017.0,6.0,3.1,1641771.0,1694172.0
Kansas,2017.0,6.0,3.6,1438671.0,1493099.0
Kentucky,2017.0,6.0,4.8,1950407.0,2049761.0
Louisiana,2017.0,6.0,5.1,1995366.0,2102287.0
Maine,2017.0,6.0,3.4,679084.0,703298.0
Maryland,2017.0,6.0,4.0,3123798.0,3252987.0
Massachusetts,2017.0,6.0,3.8,3585629.0,3729001.0
Michigan,2017.0,6.0,4.4,4692146.0,4905778.0
Minnesota,2017.0,6.0,3.4,2963535.0,3069405.0
Mississippi,2017.0,6.0,5.2,1206719.0,1273361.0
Missouri,2017.0,6.0,3.7,2939559.0,3052823.0
Montana,2017.0,6.0,4.1,508607.0,530094.0
Nebraska,2017.0,6.0,2.9,992635.0,1022133.0
Nevada,2017.0,6.0,5.0,1373295.0,1445370.0
New Hampshire,2017.0,6.0,2.7,737657.0,758505.0
New Jersey,2017.0,6.0,4.5,4415854.0,4622054.0
New Mexico,2017.0,6.0,6.2,889353.0,947781.0
New York,2017.0,6.0,4.6,9403710.0,9861994.0
North Carolina,2017.0,6.0,4.5,4641518.0,4859225.0
North Dakota,2017.0,6.0,2.5,404830.0,415098.0
Ohio,2017.0,6.0,5.0,5536790.0,5825444.0
Oklahoma,2017.0,6.0,4.0,1748771.0,1821622.0
Oregon,2017.0,6.0,4.0,1999099.0,2082582.0
Pennsylvania,2017.0,6.0,4.9,6180513.0,6500140.0
Rhode Island,2017.0,6.0,4.4,543455.0,568429.0
South Carolina,2017.0,6.0,4.1,2172533.0,2266113.0
South Dakota,2017.0,6.0,3.0,442609.0,456278.0
Tennessee,2017.0,6.0,3.6,3072205.0,3186200.0
Texas,2017.0,6.0,4.3,12893147.0,13475092.0
Utah,2017.0,6.0,3.2,1507489.0,1556664.0
Vermont,2017.0,6.0,2.9,344240.0,354500.0
Virginia,2017.0,6.0,3.6,4176630.0,4331491.0
Washington,2017.0,6.0,4.6,3566177.0,3738541.0
West Virginia,2017.0,6.0,5.1,743092.0,782674.0
Wisconsin,2017.0,6.0,3.2,3043966.0,3146203.0
Wyoming,2017.0,6.0,4.2,281846.0,294108.0
Alabama,2017.0,7.0,4.3,2111685.0,2206860.0
Alaska,2017.0,7.0,6.6,336591.0,360488.0
Arizona,2017.0,7.0,4.9,3090117.0,3247695.0
Arkansas,2017.0,7.0,3.7,1293485.0,1343174.0
California,2017.0,7.0,4.8,18313576.0,19237228.0
Colorado,2017.0,7.0,2.6,2900220.0,2977132.0
Connecticut,2017.0,7.0,4.4,1835685.0,1919727.0
Delaware,2017.0,7.0,4.4,455590.0,476462.0
District of Columbia,2017.0,7.0,6.1,370594.0,394808.0
Florida,2017.0,7.0,4.2,9568480.0,9988901.0
Georgia,2017.0,7.0,4.7,4864932.0,5105289.0
Hawaii,2017.0,7.0,2.2,682043.0,697091.0
Idaho,2017.0,7.0,3.1,815586.0,841602.0
Illinois,2017.0,7.0,5.0,6231582.0,6556805.0
Indiana,2017.0,7.0,3.5,3219617.0,3336419.0
Iowa,2017.0,7.0,3.1,1641910.0,1694106.0
Kansas,2017.0,7.0,3.6,1438974.0,1493133.0
Kentucky,2017.0,7.0,4.8,1951628.0,2049813.0
Louisiana,2017.0,7.0,5.0,1997221.0,2101693.0
Maine,2017.0,7.0,3.4,678988.0,703234.0
Maryland,2017.0,7.0,4.0,3126695.0,3256480.0
Massachusetts,2017.0,7.0,3.8,3590202.0,3733434.0
Michigan,2017.0,7.0,4.5,4693473.0,4912843.0
Minnesota,2017.0,7.0,3.4,2966036.0,3070848.0
Mississippi,2017.0,7.0,5.2,1206532.0,1272497.0
Missouri,2017.0,7.0,3.7,2940614.0,3052646.0
Montana,2017.0,7.0,4.1,508800.0,530358.0
Nebraska,2017.0,7.0,2.9,993426.0,1023162.0
Nevada,2017.0,7.0,4.9,1377764.0,1449501.0
New Hampshire,2017.0,7.0,2.7,737687.0,758542.0
New Jersey,2017.0,7.0,4.5,4412977.0,4622218.0
New Mexico,2017.0,7.0,6.0,889630.0,946764.0
New York,2017.0,7.0,4.7,9406658.0,9867628.0
North Carolina,2017.0,7.0,4.5,4650878.0,4868559.0
North Dakota,2017.0,7.0,2.5,404333.0,414597.0
Ohio,2017.0,7.0,4.9,5542458.0,5830854.0
Oklahoma,2017.0,7.0,4.0,1752323.0,1824900.0
Oregon,2017.0,7.0,4.1,2000430.0,2085221.0
Pennsylvania,2017.0,7.0,4.9,6176135.0,6493788.0
Rhode Island,2017.0,7.0,4.4,543552.0,568678.0
South Carolina,2017.0,7.0,4.2,2173205.0,2267366.0
South Dakota,2017.0,7.0,3.0,442992.0,456751.0
Tennessee,2017.0,7.0,3.5,3081045.0,3192239.0
Texas,2017.0,7.0,4.2,12917748.0,13488447.0
Utah,2017.0,7.0,3.2,1510433.0,1559600.0
Vermont,2017.0,7.0,2.9,344321.0,354485.0
Virginia,2017.0,7.0,3.5,4181599.0,4334243.0
Washington,2017.0,7.0,4.6,3572716.0,3746010.0
West Virginia,2017.0,7.0,5.1,743756.0,783873.0
Wisconsin,2017.0,7.0,3.3,3045299.0,3147834.0
Wyoming,2017.0,7.0,4.2,281690.0,293939.0
Alabama,2017.0,8.0,4.2,2114443.0,2207126.0
Alaska,2017.0,8.0,6.6,336072.0,359970.0
Arizona,2017.0,8.0,4.8,3095081.0,3252175.0
Arkansas,2017.0,8.0,3.7,1293085.0,1343225.0
California,2017.0,8.0,4.8,18327306.0,19241455.0
Colorado,2017.0,8.0,2.7,2905560.0,2985566.0
Connecticut,2017.0,8.0,4.4,1832452.0,1915998.0
Delaware,2017.0,8.0,4.3,456304.0,477045.0
District of Columbia,2017.0,8.0,6.1,370965.0,395026.0
Florida,2017.0,8.0,4.2,9572649.0,9990032.0
Georgia,2017.0,8.0,4.6,4873800.0,5110944.0
Hawaii,2017.0,8.0,2.1,681317.0,695734.0
Idaho,2017.0,8.0,3.1,817769.0,843971.0
Illinois,2017.0,8.0,5.0,6233762.0,6558898.0
Indiana,2017.0,8.0,3.5,3220049.0,3338006.0
Iowa,2017.0,8.0,3.1,1641271.0,1693072.0
Kansas,2017.0,8.0,3.6,1438552.0,1492235.0
Kentucky,2017.0,8.0,4.7,1952608.0,2049092.0
Louisiana,2017.0,8.0,4.9,1998933.0,2101344.0
Maine,2017.0,8.0,3.4,678679.0,702837.0
Maryland,2017.0,8.0,4.0,3127632.0,3258590.0
Massachusetts,2017.0,8.0,3.8,3594042.0,3736954.0
Michigan,2017.0,8.0,4.6,4692802.0,4918844.0
Minnesota,2017.0,8.0,3.4,2967301.0,3070821.0
Mississippi,2017.0,8.0,5.1,1206016.0,1271029.0
Missouri,2017.0,8.0,3.7,2940131.0,3051527.0
Montana,2017.0,8.0,4.1,508743.0,530354.0
Nebraska,2017.0,8.0,2.9,993730.0,1023753.0
Nevada,2017.0,8.0,4.9,1381819.0,1453361.0
New Hampshire,2017.0,8.0,2.8,737453.0,758410.0
New Jersey,2017.0,8.0,4.6,4407512.0,4619239.0
New Mexico,2017.0,8.0,5.9,889544.0,945445.0
New York,2017.0,8.0,4.7,9403019.0,9865075.0
North Carolina,2017.0,8.0,4.5,4657816.0,4875697.0
North Dakota,2017.0,8.0,2.5,403623.0,413993.0
Ohio,2017.0,8.0,4.9,5545257.0,5832815.0
Oklahoma,2017.0,8.0,4.0,1754860.0,1827186.0
Oregon,2017.0,8.0,4.1,1999824.0,2085667.0
Pennsylvania,2017.0,8.0,4.9,6170929.0,6487659.0
Rhode Island,2017.0,8.0,4.5,543568.0,568918.0
South Carolina,2017.0,8.0,4.2,2172555.0,2267455.0
South Dakota,2017.0,8.0,3.0,443144.0,456969.0
Tennessee,2017.0,8.0,3.4,3087732.0,3197704.0
Texas,2017.0,8.0,4.2,12938258.0,13500768.0
Utah,2017.0,8.0,3.1,1512774.0,1561846.0
Vermont,2017.0,8.0,2.9,344285.0,354420.0
Virginia,2017.0,8.0,3.5,4184267.0,4335627.0
Washington,2017.0,8.0,4.6,3576913.0,3751207.0
West Virginia,2017.0,8.0,5.2,744187.0,784909.0
Wisconsin,2017.0,8.0,3.3,3045026.0,3147461.0
Wyoming,2017.0,8.0,4.2,281410.0,293730.0
Alabama,2017.0,9.0,4.1,2116974.0,2207624.0
Alaska,2017.0,9.0,6.6,335460.0,359319.0
Arizona,2017.0,9.0,4.8,3099094.0,3256460.0
Arkansas,2017.0,9.0,3.8,1292023.0,1342538.0
California,2017.0,9.0,4.7,18335505.0,19237249.0
Colorado,2017.0,9.0,2.8,2909938.0,2992312.0
Connecticut,2017.0,9.0,4.3,1829212.0,1912320.0
Delaware,2017.0,9.0,4.3,456788.0,477373.0
District of Columbia,2017.0,9.0,6.0,371180.0,395016.0
Florida,2017.0,9.0,4.1,9576373.0,9990253.0
Georgia,2017.0,9.0,4.6,4879948.0,5113741.0
Hawaii,2017.0,9.0,2.0,680466.0,694382.0
Idaho,2017.0,9.0,3.1,819647.0,846071.0
Illinois,2017.0,9.0,4.9,6235808.0,6558492.0
Indiana,2017.0,9.0,3.5,3220211.0,3337967.0
Iowa,2017.0,9.0,3.0,1640300.0,1691448.0
Kansas,2017.0,9.0,3.6,1437460.0,1490502.0
Kentucky,2017.0,9.0,4.6,1953321.0,2047586.0
Louisiana,2017.0,9.0,4.8,2000360.0,2101001.0
Maine,2017.0,9.0,3.4,678193.0,702059.0
Maryland,2017.0,9.0,4.1,3126844.0,3259199.0
Massachusetts,2017.0,9.0,3.8,3597776.0,3740095.0
Michigan,2017.0,9.0,4.7,4690747.0,4921634.0
Minnesota,2017.0,9.0,3.3,2967722.0,3069623.0
Mississippi,2017.0,9.0,5.0,1205152.0,1269051.0
Missouri,2017.0,9.0,3.6,2938286.0,3049359.0
Montana,2017.0,9.0,4.1,508565.0,530194.0
Nebraska,2017.0,9.0,3.0,993669.0,1023897.0
Nevada,2017.0,9.0,4.9,1385488.0,1456885.0
New Hampshire,2017.0,9.0,2.8,737198.0,758258.0
New Jersey,2017.0,9.0,4.6,4400750.0,4613608.0
New Mexico,2017.0,9.0,5.8,889352.0,944028.0
New York,2017.0,9.0,4.7,9394183.0,9855369.0
North Carolina,2017.0,9.0,4.5,4661948.0,4879411.0
North Dakota,2017.0,9.0,2.5,402863.0,413394.0
Ohio,2017.0,9.0,4.9,5544362.0,5829158.0
Oklahoma,2017.0,9.0,3.9,1756631.0,1828537.0
Oregon,2017.0,9.0,4.1,1998456.0,2084965.0
Pennsylvania,2017.0,9.0,4.9,6166018.0,6482632.0
Rhode Island,2017.0,9.0,4.5,543502.0,569071.0
South Carolina,2017.0,9.0,4.2,2171143.0,2266486.0
South Dakota,2017.0,9.0,3.0,443092.0,456923.0
Tennessee,2017.0,9.0,3.4,3091822.0,3201719.0
Texas,2017.0,9.0,4.1,12956752.0,13513740.0
Utah,2017.0,9.0,3.1,1514568.0,1563453.0
Vermont,2017.0,9.0,2.9,344162.0,354302.0
Virginia,2017.0,9.0,3.5,4185403.0,4336048.0
Washington,2017.0,9.0,4.7,3579485.0,3754323.0
West Virginia,2017.0,9.0,5.2,744304.0,785534.0
Wisconsin,2017.0,9.0,3.2,3043943.0,3145226.0
Wyoming,2017.0,9.0,4.2,281030.0,293440.0
Alabama,2017.0,10.0,4.0,2118356.0,2207465.0
Alaska,2017.0,10.0,6.6,334824.0,358592.0
Arizona,2017.0,10.0,4.8,3102961.0,3261088.0
Arkansas,2017.0,10.0,3.8,1290667.0,1341423.0
California,2017.0,10.0,4.6,18341328.0,19228301.0
Colorado,2017.0,10.0,2.8,2913921.0,2997994.0
Connecticut,2017.0,10.0,4.3,1826621.0,1909315.0
Delaware,2017.0,10.0,4.3,457132.0,477521.0
District of Columbia,2017.0,10.0,6.0,371351.0,394951.0
Florida,2017.0,10.0,4.1,9582834.0,9992561.0
Georgia,2017.0,10.0,4.5,4883904.0,5114280.0
Hawaii,2017.0,10.0,2.0,679660.0,693299.0
Idaho,2017.0,10.0,3.1,821335.0,847840.0
Illinois,2017.0,10.0,4.9,6238406.0,6556880.0
Indiana,2017.0,10.0,3.5,3221467.0,3337543.0
Iowa,2017.0,10.0,3.0,1639620.0,1689899.0
Kansas,2017.0,10.0,3.5,1435980.0,1488379.0
Kentucky,2017.0,10.0,4.5,1953757.0,2045582.0
Louisiana,2017.0,10.0,4.7,2001407.0,2100649.0
Maine,2017.0,10.0,3.3,677627.0,700989.0
Maryland,2017.0,10.0,4.1,3125149.0,3258782.0
Massachusetts,2017.0,10.0,3.8,3602418.0,3743965.0
Michigan,2017.0,10.0,4.7,4688890.0,4921385.0
Minnesota,2017.0,10.0,3.3,2967904.0,3067975.0
Mississippi,2017.0,10.0,5.0,1204884.0,1267802.0
Missouri,2017.0,10.0,3.6,2935747.0,3046490.0
Montana,2017.0,10.0,4.1,508462.0,530057.0
Nebraska,2017.0,10.0,3.0,993513.0,1023841.0
Nevada,2017.0,10.0,4.9,1389018.0,1460220.0
New Hampshire,2017.0,10.0,2.8,737199.0,758293.0
New Jersey,2017.0,10.0,4.6,4394376.0,4606841.0
New Mexico,2017.0,10.0,5.7,889348.0,942756.0
New York,2017.0,10.0,4.7,9382584.0,9841071.0
North Carolina,2017.0,10.0,4.4,4663602.0,4879643.0
North Dakota,2017.0,10.0,2.6,402253.0,412936.0
Ohio,2017.0,10.0,4.8,5540886.0,5820642.0
Oklahoma,2017.0,10.0,3.9,1758109.0,1829311.0
Oregon,2017.0,10.0,4.2,1997077.0,2083825.0
Pennsylvania,2017.0,10.0,4.9,6162427.0,6478938.0
Rhode Island,2017.0,10.0,4.5,543422.0,569153.0
South Carolina,2017.0,10.0,4.2,2169807.0,2264971.0
South Dakota,2017.0,10.0,3.0,442936.0,456694.0
Tennessee,2017.0,10.0,3.4,3093705.0,3204205.0
Texas,2017.0,10.0,4.1,12975640.0,13529038.0
Utah,2017.0,10.0,3.1,1516080.0,1564691.0
Vermont,2017.0,10.0,2.9,344034.0,354172.0
Virginia,2017.0,10.0,3.5,4186249.0,4336283.0
Washington,2017.0,10.0,4.7,3581595.0,3756362.0
West Virginia,2017.0,10.0,5.3,744136.0,785741.0
Wisconsin,2017.0,10.0,3.2,3043013.0,3142143.0
Wyoming,2017.0,10.0,4.3,280618.0,293078.0
Alabama,2017.0,11.0,4.0,2120334.0,2208532.0
Alaska,2017.0,11.0,6.6,334203.0,357832.0
Arizona,2017.0,11.0,4.9,3107338.0,3266467.0
Arkansas,2017.0,11.0,3.8,1289264.0,1340197.0
California,2017.0,11.0,4.5,18346796.0,19218639.0
Colorado,2017.0,11.0,2.8,2917765.0,3003144.0
Connecticut,2017.0,11.0,4.3,1824891.0,1907135.0
Delaware,2017.0,11.0,4.2,457417.0,477579.0
District of Columbia,2017.0,11.0,5.9,371569.0,395001.0
Florida,2017.0,11.0,4.1,9592692.0,9997986.0
Georgia,2017.0,11.0,4.4,4886108.0,5113165.0
Hawaii,2017.0,11.0,2.0,679010.0,692653.0
Idaho,2017.0,11.0,3.1,822893.0,849291.0
Illinois,2017.0,11.0,4.8,6241805.0,6554599.0
Indiana,2017.0,11.0,3.4,3224313.0,3338026.0
Iowa,2017.0,11.0,2.9,1639458.0,1688795.0
Kansas,2017.0,11.0,3.5,1434554.0,1486470.0
Kentucky,2017.0,11.0,4.4,1953967.0,2043535.0
Louisiana,2017.0,11.0,4.7,2002322.0,2100733.0
Maine,2017.0,11.0,3.2,677066.0,699785.0
Maryland,2017.0,11.0,4.1,3123271.0,3257766.0
Massachusetts,2017.0,11.0,3.8,3608517.0,3749313.0
Michigan,2017.0,11.0,4.7,4688415.0,4919605.0
Minnesota,2017.0,11.0,3.2,2967801.0,3066127.0
Mississippi,2017.0,11.0,4.9,1204402.0,1266613.0
Missouri,2017.0,11.0,3.6,2933328.0,3043622.0
Montana,2017.0,11.0,4.1,508499.0,529992.0
Nebraska,2017.0,11.0,3.0,993495.0,1023864.0
Nevada,2017.0,11.0,4.8,1392574.0,1463526.0
New Hampshire,2017.0,11.0,2.8,737528.0,758611.0
New Jersey,2017.0,11.0,4.6,4388931.0,4599881.0
New Mexico,2017.0,11.0,5.5,889650.0,941750.0
New York,2017.0,11.0,4.6,9370253.0,9825046.0
North Carolina,2017.0,11.0,4.4,4663855.0,4877590.0
North Dakota,2017.0,11.0,2.6,401840.0,412665.0
Ohio,2017.0,11.0,4.7,5535448.0,5809489.0
Oklahoma,2017.0,11.0,3.8,1759464.0,1829780.0
Oregon,2017.0,11.0,4.2,1995796.0,2082386.0
Pennsylvania,2017.0,11.0,4.9,6160092.0,6476072.0
Rhode Island,2017.0,11.0,4.5,543396.0,569205.0
South Carolina,2017.0,11.0,4.2,2169220.0,2263175.0
South Dakota,2017.0,11.0,3.0,442795.0,456452.0
Tennessee,2017.0,11.0,3.5,3094526.0,3205969.0
Texas,2017.0,11.0,4.1,12994965.0,13546877.0
Utah,2017.0,11.0,3.1,1517480.0,1565804.0
Vermont,2017.0,11.0,2.9,343929.0,354051.0
Virginia,2017.0,11.0,3.4,4187612.0,4336807.0
Washington,2017.0,11.0,4.6,3584149.0,3758494.0
West Virginia,2017.0,11.0,5.3,743762.0,785656.0
Wisconsin,2017.0,11.0,3.1,3042341.0,3139070.0
Wyoming,2017.0,11.0,4.3,280233.0,292689.0
Alabama,2017.0,12.0,4.0,2122936.0,2210701.0
Alaska,2017.0,12.0,6.6,333697.0,357103.0
Arizona,2017.0,12.0,4.9,3113373.0,3273052.0
Arkansas,2017.0,12.0,3.8,1288255.0,1339224.0
California,2017.0,12.0,4.5,18357229.0,19214570.0
Colorado,2017.0,12.0,2.9,2922501.0,3008759.0
Connecticut,2017.0,12.0,4.3,1824544.0,1906047.0
Delaware,2017.0,12.0,4.2,457840.0,477707.0
District of Columbia,2017.0,12.0,5.9,371936.0,395250.0
Florida,2017.0,12.0,4.0,9607017.0,10007150.0
Georgia,2017.0,12.0,4.4,4887940.0,5111412.0
Hawaii,2017.0,12.0,2.0,678766.0,692634.0
Idaho,2017.0,12.0,3.1,824545.0,850626.0
Illinois,2017.0,12.0,4.7,6246895.0,6552397.0
Indiana,2017.0,12.0,3.3,3229529.0,3341073.0
Iowa,2017.0,12.0,2.9,1640345.0,1688678.0
Kansas,2017.0,12.0,3.5,1433981.0,1485497.0
Kentucky,2017.0,12.0,4.3,1954328.0,2042076.0
Louisiana,2017.0,12.0,4.7,2003667.0,2101751.0
Maine,2017.0,12.0,3.1,676786.0,698782.0
Maryland,2017.0,12.0,4.1,3122568.0,3256935.0
Massachusetts,2017.0,12.0,3.7,3617581.0,3757459.0
Michigan,2017.0,12.0,4.6,4691040.0,4918650.0
Minnesota,2017.0,12.0,3.2,2968072.0,3064718.0
Mississippi,2017.0,12.0,4.9,1204242.0,1266035.0
Missouri,2017.0,12.0,3.6,2932298.0,3041674.0
Montana,2017.0,12.0,4.0,508796.0,530058.0
Nebraska,2017.0,12.0,3.0,993978.0,1024266.0
Nevada,2017.0,12.0,4.8,1396626.0,1467126.0
New Hampshire,2017.0,12.0,2.8,738340.0,759358.0
New Jersey,2017.0,12.0,4.5,4385709.0,4593657.0
New Mexico,2017.0,12.0,5.4,890480.0,941150.0
New York,2017.0,12.0,4.6,9361966.0,9810886.0
North Carolina,2017.0,12.0,4.3,4665504.0,4875928.0
North Dakota,2017.0,12.0,2.6,401654.0,412576.0
Ohio,2017.0,12.0,4.6,5530246.0,5799019.0
Oklahoma,2017.0,12.0,3.8,1761160.0,1830382.0
Oregon,2017.0,12.0,4.1,1994796.0,2080849.0
Pennsylvania,2017.0,12.0,4.9,6160795.0,6474865.0
Rhode Island,2017.0,12.0,4.5,543668.0,569398.0
South Carolina,2017.0,12.0,4.0,2170371.0,2261625.0
South Dakota,2017.0,12.0,3.0,442860.0,456396.0
Tennessee,2017.0,12.0,3.5,3095960.0,3208324.0
Texas,2017.0,12.0,4.1,13017098.0,13568610.0
Utah,2017.0,12.0,3.1,1519268.0,1567240.0
Vermont,2017.0,12.0,2.8,343953.0,354016.0
Virginia,2017.0,12.0,3.4,4190826.0,4338678.0
Washington,2017.0,12.0,4.6,3588913.0,3762487.0
West Virginia,2017.0,12.0,5.4,743600.0,785676.0
Wisconsin,2017.0,12.0,3.0,3042204.0,3136815.0
Wyoming,2017.0,12.0,4.2,279991.0,292378.0
Alabama,2018.0,1.0,4.0,2126765.0,2214527.0
Alaska,2018.0,1.0,6.5,333399.0,356498.0
Arizona,2018.0,1.0,4.9,3121522.0,3281017.0
Arkansas,2018.0,1.0,3.8,1287906.0,1338772.0
California,2018.0,1.0,4.4,18376536.0,19222096.0
Colorado,2018.0,1.0,2.9,2928961.0,3015824.0
Connecticut,2018.0,1.0,4.2,1825828.0,1906315.0
Delaware,2018.0,1.0,4.1,458620.0,478139.0
District of Columbia,2018.0,1.0,5.9,372482.0,395730.0
Florida,2018.0,1.0,3.9,9626161.0,10020689.0
Georgia,2018.0,1.0,4.3,4891070.0,5110825.0
Hawaii,2018.0,1.0,2.1,679023.0,693275.0
Idaho,2018.0,1.0,3.0,826507.0,852121.0
Illinois,2018.0,1.0,4.5,6253124.0,6550963.0
Indiana,2018.0,1.0,3.3,3237478.0,3347959.0
Iowa,2018.0,1.0,2.8,1642992.0,1690271.0
Kansas,2018.0,1.0,3.4,1434730.0,1485942.0
Kentucky,2018.0,1.0,4.2,1955398.0,2042001.0
Louisiana,2018.0,1.0,4.7,2005560.0,2104108.0
Maine,2018.0,1.0,3.1,676986.0,698341.0
Maryland,2018.0,1.0,4.1,3124110.0,3257332.0
Massachusetts,2018.0,1.0,3.7,3630409.0,3769274.0
Michigan,2018.0,1.0,4.5,4697980.0,4920884.0
Minnesota,2018.0,1.0,3.1,2969361.0,3064496.0
Mississippi,2018.0,1.0,4.9,1204494.0,1266186.0
Missouri,2018.0,1.0,3.5,2933418.0,3041374.0
Montana,2018.0,1.0,3.9,509456.0,530392.0
Nebraska,2018.0,1.0,2.9,995183.0,1025277.0
Nevada,2018.0,1.0,4.7,1401511.0,1471357.0
New Hampshire,2018.0,1.0,2.8,739735.0,760670.0
New Jersey,2018.0,1.0,4.4,4386416.0,4590359.0
New Mexico,2018.0,1.0,5.2,891977.0,941212.0
New York,2018.0,1.0,4.5,9361990.0,9803080.0
North Carolina,2018.0,1.0,4.2,4670755.0,4877314.0
North Dakota,2018.0,1.0,2.6,401720.0,412653.0
Ohio,2018.0,1.0,4.6,5528236.0,5793192.0
Oklahoma,2018.0,1.0,3.7,1763627.0,1831536.0
Oregon,2018.0,1.0,4.1,1994389.0,2079631.0
Pennsylvania,2018.0,1.0,4.8,6166344.0,6476843.0
Rhode Island,2018.0,1.0,4.5,544409.0,569855.0
South Carolina,2018.0,1.0,3.9,2173905.0,2261165.0
South Dakota,2018.0,1.0,2.9,443244.0,456643.0
Tennessee,2018.0,1.0,3.5,3099678.0,3212889.0
Texas,2018.0,1.0,4.1,13044129.0,13595908.0
Utah,2018.0,1.0,3.0,1521817.0,1569406.0
Vermont,2018.0,1.0,2.8,344164.0,354113.0
Virginia,2018.0,1.0,3.4,4196731.0,4342632.0
Washington,2018.0,1.0,4.6,3597301.0,3769895.0
West Virginia,2018.0,1.0,5.4,744067.0,786241.0
Wisconsin,2018.0,1.0,3.0,3042747.0,3136136.0
Wyoming,2018.0,1.0,4.2,279961.0,292255.0
Alabama,2018.0,2.0,4.0,2132029.0,2220091.0
Alaska,2018.0,2.0,6.4,333341.0,356060.0
Arizona,2018.0,2.0,4.8,3131841.0,3290510.0
Arkansas,2018.0,2.0,3.8,1288386.0,1338982.0
California,2018.0,2.0,4.3,18406818.0,19243453.0
Colorado,2018.0,2.0,2.9,2937298.0,3024932.0
Connecticut,2018.0,2.0,4.2,1828894.0,1908198.0
Delaware,2018.0,2.0,4.0,459843.0,478988.0
District of Columbia,2018.0,2.0,5.9,373383.0,396596.0
Florida,2018.0,2.0,3.9,9649639.0,10038622.0
Georgia,2018.0,2.0,4.2,4896852.0,5113029.0
Hawaii,2018.0,2.0,2.1,679684.0,694409.0
Idaho,2018.0,2.0,2.9,828939.0,854034.0
Illinois,2018.0,2.0,4.4,6260549.0,6551798.0
Indiana,2018.0,2.0,3.3,3248071.0,3358941.0
Iowa,2018.0,2.0,2.7,1647615.0,1693853.0
Kansas,2018.0,2.0,3.4,1436771.0,1487776.0
Kentucky,2018.0,2.0,4.2,1957843.0,2043979.0
Louisiana,2018.0,2.0,4.7,2007821.0,2107711.0
Maine,2018.0,2.0,3.0,677722.0,698713.0
Maryland,2018.0,2.0,4.0,3128333.0,3259763.0
Massachusetts,2018.0,2.0,3.6,3646630.0,3784535.0
Michigan,2018.0,2.0,4.4,4709182.0,4927259.0
Minnesota,2018.0,2.0,3.1,2971966.0,3065788.0
Mississippi,2018.0,2.0,4.9,1205466.0,1267261.0
Missouri,2018.0,2.0,3.5,2936838.0,3042969.0
Montana,2018.0,2.0,3.9,510516.0,531118.0
Nebraska,2018.0,2.0,2.9,997144.0,1027012.0
Nevada,2018.0,2.0,4.7,1407392.0,1476371.0
New Hampshire,2018.0,2.0,2.7,741717.0,762613.0
New Jersey,2018.0,2.0,4.4,4392094.0,4592098.0
New Mexico,2018.0,2.0,5.1,894133.0,942012.0
New York,2018.0,2.0,4.4,9372131.0,9804282.0
North Carolina,2018.0,2.0,4.2,4680170.0,4882825.0
North Dakota,2018.0,2.0,2.6,402014.0,412835.0
Ohio,2018.0,2.0,4.5,5531475.0,5794297.0
Oklahoma,2018.0,2.0,3.6,1766854.0,1833233.0
Oregon,2018.0,2.0,4.1,1994698.0,2078914.0
Pennsylvania,2018.0,2.0,4.7,6177510.0,6482943.0
Rhode Island,2018.0,2.0,4.4,545687.0,570638.0
South Carolina,2018.0,2.0,3.7,2179944.0,2262610.0
South Dakota,2018.0,2.0,2.9,443969.0,457231.0
Tennessee,2018.0,2.0,3.5,3106759.0,3220532.0
Texas,2018.0,2.0,4.1,13077375.0,13629499.0
Utah,2018.0,2.0,3.0,1525321.0,1572534.0
Vermont,2018.0,2.0,2.8,344581.0,354366.0
Virginia,2018.0,2.0,3.3,4205546.0,4348614.0
Washington,2018.0,2.0,4.5,3609613.0,3781049.0
West Virginia,2018.0,2.0,5.4,745357.0,787537.0
Wisconsin,2018.0,2.0,3.0,3043863.0,3137140.0
Wyoming,2018.0,2.0,4.2,280179.0,292389.0
Alabama,2018.0,3.0,4.0,2137519.0,2225982.0
Alaska,2018.0,3.0,6.3,333482.0,355769.0
Arizona,2018.0,3.0,4.8,3143458.0,3300813.0
Arkansas,2018.0,3.0,3.7,1289560.0,1339618.0
California,2018.0,3.0,4.3,18443706.0,19272324.0
Colorado,2018.0,3.0,2.9,2946400.0,3035284.0
Connecticut,2018.0,3.0,4.1,1833417.0,1911441.0
Delaware,2018.0,3.0,3.9,461291.0,480050.0
District of Columbia,2018.0,3.0,5.8,374407.0,397571.0
Florida,2018.0,3.0,3.8,9674888.0,10058444.0
Georgia,2018.0,3.0,4.2,4904508.0,5117242.0
Hawaii,2018.0,3.0,2.2,680434.0,695627.0
Idaho,2018.0,3.0,2.9,831672.0,856277.0
Illinois,2018.0,3.0,4.4,6268079.0,6554433.0
Indiana,2018.0,3.0,3.3,3259971.0,3372302.0
Iowa,2018.0,3.0,2.7,1653481.0,1698663.0
Kansas,2018.0,3.0,3.4,1439529.0,1490246.0
Kentucky,2018.0,3.0,4.2,1961267.0,2047306.0
Louisiana,2018.0,3.0,4.8,2009679.0,2111364.0
Maine,2018.0,3.0,3.0,678722.0,699692.0
Maryland,2018.0,3.0,4.0,3134380.0,3263750.0
Massachusetts,2018.0,3.0,3.6,3663925.0,3800886.0
Michigan,2018.0,3.0,4.3,4722367.0,4935364.0
Minnesota,2018.0,3.0,3.0,2975407.0,3067888.0
Mississippi,2018.0,3.0,4.9,1207200.0,1269105.0
Missouri,2018.0,3.0,3.4,2941506.0,3045227.0
Montana,2018.0,3.0,3.8,511855.0,532148.0
Nebraska,2018.0,3.0,2.9,999542.0,1029174.0
Nevada,2018.0,3.0,4.6,1413899.0,1481806.0
New Hampshire,2018.0,3.0,2.7,744061.0,764962.0
New Jersey,2018.0,3.0,4.3,4401537.0,4598161.0
New Mexico,2018.0,3.0,4.9,896633.0,943279.0
New York,2018.0,3.0,4.3,9390650.0,9813082.0
North Carolina,2018.0,3.0,4.1,4692280.0,4891265.0
North Dakota,2018.0,3.0,2.6,402385.0,412956.0
Ohio,2018.0,3.0,4.5,5539187.0,5800942.0
Oklahoma,2018.0,3.0,3.5,1770147.0,1834709.0
Oregon,2018.0,3.0,4.0,1995326.0,2078289.0
Pennsylvania,2018.0,3.0,4.6,6192631.0,6491802.0
Rhode Island,2018.0,3.0,4.3,547282.0,571611.0
South Carolina,2018.0,3.0,3.5,2187637.0,2265979.0
South Dakota,2018.0,3.0,2.9,444871.0,457969.0
Tennessee,2018.0,3.0,3.5,3116287.0,3230150.0
Texas,2018.0,3.0,4.0,13114155.0,13665155.0
Utah,2018.0,3.0,3.0,1529405.0,1576272.0
Vermont,2018.0,3.0,2.7,345132.0,354697.0
Virginia,2018.0,3.0,3.2,4215726.0,4354678.0
Washington,2018.0,3.0,4.5,3624440.0,3794275.0
West Virginia,2018.0,3.0,5.3,747299.0,789331.0
Wisconsin,2018.0,3.0,3.0,3044707.0,3138675.0
Wyoming,2018.0,3.0,4.1,280557.0,292701.0
Alabama,2018.0,4.0,4.0,2142721.0,2231472.0
Alaska,2018.0,4.0,6.1,333634.0,355468.0
Arizona,2018.0,4.0,4.7,3154642.0,3310523.0
Arkansas,2018.0,4.0,3.7,1290778.0,1339999.0
California,2018.0,4.0,4.2,18476837.0,19296900.0
Colorado,2018.0,4.0,3.0,2954342.0,3044888.0
Connecticut,2018.0,4.0,4.0,1838503.0,1915210.0
Delaware,2018.0,4.0,3.8,462474.0,480845.0
District of Columbia,2018.0,4.0,5.8,375012.0,398044.0
Florida,2018.0,4.0,3.7,9699014.0,10076751.0
Georgia,2018.0,4.0,4.1,4910972.0,5120103.0
Hawaii,2018.0,4.0,2.2,680823.0,696418.0
Idaho,2018.0,4.0,2.8,834274.0,858466.0
Illinois,2018.0,4.0,4.3,6273427.0,6556223.0
Indiana,2018.0,4.0,3.4,3270547.0,3384540.0
Iowa,2018.0,4.0,2.6,1659036.0,1703146.0
Kansas,2018.0,4.0,3.4,1442082.0,1492261.0
Kentucky,2018.0,4.0,4.2,1964210.0,2050301.0
Louisiana,2018.0,4.0,4.9,2009891.0,2113091.0
Maine,2018.0,4.0,3.0,679495.0,700751.0
Maryland,2018.0,4.0,3.9,3140120.0,3267484.0
Massachusetts,2018.0,4.0,3.6,3679263.0,3815127.0
Michigan,2018.0,4.0,4.2,4733613.0,4940831.0
Minnesota,2018.0,4.0,3.0,2978285.0,3069300.0
Mississippi,2018.0,4.0,4.9,1208249.0,1270137.0
Missouri,2018.0,4.0,3.3,2945488.0,3046286.0
Montana,2018.0,4.0,3.8,513154.0,533182.0
Nebraska,2018.0,4.0,2.8,1001770.0,1031157.0
Nevada,2018.0,4.0,4.5,1420199.0,1486875.0
New Hampshire,2018.0,4.0,2.7,746301.0,767150.0
New Jersey,2018.0,4.0,4.2,4411555.0,4605163.0
New Mexico,2018.0,4.0,4.8,898840.0,944469.0
New York,2018.0,4.0,4.2,9411705.0,9823863.0
North Carolina,2018.0,4.0,4.0,4703477.0,4899267.0
North Dakota,2018.0,4.0,2.5,402569.0,412781.0
Ohio,2018.0,4.0,4.5,5548135.0,5808831.0
Oklahoma,2018.0,4.0,3.4,1772313.0,1834720.0
Oregon,2018.0,4.0,3.9,1995606.0,2077094.0
Pennsylvania,2018.0,4.0,4.5,6207975.0,6500303.0
Rhode Island,2018.0,4.0,4.1,548755.0,572453.0
South Carolina,2018.0,4.0,3.3,2195173.0,2270297.0
South Dakota,2018.0,4.0,2.8,445660.0,458546.0
Tennessee,2018.0,4.0,3.5,3125615.0,3239107.0
Texas,2018.0,4.0,4.0,13147247.0,13694410.0
Utah,2018.0,4.0,2.9,1533207.0,1579760.0
Vermont,2018.0,4.0,2.6,345656.0,354958.0
Virginia,2018.0,4.0,3.1,4223843.0,4357520.0
Washington,2018.0,4.0,4.4,3638946.0,3806442.0
West Virginia,2018.0,4.0,5.3,749328.0,790986.0
Wisconsin,2018.0,4.0,3.0,3044037.0,3138784.0
Wyoming,2018.0,4.0,4.1,280897.0,292992.0
Alabama,2018.0,5.0,4.0,2146112.0,2234988.0
Alaska,2018.0,5.0,6.0,333651.0,355095.0
Arizona,2018.0,5.0,4.7,3164168.0,3319150.0
Arkansas,2018.0,5.0,3.6,1291458.0,1339773.0
California,2018.0,5.0,4.2,18497884.0,19310247.0
Colorado,2018.0,5.0,3.0,2959917.0,3052254.0
Connecticut,2018.0,5.0,3.9,1842992.0,1918502.0
Delaware,2018.0,5.0,3.7,463109.0,481117.0
District of Columbia,2018.0,5.0,5.7,375001.0,397790.0
Florida,2018.0,5.0,3.7,9719961.0,10091633.0
Georgia,2018.0,5.0,4.0,4913776.0,5119347.0
Hawaii,2018.0,5.0,2.3,680474.0,696457.0
Idaho,2018.0,5.0,2.8,836427.0,860364.0
Illinois,2018.0,5.0,4.3,6275203.0,6556049.0
Indiana,2018.0,5.0,3.4,3277544.0,3392942.0
Iowa,2018.0,5.0,2.5,1663031.0,1706274.0
Kansas,2018.0,5.0,3.3,1443647.0,1493178.0
Kentucky,2018.0,5.0,4.2,1965390.0,2051706.0
Louisiana,2018.0,5.0,4.9,2007925.0,2111988.0
Maine,2018.0,5.0,3.1,679696.0,701466.0
Maryland,2018.0,5.0,3.8,3143852.0,3269533.0
Massachusetts,2018.0,5.0,3.5,3690853.0,3825483.0
Michigan,2018.0,5.0,4.1,4740310.0,4942041.0
Minnesota,2018.0,5.0,2.9,2979549.0,3069405.0
Mississippi,2018.0,5.0,4.9,1208341.0,1270079.0
Missouri,2018.0,5.0,3.2,2947403.0,3045398.0
Montana,2018.0,5.0,3.7,514144.0,533977.0
Nebraska,2018.0,5.0,2.8,1003338.0,1032631.0
Nevada,2018.0,5.0,4.4,1425669.0,1491150.0
New Hampshire,2018.0,5.0,2.7,747944.0,768610.0
New Jersey,2018.0,5.0,4.1,4419465.0,4610201.0
New Mexico,2018.0,5.0,4.8,900253.0,945219.0
New York,2018.0,5.0,4.1,9428535.0,9830800.0
North Carolina,2018.0,5.0,3.9,4710781.0,4904424.0
North Dakota,2018.0,5.0,2.4,402397.0,412241.0
Ohio,2018.0,5.0,4.5,5555058.0,5814368.0
Oklahoma,2018.0,5.0,3.3,1772700.0,1832883.0
Oregon,2018.0,5.0,3.9,1995017.0,2075233.0
Pennsylvania,2018.0,5.0,4.4,6220361.0,6506622.0
Rhode Island,2018.0,5.0,4.0,549751.0,572881.0
South Carolina,2018.0,5.0,3.2,2201129.0,2274737.0
South Dakota,2018.0,5.0,2.8,446127.0,458806.0
Tennessee,2018.0,5.0,3.5,3132665.0,3245698.0
Texas,2018.0,5.0,4.0,13171017.0,13712961.0
Utah,2018.0,5.0,2.9,1536111.0,1582426.0
Vermont,2018.0,5.0,2.5,346017.0,355045.0
Virginia,2018.0,5.0,2.9,4227301.0,4355424.0
Washington,2018.0,5.0,4.3,3650706.0,3815647.0
West Virginia,2018.0,5.0,5.2,750929.0,792107.0
Wisconsin,2018.0,5.0,3.0,3041044.0,3136204.0
Wyoming,2018.0,5.0,4.1,281062.0,293103.0
Alabama,2018.0,6.0,4.0,2148396.0,2237074.0
Alaska,2018.0,6.0,6.0,333509.0,354670.0
Arizona,2018.0,6.0,4.7,3172145.0,3327171.0
Arkansas,2018.0,6.0,3.6,1291689.0,1339258.0
California,2018.0,6.0,4.2,18506956.0,19313643.0
Colorado,2018.0,6.0,3.1,2963250.0,3057124.0
Connecticut,2018.0,6.0,3.9,1846578.0,1921010.0
Delaware,2018.0,6.0,3.7,463280.0,480929.0
District of Columbia,2018.0,6.0,5.7,374526.0,396959.0
Florida,2018.0,6.0,3.6,9736980.0,10102374.0
Georgia,2018.0,6.0,4.0,4913151.0,5115324.0
Hawaii,2018.0,6.0,2.4,679382.0,695776.0
Idaho,2018.0,6.0,2.8,838108.0,861966.0
Illinois,2018.0,6.0,4.3,6274294.0,6554579.0
Indiana,2018.0,6.0,3.4,3280390.0,3396811.0
Iowa,2018.0,6.0,2.5,1665279.0,1707955.0
Kansas,2018.0,6.0,3.3,1444101.0,1492967.0
Kentucky,2018.0,6.0,4.2,1964898.0,2051396.0
Louisiana,2018.0,6.0,4.9,2004570.0,2108638.0
Maine,2018.0,6.0,3.2,679367.0,701698.0
Maryland,2018.0,6.0,3.8,3145854.0,3269981.0
Massachusetts,2018.0,6.0,3.5,3698647.0,3831789.0
Michigan,2018.0,6.0,4.0,4742445.0,4940348.0
Minnesota,2018.0,6.0,2.9,2979399.0,3068591.0
Mississippi,2018.0,6.0,4.8,1207406.0,1268826.0
Missouri,2018.0,6.0,3.1,2947354.0,3042998.0
Montana,2018.0,6.0,3.7,514801.0,534497.0
Nebraska,2018.0,6.0,2.8,1004227.0,1033622.0
Nevada,2018.0,6.0,4.3,1430267.0,1494756.0
New Hampshire,2018.0,6.0,2.6,748880.0,769231.0
New Jersey,2018.0,6.0,4.1,4424839.0,4612096.0
New Mexico,2018.0,6.0,4.7,900836.0,945552.0
New York,2018.0,6.0,4.0,9438890.0,9832509.0
North Carolina,2018.0,6.0,3.9,4714182.0,4906758.0
North Dakota,2018.0,6.0,2.3,401958.0,411498.0
Ohio,2018.0,6.0,4.4,5558651.0,5816161.0
Oklahoma,2018.0,6.0,3.2,1771734.0,1829926.0
Oregon,2018.0,6.0,3.8,1993918.0,2073562.0
Pennsylvania,2018.0,6.0,4.3,6229246.0,6510858.0
Rhode Island,2018.0,6.0,4.0,550209.0,572875.0
South Carolina,2018.0,6.0,3.2,2205560.0,2279239.0
South Dakota,2018.0,6.0,2.7,446295.0,458793.0
Tennessee,2018.0,6.0,3.5,3137775.0,3250483.0
Texas,2018.0,6.0,3.9,13186203.0,13722218.0
Utah,2018.0,6.0,2.9,1538160.0,1584302.0
Vermont,2018.0,6.0,2.5,346171.0,354936.0
Virginia,2018.0,6.0,2.8,4226830.0,4350195.0
Washington,2018.0,6.0,4.3,3659243.0,3822176.0
West Virginia,2018.0,6.0,5.1,752001.0,792628.0
Wisconsin,2018.0,6.0,3.0,3036176.0,3131226.0
Wyoming,2018.0,6.0,4.1,281062.0,293022.0
Alabama,2018.0,7.0,3.9,2150399.0,2238463.0
Alaska,2018.0,7.0,5.9,333233.0,354202.0
Arizona,2018.0,7.0,4.7,3179042.0,3335123.0
Arkansas,2018.0,7.0,3.5,1291749.0,1338897.0
California,2018.0,7.0,4.2,18507679.0,19311140.0
Colorado,2018.0,7.0,3.1,2964993.0,3059993.0
Connecticut,2018.0,7.0,3.8,1849448.0,1922888.0
Delaware,2018.0,7.0,3.6,463197.0,480484.0
District of Columbia,2018.0,7.0,5.6,373870.0,395872.0
Florida,2018.0,7.0,3.6,9750327.0,10109684.0
Georgia,2018.0,7.0,3.9,4910334.0,5109510.0
Hawaii,2018.0,7.0,2.4,677753.0,694556.0
Idaho,2018.0,7.0,2.8,839437.0,863362.0
Illinois,2018.0,7.0,4.3,6271554.0,6552241.0
Indiana,2018.0,7.0,3.4,3279240.0,3396231.0
Iowa,2018.0,7.0,2.5,1666117.0,1708522.0
Kansas,2018.0,7.0,3.2,1443752.0,1491979.0
Kentucky,2018.0,7.0,4.2,1963079.0,2049557.0
Louisiana,2018.0,7.0,4.9,2000799.0,2103945.0
Maine,2018.0,7.0,3.3,678628.0,701436.0
Maryland,2018.0,7.0,3.7,3147134.0,3269608.0
Massachusetts,2018.0,7.0,3.4,3703238.0,3834581.0
Michigan,2018.0,7.0,4.0,4741552.0,4937813.0
Minnesota,2018.0,7.0,2.9,2978495.0,3067455.0
Mississippi,2018.0,7.0,4.8,1205608.0,1266735.0
Missouri,2018.0,7.0,3.1,2946039.0,3039930.0
Montana,2018.0,7.0,3.7,515257.0,534832.0
Nebraska,2018.0,7.0,2.9,1004723.0,1034310.0
Nevada,2018.0,7.0,4.3,1434174.0,1497993.0
New Hampshire,2018.0,7.0,2.6,749267.0,769227.0
New Jersey,2018.0,7.0,4.0,4428154.0,4611059.0
New Mexico,2018.0,7.0,4.7,900762.0,945649.0
New York,2018.0,7.0,3.9,9443658.0,9830902.0
North Carolina,2018.0,7.0,3.9,4714462.0,4906826.0
North Dakota,2018.0,7.0,2.3,401447.0,410769.0
Ohio,2018.0,7.0,4.4,5559003.0,5815042.0
Oklahoma,2018.0,7.0,3.1,1770044.0,1826644.0
Oregon,2018.0,7.0,3.9,1992436.0,2072518.0
Pennsylvania,2018.0,7.0,4.3,6235376.0,6513633.0
Rhode Island,2018.0,7.0,3.9,550161.0,572513.0
South Carolina,2018.0,7.0,3.3,2209256.0,2283852.0
South Dakota,2018.0,7.0,2.7,446275.0,458603.0
Tennessee,2018.0,7.0,3.5,3141385.0,3253879.0
Texas,2018.0,7.0,3.9,13195670.0,13725433.0
Utah,2018.0,7.0,2.9,1539651.0,1585625.0
Vermont,2018.0,7.0,2.4,346103.0,354645.0
Virginia,2018.0,7.0,2.8,4224330.0,4344543.0
Washington,2018.0,7.0,4.2,3665113.0,3827191.0
West Virginia,2018.0,7.0,5.0,752592.0,792602.0
Wisconsin,2018.0,7.0,3.0,3030551.0,3124973.0
Wyoming,2018.0,7.0,4.1,280949.0,292817.0
Alabama,2018.0,8.0,3.9,2151904.0,2239251.0
Alaska,2018.0,8.0,5.9,332823.0,353725.0
Arizona,2018.0,8.0,4.7,3185810.0,3344235.0
Arkansas,2018.0,8.0,3.5,1292051.0,1339306.0
California,2018.0,8.0,4.2,18506230.0,19311464.0
Colorado,2018.0,8.0,3.1,2966337.0,3062145.0
Connecticut,2018.0,8.0,3.8,1851828.0,1924548.0
Delaware,2018.0,8.0,3.5,463144.0,480135.0
District of Columbia,2018.0,8.0,5.5,373265.0,394964.0
Florida,2018.0,8.0,3.5,9761569.0,10116757.0
Georgia,2018.0,8.0,3.9,4907223.0,5104655.0
Hawaii,2018.0,8.0,2.5,675845.0,693097.0
Idaho,2018.0,8.0,2.8,840714.0,864894.0
Illinois,2018.0,8.0,4.3,6268612.0,6551206.0
Indiana,2018.0,8.0,3.5,3275860.0,3393393.0
Iowa,2018.0,8.0,2.5,1666367.0,1708907.0
Kansas,2018.0,8.0,3.2,1443209.0,1491132.0
Kentucky,2018.0,8.0,4.2,1960799.0,2047172.0
Louisiana,2018.0,8.0,4.9,1997548.0,2099491.0
Maine,2018.0,8.0,3.3,677758.0,700956.0
Maryland,2018.0,8.0,3.7,3149195.0,3270271.0
Massachusetts,2018.0,8.0,3.4,3706194.0,3835875.0
Michigan,2018.0,8.0,4.0,4740538.0,4937504.0
Minnesota,2018.0,8.0,2.9,2977839.0,3067472.0
Mississippi,2018.0,8.0,4.8,1204004.0,1265370.0
Missouri,2018.0,8.0,3.1,2944615.0,3037789.0
Montana,2018.0,8.0,3.6,515719.0,535249.0
Nebraska,2018.0,8.0,2.9,1005219.0,1035154.0
Nevada,2018.0,8.0,4.2,1437822.0,1501510.0
New Hampshire,2018.0,8.0,2.6,749443.0,769076.0
New Jersey,2018.0,8.0,3.9,4430703.0,4609237.0
New Mexico,2018.0,8.0,4.8,900421.0,945960.0
New York,2018.0,8.0,3.9,9445452.0,9830123.0
North Carolina,2018.0,8.0,3.9,4713811.0,4907147.0
North Dakota,2018.0,8.0,2.2,401087.0,410319.0
Ohio,2018.0,8.0,4.4,5558833.0,5815036.0
Oklahoma,2018.0,8.0,3.1,1768192.0,1823936.0
Oregon,2018.0,8.0,3.9,1991374.0,2073066.0
Pennsylvania,2018.0,8.0,4.2,6240646.0,6517145.0
Rhode Island,2018.0,8.0,3.9,549811.0,572055.0
South Carolina,2018.0,8.0,3.3,2213290.0,2288851.0
South Dakota,2018.0,8.0,2.7,446245.0,458463.0
Tennessee,2018.0,8.0,3.5,3144686.0,3257296.0
Texas,2018.0,8.0,3.8,13203553.0,13729166.0
Utah,2018.0,8.0,2.9,1541130.0,1586998.0
Vermont,2018.0,8.0,2.4,345913.0,354312.0
Virginia,2018.0,8.0,2.8,4222184.0,4341692.0
Washington,2018.0,8.0,4.2,3669943.0,3832666.0
West Virginia,2018.0,8.0,5.0,752830.0,792385.0
Wisconsin,2018.0,8.0,3.0,3025589.0,3119399.0
Wyoming,2018.0,8.0,4.0,280821.0,292638.0
Alabama,2018.0,9.0,3.9,2154733.0,2241462.0
Alaska,2018.0,9.0,5.9,332283.0,353257.0
Arizona,2018.0,9.0,4.8,3193079.0,3354886.0
Arkansas,2018.0,9.0,3.6,1292866.0,1340798.0
California,2018.0,9.0,4.2,18507042.0,19319744.0
Colorado,2018.0,9.0,3.1,2968487.0,3064766.0
Connecticut,2018.0,9.0,3.8,1853800.0,1926116.0
Delaware,2018.0,9.0,3.5,463315.0,480129.0
District of Columbia,2018.0,9.0,5.5,372769.0,394485.0
Florida,2018.0,9.0,3.5,9771929.0,10125597.0
Georgia,2018.0,9.0,3.9,4905185.0,5102401.0
Hawaii,2018.0,9.0,2.6,673878.0,691614.0
Idaho,2018.0,9.0,2.8,842158.0,866799.0
Illinois,2018.0,9.0,4.4,6266912.0,6553072.0
Indiana,2018.0,9.0,3.5,3272451.0,3390914.0
Iowa,2018.0,9.0,2.5,1666842.0,1709789.0
Kansas,2018.0,9.0,3.2,1442961.0,1491039.0
Kentucky,2018.0,9.0,4.2,1959052.0,2045292.0
Louisiana,2018.0,9.0,4.8,1995495.0,2096648.0
Maine,2018.0,9.0,3.3,677039.0,700467.0
Maryland,2018.0,9.0,3.7,3152964.0,3273262.0
Massachusetts,2018.0,9.0,3.3,3708869.0,3837319.0
Michigan,2018.0,9.0,4.0,4741445.0,4940876.0
Minnesota,2018.0,9.0,3.0,2977907.0,3069433.0
Mississippi,2018.0,9.0,4.9,1202258.0,1264589.0
Missouri,2018.0,9.0,3.1,2944069.0,3037702.0
Montana,2018.0,9.0,3.6,516321.0,535879.0
Nebraska,2018.0,9.0,2.9,1005925.0,1036376.0
Nevada,2018.0,9.0,4.3,1441590.0,1505705.0
New Hampshire,2018.0,9.0,2.5,749688.0,769164.0
New Jersey,2018.0,9.0,3.8,4433869.0,4608780.0
New Mexico,2018.0,9.0,4.9,900230.0,946826.0
New York,2018.0,9.0,3.9,9445333.0,9831476.0
North Carolina,2018.0,9.0,4.0,4715051.0,4910350.0
North Dakota,2018.0,9.0,2.3,401032.0,410309.0
Ohio,2018.0,9.0,4.4,5560421.0,5818652.0
Oklahoma,2018.0,9.0,3.1,1766581.0,1822416.0
Oregon,2018.0,9.0,4.1,1991537.0,2075673.0
Pennsylvania,2018.0,9.0,4.2,6246656.0,6522999.0
Rhode Island,2018.0,9.0,3.9,549433.0,571705.0
South Carolina,2018.0,9.0,3.3,2218167.0,2294065.0
South Dakota,2018.0,9.0,2.7,446352.0,458560.0
Tennessee,2018.0,9.0,3.5,3149212.0,3262243.0
Texas,2018.0,9.0,3.8,13212991.0,13738074.0
Utah,2018.0,9.0,2.9,1543053.0,1588869.0
Vermont,2018.0,9.0,2.4,345724.0,354055.0
Virginia,2018.0,9.0,2.8,4222230.0,4343694.0
Washington,2018.0,9.0,4.3,3675115.0,3840303.0
West Virginia,2018.0,9.0,5.0,752793.0,792251.0
Wisconsin,2018.0,9.0,3.0,3022004.0,3115610.0
Wyoming,2018.0,9.0,4.0,280775.0,292565.0
Alabama,2018.0,10.0,3.8,2158591.0,2244777.0
Alaska,2018.0,10.0,6.0,331734.0,352881.0
Arizona,2018.0,10.0,4.9,3200904.0,3366323.0
Arkansas,2018.0,10.0,3.6,1294294.0,1343176.0
California,2018.0,10.0,4.3,18512717.0,19336652.0
Colorado,2018.0,10.0,3.1,2972205.0,3068350.0
Connecticut,2018.0,10.0,3.7,1855347.0,1927456.0
Delaware,2018.0,10.0,3.5,463828.0,480587.0
District of Columbia,2018.0,10.0,5.6,372538.0,394609.0
Florida,2018.0,10.0,3.5,9782083.0,10136280.0
Georgia,2018.0,10.0,3.9,4905021.0,5102990.0
Hawaii,2018.0,10.0,2.6,672105.0,690314.0
Idaho,2018.0,10.0,2.9,843854.0,869088.0
Illinois,2018.0,10.0,4.4,6266596.0,6557352.0
Indiana,2018.0,10.0,3.5,3270499.0,3390302.0
Iowa,2018.0,10.0,2.5,1668040.0,1711575.0
Kansas,2018.0,10.0,3.3,1443269.0,1491851.0
Kentucky,2018.0,10.0,4.2,1958534.0,2044613.0
Louisiana,2018.0,10.0,4.8,1994939.0,2095746.0
Maine,2018.0,10.0,3.3,676620.0,700019.0
Maryland,2018.0,10.0,3.7,3158774.0,3278864.0
Massachusetts,2018.0,10.0,3.3,3711960.0,3839492.0
Michigan,2018.0,10.0,4.1,4744649.0,4947469.0
Minnesota,2018.0,10.0,3.1,2978814.0,3073134.0
Mississippi,2018.0,10.0,5.0,1201232.0,1265038.0
Missouri,2018.0,10.0,3.1,2945001.0,3040113.0
Montana,2018.0,10.0,3.7,517033.0,536633.0
Nebraska,2018.0,10.0,3.0,1006927.0,1037949.0
Nevada,2018.0,10.0,4.3,1445686.0,1510543.0
New Hampshire,2018.0,10.0,2.5,750168.0,769675.0
New Jersey,2018.0,10.0,3.7,4439032.0,4611131.0
New Mexico,2018.0,10.0,5.0,900507.0,948242.0
New York,2018.0,10.0,4.0,9445441.0,9835265.0
North Carolina,2018.0,10.0,4.0,4720133.0,4917554.0
North Dakota,2018.0,10.0,2.3,401339.0,410743.0
Ohio,2018.0,10.0,4.5,5564403.0,5825205.0
Oklahoma,2018.0,10.0,3.1,1765673.0,1822390.0
Oregon,2018.0,10.0,4.2,1993202.0,2079856.0
Pennsylvania,2018.0,10.0,4.3,6254222.0,6531837.0
Rhode Island,2018.0,10.0,3.9,549228.0,571513.0
South Carolina,2018.0,10.0,3.3,2223960.0,2299403.0
South Dakota,2018.0,10.0,2.7,446687.0,458985.0
Tennessee,2018.0,10.0,3.5,3155705.0,3269246.0
Texas,2018.0,10.0,3.8,13226519.0,13753322.0
Utah,2018.0,10.0,2.9,1545655.0,1591373.0
Vermont,2018.0,10.0,2.3,345619.0,353910.0
Virginia,2018.0,10.0,2.9,4225443.0,4350720.0
Washington,2018.0,10.0,4.4,3681241.0,3850601.0
West Virginia,2018.0,10.0,5.0,752567.0,792213.0
Wisconsin,2018.0,10.0,3.0,3020059.0,3113834.0
Wyoming,2018.0,10.0,4.0,280864.0,292591.0
Alabama,2018.0,11.0,3.8,2163413.0,2249040.0
Alaska,2018.0,11.0,6.0,331276.0,352588.0
Arizona,2018.0,11.0,5.0,3209036.0,3377407.0
Arkansas,2018.0,11.0,3.7,1296275.0,1345916.0
California,2018.0,11.0,4.3,18522233.0,19357820.0
Colorado,2018.0,11.0,3.1,2977544.0,3072875.0
Connecticut,2018.0,11.0,3.7,1856599.0,1928469.0
Delaware,2018.0,11.0,3.5,464665.0,481462.0
District of Columbia,2018.0,11.0,5.7,372708.0,395344.0
Florida,2018.0,11.0,3.5,9791957.0,10147309.0
Georgia,2018.0,11.0,3.9,4906909.0,5105686.0
Hawaii,2018.0,11.0,2.7,670654.0,689271.0
Idaho,2018.0,11.0,3.0,845845.0,871655.0
Illinois,2018.0,11.0,4.5,6267716.0,6563693.0
Indiana,2018.0,11.0,3.6,3271047.0,3392244.0
Iowa,2018.0,11.0,2.6,1670268.0,1714454.0
Kansas,2018.0,11.0,3.3,1444047.0,1493263.0
Kentucky,2018.0,11.0,4.2,1959264.0,2045199.0
Louisiana,2018.0,11.0,4.8,1995743.0,2096226.0
Maine,2018.0,11.0,3.3,676421.0,699497.0
Maryland,2018.0,11.0,3.7,3166305.0,3286490.0
Massachusetts,2018.0,11.0,3.3,3715336.0,3842042.0
Michigan,2018.0,11.0,4.2,4749291.0,4955714.0
Minnesota,2018.0,11.0,3.2,2980417.0,3077755.0
Mississippi,2018.0,11.0,5.2,1200982.0,1266560.0
Missouri,2018.0,11.0,3.2,2947203.0,3044344.0
Montana,2018.0,11.0,3.7,517769.0,537385.0
Nebraska,2018.0,11.0,3.0,1008170.0,1039691.0
Nevada,2018.0,11.0,4.3,1450135.0,1515722.0
New Hampshire,2018.0,11.0,2.6,750884.0,770555.0
New Jersey,2018.0,11.0,3.7,4446827.0,4616532.0
New Mexico,2018.0,11.0,5.1,901333.0,949952.0
New York,2018.0,11.0,4.0,9447743.0,9840824.0
North Carolina,2018.0,11.0,4.0,4729048.0,4927943.0
North Dakota,2018.0,11.0,2.3,401974.0,411530.0
Ohio,2018.0,11.0,4.5,5570595.0,5832678.0
Oklahoma,2018.0,11.0,3.2,1765886.0,1823766.0
Oregon,2018.0,11.0,4.2,1996216.0,2084734.0
Pennsylvania,2018.0,11.0,4.3,6262782.0,6542689.0
Rhode Island,2018.0,11.0,3.9,549213.0,571387.0
South Carolina,2018.0,11.0,3.2,2230384.0,2305056.0
South Dakota,2018.0,11.0,2.7,447210.0,459657.0
Tennessee,2018.0,11.0,3.5,3164192.0,3278109.0
Texas,2018.0,11.0,3.8,13244160.0,13772019.0
Utah,2018.0,11.0,2.9,1548930.0,1594411.0
Vermont,2018.0,11.0,2.3,345617.0,353874.0
Virginia,2018.0,11.0,3.0,4231752.0,4361260.0
Washington,2018.0,11.0,4.5,3688751.0,3863242.0
West Virginia,2018.0,11.0,5.0,752254.0,792142.0
Wisconsin,2018.0,11.0,3.0,3019651.0,3113859.0
Wyoming,2018.0,11.0,4.0,281075.0,292643.0
Alabama,2018.0,12.0,3.8,2168683.0,2253497.0
Alaska,2018.0,12.0,6.1,330933.0,352265.0
Arizona,2018.0,12.0,5.0,3217144.0,3387194.0
Arkansas,2018.0,12.0,3.7,1298530.0,1348399.0
California,2018.0,12.0,4.3,18533124.0,19375766.0
Colorado,2018.0,12.0,3.0,2983949.0,3077736.0
Connecticut,2018.0,12.0,3.7,1857610.0,1928999.0
Delaware,2018.0,12.0,3.5,465655.0,482538.0
District of Columbia,2018.0,12.0,5.9,373289.0,396511.0
Florida,2018.0,12.0,3.5,9801836.0,10157440.0
Georgia,2018.0,12.0,3.9,4910589.0,5109390.0
Hawaii,2018.0,12.0,2.7,669524.0,688415.0
Idaho,2018.0,12.0,3.0,848062.0,874256.0
Illinois,2018.0,12.0,4.6,6270288.0,6570620.0
Indiana,2018.0,12.0,3.6,3273416.0,3395076.0
Iowa,2018.0,12.0,2.6,1673437.0,1718151.0
Kansas,2018.0,12.0,3.3,1445061.0,1494764.0
Kentucky,2018.0,12.0,4.2,1961076.0,2046850.0
Louisiana,2018.0,12.0,4.8,1997597.0,2097319.0
Maine,2018.0,12.0,3.2,676266.0,698756.0
Maryland,2018.0,12.0,3.6,3174776.0,3294819.0
Massachusetts,2018.0,12.0,3.3,3718524.0,3844303.0
Michigan,2018.0,12.0,4.2,4754162.0,4963336.0
Minnesota,2018.0,12.0,3.2,2982332.0,3082118.0
Mississippi,2018.0,12.0,5.3,1201656.0,1268747.0
Missouri,2018.0,12.0,3.2,2950020.0,3049062.0
Montana,2018.0,12.0,3.6,518484.0,538060.0
Nebraska,2018.0,12.0,3.1,1009516.0,1041358.0
Nevada,2018.0,12.0,4.3,1454785.0,1520816.0
New Hampshire,2018.0,12.0,2.6,751783.0,771676.0
New Jersey,2018.0,12.0,3.6,4456667.0,4623928.0
New Mexico,2018.0,12.0,5.2,902557.0,951638.0
New York,2018.0,12.0,4.0,9452106.0,9846342.0
North Carolina,2018.0,12.0,4.0,4740426.0,4939598.0
North Dakota,2018.0,12.0,2.3,402814.0,412487.0
Ohio,2018.0,12.0,4.5,5578377.0,5838615.0
Oklahoma,2018.0,12.0,3.2,1767301.0,1826068.0
Oregon,2018.0,12.0,4.3,1999975.0,2089040.0
Pennsylvania,2018.0,12.0,4.3,6270961.0,6553509.0
Rhode Island,2018.0,12.0,3.8,549296.0,571182.0
South Carolina,2018.0,12.0,3.2,2236973.0,2311152.0
South Dakota,2018.0,12.0,2.7,447815.0,460408.0
Tennessee,2018.0,12.0,3.5,3174427.0,3288549.0
Texas,2018.0,12.0,3.8,13264412.0,13789571.0
Utah,2018.0,12.0,2.8,1552637.0,1597702.0
Vermont,2018.0,12.0,2.3,345676.0,353861.0
Virginia,2018.0,12.0,3.0,4240114.0,4373152.0
Washington,2018.0,12.0,4.6,3697998.0,3877111.0
West Virginia,2018.0,12.0,5.0,751867.0,791779.0
Wisconsin,2018.0,12.0,3.0,3019883.0,3114741.0
Wyoming,2018.0,12.0,3.9,281351.0,292639.0
Alabama,2019.0,1.0,3.7,2174406.0,2257760.0
Alaska,2019.0,1.0,6.0,330685.0,351831.0
Arizona,2019.0,1.0,5.0,3225026.0,3395349.0
Arkansas,2019.0,1.0,3.7,1300616.0,1350043.0
California,2019.0,1.0,4.3,18541902.0,19383306.0
Colorado,2019.0,1.0,3.0,2990566.0,3082124.0
Connecticut,2019.0,1.0,3.7,1858255.0,1928873.0
Delaware,2019.0,1.0,3.5,466492.0,483451.0
District of Columbia,2019.0,1.0,5.9,374167.0,397788.0
Florida,2019.0,1.0,3.5,9812329.0,10166080.0
Georgia,2019.0,1.0,3.9,4915228.0,5112734.0
Hawaii,2019.0,1.0,2.8,668664.0,687620.0
Idaho,2019.0,1.0,3.0,850324.0,876601.0
Illinois,2019.0,1.0,4.6,6273794.0,6574836.0
Indiana,2019.0,1.0,3.5,3275740.0,3396279.0
Iowa,2019.0,1.0,2.6,1676788.0,1721811.0
Kansas,2019.0,1.0,3.3,1446098.0,1495883.0
Kentucky,2019.0,1.0,4.2,1963434.0,2048937.0
Louisiana,2019.0,1.0,4.7,1999982.0,2098194.0
Maine,2019.0,1.0,3.1,676029.0,697766.0
Maryland,2019.0,1.0,3.6,3183271.0,3302346.0
Massachusetts,2019.0,1.0,3.2,3721258.0,3845803.0
Michigan,2019.0,1.0,4.2,4758116.0,4968381.0
Minnesota,2019.0,1.0,3.3,2984161.0,3085359.0
Mississippi,2019.0,1.0,5.4,1202623.0,1270606.0
Missouri,2019.0,1.0,3.3,2952751.0,3052904.0
Montana,2019.0,1.0,3.6,519058.0,538521.0
Nebraska,2019.0,1.0,3.1,1010764.0,1042759.0
Nevada,2019.0,1.0,4.3,1459404.0,1525441.0
New Hampshire,2019.0,1.0,2.6,752699.0,772781.0
New Jersey,2019.0,1.0,3.5,4467242.0,4631274.0
New Mexico,2019.0,1.0,5.1,903856.0,952922.0
New York,2019.0,1.0,4.0,9456377.0,9848899.0
North Carolina,2019.0,1.0,4.0,4751946.0,4950162.0
North Dakota,2019.0,1.0,2.4,403616.0,413331.0
Ohio,2019.0,1.0,4.4,5586624.0,5841057.0
Oklahoma,2019.0,1.0,3.2,1769415.0,1828407.0
Oregon,2019.0,1.0,4.2,2003416.0,2091488.0
Pennsylvania,2019.0,1.0,4.3,6277281.0,6561798.0
Rhode Island,2019.0,1.0,3.8,549378.0,570825.0
South Carolina,2019.0,1.0,3.2,2243037.0,2317068.0
South Dakota,2019.0,1.0,2.8,448392.0,461110.0
Tennessee,2019.0,1.0,3.5,3185366.0,3299516.0
Texas,2019.0,1.0,3.7,13285684.0,13802976.0
Utah,2019.0,1.0,2.8,1556445.0,1600912.0
Vermont,2019.0,1.0,2.3,345741.0,353775.0
Virginia,2019.0,1.0,3.1,4249056.0,4383817.0
Washington,2019.0,1.0,4.7,3709080.0,3890859.0
West Virginia,2019.0,1.0,5.0,751382.0,790996.0
Wisconsin,2019.0,1.0,3.1,3019647.0,3115259.0
Wyoming,2019.0,1.0,3.7,281629.0,292548.0
Alabama,2019.0,2.0,3.6,2179714.0,2260638.0
Alaska,2019.0,2.0,5.9,330642.0,351405.0
Arizona,2019.0,2.0,5.0,3232917.0,3402154.0
Arkansas,2019.0,2.0,3.6,1302199.0,1350615.0
California,2019.0,2.0,4.3,18548090.0,19379073.0
Colorado,2019.0,2.0,2.9,2997057.0,3085607.0
Connecticut,2019.0,2.0,3.6,1858624.0,1928104.0
Delaware,2019.0,2.0,3.5,467053.0,484023.0
District of Columbia,2019.0,2.0,5.9,375202.0,398888.0
Florida,2019.0,2.0,3.4,9825149.0,10174306.0
Georgia,2019.0,2.0,3.8,4920400.0,5114987.0
Hawaii,2019.0,2.0,2.7,668092.0,686884.0
Idaho,2019.0,2.0,3.0,852598.0,878651.0
Illinois,2019.0,2.0,4.5,6277875.0,6574311.0
Indiana,2019.0,2.0,3.5,3276633.0,3394503.0
Iowa,2019.0,2.0,2.6,1679914.0,1725006.0
Kansas,2019.0,2.0,3.3,1447176.0,1496519.0
Kentucky,2019.0,2.0,4.2,1965904.0,2051027.0
Louisiana,2019.0,2.0,4.6,2002039.0,2097947.0
Maine,2019.0,2.0,3.0,675734.0,696598.0
Maryland,2019.0,2.0,3.5,3191366.0,3308473.0
Massachusetts,2019.0,2.0,3.2,3723895.0,3846567.0
Michigan,2019.0,2.0,4.2,4761018.0,4970537.0
Minnesota,2019.0,2.0,3.3,2986158.0,3087605.0
Mississippi,2019.0,2.0,5.4,1203815.0,1272072.0
Missouri,2019.0,2.0,3.3,2955215.0,3055121.0
Montana,2019.0,2.0,3.6,519498.0,538740.0
Nebraska,2019.0,2.0,3.1,1011854.0,1043847.0
Nevada,2019.0,2.0,4.3,1463959.0,1529479.0
New Hampshire,2019.0,2.0,2.6,753508.0,773620.0
New Jersey,2019.0,2.0,3.4,4478287.0,4637559.0
New Mexico,2019.0,2.0,5.1,905053.0,953716.0
New York,2019.0,2.0,3.9,9459485.0,9846753.0
North Carolina,2019.0,2.0,4.0,4762008.0,4957944.0
North Dakota,2019.0,2.0,2.3,404206.0,413843.0
Ohio,2019.0,2.0,4.2,5595631.0,5841071.0
Oklahoma,2019.0,2.0,3.2,1771837.0,1830271.0
Oregon,2019.0,2.0,4.1,2005958.0,2091761.0
Pennsylvania,2019.0,2.0,4.3,6281058.0,6565351.0
Rhode Island,2019.0,2.0,3.7,549503.0,570400.0
South Carolina,2019.0,2.0,3.2,2248305.0,2322111.0
South Dakota,2019.0,2.0,2.8,448918.0,461712.0
Tennessee,2019.0,2.0,3.4,3195680.0,3309492.0
Texas,2019.0,2.0,3.7,13308177.0,13813223.0
Utah,2019.0,2.0,2.7,1560269.0,1603965.0
Vermont,2019.0,2.0,2.2,345754.0,353532.0
Virginia,2019.0,2.0,3.0,4257789.0,4391486.0
Washington,2019.0,2.0,4.6,3722107.0,3903516.0
West Virginia,2019.0,2.0,4.9,750967.0,789966.0
Wisconsin,2019.0,2.0,3.1,3018881.0,3115193.0
Wyoming,2019.0,2.0,3.6,281886.0,292427.0
Alabama,2019.0,3.0,3.4,2183829.0,2261633.0
Alaska,2019.0,3.0,5.8,330808.0,351131.0
Arizona,2019.0,3.0,4.9,3240881.0,3408470.0
Arkansas,2019.0,3.0,3.5,1302972.0,1350217.0
California,2019.0,3.0,4.2,18553148.0,19368541.0
Colorado,2019.0,3.0,2.8,3003318.0,3088437.0
Connecticut,2019.0,3.0,3.5,1858974.0,1927212.0
Delaware,2019.0,3.0,3.5,467401.0,484360.0
District of Columbia,2019.0,3.0,5.9,376305.0,399741.0
Florida,2019.0,3.0,3.4,9841663.0,10184993.0
Georgia,2019.0,3.0,3.7,4926172.0,5117188.0
Hawaii,2019.0,3.0,2.7,667806.0,686293.0
Idaho,2019.0,3.0,2.9,854902.0,880598.0
Illinois,2019.0,3.0,4.4,6282502.0,6569737.0
Indiana,2019.0,3.0,3.4,3275780.0,3390255.0
Iowa,2019.0,3.0,2.6,1682870.0,1727991.0
Kansas,2019.0,3.0,3.2,1448323.0,1496929.0
Kentucky,2019.0,3.0,4.1,1968564.0,2053518.0
Louisiana,2019.0,3.0,4.5,2002908.0,2096558.0
Maine,2019.0,3.0,2.9,675540.0,695522.0
Maryland,2019.0,3.0,3.5,3198856.0,3313711.0
Massachusetts,2019.0,3.0,3.1,3726886.0,3847301.0
Michigan,2019.0,3.0,4.2,4763235.0,4971497.0
Minnesota,2019.0,3.0,3.3,2988744.0,3089759.0
Mississippi,2019.0,3.0,5.4,1205433.0,1273768.0
Missouri,2019.0,3.0,3.2,2957508.0,3055937.0
Montana,2019.0,3.0,3.5,519959.0,538940.0
Nebraska,2019.0,3.0,3.1,1012790.0,1044756.0
Nevada,2019.0,3.0,4.2,1468427.0,1533106.0
New Hampshire,2019.0,3.0,2.6,754169.0,774158.0
New Jersey,2019.0,3.0,3.3,4490012.0,4643984.0
New Mexico,2019.0,3.0,5.0,906146.0,954323.0
New York,2019.0,3.0,3.9,9461113.0,9841664.0
North Carolina,2019.0,3.0,3.9,4769753.0,4963119.0
North Dakota,2019.0,3.0,2.3,404541.0,413983.0
Ohio,2019.0,3.0,4.0,5605556.0,5842012.0
Oklahoma,2019.0,3.0,3.1,1774252.0,1831661.0
Oregon,2019.0,3.0,4.0,2007640.0,2090798.0
Pennsylvania,2019.0,3.0,4.3,6282725.0,6564870.0
Rhode Island,2019.0,3.0,3.6,549771.0,570143.0
South Carolina,2019.0,3.0,3.1,2252961.0,2326037.0
South Dakota,2019.0,3.0,2.8,449410.0,462249.0
Tennessee,2019.0,3.0,3.4,3204739.0,3317717.0
Texas,2019.0,3.0,3.6,13332175.0,13824443.0
Utah,2019.0,3.0,2.7,1564070.0,1606966.0
Vermont,2019.0,3.0,2.1,345664.0,353135.0
Virginia,2019.0,3.0,2.9,4265799.0,4395452.0
Washington,2019.0,3.0,4.6,3736651.0,3915084.0
West Virginia,2019.0,3.0,4.9,750841.0,789152.0
Wisconsin,2019.0,3.0,3.1,3017870.0,3115048.0
Wyoming,2019.0,3.0,3.5,282120.0,292384.0
Alabama,2019.0,4.0,3.3,2187615.0,2262068.0
Alaska,2019.0,4.0,5.7,331194.0,351157.0
Arizona,2019.0,4.0,4.9,3249403.0,3415247.0
Arkansas,2019.0,4.0,3.4,1303119.0,1349361.0
California,2019.0,4.0,4.1,18562033.0,19360324.0
Colorado,2019.0,4.0,2.6,3009691.0,3091583.0
Connecticut,2019.0,4.0,3.5,1859811.0,1927024.0
Delaware,2019.0,4.0,3.5,467672.0,484637.0
District of Columbia,2019.0,4.0,5.7,377558.0,400515.0
Florida,2019.0,4.0,3.3,9862955.0,10200958.0
Georgia,2019.0,4.0,3.7,4933508.0,5121305.0
Hawaii,2019.0,4.0,2.6,667870.0,685978.0
Idaho,2019.0,4.0,2.9,857361.0,882732.0
Illinois,2019.0,4.0,4.2,6287948.0,6563224.0
Indiana,2019.0,4.0,3.3,3274295.0,3385579.0
Iowa,2019.0,4.0,2.6,1685909.0,1731138.0
Kansas,2019.0,4.0,3.2,1449725.0,1497527.0
Kentucky,2019.0,4.0,4.1,1971770.0,2056741.0
Louisiana,2019.0,4.0,4.4,2002706.0,2094892.0
Maine,2019.0,4.0,2.8,675723.0,694985.0
Maryland,2019.0,4.0,3.4,3206071.0,3319056.0
Massachusetts,2019.0,4.0,3.1,3730318.0,3848455.0
Michigan,2019.0,4.0,4.2,4765642.0,4973183.0
Minnesota,2019.0,4.0,3.2,2992563.0,3092908.0
Mississippi,2019.0,4.0,5.4,1207144.0,1275728.0
Missouri,2019.0,4.0,3.1,2960174.0,3056388.0
Montana,2019.0,4.0,3.5,520681.0,539439.0
Nebraska,2019.0,4.0,3.1,1013758.0,1045713.0
Nevada,2019.0,4.0,4.1,1473000.0,1536704.0
New Hampshire,2019.0,4.0,2.6,754855.0,774648.0
New Jersey,2019.0,4.0,3.2,4503205.0,4652828.0
New Mexico,2019.0,4.0,5.0,907274.0,954999.0
New York,2019.0,4.0,3.8,9463035.0,9837363.0
North Carolina,2019.0,4.0,3.9,4775947.0,4967418.0
North Dakota,2019.0,4.0,2.2,404706.0,413869.0
Ohio,2019.0,4.0,3.9,5615948.0,5846328.0
Oklahoma,2019.0,4.0,3.1,1776621.0,1832954.0
Oregon,2019.0,4.0,3.9,2008815.0,2089732.0
Pennsylvania,2019.0,4.0,4.2,6284234.0,6562992.0
Rhode Island,2019.0,4.0,3.5,550309.0,570303.0
South Carolina,2019.0,4.0,3.1,2257601.0,2328810.0
South Dakota,2019.0,4.0,2.8,449955.0,462807.0
Tennessee,2019.0,4.0,3.4,3212970.0,3324408.0
Texas,2019.0,4.0,3.5,13359727.0,13841956.0
Utah,2019.0,4.0,2.6,1568065.0,1610178.0
Vermont,2019.0,4.0,2.0,345508.0,352691.0
Virginia,2019.0,4.0,2.8,4273099.0,4396580.0
Washington,2019.0,4.0,4.4,3752090.0,3925819.0
West Virginia,2019.0,4.0,4.8,751235.0,789004.0
Wisconsin,2019.0,4.0,3.2,3016964.0,3115332.0
Wyoming,2019.0,4.0,3.5,282376.0,292522.0
Alabama,2019.0,5.0,3.2,2191116.0,2262486.0
Alaska,2019.0,5.0,5.6,331667.0,351420.0
Arizona,2019.0,5.0,4.8,3258244.0,3422662.0
Arkansas,2019.0,5.0,3.4,1302934.0,1348588.0
California,2019.0,5.0,4.0,18575756.0,19359399.0
Colorado,2019.0,5.0,2.6,3015688.0,3095112.0
Connecticut,2019.0,5.0,3.5,1861315.0,1928009.0
Delaware,2019.0,5.0,3.5,467872.0,484901.0
District of Columbia,2019.0,5.0,5.6,378691.0,401106.0
Florida,2019.0,5.0,3.3,9887639.0,10222100.0
Georgia,2019.0,5.0,3.6,4942456.0,5127960.0
Hawaii,2019.0,5.0,2.6,668337.0,686054.0
Idaho,2019.0,5.0,2.8,859931.0,885141.0
Illinois,2019.0,5.0,4.0,6292513.0,6555831.0
Indiana,2019.0,5.0,3.2,3273083.0,3382165.0
Iowa,2019.0,5.0,2.6,1688801.0,1734310.0
Kansas,2019.0,5.0,3.1,1451356.0,1498472.0
Kentucky,2019.0,5.0,4.1,1975451.0,2060345.0
Louisiana,2019.0,5.0,4.4,2001642.0,2093624.0
Maine,2019.0,5.0,2.7,676319.0,695172.0
Maryland,2019.0,5.0,3.4,3213040.0,3324957.0
Massachusetts,2019.0,5.0,3.0,3733250.0,3849467.0
Michigan,2019.0,5.0,4.2,4767893.0,4975072.0
Minnesota,2019.0,5.0,3.2,2997488.0,3097285.0
Mississippi,2019.0,5.0,5.4,1208864.0,1278107.0
Missouri,2019.0,5.0,3.1,2963224.0,3057416.0
Montana,2019.0,5.0,3.4,521730.0,540367.0
Nebraska,2019.0,5.0,3.1,1014775.0,1046784.0
Nevada,2019.0,5.0,4.1,1477590.0,1540468.0
New Hampshire,2019.0,5.0,2.5,755711.0,775362.0
New Jersey,2019.0,5.0,3.2,4517290.0,4665140.0
New Mexico,2019.0,5.0,5.0,908409.0,955806.0
New York,2019.0,5.0,3.8,9466372.0,9837115.0
North Carolina,2019.0,5.0,3.8,4781384.0,4972307.0
North Dakota,2019.0,5.0,2.1,404737.0,413606.0
Ohio,2019.0,5.0,3.9,5625077.0,5853828.0
Oklahoma,2019.0,5.0,3.0,1778716.0,1834399.0
Oregon,2019.0,5.0,3.8,2009685.0,2089040.0
Pennsylvania,2019.0,5.0,4.2,6286411.0,6561865.0
Rhode Island,2019.0,5.0,3.5,551133.0,570955.0
South Carolina,2019.0,5.0,2.9,2262151.0,2330127.0
South Dakota,2019.0,5.0,2.8,450553.0,463378.0
Tennessee,2019.0,5.0,3.3,3219861.0,3329352.0
Texas,2019.0,5.0,3.4,13390069.0,13867607.0
Utah,2019.0,5.0,2.6,1572190.0,1613584.0
Vermont,2019.0,5.0,2.0,345305.0,352296.0
Virginia,2019.0,5.0,2.7,4279344.0,4396207.0
Washington,2019.0,5.0,4.3,3767130.0,3935594.0
West Virginia,2019.0,5.0,4.8,752071.0,789596.0
Wisconsin,2019.0,5.0,3.2,3016218.0,3116035.0
Wyoming,2019.0,5.0,3.5,282635.0,292844.0
Alabama,2019.0,6.0,3.0,2193853.0,2262857.0
Alaska,2019.0,6.0,5.6,332051.0,351737.0
Arizona,2019.0,6.0,4.8,3267070.0,3430816.0
Arkansas,2019.0,6.0,3.4,1302779.0,1348406.0
California,2019.0,6.0,4.0,18593293.0,19368378.0
Colorado,2019.0,6.0,2.5,3020809.0,3098899.0
Connecticut,2019.0,6.0,3.5,1863363.0,1930248.0
Delaware,2019.0,6.0,3.5,467983.0,485170.0
District of Columbia,2019.0,6.0,5.5,379520.0,401452.0
Florida,2019.0,6.0,3.2,9913609.0,10246469.0
Georgia,2019.0,6.0,3.6,4952391.0,5136510.0
Hawaii,2019.0,6.0,2.5,669218.0,686584.0
Idaho,2019.0,6.0,2.8,862533.0,887824.0
Illinois,2019.0,6.0,3.9,6294604.0,6548423.0
Indiana,2019.0,6.0,3.2,3273055.0,3381252.0
Iowa,2019.0,6.0,2.7,1691231.0,1737297.0
Kansas,2019.0,6.0,3.1,1453245.0,1499973.0
Kentucky,2019.0,6.0,4.1,1979203.0,2064011.0
Louisiana,2019.0,6.0,4.5,2000165.0,2093370.0
Maine,2019.0,6.0,2.7,677173.0,696022.0
Maryland,2019.0,6.0,3.4,3219643.0,3331424.0
Massachusetts,2019.0,6.0,3.0,3735064.0,3850035.0
Michigan,2019.0,6.0,4.2,4769678.0,4976430.0
Minnesota,2019.0,6.0,3.2,3002599.0,3102516.0
Mississippi,2019.0,6.0,5.5,1210451.0,1280796.0
Missouri,2019.0,6.0,3.1,2966639.0,3060113.0
Montana,2019.0,6.0,3.4,523027.0,541687.0
Nebraska,2019.0,6.0,3.1,1015861.0,1048127.0
Nevada,2019.0,6.0,4.0,1482086.0,1544513.0
New Hampshire,2019.0,6.0,2.5,756740.0,776373.0
New Jersey,2019.0,6.0,3.2,4530891.0,4680591.0
New Mexico,2019.0,6.0,4.9,909430.0,956659.0
New York,2019.0,6.0,3.8,9470995.0,9842215.0
North Carolina,2019.0,6.0,3.9,4786799.0,4978585.0
North Dakota,2019.0,6.0,2.1,404698.0,413356.0
Ohio,2019.0,6.0,3.9,5631993.0,5863521.0
Oklahoma,2019.0,6.0,3.0,1780281.0,1836110.0
Oregon,2019.0,6.0,3.7,2010787.0,2089091.0
Pennsylvania,2019.0,6.0,4.2,6289359.0,6563128.0
Rhode Island,2019.0,6.0,3.5,552229.0,572075.0
South Carolina,2019.0,6.0,2.7,2266112.0,2330032.0
South Dakota,2019.0,6.0,2.8,451197.0,463987.0
Tennessee,2019.0,6.0,3.2,3224407.0,3332238.0
Texas,2019.0,6.0,3.4,13421095.0,13900435.0
Utah,2019.0,6.0,2.5,1576361.0,1617122.0
Vermont,2019.0,6.0,2.0,345098.0,352063.0
Virginia,2019.0,6.0,2.5,4284420.0,4396264.0
Washington,2019.0,6.0,4.2,3780599.0,3944443.0
West Virginia,2019.0,6.0,4.8,753047.0,790761.0
Wisconsin,2019.0,6.0,3.2,3015760.0,3116984.0
Wyoming,2019.0,6.0,3.6,282869.0,293296.0
Alabama,2019.0,7.0,3.0,2196517.0,2264164.0
Alaska,2019.0,7.0,5.6,332276.0,351966.0
Arizona,2019.0,7.0,4.8,3275630.0,3439397.0
Arkansas,2019.0,7.0,3.4,1303021.0,1349142.0
California,2019.0,7.0,4.0,18613227.0,19386987.0
Colorado,2019.0,7.0,2.5,3025030.0,3102890.0
Connecticut,2019.0,7.0,3.5,1865426.0,1933187.0
Delaware,2019.0,7.0,3.6,468044.0,485452.0
District of Columbia,2019.0,7.0,5.4,379958.0,401528.0
Florida,2019.0,7.0,3.2,9938743.0,10271048.0
Georgia,2019.0,7.0,3.6,4962621.0,5145890.0
Hawaii,2019.0,7.0,2.5,670406.0,687490.0
Idaho,2019.0,7.0,2.9,865072.0,890660.0
Illinois,2019.0,7.0,3.8,6293694.0,6541678.0
Indiana,2019.0,7.0,3.2,3274935.0,3383676.0
Iowa,2019.0,7.0,2.7,1693007.0,1739887.0
Kansas,2019.0,7.0,3.1,1455331.0,1502040.0
Kentucky,2019.0,7.0,4.1,1982762.0,2067508.0
Louisiana,2019.0,7.0,4.6,1998814.0,2094490.0
Maine,2019.0,7.0,2.8,678100.0,697314.0
Maryland,2019.0,7.0,3.4,3225891.0,3338080.0
Massachusetts,2019.0,7.0,3.0,3735572.0,3850030.0
Michigan,2019.0,7.0,4.1,4771284.0,4977230.0
Minnesota,2019.0,7.0,3.2,3006830.0,3107798.0
Mississippi,2019.0,7.0,5.6,1211236.0,1282858.0
Missouri,2019.0,7.0,3.1,2970369.0,3065029.0
Montana,2019.0,7.0,3.5,524380.0,543182.0
Nebraska,2019.0,7.0,3.1,1017001.0,1049736.0
Nevada,2019.0,7.0,4.0,1486403.0,1548834.0
New Hampshire,2019.0,7.0,2.5,757892.0,777618.0
New Jersey,2019.0,7.0,3.3,4542822.0,4697847.0
New Mexico,2019.0,7.0,4.9,910238.0,957408.0
New York,2019.0,7.0,3.8,9476011.0,9851433.0
North Carolina,2019.0,7.0,3.9,4792965.0,4986366.0
North Dakota,2019.0,7.0,2.1,404682.0,413259.0
Ohio,2019.0,7.0,4.0,5636671.0,5873940.0
Oklahoma,2019.0,7.0,3.1,1781445.0,1838190.0
Oregon,2019.0,7.0,3.7,2012639.0,2089970.0
Pennsylvania,2019.0,7.0,4.2,6292802.0,6567450.0
Rhode Island,2019.0,7.0,3.5,553547.0,573522.0
South Carolina,2019.0,7.0,2.6,2269131.0,2329158.0
South Dakota,2019.0,7.0,2.8,451873.0,464652.0
Tennessee,2019.0,7.0,3.2,3226641.0,3333856.0
Texas,2019.0,7.0,3.5,13450811.0,13936883.0
Utah,2019.0,7.0,2.5,1580487.0,1620725.0
Vermont,2019.0,7.0,2.0,344956.0,352070.0
Virginia,2019.0,7.0,2.5,4288470.0,4398330.0
Washington,2019.0,7.0,4.1,3792109.0,3952679.0
West Virginia,2019.0,7.0,4.8,753838.0,792173.0
Wisconsin,2019.0,7.0,3.3,3015506.0,3117826.0
Wyoming,2019.0,7.0,3.7,283048.0,293776.0
Alabama,2019.0,8.0,3.0,2198465.0,2265671.0
Alaska,2019.0,8.0,5.6,332377.0,352010.0
Arizona,2019.0,8.0,4.8,3283990.0,3447872.0
Arkansas,2019.0,8.0,3.5,1303902.0,1350723.0
California,2019.0,8.0,4.0,18636253.0,19413427.0
Colorado,2019.0,8.0,2.5,3028850.0,3107255.0
Connecticut,2019.0,8.0,3.6,1867329.0,1936278.0
Delaware,2019.0,8.0,3.6,468043.0,485641.0
District of Columbia,2019.0,8.0,5.3,380211.0,401516.0
Florida,2019.0,8.0,3.2,9962146.0,10293168.0
Georgia,2019.0,8.0,3.5,4972903.0,5155112.0
Hawaii,2019.0,8.0,2.4,671828.0,688673.0
Idaho,2019.0,8.0,2.9,867517.0,893421.0
Illinois,2019.0,8.0,3.7,6290401.0,6535211.0
Indiana,2019.0,8.0,3.3,3278571.0,3388710.0
Iowa,2019.0,8.0,2.7,1694175.0,1741821.0
Kansas,2019.0,8.0,3.1,1457440.0,1504286.0
Kentucky,2019.0,8.0,4.1,1985945.0,2070510.0
Louisiana,2019.0,8.0,4.7,1998144.0,2096783.0
Maine,2019.0,8.0,2.8,678928.0,698688.0
Maryland,2019.0,8.0,3.4,3231997.0,3344244.0
Massachusetts,2019.0,8.0,3.0,3734842.0,3849190.0
Michigan,2019.0,8.0,4.1,4773214.0,4977625.0
Minnesota,2019.0,8.0,3.3,3009920.0,3112298.0
Mississippi,2019.0,8.0,5.6,1211684.0,1284181.0
Missouri,2019.0,8.0,3.2,2974197.0,3071694.0
Montana,2019.0,8.0,3.5,525645.0,544623.0
Nebraska,2019.0,8.0,3.2,1018179.0,1051380.0
Nevada,2019.0,8.0,4.0,1490513.0,1553269.0
New Hampshire,2019.0,8.0,2.5,759084.0,778944.0
New Jersey,2019.0,8.0,3.4,4552738.0,4715055.0
New Mexico,2019.0,8.0,4.9,910941.0,958036.0
New York,2019.0,8.0,3.9,9482245.0,9863438.0
North Carolina,2019.0,8.0,3.9,4800148.0,4994655.0
North Dakota,2019.0,8.0,2.1,404723.0,413327.0
Ohio,2019.0,8.0,4.1,5639664.0,5883443.0
Oklahoma,2019.0,8.0,3.1,1782637.0,1840520.0
Oregon,2019.0,8.0,3.6,2015018.0,2090951.0
Pennsylvania,2019.0,8.0,4.2,6296626.0,6574318.0
Rhode Island,2019.0,8.0,3.5,554943.0,575011.0
South Carolina,2019.0,8.0,2.5,2271219.0,2328409.0
South Dakota,2019.0,8.0,2.7,452545.0,465308.0
Tennessee,2019.0,8.0,3.2,3227612.0,3335490.0
Texas,2019.0,8.0,3.5,13478544.0,13971964.0
Utah,2019.0,8.0,2.5,1584516.0,1624340.0
Vermont,2019.0,8.0,2.1,344942.0,352307.0
Virginia,2019.0,8.0,2.5,4292276.0,4403343.0
Washington,2019.0,8.0,4.0,3802203.0,3960828.0
West Virginia,2019.0,8.0,4.9,754337.0,793464.0
Wisconsin,2019.0,8.0,3.3,3015371.0,3118276.0
Wyoming,2019.0,8.0,3.8,283178.0,294213.0
Alabama,2019.0,9.0,3.0,2200175.0,2267415.0
Alaska,2019.0,9.0,5.5,332498.0,351834.0
Arizona,2019.0,9.0,4.7,3293195.0,3456418.0
Arkansas,2019.0,9.0,3.5,1305530.0,1352758.0
California,2019.0,9.0,4.0,18667908.0,19447796.0
Colorado,2019.0,9.0,2.5,3033428.0,3112667.0
Connecticut,2019.0,9.0,3.6,1869420.0,1939235.0
Delaware,2019.0,9.0,3.6,468100.0,485722.0
District of Columbia,2019.0,9.0,5.2,380776.0,401820.0
Florida,2019.0,9.0,3.2,9986607.0,10313778.0
Georgia,2019.0,9.0,3.5,4984455.0,5164623.0
Hawaii,2019.0,9.0,2.4,673558.0,690145.0
Idaho,2019.0,9.0,2.9,870110.0,896041.0
Illinois,2019.0,9.0,3.7,6287024.0,6528621.0
Indiana,2019.0,9.0,3.3,3284059.0,3395148.0
Iowa,2019.0,9.0,2.7,1695293.0,1743177.0
Kansas,2019.0,9.0,3.1,1459804.0,1506570.0
Kentucky,2019.0,9.0,4.0,1988909.0,2072853.0
Louisiana,2019.0,9.0,4.8,1998949.0,2099678.0
Maine,2019.0,9.0,2.9,679633.0,699915.0
Maryland,2019.0,9.0,3.3,3238992.0,3349967.0
Massachusetts,2019.0,9.0,3.0,3734283.0,3848299.0
Michigan,2019.0,9.0,4.0,4777590.0,4978659.0
Minnesota,2019.0,9.0,3.3,3013191.0,3116207.0
Mississippi,2019.0,9.0,5.6,1211954.0,1284212.0
Missouri,2019.0,9.0,3.3,2978472.0,3079035.0
Montana,2019.0,9.0,3.5,526966.0,546025.0
Nebraska,2019.0,9.0,3.2,1019668.0,1053008.0
Nevada,2019.0,9.0,4.0,1494787.0,1557832.0
New Hampshire,2019.0,9.0,2.6,760326.0,780237.0
New Jersey,2019.0,9.0,3.6,4561908.0,4731072.0
New Mexico,2019.0,9.0,4.9,911898.0,958766.0
New York,2019.0,9.0,3.9,9494954.0,9879755.0
North Carolina,2019.0,9.0,3.9,4809111.0,5002649.0
North Dakota,2019.0,9.0,2.1,404904.0,413540.0
Ohio,2019.0,9.0,4.2,5643974.0,5892364.0
Oklahoma,2019.0,9.0,3.2,1784481.0,1842891.0
Oregon,2019.0,9.0,3.5,2017745.0,2091578.0
Pennsylvania,2019.0,9.0,4.3,6301961.0,6582556.0
Rhode Island,2019.0,9.0,3.5,556370.0,576289.0
South Carolina,2019.0,9.0,2.4,2273239.0,2329050.0
South Dakota,2019.0,9.0,2.7,453268.0,465921.0
Tennessee,2019.0,9.0,3.3,3229237.0,3338521.0
Texas,2019.0,9.0,3.5,13508923.0,14004715.0
Utah,2019.0,9.0,2.4,1588812.0,1628202.0
Vermont,2019.0,9.0,2.1,345140.0,352715.0
Virginia,2019.0,9.0,2.6,4297359.0,4411433.0
Washington,2019.0,9.0,3.9,3813294.0,3969950.0
West Virginia,2019.0,9.0,5.0,754852.0,794502.0
Wisconsin,2019.0,9.0,3.3,3016011.0,3118566.0
Wyoming,2019.0,9.0,3.8,283339.0,294622.0
Alabama,2019.0,10.0,3.0,2200603.0,2268441.0
Alaska,2019.0,10.0,5.4,332582.0,351487.0
Arizona,2019.0,10.0,4.7,3302664.0,3465329.0
Arkansas,2019.0,10.0,3.5,1307203.0,1354577.0
California,2019.0,10.0,4.0,18702621.0,19487390.0
Colorado,2019.0,10.0,2.6,3038059.0,3118989.0
Connecticut,2019.0,10.0,3.6,1871049.0,1941593.0
Delaware,2019.0,10.0,3.6,468104.0,485617.0
District of Columbia,2019.0,10.0,5.2,381570.0,402517.0
Florida,2019.0,10.0,3.1,10010788.0,10332869.0
Georgia,2019.0,10.0,3.4,4995870.0,5174328.0
Hawaii,2019.0,10.0,2.4,675253.0,691555.0
Idaho,2019.0,10.0,2.9,872686.0,898402.0
Illinois,2019.0,10.0,3.7,6283626.0,6522043.0
Indiana,2019.0,10.0,3.3,3289206.0,3400846.0
Iowa,2019.0,10.0,2.7,1695854.0,1743449.0
Kansas,2019.0,10.0,3.1,1462039.0,1508618.0
Kentucky,2019.0,10.0,4.0,1990969.0,2074341.0
Louisiana,2019.0,10.0,4.8,2000120.0,2101729.0
Maine,2019.0,10.0,3.0,679981.0,700800.0
Maryland,2019.0,10.0,3.3,3246226.0,3355417.0
Massachusetts,2019.0,10.0,3.0,3733615.0,3847571.0
Michigan,2019.0,10.0,3.9,4783432.0,4979874.0
Minnesota,2019.0,10.0,3.3,3016917.0,3120234.0
Mississippi,2019.0,10.0,5.6,1212095.0,1283451.0
Missouri,2019.0,10.0,3.3,2982325.0,3085251.0
Montana,2019.0,10.0,3.5,528241.0,547383.0
Nebraska,2019.0,10.0,3.1,1021190.0,1054364.0
Nevada,2019.0,10.0,4.1,1498844.0,1562321.0
New Hampshire,2019.0,10.0,2.6,761267.0,781198.0
New Jersey,2019.0,10.0,3.7,4569881.0,4745300.0
New Mexico,2019.0,10.0,4.9,912874.0,959739.0
New York,2019.0,10.0,3.9,9511804.0,9899509.0
North Carolina,2019.0,10.0,3.8,4818362.0,5009614.0
North Dakota,2019.0,10.0,2.1,405076.0,413695.0
Ohio,2019.0,10.0,4.3,5650887.0,5901853.0
Oklahoma,2019.0,10.0,3.2,1786198.0,1844494.0
Oregon,2019.0,10.0,3.4,2020190.0,2091954.0
Pennsylvania,2019.0,10.0,4.3,6306483.0,6589900.0
Rhode Island,2019.0,10.0,3.4,557518.0,577212.0
South Carolina,2019.0,10.0,2.4,2274933.0,2331167.0
South Dakota,2019.0,10.0,2.7,453912.0,466380.0
Tennessee,2019.0,10.0,3.3,3231495.0,3342882.0
Texas,2019.0,10.0,3.5,13540444.0,14034173.0
Utah,2019.0,10.0,2.4,1592966.0,1632135.0
Vermont,2019.0,10.0,2.2,345433.0,353091.0
Virginia,2019.0,10.0,2.7,4302794.0,4420554.0
Washington,2019.0,10.0,3.9,3827171.0,3980986.0
West Virginia,2019.0,10.0,5.0,755311.0,795310.0
Wisconsin,2019.0,10.0,3.3,3016689.0,3118317.0
Wyoming,2019.0,10.0,3.9,283470.0,295036.0
Alabama,2019.0,11.0,3.0,2198939.0,2267842.0
Alaska,2019.0,11.0,5.3,332649.0,351197.0
Arizona,2019.0,11.0,4.7,3311260.0,3474207.0
Arkansas,2019.0,11.0,3.5,1308082.0,1355495.0
California,2019.0,11.0,4.1,18736108.0,19530764.0
Colorado,2019.0,11.0,2.7,3041753.0,3125737.0
Connecticut,2019.0,11.0,3.7,1871640.0,1942988.0
Delaware,2019.0,11.0,3.6,467867.0,485206.0
District of Columbia,2019.0,11.0,5.2,382314.0,403449.0
Florida,2019.0,11.0,3.1,10032088.0,10349460.0
Georgia,2019.0,11.0,3.4,5005020.0,5183356.0
Hawaii,2019.0,11.0,2.3,676681.0,692636.0
Idaho,2019.0,11.0,2.8,874976.0,900327.0
Illinois,2019.0,11.0,3.6,6279403.0,6515473.0
Indiana,2019.0,11.0,3.3,3291062.0,3403209.0
Iowa,2019.0,11.0,2.7,1694898.0,1741908.0
Kansas,2019.0,11.0,3.1,1463697.0,1510154.0
Kentucky,2019.0,11.0,4.0,1991284.0,2074502.0
Louisiana,2019.0,11.0,4.8,1999506.0,2100897.0
Maine,2019.0,11.0,3.0,679839.0,701194.0
Maryland,2019.0,11.0,3.2,3252445.0,3360556.0
Massachusetts,2019.0,11.0,3.0,3731635.0,3846073.0
Michigan,2019.0,11.0,3.8,4787678.0,4979379.0
Minnesota,2019.0,11.0,3.3,3020854.0,3124823.0
Mississippi,2019.0,11.0,5.5,1212026.0,1282570.0
Missouri,2019.0,11.0,3.4,2985077.0,3088996.0
Montana,2019.0,11.0,3.5,529245.0,548519.0
Nebraska,2019.0,11.0,3.1,1022330.0,1055146.0
Nevada,2019.0,11.0,4.1,1502115.0,1566205.0
New Hampshire,2019.0,11.0,2.5,761555.0,781476.0
New Jersey,2019.0,11.0,3.8,4576022.0,4757345.0
New Mexico,2019.0,11.0,4.9,913511.0,960847.0
New York,2019.0,11.0,4.0,9526610.0,9918398.0
North Carolina,2019.0,11.0,3.8,4826118.0,5015044.0
North Dakota,2019.0,11.0,2.0,404992.0,413459.0
Ohio,2019.0,11.0,4.3,5660377.0,5912001.0
Oklahoma,2019.0,11.0,3.1,1786699.0,1844480.0
Oregon,2019.0,11.0,3.4,2021459.0,2091919.0
Pennsylvania,2019.0,11.0,4.3,6307258.0,6592893.0
Rhode Island,2019.0,11.0,3.4,558111.0,577724.0
South Carolina,2019.0,11.0,2.5,2275745.0,2333912.0
South Dakota,2019.0,11.0,2.6,454373.0,466622.0
Tennessee,2019.0,11.0,3.4,3233186.0,3346774.0
Texas,2019.0,11.0,3.5,13570116.0,14060143.0
Utah,2019.0,11.0,2.4,1596451.0,1635740.0
Vermont,2019.0,11.0,2.1,345663.0,353175.0
Virginia,2019.0,11.0,2.7,4307111.0,4427891.0
Washington,2019.0,11.0,3.8,3841503.0,3991180.0
West Virginia,2019.0,11.0,5.1,755439.0,795798.0
Wisconsin,2019.0,11.0,3.2,3016458.0,3116817.0
Wyoming,2019.0,11.0,4.0,283497.0,295458.0
Alabama,2019.0,12.0,3.1,2194948.0,2265305.0
Alaska,2019.0,12.0,5.2,332607.0,351034.0
Arizona,2019.0,12.0,4.7,3316488.0,3480692.0
Arkansas,2019.0,12.0,3.5,1307431.0,1354907.0
California,2019.0,12.0,4.1,18760088.0,19571469.0
Colorado,2019.0,12.0,2.8,3042387.0,3130834.0
Connecticut,2019.0,12.0,3.7,1869936.0,1942216.0
Delaware,2019.0,12.0,3.6,467162.0,484362.0
District of Columbia,2019.0,12.0,5.4,382587.0,404214.0
Florida,2019.0,12.0,3.0,10041935.0,10356024.0
Georgia,2019.0,12.0,3.5,5008917.0,5189349.0
Hawaii,2019.0,12.0,2.2,677484.0,693073.0
Idaho,2019.0,12.0,2.8,876408.0,901475.0
Illinois,2019.0,12.0,3.6,6271187.0,6507243.0
Indiana,2019.0,12.0,3.3,3287554.0,3400865.0
Iowa,2019.0,12.0,2.7,1691055.0,1737538.0
Kansas,2019.0,12.0,3.1,1463792.0,1510339.0
Kentucky,2019.0,12.0,4.0,1988593.0,2072180.0
Louisiana,2019.0,12.0,4.8,1995126.0,2095489.0
Maine,2019.0,12.0,3.1,678902.0,700702.0
Maryland,2019.0,12.0,3.2,3255534.0,3364422.0
Massachusetts,2019.0,12.0,3.0,3724970.0,3840356.0
Michigan,2019.0,12.0,3.8,4785332.0,4973652.0
Minnesota,2019.0,12.0,3.4,3022875.0,3128223.0
Mississippi,2019.0,12.0,5.5,1210454.0,1280931.0
Missouri,2019.0,12.0,3.4,2985195.0,3088884.0
Montana,2019.0,12.0,3.5,529531.0,548951.0
Nebraska,2019.0,12.0,3.1,1022336.0,1054761.0
Nevada,2019.0,12.0,4.1,1503507.0,1568450.0
New Hampshire,2019.0,12.0,2.5,760561.0,780430.0
New Jersey,2019.0,12.0,3.9,4578023.0,4764786.0
New Mexico,2019.0,12.0,5.0,913180.0,961446.0
New York,2019.0,12.0,4.0,9530737.0,9928423.0
North Carolina,2019.0,12.0,3.7,4828806.0,5016582.0
North Dakota,2019.0,12.0,2.0,404366.0,412683.0
Ohio,2019.0,12.0,4.3,5666096.0,5919223.0
Oklahoma,2019.0,12.0,3.1,1784921.0,1842274.0
Oregon,2019.0,12.0,3.4,2020403.0,2090881.0
Pennsylvania,2019.0,12.0,4.4,6298989.0,6586413.0
Rhode Island,2019.0,12.0,3.4,557650.0,577514.0
South Carolina,2019.0,12.0,2.6,2274037.0,2335205.0
South Dakota,2019.0,12.0,2.6,454418.0,466473.0
Tennessee,2019.0,12.0,3.4,3231783.0,3346761.0
Texas,2019.0,12.0,3.5,13586609.0,14075288.0
Utah,2019.0,12.0,2.4,1598277.0,1637983.0
Vermont,2019.0,12.0,2.1,345513.0,352800.0
Virginia,2019.0,12.0,2.7,4307064.0,4428627.0
Washington,2019.0,12.0,3.7,3848926.0,3994995.0
West Virginia,2019.0,12.0,5.1,754822.0,795786.0
Wisconsin,2019.0,12.0,3.2,3014026.0,3112959.0
Wyoming,2019.0,12.0,4.2,283244.0,295727.0
Alabama,2020.0,1.0,3.2,2188319.0,2260440.0
Alaska,2020.0,1.0,5.3,332300.0,350862.0
Arizona,2020.0,1.0,4.8,3316688.0,3482745.0
Arkansas,2020.0,1.0,3.5,1305296.0,1352956.0
California,2020.0,1.0,4.3,18770034.0,19603988.0
Colorado,2020.0,1.0,3.0,3038695.0,3132612.0
Connecticut,2020.0,1.0,3.8,1865551.0,1938821.0
Delaware,2020.0,1.0,3.6,465967.0,483120.0
District of Columbia,2020.0,1.0,5.5,382061.0,404360.0
Florida,2020.0,1.0,3.0,10032574.0,10344346.0
Georgia,2020.0,1.0,3.6,5006478.0,5190786.0
Hawaii,2020.0,1.0,2.2,677484.0,692729.0
Idaho,2020.0,1.0,2.8,876677.0,901823.0
Illinois,2020.0,1.0,3.7,6259112.0,6498977.0
Indiana,2020.0,1.0,3.4,3278737.0,3393852.0
Iowa,2020.0,1.0,2.7,1683935.0,1730179.0
Kansas,2020.0,1.0,3.1,1461816.0,1508537.0
Kentucky,2020.0,1.0,4.1,1982555.0,2066984.0
Louisiana,2020.0,1.0,4.7,1987499.0,2086283.0
Maine,2020.0,1.0,3.2,677081.0,699130.0
Maryland,2020.0,1.0,3.3,3254556.0,3366208.0
Massachusetts,2020.0,1.0,3.0,3710784.0,3827335.0
Michigan,2020.0,1.0,3.8,4773316.0,4960108.0
Minnesota,2020.0,1.0,3.4,3020886.0,3128290.0
Mississippi,2020.0,1.0,5.6,1207281.0,1278699.0
Missouri,2020.0,1.0,3.4,2982038.0,3085527.0
Montana,2020.0,1.0,3.5,528993.0,548463.0
Nebraska,2020.0,1.0,3.0,1020834.0,1052941.0
Nevada,2020.0,1.0,4.2,1502314.0,1568532.0
New Hampshire,2020.0,1.0,2.5,758054.0,777848.0
New Jersey,2020.0,1.0,4.0,4573720.0,4765234.0
New Mexico,2020.0,1.0,5.1,911536.0,960993.0
New York,2020.0,1.0,4.1,9518640.0,9923358.0
North Carolina,2020.0,1.0,3.8,4825728.0,5013776.0
North Dakota,2020.0,1.0,2.1,403241.0,411689.0
Ohio,2020.0,1.0,4.4,5660918.0,5919390.0
Oklahoma,2020.0,1.0,3.1,1780907.0,1838271.0
Oregon,2020.0,1.0,3.4,2016997.0,2088910.0
Pennsylvania,2020.0,1.0,4.4,6279427.0,6570864.0
Rhode Island,2020.0,1.0,3.5,555930.0,576322.0
South Carolina,2020.0,1.0,2.8,2268881.0,2333553.0
South Dakota,2020.0,1.0,2.5,453941.0,465790.0
Tennessee,2020.0,1.0,3.4,3225772.0,3340825.0
Texas,2020.0,1.0,3.5,13580042.0,14072438.0
Utah,2020.0,1.0,2.5,1597963.0,1638196.0
Vermont,2020.0,1.0,2.1,344804.0,352082.0
Virginia,2020.0,1.0,2.8,4301214.0,4423464.0
Washington,2020.0,1.0,3.6,3844433.0,3989932.0
West Virginia,2020.0,1.0,5.2,753349.0,795017.0
Wisconsin,2020.0,1.0,3.1,3009062.0,3106453.0
Wyoming,2020.0,1.0,4.4,282599.0,295684.0
Alabama,2020.0,2.0,3.3,2180186.0,2254260.0
Alaska,2020.0,2.0,5.4,331648.0,350477.0
Arizona,2020.0,2.0,4.8,3311825.0,3480462.0
Arkansas,2020.0,2.0,3.6,1302219.0,1350347.0
California,2020.0,2.0,4.4,18768004.0,19628098.0
Colorado,2020.0,2.0,3.2,3030991.0,3130761.0
Connecticut,2020.0,2.0,3.8,1858917.0,1933315.0
Delaware,2020.0,2.0,3.6,464396.0,481636.0
District of Columbia,2020.0,2.0,5.7,380528.0,403489.0
Florida,2020.0,2.0,3.0,10001461.0,10310613.0
Georgia,2020.0,2.0,3.6,4998731.0,5187971.0
Hawaii,2020.0,2.0,2.2,676811.0,691778.0
Idaho,2020.0,2.0,2.8,875839.0,901500.0
Illinois,2020.0,2.0,3.8,6244925.0,6492991.0
Indiana,2020.0,2.0,3.5,3265422.0,3382274.0
Iowa,2020.0,2.0,2.7,1674165.0,1720272.0
Kansas,2020.0,2.0,3.1,1458043.0,1504763.0
Kentucky,2020.0,2.0,4.1,1973837.0,2059014.0
Louisiana,2020.0,2.0,4.7,1979105.0,2076123.0
Maine,2020.0,2.0,3.2,674445.0,696631.0
Maryland,2020.0,2.0,3.4,3250084.0,3365190.0
Massachusetts,2020.0,2.0,3.1,3688777.0,3806656.0
Michigan,2020.0,2.0,3.8,4752121.0,4937894.0
Minnesota,2020.0,2.0,3.5,3013964.0,3123869.0
Mississippi,2020.0,2.0,5.7,1202653.0,1275701.0
Missouri,2020.0,2.0,3.4,2976175.0,3081373.0
Montana,2020.0,2.0,3.5,527825.0,547170.0
Nebraska,2020.0,2.0,3.0,1018057.0,1049923.0
Nevada,2020.0,2.0,4.4,1498494.0,1566746.0
New Hampshire,2020.0,2.0,2.6,754347.0,774097.0
New Jersey,2020.0,2.0,4.1,4562044.0,4757142.0
New Mexico,2020.0,2.0,5.3,908652.0,959313.0
New York,2020.0,2.0,4.2,9488885.0,9901482.0
North Carolina,2020.0,2.0,3.8,4819159.0,5008917.0
North Dakota,2020.0,2.0,2.2,401873.0,410940.0
Ohio,2020.0,2.0,4.5,5642009.0,5909682.0
Oklahoma,2020.0,2.0,3.2,1775459.0,1833477.0
Oregon,2020.0,2.0,3.6,2011877.0,2086293.0
Pennsylvania,2020.0,2.0,4.6,6251276.0,6552353.0
Rhode Island,2020.0,2.0,3.6,553183.0,574053.0
South Carolina,2020.0,2.0,2.9,2260600.0,2328820.0
South Dakota,2020.0,2.0,2.5,453018.0,464574.0
Tennessee,2020.0,2.0,3.5,3214810.0,3330049.0
Texas,2020.0,2.0,3.6,13547699.0,14049555.0
Utah,2020.0,2.0,2.5,1595731.0,1636410.0
Vermont,2020.0,2.0,2.2,343598.0,351283.0
Virginia,2020.0,2.0,2.9,4291042.0,4418731.0
Washington,2020.0,2.0,3.8,3827847.0,3977324.0
West Virginia,2020.0,2.0,5.3,751009.0,793206.0
Wisconsin,2020.0,2.0,3.1,3001811.0,3097630.0
Wyoming,2020.0,2.0,4.6,281593.0,295291.0
Alabama,2020.0,3.0,3.4,2170896.0,2246584.0
Alaska,2020.0,3.0,5.4,330889.0,349856.0
Arizona,2020.0,3.0,4.9,3304570.0,3476237.0
Arkansas,2020.0,3.0,4.8,1299745.0,1365968.0
California,2020.0,3.0,5.5,18245996.0,19310026.0
Colorado,2020.0,3.0,3.4,3022075.0,3127030.0
Connecticut,2020.0,3.0,3.9,1851737.0,1927122.0
Delaware,2020.0,3.0,5.0,462872.0,487300.0
District of Columbia,2020.0,3.0,5.8,379477.0,402863.0
Florida,2020.0,3.0,4.0,9733440.0,10142457.0
Georgia,2020.0,3.0,3.7,4989980.0,5183442.0
Hawaii,2020.0,3.0,2.1,675985.0,690734.0
Idaho,2020.0,3.0,2.8,874605.0,899358.0
Illinois,2020.0,3.0,5.1,6108846.0,6434112.0
Indiana,2020.0,3.0,3.6,3184139.0,3301532.0
Iowa,2020.0,3.0,2.7,1663583.0,1709030.0
Kansas,2020.0,3.0,3.1,1453873.0,1500078.0
Kentucky,2020.0,3.0,4.1,1964589.0,2049594.0
Louisiana,2020.0,3.0,6.7,1973636.0,2114424.0
Maine,2020.0,3.0,3.2,671612.0,693833.0
Maryland,2020.0,3.0,3.5,3245239.0,3362349.0
Massachusetts,2020.0,3.0,3.1,3662178.0,3781020.0
Michigan,2020.0,3.0,3.7,4727009.0,4909618.0
Minnesota,2020.0,3.0,3.6,3003742.0,3115711.0
Mississippi,2020.0,3.0,5.9,1198781.0,1273409.0
Missouri,2020.0,3.0,3.6,2970104.0,3079549.0
Montana,2020.0,3.0,3.5,526397.0,545355.0
Nebraska,2020.0,3.0,4.4,1008463.0,1055316.0
Nevada,2020.0,3.0,7.2,1433426.0,1545207.0
New Hampshire,2020.0,3.0,2.6,750281.0,769939.0
New Jersey,2020.0,3.0,4.1,4546335.0,4742018.0
New Mexico,2020.0,3.0,5.9,892437.0,948526.0
New York,2020.0,3.0,4.2,9448828.0,9867923.0
North Carolina,2020.0,3.0,4.0,4594402.0,4785018.0
North Dakota,2020.0,3.0,2.5,400752.0,410959.0
Ohio,2020.0,3.0,4.8,5542627.0,5820292.0
Oklahoma,2020.0,3.0,3.2,1770475.0,1829534.0
Oregon,2020.0,3.0,3.7,2006927.0,2083882.0
Pennsylvania,2020.0,3.0,4.8,6220991.0,6536470.0
Rhode Island,2020.0,3.0,3.7,548795.0,569682.0
South Carolina,2020.0,3.0,3.1,2251335.0,2322570.0
South Dakota,2020.0,3.0,2.4,452018.0,463143.0
Tennessee,2020.0,3.0,3.5,3200642.0,3317696.0
Texas,2020.0,3.0,5.0,13195580.0,13893417.0
Utah,2020.0,3.0,2.5,1592987.0,1633767.0
Vermont,2020.0,3.0,2.4,342234.0,350738.0
Virginia,2020.0,3.0,3.2,4282186.0,4422545.0
Washington,2020.0,3.0,6.0,3703432.0,3941485.0
West Virginia,2020.0,3.0,5.3,748164.0,790450.0
Wisconsin,2020.0,3.0,3.0,2994584.0,3088431.0
Wyoming,2020.0,3.0,4.8,280490.0,294693.0
Alabama,2020.0,4.0,13.8,1883575.0,2184411.0
Alaska,2020.0,4.0,11.6,296559.0,335456.0
Arizona,2020.0,4.0,13.8,2924531.0,3393061.0
Arkansas,2020.0,4.0,10.1,1210815.0,1346793.0
California,2020.0,4.0,16.1,15688440.0,18698851.0
Colorado,2020.0,4.0,11.2,2662413.0,2997836.0
Connecticut,2020.0,4.0,8.3,1678890.0,1830788.0
Delaware,2020.0,4.0,13.1,409219.0,470723.0
District of Columbia,2020.0,4.0,11.3,347542.0,391628.0
Florida,2020.0,4.0,13.3,8121114.0,9372023.0
Georgia,2020.0,4.0,12.5,4329558.0,4947003.0
Hawaii,2020.0,4.0,22.5,503516.0,649436.0
Idaho,2020.0,4.0,11.8,781359.0,885500.0
Illinois,2020.0,4.0,18.3,5113022.0,6257113.0
Indiana,2020.0,4.0,16.9,2669400.0,3212876.0
Iowa,2020.0,4.0,11.0,1500822.0,1687201.0
Kansas,2020.0,4.0,12.1,1308191.0,1488328.0
Kentucky,2020.0,4.0,16.7,1697831.0,2038557.0
Louisiana,2020.0,4.0,13.5,1708721.0,1976206.0
Maine,2020.0,4.0,9.3,593939.0,654661.0
Maryland,2020.0,4.0,9.0,2912672.0,3199999.0
Massachusetts,2020.0,4.0,17.8,2885860.0,3509078.0
Michigan,2020.0,4.0,22.7,3525458.0,4561790.0
Minnesota,2020.0,4.0,8.9,2730746.0,2995933.0
Mississippi,2020.0,4.0,15.6,1019571.0,1207674.0
Missouri,2020.0,4.0,11.6,2587209.0,2926978.0
Montana,2020.0,4.0,11.9,472883.0,537056.0
Nebraska,2020.0,4.0,8.2,958924.0,1044553.0
Nevada,2020.0,4.0,30.5,1021012.0,1469449.0
New Hampshire,2020.0,4.0,16.0,623667.0,742138.0
New Jersey,2020.0,4.0,15.0,3808817.0,4478993.0
New Mexico,2020.0,4.0,9.0,818326.0,899628.0
New York,2020.0,4.0,15.7,7690871.0,9119448.0
North Carolina,2020.0,4.0,14.2,3969148.0,4625138.0
North Dakota,2020.0,4.0,8.7,374787.0,410498.0
Ohio,2020.0,4.0,16.5,4623650.0,5534863.0
Oklahoma,2020.0,4.0,12.5,1577690.0,1803349.0
Oregon,2020.0,4.0,13.7,1756401.0,2035720.0
Pennsylvania,2020.0,4.0,16.1,5321445.0,6344987.0
Rhode Island,2020.0,4.0,17.9,447938.0,545276.0
South Carolina,2020.0,4.0,11.7,2049869.0,2322650.0
South Dakota,2020.0,4.0,8.8,422939.0,463618.0
Tennessee,2020.0,4.0,15.7,2689150.0,3191792.0
Texas,2020.0,4.0,12.8,11597567.0,13300732.0
Utah,2020.0,4.0,10.0,1460961.0,1622532.0
Vermont,2020.0,4.0,14.1,302630.0,352456.0
Virginia,2020.0,4.0,11.9,3790008.0,4303723.0
Washington,2020.0,4.0,17.1,3296060.0,3974959.0
West Virginia,2020.0,4.0,15.8,640512.0,760840.0
Wisconsin,2020.0,4.0,14.1,2646643.0,3079693.0
Wyoming,2020.0,4.0,5.1,272762.0,287289.0
Alabama,2020.0,5.0,10.4,2026511.0,2261887.0
Alaska,2020.0,5.0,11.7,303349.0,343670.0
Arizona,2020.0,5.0,11.2,3060327.0,3446480.0
Arkansas,2020.0,5.0,8.9,1222525.0,1341710.0
California,2020.0,5.0,15.8,15635673.0,18560581.0
Colorado,2020.0,5.0,11.7,2732591.0,3095300.0
Connecticut,2020.0,5.0,11.9,1679272.0,1905059.0
Delaware,2020.0,5.0,13.4,428768.0,495353.0
District of Columbia,2020.0,5.0,8.8,346375.0,379861.0
Florida,2020.0,5.0,14.1,8657471.0,10084003.0
Georgia,2020.0,5.0,9.8,4557380.0,5053091.0
Hawaii,2020.0,5.0,20.7,528318.0,666396.0
Idaho,2020.0,5.0,9.1,815914.0,897591.0
Illinois,2020.0,5.0,14.7,5363986.0,6289916.0
Indiana,2020.0,5.0,12.5,2875421.0,3286059.0
Iowa,2020.0,5.0,8.5,1513731.0,1653803.0
Kansas,2020.0,5.0,9.2,1360049.0,1497235.0
Kentucky,2020.0,5.0,12.8,1790136.0,2053548.0
Louisiana,2020.0,5.0,12.3,1766332.0,2014205.0
Maine,2020.0,5.0,9.5,608213.0,672011.0
Maryland,2020.0,5.0,8.8,2921143.0,3204499.0
Massachusetts,2020.0,5.0,14.3,3144443.0,3670550.0
Michigan,2020.0,5.0,19.3,3942312.0,4882818.0
Minnesota,2020.0,5.0,11.1,2725981.0,3067745.0
Mississippi,2020.0,5.0,11.2,1084671.0,1221316.0
Missouri,2020.0,5.0,9.6,2594117.0,2870284.0
Montana,2020.0,5.0,9.2,491901.0,542022.0
Nebraska,2020.0,5.0,6.4,978145.0,1045313.0
Nevada,2020.0,5.0,24.7,1046193.0,1390094.0
New Hampshire,2020.0,5.0,11.8,667302.0,756642.0
New Jersey,2020.0,5.0,15.4,3865414.0,4571265.0
New Mexico,2020.0,5.0,9.3,826183.0,910703.0
New York,2020.0,5.0,16.7,7843927.0,9419207.0
North Carolina,2020.0,5.0,11.6,4208981.0,4763505.0
North Dakota,2020.0,5.0,7.3,378288.0,408037.0
Ohio,2020.0,5.0,12.8,4929520.0,5655129.0
Oklahoma,2020.0,5.0,9.8,1648294.0,1826774.0
Oregon,2020.0,5.0,11.8,1849522.0,2097682.0
Pennsylvania,2020.0,5.0,12.9,5629657.0,6461185.0
Rhode Island,2020.0,5.0,15.4,483213.0,571212.0
South Carolina,2020.0,5.0,9.3,2118489.0,2335076.0
South Dakota,2020.0,5.0,6.6,433438.0,464185.0
Tennessee,2020.0,5.0,12.1,2861788.0,3257118.0
Texas,2020.0,5.0,11.7,12240514.0,13854813.0
Utah,2020.0,5.0,7.7,1510025.0,1636328.0
Vermont,2020.0,5.0,9.6,306574.0,339027.0
Virginia,2020.0,5.0,10.0,3854479.0,4283943.0
Washington,2020.0,5.0,13.6,3388044.0,3921543.0
West Virginia,2020.0,5.0,12.5,676943.0,773503.0
Wisconsin,2020.0,5.0,10.5,2773088.0,3099770.0
Wyoming,2020.0,5.0,8.7,272565.0,298665.0
Alabama,2020.0,6.0,8.6,2069745.0,2263977.0
Alaska,2020.0,6.0,11.2,306465.0,345102.0
Arizona,2020.0,6.0,9.8,3109820.0,3446465.0
Arkansas,2020.0,6.0,7.9,1230840.0,1336181.0
California,2020.0,6.0,13.8,16411270.0,19030336.0
Colorado,2020.0,6.0,11.2,2764894.0,3114887.0
Connecticut,2020.0,6.0,11.5,1678421.0,1896424.0
Delaware,2020.0,6.0,12.8,436553.0,500448.0
District of Columbia,2020.0,6.0,8.6,345681.0,378357.0
Florida,2020.0,6.0,11.6,8825971.0,9984792.0
Georgia,2020.0,6.0,8.4,4566520.0,4986734.0
Hawaii,2020.0,6.0,17.3,550175.0,665341.0
Idaho,2020.0,6.0,7.5,829188.0,896772.0
Illinois,2020.0,6.0,12.6,5462469.0,6250781.0
Indiana,2020.0,6.0,10.3,2950669.0,3288130.0
Iowa,2020.0,6.0,6.8,1520822.0,1631941.0
Kansas,2020.0,6.0,7.5,1379158.0,1490499.0
Kentucky,2020.0,6.0,5.3,1822354.0,1924408.0
Louisiana,2020.0,6.0,11.0,1796277.0,2019373.0
Maine,2020.0,6.0,6.6,614084.0,657511.0
Maryland,2020.0,6.0,8.1,2929355.0,3187489.0
Massachusetts,2020.0,6.0,14.7,3223947.0,3777546.0
Michigan,2020.0,6.0,14.5,4288978.0,5013907.0
Minnesota,2020.0,6.0,8.9,2865047.0,3143556.0
Mississippi,2020.0,6.0,9.4,1108062.0,1222816.0
Missouri,2020.0,6.0,8.0,2728634.0,2966906.0
Montana,2020.0,6.0,7.7,499115.0,540468.0
Nebraska,2020.0,6.0,5.3,985838.0,1040691.0
Nevada,2020.0,6.0,18.9,1216199.0,1498919.0
New Hampshire,2020.0,6.0,9.6,681744.0,754070.0
New Jersey,2020.0,6.0,14.5,3957596.0,4628508.0
New Mexico,2020.0,6.0,9.0,830429.0,912682.0
New York,2020.0,6.0,13.6,8210170.0,9505600.0
North Carolina,2020.0,6.0,9.8,4299641.0,4764830.0
North Dakota,2020.0,6.0,6.5,380841.0,407323.0
Ohio,2020.0,6.0,11.0,5031405.0,5654610.0
Oklahoma,2020.0,6.0,8.2,1676501.0,1826978.0
Oregon,2020.0,6.0,10.2,1885566.0,2098606.0
Pennsylvania,2020.0,6.0,11.3,5733778.0,6462979.0
Rhode Island,2020.0,6.0,13.4,494770.0,571019.0
South Carolina,2020.0,6.0,7.8,2145445.0,2327707.0
South Dakota,2020.0,6.0,5.3,437656.0,462236.0
Tennessee,2020.0,6.0,10.2,2919984.0,3249984.0
Texas,2020.0,6.0,10.1,12458488.0,13855506.0
Utah,2020.0,6.0,6.4,1530068.0,1635237.0
Vermont,2020.0,6.0,7.7,308347.0,334214.0
Virginia,2020.0,6.0,8.9,3895766.0,4276850.0
Washington,2020.0,6.0,11.7,3422076.0,3875271.0
West Virginia,2020.0,6.0,10.6,688693.0,769941.0
Wisconsin,2020.0,6.0,8.7,2820477.0,3089775.0
Wyoming,2020.0,6.0,7.3,272912.0,294397.0
Alabama,2020.0,7.0,7.5,2103691.0,2274751.0
Alaska,2020.0,7.0,11.1,310124.0,348894.0
Arizona,2020.0,7.0,9.0,3157685.0,3468223.0
Arkansas,2020.0,7.0,7.3,1241227.0,1338897.0
California,2020.0,7.0,13.1,16561398.0,19067483.0
Colorado,2020.0,7.0,6.5,2803025.0,2997019.0
Connecticut,2020.0,7.0,11.7,1682788.0,1905098.0
Delaware,2020.0,7.0,7.6,444256.0,480623.0
District of Columbia,2020.0,7.0,8.7,346376.0,379497.0
Florida,2020.0,7.0,11.6,8991703.0,10171091.0
Georgia,2020.0,7.0,7.7,4589492.0,4973882.0
Hawaii,2020.0,7.0,15.6,570038.0,675151.0
Idaho,2020.0,7.0,6.6,842046.0,901562.0
Illinois,2020.0,7.0,11.4,5566545.0,6279917.0
Indiana,2020.0,7.0,8.9,3022835.0,3317415.0
Iowa,2020.0,7.0,6.0,1534034.0,1631388.0
Kansas,2020.0,7.0,6.7,1397670.0,1497882.0
Kentucky,2020.0,7.0,5.8,1852225.0,1965877.0
Louisiana,2020.0,7.0,10.4,1828760.0,2041235.0
Maine,2020.0,7.0,6.3,621578.0,663393.0
Maryland,2020.0,7.0,7.9,2946768.0,3198040.0
Massachusetts,2020.0,7.0,12.5,3298844.0,3769749.0
Michigan,2020.0,7.0,12.5,4333964.0,4955114.0
Minnesota,2020.0,7.0,7.8,2925708.0,3174740.0
Mississippi,2020.0,7.0,8.3,1130863.0,1233243.0
Missouri,2020.0,7.0,7.2,2853908.0,3074336.0
Montana,2020.0,7.0,6.7,506184.0,542691.0
Nebraska,2020.0,7.0,4.6,993818.0,1041693.0
Nevada,2020.0,7.0,16.7,1259686.0,1511703.0
New Hampshire,2020.0,7.0,8.3,695257.0,758132.0
New Jersey,2020.0,7.0,14.4,4048735.0,4732543.0
New Mexico,2020.0,7.0,9.0,837524.0,920262.0
New York,2020.0,7.0,12.6,8347465.0,9545521.0
North Carolina,2020.0,7.0,8.7,4388197.0,4807647.0
North Dakota,2020.0,7.0,6.2,384074.0,409306.0
Ohio,2020.0,7.0,9.8,5134029.0,5693398.0
Oklahoma,2020.0,7.0,7.4,1703499.0,1839352.0
Oregon,2020.0,7.0,9.2,1920053.0,2115076.0
Pennsylvania,2020.0,7.0,10.4,5829724.0,6507677.0
Rhode Island,2020.0,7.0,12.2,505541.0,575844.0
South Carolina,2020.0,7.0,7.1,2173869.0,2340450.0
South Dakota,2020.0,7.0,4.7,441950.0,463621.0
Tennessee,2020.0,7.0,9.0,2978595.0,3272977.0
Texas,2020.0,7.0,9.3,12667175.0,13960798.0
Utah,2020.0,7.0,5.7,1550316.0,1644579.0
Vermont,2020.0,7.0,6.6,311131.0,333176.0
Virginia,2020.0,7.0,8.3,3949167.0,4307354.0
Washington,2020.0,7.0,10.5,3466585.0,3874343.0
West Virginia,2020.0,7.0,9.5,699604.0,772857.0
Wisconsin,2020.0,7.0,7.6,2865613.0,3102968.0
Wyoming,2020.0,7.0,6.8,273923.0,293997.0
Alabama,2020.0,8.0,6.3,2129247.0,2273305.0
Alaska,2020.0,8.0,8.6,313403.0,342738.0
Arizona,2020.0,8.0,7.9,3197302.0,3472410.0
Arkansas,2020.0,8.0,6.4,1249524.0,1334391.0
California,2020.0,8.0,11.8,16673712.0,18910905.0
Colorado,2020.0,8.0,6.2,2835330.0,3022293.0
Connecticut,2020.0,8.0,9.6,1685344.0,1863999.0
Delaware,2020.0,8.0,7.4,450709.0,486581.0
District of Columbia,2020.0,8.0,8.5,347196.0,379636.0
Florida,2020.0,8.0,8.6,9126731.0,9988796.0
Georgia,2020.0,8.0,6.8,4607229.0,4945404.0
Hawaii,2020.0,8.0,13.0,585018.0,672517.0
Idaho,2020.0,8.0,5.4,852822.0,901894.0
Illinois,2020.0,8.0,9.7,5645050.0,6251667.0
Indiana,2020.0,8.0,7.2,3081133.0,3320672.0
Iowa,2020.0,8.0,5.0,1547511.0,1629051.0
Kansas,2020.0,8.0,5.8,1412936.0,1499726.0
Kentucky,2020.0,8.0,5.2,1874051.0,1976712.0
Louisiana,2020.0,8.0,9.2,1854529.0,2041973.0
Maine,2020.0,8.0,4.2,628349.0,655665.0
Maryland,2020.0,8.0,7.2,2958869.0,3188236.0
Massachusetts,2020.0,8.0,10.4,3357531.0,3745616.0
Michigan,2020.0,8.0,10.0,4395658.0,4884241.0
Minnesota,2020.0,8.0,6.7,2952413.0,3164264.0
Mississippi,2020.0,8.0,7.4,1147306.0,1239063.0
Missouri,2020.0,8.0,6.4,2864659.0,3059210.0
Montana,2020.0,8.0,5.6,511947.0,542412.0
Nebraska,2020.0,8.0,3.8,1000566.0,1040395.0
Nevada,2020.0,8.0,13.9,1291915.0,1500711.0
New Hampshire,2020.0,8.0,6.7,705596.0,756543.0
New Jersey,2020.0,8.0,13.3,4121175.0,4754575.0
New Mexico,2020.0,8.0,8.6,843798.0,922907.0
New York,2020.0,8.0,10.8,8454995.0,9483036.0
North Carolina,2020.0,8.0,7.4,4456139.0,4810221.0
North Dakota,2020.0,8.0,5.6,386723.0,409618.0
Ohio,2020.0,8.0,8.3,5218681.0,5691651.0
Oklahoma,2020.0,8.0,6.3,1724940.0,1841586.0
Oregon,2020.0,8.0,7.9,1948447.0,2116350.0
Pennsylvania,2020.0,8.0,9.3,5901859.0,6504603.0
Rhode Island,2020.0,8.0,10.4,513955.0,573333.0
South Carolina,2020.0,8.0,6.2,2198823.0,2344618.0
South Dakota,2020.0,8.0,3.9,445660.0,463942.0
Tennessee,2020.0,8.0,7.6,3028859.0,3279583.0
Texas,2020.0,8.0,8.0,12838098.0,13961664.0
Utah,2020.0,8.0,4.8,1567928.0,1647748.0
Vermont,2020.0,8.0,5.4,313378.0,331438.0
Virginia,2020.0,8.0,7.3,3994372.0,4310745.0
Washington,2020.0,8.0,9.0,3507192.0,3851942.0
West Virginia,2020.0,8.0,8.2,708000.0,771449.0
Wisconsin,2020.0,8.0,6.3,2901723.0,3098059.0
Wyoming,2020.0,8.0,6.2,275020.0,293244.0
Alabama,2020.0,9.0,5.9,2145758.0,2280339.0
Alaska,2020.0,9.0,7.8,316561.0,343274.0
Arizona,2020.0,9.0,7.5,3230463.0,3492702.0
Arkansas,2020.0,9.0,5.9,1256469.0,1335833.0
California,2020.0,9.0,9.9,16802992.0,18658461.0
Colorado,2020.0,9.0,6.3,2864520.0,3058030.0
Connecticut,2020.0,9.0,8.8,1688967.0,1852469.0
Delaware,2020.0,9.0,7.6,455937.0,493585.0
District of Columbia,2020.0,9.0,8.6,348224.0,380929.0
Florida,2020.0,9.0,8.0,9248335.0,10047622.0
Georgia,2020.0,9.0,6.5,4625843.0,4944916.0
Hawaii,2020.0,9.0,13.3,539759.0,622851.0
Idaho,2020.0,9.0,5.0,861930.0,906914.0
Illinois,2020.0,9.0,9.1,5714092.0,6282727.0
Indiana,2020.0,9.0,6.5,3128860.0,3345331.0
Iowa,2020.0,9.0,4.6,1561403.0,1637273.0
Kansas,2020.0,9.0,5.4,1425118.0,1506805.0
Kentucky,2020.0,9.0,5.0,1890728.0,1990824.0
Louisiana,2020.0,9.0,8.7,1875707.0,2055533.0
Maine,2020.0,9.0,4.0,635035.0,661558.0
Maryland,2020.0,9.0,7.1,2970468.0,3198191.0
Massachusetts,2020.0,9.0,9.6,3405859.0,3767786.0
Michigan,2020.0,9.0,8.9,4438831.0,4874366.0
Minnesota,2020.0,9.0,6.2,2962209.0,3156538.0
Mississippi,2020.0,9.0,7.1,1161302.0,1249420.0
Missouri,2020.0,9.0,5.9,2874592.0,3055128.0
Montana,2020.0,9.0,5.2,516396.0,544533.0
Nebraska,2020.0,9.0,3.4,1005563.0,1041358.0
Nevada,2020.0,9.0,12.7,1319667.0,1512177.0
New Hampshire,2020.0,9.0,6.1,713684.0,760133.0
New Jersey,2020.0,9.0,7.4,4185335.0,4520716.0
New Mexico,2020.0,9.0,8.7,849778.0,930263.0
New York,2020.0,9.0,10.2,8551410.0,9517449.0
North Carolina,2020.0,9.0,6.8,4511928.0,4840818.0
North Dakota,2020.0,9.0,5.3,388737.0,410286.0
Ohio,2020.0,9.0,7.6,5291173.0,5723287.0
Oklahoma,2020.0,9.0,5.9,1741504.0,1851630.0
Oregon,2020.0,9.0,7.5,1971045.0,2130328.0
Pennsylvania,2020.0,9.0,8.7,5955298.0,6524674.0
Rhode Island,2020.0,9.0,10.0,520861.0,578508.0
South Carolina,2020.0,9.0,5.8,2219532.0,2357123.0
South Dakota,2020.0,9.0,3.6,448677.0,465564.0
Tennessee,2020.0,9.0,7.1,3074592.0,3310277.0
Texas,2020.0,9.0,7.7,12981702.0,14059000.0
Utah,2020.0,9.0,4.5,1582938.0,1657580.0
Vermont,2020.0,9.0,4.9,315491.0,331583.0
Virginia,2020.0,9.0,6.7,4034648.0,4323725.0
Washington,2020.0,9.0,8.2,3545741.0,3862675.0
West Virginia,2020.0,9.0,7.6,714523.0,773605.0
Wisconsin,2020.0,9.0,5.8,2930742.0,3111737.0
Wyoming,2020.0,9.0,5.9,275965.0,293397.0
Alabama,2020.0,10.0,5.2,2154595.0,2273333.0
Alaska,2020.0,10.0,7.2,318880.0,343583.0
Arizona,2020.0,10.0,7.0,3253386.0,3497131.0
Arkansas,2020.0,10.0,5.4,1259976.0,1331810.0
California,2020.0,10.0,9.3,16887988.0,18609671.0
Colorado,2020.0,10.0,6.2,2883933.0,3074101.0
Connecticut,2020.0,10.0,7.9,1688499.0,1833002.0
Delaware,2020.0,10.0,5.2,459340.0,484594.0
District of Columbia,2020.0,10.0,8.3,348492.0,379889.0
Florida,2020.0,10.0,6.9,9338631.0,10035807.0
Georgia,2020.0,10.0,5.6,4903658.0,5196008.0
Hawaii,2020.0,10.0,11.3,570566.0,643350.0
Idaho,2020.0,10.0,4.4,868329.0,908485.0
Illinois,2020.0,10.0,8.2,5755856.0,6269218.0
Indiana,2020.0,10.0,5.6,3159467.0,3347475.0
Iowa,2020.0,10.0,4.2,1572042.0,1641742.0
Kansas,2020.0,10.0,4.9,1433041.0,1507319.0
Kentucky,2020.0,10.0,4.8,1899849.0,1996073.0
Louisiana,2020.0,10.0,8.0,1888194.0,2051790.0
Maine,2020.0,10.0,3.8,640172.0,665217.0
Maryland,2020.0,10.0,6.7,2972935.0,3186354.0
Massachusetts,2020.0,10.0,8.4,3436699.0,3751342.0
Michigan,2020.0,10.0,7.7,4457849.0,4827190.0
Minnesota,2020.0,10.0,5.5,2960148.0,3131796.0
Mississippi,2020.0,10.0,6.7,1169459.0,1254061.0
Missouri,2020.0,10.0,5.4,2880144.0,3043738.0
Montana,2020.0,10.0,4.6,518974.0,544035.0
Nebraska,2020.0,10.0,3.1,1008168.0,1040181.0
Nevada,2020.0,10.0,11.1,1338950.0,1506544.0
New Hampshire,2020.0,10.0,5.3,718465.0,758439.0
New Jersey,2020.0,10.0,7.1,4229192.0,4552900.0
New Mexico,2020.0,10.0,8.4,853260.0,931255.0
New York,2020.0,10.0,9.2,8611651.0,9485291.0
North Carolina,2020.0,10.0,6.1,4546022.0,4841029.0
North Dakota,2020.0,10.0,4.8,389672.0,409345.0
Ohio,2020.0,10.0,6.7,5336809.0,5722806.0
Oklahoma,2020.0,10.0,5.5,1751641.0,1853406.0
Oregon,2020.0,10.0,6.8,1985228.0,2130210.0
Pennsylvania,2020.0,10.0,8.1,5984265.0,6512518.0
Rhode Island,2020.0,10.0,7.0,525504.0,565011.0
South Carolina,2020.0,10.0,5.3,2233386.0,2359161.0
South Dakota,2020.0,10.0,3.3,450706.0,465928.0
Tennessee,2020.0,10.0,6.3,3107601.0,3317329.0
Texas,2020.0,10.0,7.1,13076265.0,14074423.0
Utah,2020.0,10.0,4.0,1593689.0,1660656.0
Vermont,2020.0,10.0,4.3,316513.0,330863.0
Virginia,2020.0,10.0,5.9,4058763.0,4311352.0
Washington,2020.0,10.0,7.3,3569748.0,3852136.0
West Virginia,2020.0,10.0,7.0,718520.0,772320.0
Wisconsin,2020.0,10.0,5.2,2948993.0,3110418.0
Wyoming,2020.0,10.0,5.6,276350.0,292832.0
Alabama,2020.0,11.0,4.8,2157108.0,2266541.0
Alaska,2020.0,11.0,7.0,320599.0,344857.0
Arizona,2020.0,11.0,6.7,3268855.0,3503661.0
Arkansas,2020.0,11.0,5.1,1261840.0,1330332.0
California,2020.0,11.0,9.0,16965156.0,18645846.0
Colorado,2020.0,11.0,6.2,2897218.0,3090232.0
Connecticut,2020.0,11.0,7.5,1686974.0,1824599.0
Delaware,2020.0,11.0,5.4,461372.0,487625.0
District of Columbia,2020.0,11.0,8.0,348443.0,378702.0
Florida,2020.0,11.0,6.5,9409945.0,10059672.0
Georgia,2020.0,11.0,5.3,4909361.0,5186243.0
Hawaii,2020.0,11.0,10.5,586084.0,654968.0
Idaho,2020.0,11.0,4.2,872680.0,911332.0
Illinois,2020.0,11.0,7.8,5785874.0,6277798.0
Indiana,2020.0,11.0,5.2,3177280.0,3352631.0
Iowa,2020.0,11.0,4.2,1580313.0,1648907.0
Kansas,2020.0,11.0,4.6,1437617.0,1507506.0
Kentucky,2020.0,11.0,4.8,1904264.0,1999542.0
Louisiana,2020.0,11.0,7.6,1896644.0,2053144.0
Maine,2020.0,11.0,3.9,644396.0,670431.0
Maryland,2020.0,11.0,6.6,2973694.0,3183549.0
Massachusetts,2020.0,11.0,7.8,3455226.0,3747109.0
Michigan,2020.0,11.0,7.1,4462804.0,4805259.0
Minnesota,2020.0,11.0,5.1,2950419.0,3108516.0
Mississippi,2020.0,11.0,6.6,1173816.0,1256992.0
Missouri,2020.0,11.0,5.1,2883137.0,3037942.0
Montana,2020.0,11.0,4.3,520291.0,543842.0
Nebraska,2020.0,11.0,3.0,1008919.0,1039673.0
Nevada,2020.0,11.0,10.2,1353393.0,1507611.0
New Hampshire,2020.0,11.0,4.9,720943.0,757804.0
New Jersey,2020.0,11.0,7.2,4260768.0,4591781.0
New Mexico,2020.0,11.0,8.4,855323.0,933270.0
New York,2020.0,11.0,8.9,8655601.0,9505123.0
North Carolina,2020.0,11.0,5.9,4568785.0,4852892.0
North Dakota,2020.0,11.0,4.5,390047.0,408591.0
Ohio,2020.0,11.0,6.4,5361397.0,5729613.0
Oklahoma,2020.0,11.0,5.3,1757490.0,1856097.0
Oregon,2020.0,11.0,6.6,1993461.0,2133469.0
Pennsylvania,2020.0,11.0,7.8,5997760.0,6506621.0
Rhode Island,2020.0,11.0,7.0,528738.0,568673.0
South Carolina,2020.0,11.0,5.1,2241588.0,2361097.0
South Dakota,2020.0,11.0,3.1,451938.0,466415.0
Tennessee,2020.0,11.0,5.9,3128513.0,3324647.0
Texas,2020.0,11.0,7.0,13134468.0,14116639.0
Utah,2020.0,11.0,3.8,1601128.0,1664110.0
Vermont,2020.0,11.0,4.2,317021.0,330924.0
Virginia,2020.0,11.0,5.3,4074447.0,4303410.0
Washington,2020.0,11.0,6.9,3584338.0,3851200.0
West Virginia,2020.0,11.0,6.6,721045.0,772124.0
Wisconsin,2020.0,11.0,5.0,2959623.0,3114064.0
Wyoming,2020.0,11.0,5.5,276287.0,292321.0
Alabama,2020.0,12.0,4.5,2156403.0,2257916.0
Alaska,2020.0,12.0,7.1,321753.0,346296.0
Arizona,2020.0,12.0,6.5,3279114.0,3508888.0
Arkansas,2020.0,12.0,5.0,1262592.0,1329230.0
California,2020.0,12.0,9.0,17023645.0,18707388.0
Colorado,2020.0,12.0,6.4,2905711.0,3103640.0
Connecticut,2020.0,12.0,7.4,1684200.0,1819771.0
Delaware,2020.0,12.0,5.6,462360.0,489830.0
District of Columbia,2020.0,12.0,7.8,347900.0,377139.0
Florida,2020.0,12.0,6.2,9463508.0,10092467.0
Georgia,2020.0,12.0,5.1,4911818.0,5177787.0
Hawaii,2020.0,12.0,10.2,597876.0,665803.0
Idaho,2020.0,12.0,4.2,875590.0,914166.0
Illinois,2020.0,12.0,7.6,5807529.0,6287051.0
Indiana,2020.0,12.0,5.0,3184497.0,3352059.0
Iowa,2020.0,12.0,4.2,1585106.0,1654872.0
Kansas,2020.0,12.0,4.4,1439746.0,1506105.0
Kentucky,2020.0,12.0,4.7,1906458.0,2001059.0
Louisiana,2020.0,12.0,7.4,1902481.0,2053751.0
Maine,2020.0,12.0,4.2,647601.0,676110.0
Maryland,2020.0,12.0,6.6,2971601.0,3182892.0
Massachusetts,2020.0,12.0,7.4,3464922.0,3741382.0
Michigan,2020.0,12.0,6.9,4390823.0,4718476.0
Minnesota,2020.0,12.0,4.8,2937276.0,3086270.0
Mississippi,2020.0,12.0,6.5,1175885.0,1258110.0
Missouri,2020.0,12.0,5.0,2883451.0,3034882.0
Montana,2020.0,12.0,4.2,520895.0,543566.0
Nebraska,2020.0,12.0,3.0,1008589.0,1039419.0
Nevada,2020.0,12.0,9.6,1363371.0,1508616.0
New Hampshire,2020.0,12.0,4.6,721844.0,756815.0
New Jersey,2020.0,12.0,7.3,4279403.0,4616267.0
New Mexico,2020.0,12.0,8.4,856189.0,934977.0
New York,2020.0,12.0,8.7,8682308.0,9513387.0
North Carolina,2020.0,12.0,5.8,4581569.0,4865981.0
North Dakota,2020.0,12.0,4.4,390105.0,407910.0
Ohio,2020.0,12.0,6.3,5369561.0,5731408.0
Oklahoma,2020.0,12.0,5.2,1760434.0,1856855.0
Oregon,2020.0,12.0,6.5,1997815.0,2137370.0
Pennsylvania,2020.0,12.0,7.6,6000956.0,6492960.0
Rhode Island,2020.0,12.0,7.0,531015.0,570803.0
South Carolina,2020.0,12.0,4.9,2245612.0,2360982.0
South Dakota,2020.0,12.0,3.0,452639.0,466744.0
Tennessee,2020.0,12.0,5.6,3138133.0,3324856.0
Texas,2020.0,12.0,6.9,13167936.0,14146644.0
Utah,2020.0,12.0,3.6,1606240.0,1666498.0
Vermont,2020.0,12.0,4.3,317197.0,331368.0
Virginia,2020.0,12.0,5.0,4082306.0,4298543.0
Washington,2020.0,12.0,6.7,3593814.0,3853271.0
West Virginia,2020.0,12.0,6.4,722482.0,772058.0
Wisconsin,2020.0,12.0,4.8,2964936.0,3115844.0
Wyoming,2020.0,12.0,5.4,275919.0,291741.0
Alabama,2021.0,1.0,4.2,2161088.0,2254758.0
Alaska,2021.0,1.0,6.9,322832.0,346800.0
Arizona,2021.0,1.0,6.3,3275395.0,3497439.0
Arkansas,2021.0,1.0,4.9,1264193.0,1328918.0
California,2021.0,1.0,8.7,17127940.0,18763665.0
Colorado,2021.0,1.0,6.3,2909098.0,3104044.0
Connecticut,2021.0,1.0,7.2,1682634.0,1813308.0
Delaware,2021.0,1.0,5.8,464648.0,493127.0
District of Columbia,2021.0,1.0,7.3,350349.0,377955.0
Florida,2021.0,1.0,5.8,9519249.0,10105097.0
Georgia,2021.0,1.0,4.9,4937371.0,5189120.0
Hawaii,2021.0,1.0,9.5,609459.0,673312.0
Idaho,2021.0,1.0,4.1,875366.0,912959.0
Illinois,2021.0,1.0,7.2,5857911.0,6312351.0
Indiana,2021.0,1.0,4.7,3193284.0,3352456.0
Iowa,2021.0,1.0,4.1,1587582.0,1655861.0
Kansas,2021.0,1.0,4.1,1443095.0,1504372.0
Kentucky,2021.0,1.0,4.6,1911039.0,2003999.0
Louisiana,2021.0,1.0,7.0,1913478.0,2057542.0
Maine,2021.0,1.0,4.5,650971.0,682002.0
Maryland,2021.0,1.0,6.4,2979760.0,3183214.0
Massachusetts,2021.0,1.0,6.8,3480423.0,3732439.0
Michigan,2021.0,1.0,6.5,4464007.0,4772367.0
Minnesota,2021.0,1.0,4.6,2929629.0,3071240.0
Mississippi,2021.0,1.0,6.4,1180487.0,1261573.0
Missouri,2021.0,1.0,4.8,2889581.0,3035817.0
Montana,2021.0,1.0,4.0,520673.0,542440.0
Nebraska,2021.0,1.0,2.9,1011420.0,1041758.0
Nevada,2021.0,1.0,8.9,1369114.0,1503398.0
New Hampshire,2021.0,1.0,4.3,723066.0,755556.0
New Jersey,2021.0,1.0,7.4,4310263.0,4652771.0
New Mexico,2021.0,1.0,8.2,855145.0,931915.0
New York,2021.0,1.0,8.5,8749662.0,9564884.0
North Carolina,2021.0,1.0,5.6,4598477.0,4873184.0
North Dakota,2021.0,1.0,4.0,391112.0,407494.0
Ohio,2021.0,1.0,6.1,5387536.0,5737522.0
Oklahoma,2021.0,1.0,5.0,1768706.0,1862363.0
Oregon,2021.0,1.0,6.3,2000576.0,2135608.0
Pennsylvania,2021.0,1.0,7.4,6013908.0,6491480.0
Rhode Island,2021.0,1.0,6.6,535148.0,572702.0
South Carolina,2021.0,1.0,4.6,2252139.0,2361738.0
South Dakota,2021.0,1.0,2.8,452893.0,466000.0
Tennessee,2021.0,1.0,5.3,3154068.0,3332130.0
Texas,2021.0,1.0,6.8,13239022.0,14197617.0
Utah,2021.0,1.0,3.4,1612797.0,1669577.0
Vermont,2021.0,1.0,4.2,317542.0,331327.0
Virginia,2021.0,1.0,4.8,4092868.0,4299365.0
Washington,2021.0,1.0,6.4,3612765.0,3860829.0
West Virginia,2021.0,1.0,6.4,724222.0,773631.0
Wisconsin,2021.0,1.0,4.6,2963582.0,3106354.0
Wyoming,2021.0,1.0,5.3,274433.0,289924.0
Alabama,2021.0,2.0,3.9,2162443.0,2250796.0
Alaska,2021.0,2.0,6.9,323614.0,347748.0
Arizona,2021.0,2.0,6.2,3284769.0,3502838.0
Arkansas,2021.0,2.0,4.8,1265256.0,1328912.0
California,2021.0,2.0,8.6,17189698.0,18803302.0
Colorado,2021.0,2.0,6.3,2917188.0,3113725.0
Connecticut,2021.0,2.0,7.2,1680475.0,1810438.0
Delaware,2021.0,2.0,5.9,465395.0,494603.0
District of Columbia,2021.0,2.0,7.0,350080.0,376629.0
Florida,2021.0,2.0,5.5,9566838.0,10128243.0
Georgia,2021.0,2.0,4.6,4943080.0,5183984.0
Hawaii,2021.0,2.0,9.1,616420.0,678431.0
Idaho,2021.0,2.0,4.1,877734.0,915043.0
Illinois,2021.0,2.0,7.0,5875965.0,6319025.0
Indiana,2021.0,2.0,4.6,3194663.0,3348384.0
Iowa,2021.0,2.0,4.2,1589848.0,1660122.0
Kansas,2021.0,2.0,3.9,1444503.0,1502973.0
Kentucky,2021.0,2.0,4.6,1914183.0,2006284.0
Louisiana,2021.0,2.0,6.8,1918051.0,2057436.0
Maine,2021.0,2.0,4.8,653054.0,685895.0
Maryland,2021.0,2.0,6.2,2978326.0,3175990.0
Massachusetts,2021.0,2.0,6.4,3489627.0,3728472.0
Michigan,2021.0,2.0,6.3,4460024.0,4757958.0
Minnesota,2021.0,2.0,4.4,2921808.0,3055700.0
Mississippi,2021.0,2.0,6.3,1181408.0,1261262.0
Missouri,2021.0,2.0,4.8,2891261.0,3035720.0
Montana,2021.0,2.0,3.9,521517.0,542687.0
Nebraska,2021.0,2.0,2.9,1011759.0,1042254.0
Nevada,2021.0,2.0,8.5,1375158.0,1502587.0
New Hampshire,2021.0,2.0,4.1,723421.0,754645.0
New Jersey,2021.0,2.0,7.4,4318620.0,4661369.0
New Mexico,2021.0,2.0,8.2,856309.0,932772.0
New York,2021.0,2.0,8.3,8769235.0,9567436.0
North Carolina,2021.0,2.0,5.5,4604632.0,4873283.0
North Dakota,2021.0,2.0,3.9,391610.0,407360.0
Ohio,2021.0,2.0,6.0,5388331.0,5734668.0
Oklahoma,2021.0,2.0,4.9,1771267.0,1862689.0
Oregon,2021.0,2.0,6.2,2004862.0,2137529.0
Pennsylvania,2021.0,2.0,7.1,6016233.0,6475772.0
Rhode Island,2021.0,2.0,6.4,536976.0,573659.0
South Carolina,2021.0,2.0,4.5,2255948.0,2361276.0
South Dakota,2021.0,2.0,2.8,453528.0,466536.0
Tennessee,2021.0,2.0,5.2,3152033.0,3325920.0
Texas,2021.0,2.0,6.6,13274585.0,14215983.0
Utah,2021.0,2.0,3.3,1617345.0,1671868.0
Vermont,2021.0,2.0,4.2,318069.0,332053.0
Virginia,2021.0,2.0,4.7,4097631.0,4298762.0
Washington,2021.0,2.0,6.2,3624516.0,3863282.0
West Virginia,2021.0,2.0,6.1,725420.0,772789.0
Wisconsin,2021.0,2.0,4.5,2967108.0,3106137.0
Wyoming,2021.0,2.0,5.3,274174.0,289472.0
Alabama,2021.0,3.0,3.8,2164425.0,2249183.0
Alaska,2021.0,3.0,7.0,324395.0,348755.0
Arizona,2021.0,3.0,6.0,3296097.0,3507832.0
Arkansas,2021.0,3.0,4.7,1267617.0,1329997.0
California,2021.0,3.0,8.5,17270928.0,18871089.0
Colorado,2021.0,3.0,6.2,2927736.0,3121205.0
Connecticut,2021.0,3.0,7.1,1679759.0,1808904.0
Delaware,2021.0,3.0,6.0,466440.0,496123.0
District of Columbia,2021.0,3.0,7.0,350644.0,376956.0
Florida,2021.0,3.0,5.4,9622020.0,10168684.0
Georgia,2021.0,3.0,4.5,4953012.0,5184856.0
Hawaii,2021.0,3.0,8.4,622020.0,679258.0
Idaho,2021.0,3.0,4.0,880488.0,916954.0
Illinois,2021.0,3.0,6.8,5897858.0,6331308.0
Indiana,2021.0,3.0,4.5,3198232.0,3347419.0
Iowa,2021.0,3.0,4.3,1593696.0,1665807.0
Kansas,2021.0,3.0,3.8,1446298.0,1503063.0
Kentucky,2021.0,3.0,4.6,1918499.0,2010171.0
Louisiana,2021.0,3.0,6.6,1923931.0,2059407.0
Maine,2021.0,3.0,4.9,654873.0,688862.0
Maryland,2021.0,3.0,6.1,2981867.0,3175455.0
Massachusetts,2021.0,3.0,6.1,3502286.0,3730088.0
Michigan,2021.0,3.0,6.1,4460020.0,4752272.0
Minnesota,2021.0,3.0,4.2,2919615.0,3047382.0
Mississippi,2021.0,3.0,6.2,1183573.0,1262028.0
Missouri,2021.0,3.0,4.7,2894995.0,3037230.0
Montana,2021.0,3.0,3.8,522861.0,543399.0
Nebraska,2021.0,3.0,2.9,1012776.0,1043184.0
Nevada,2021.0,3.0,8.0,1381288.0,1501449.0
New Hampshire,2021.0,3.0,4.0,724081.0,754290.0
New Jersey,2021.0,3.0,7.3,4329549.0,4668964.0
New Mexico,2021.0,3.0,8.0,859059.0,933552.0
New York,2021.0,3.0,8.1,8797725.0,9572842.0
North Carolina,2021.0,3.0,5.4,4613408.0,4877348.0
North Dakota,2021.0,3.0,3.7,392506.0,407557.0
Ohio,2021.0,3.0,6.0,5394758.0,5737031.0
Oklahoma,2021.0,3.0,4.8,1775108.0,1864425.0
Oregon,2021.0,3.0,6.1,2010800.0,2141052.0
Pennsylvania,2021.0,3.0,6.8,6023369.0,6464392.0
Rhode Island,2021.0,3.0,6.2,538686.0,574588.0
South Carolina,2021.0,3.0,4.3,2261348.0,2363497.0
South Dakota,2021.0,3.0,2.8,454294.0,467282.0
Tennessee,2021.0,3.0,5.1,3152485.0,3322826.0
Texas,2021.0,3.0,6.4,13325633.0,14243338.0
Utah,2021.0,3.0,3.1,1622623.0,1674841.0
Vermont,2021.0,3.0,4.2,319098.0,333038.0
Virginia,2021.0,3.0,4.6,4107572.0,4303699.0
Washington,2021.0,3.0,5.9,3639543.0,3869081.0
West Virginia,2021.0,3.0,5.9,727204.0,772808.0
Wisconsin,2021.0,3.0,4.3,2972461.0,3107600.0
Wyoming,2021.0,3.0,5.2,274181.0,289167.0
Alabama,2021.0,4.0,3.7,2167136.0,2250078.0
Alaska,2021.0,4.0,7.0,325171.0,349654.0
Arizona,2021.0,4.0,5.8,3308575.0,3513511.0
Arkansas,2021.0,4.0,4.6,1270234.0,1330963.0
California,2021.0,4.0,8.4,17369582.0,18953854.0
Colorado,2021.0,4.0,6.2,2939545.0,3132850.0
Connecticut,2021.0,4.0,7.2,1680099.0,1809856.0
Delaware,2021.0,4.0,6.0,467569.0,497291.0
District of Columbia,2021.0,4.0,7.0,351794.0,378365.0
Florida,2021.0,4.0,5.2,9681495.0,10214011.0
Georgia,2021.0,4.0,4.3,4964913.0,5188316.0
Hawaii,2021.0,4.0,7.8,626731.0,679398.0
Idaho,2021.0,4.0,3.9,883464.0,919157.0
Illinois,2021.0,4.0,6.7,5920601.0,6348410.0
Indiana,2021.0,4.0,4.4,3202826.0,3348883.0
Iowa,2021.0,4.0,4.4,1598547.0,1672106.0
Kansas,2021.0,4.0,3.7,1448164.0,1504490.0
Kentucky,2021.0,4.0,4.6,1922414.0,2014190.0
Louisiana,2021.0,4.0,6.4,1930089.0,2062219.0
Maine,2021.0,4.0,5.1,656293.0,691417.0
Maryland,2021.0,4.0,5.9,2987782.0,3176342.0
Massachusetts,2021.0,4.0,5.9,3517072.0,3739270.0
Michigan,2021.0,4.0,6.1,4463260.0,4755581.0
Minnesota,2021.0,4.0,4.1,2921525.0,3045401.0
Mississippi,2021.0,4.0,6.1,1185594.0,1262478.0
Missouri,2021.0,4.0,4.6,2899271.0,3038838.0
Montana,2021.0,4.0,3.7,524394.0,544550.0
Nebraska,2021.0,4.0,2.9,1014157.0,1044318.0
Nevada,2021.0,4.0,7.7,1387263.0,1502277.0
New Hampshire,2021.0,4.0,3.9,724879.0,754456.0
New Jersey,2021.0,4.0,7.3,4341063.0,4680821.0
New Mexico,2021.0,4.0,7.9,863000.0,936838.0
New York,2021.0,4.0,7.9,8831174.0,9589109.0
North Carolina,2021.0,4.0,5.3,4623125.0,4881480.0
North Dakota,2021.0,4.0,3.5,393484.0,407844.0
Ohio,2021.0,4.0,5.9,5406127.0,5743370.0
Oklahoma,2021.0,4.0,4.7,1779524.0,1866672.0
Oregon,2021.0,4.0,5.9,2017324.0,2144236.0
Pennsylvania,2021.0,4.0,6.6,6033354.0,6458242.0
Rhode Island,2021.0,4.0,6.2,540170.0,576149.0
South Carolina,2021.0,4.0,4.2,2267526.0,2367230.0
South Dakota,2021.0,4.0,2.8,455087.0,468139.0
Tennessee,2021.0,4.0,5.0,3157183.0,3324691.0
Texas,2021.0,4.0,6.2,13387438.0,14278926.0
Utah,2021.0,4.0,3.0,1628238.0,1678934.0
Vermont,2021.0,4.0,4.1,320444.0,334034.0
Virginia,2021.0,4.0,4.4,4119739.0,4309375.0
Washington,2021.0,4.0,5.7,3656261.0,3877141.0
West Virginia,2021.0,4.0,5.7,729419.0,773290.0
Wisconsin,2021.0,4.0,4.2,2978811.0,3110624.0
Wyoming,2021.0,4.0,5.1,274325.0,288944.0
Alabama,2021.0,5.0,3.6,2168838.0,2249304.0
Alaska,2021.0,5.0,6.8,325980.0,349824.0
Arizona,2021.0,5.0,5.6,3321266.0,3516676.0
Arkansas,2021.0,5.0,4.4,1272862.0,1331155.0
California,2021.0,5.0,8.0,17471124.0,18991064.0
Colorado,2021.0,5.0,6.0,2951414.0,3138610.0
Connecticut,2021.0,5.0,7.0,1681321.0,1807480.0
Delaware,2021.0,5.0,5.9,468528.0,497769.0
District of Columbia,2021.0,5.0,7.1,353511.0,380360.0
Florida,2021.0,5.0,5.0,9742648.0,10257231.0
Georgia,2021.0,5.0,4.1,4977440.0,5192208.0
Hawaii,2021.0,5.0,6.9,630669.0,677084.0
Idaho,2021.0,5.0,3.7,886474.0,920988.0
Illinois,2021.0,5.0,6.6,5943476.0,6361175.0
Indiana,2021.0,5.0,4.2,3206897.0,3348536.0
Iowa,2021.0,5.0,4.4,1603980.0,1677258.0
Kansas,2021.0,5.0,3.7,1449887.0,1505598.0
Kentucky,2021.0,5.0,4.5,1925515.0,2017224.0
Louisiana,2021.0,5.0,6.2,1936344.0,2063262.0
Maine,2021.0,5.0,5.0,657369.0,691780.0
Maryland,2021.0,5.0,5.7,2995520.0,3176782.0
Massachusetts,2021.0,5.0,5.6,3531396.0,3742276.0
Michigan,2021.0,5.0,6.1,4469538.0,4760327.0
Minnesota,2021.0,5.0,3.9,2925194.0,3044678.0
Mississippi,2021.0,5.0,5.9,1188039.0,1262799.0
Missouri,2021.0,5.0,4.4,2903840.0,3038881.0
Montana,2021.0,5.0,3.6,525737.0,545336.0
Nebraska,2021.0,5.0,2.8,1015670.0,1045142.0
Nevada,2021.0,5.0,7.2,1392677.0,1501490.0
New Hampshire,2021.0,5.0,3.8,725579.0,753961.0
New Jersey,2021.0,5.0,7.0,4351396.0,4679443.0
New Mexico,2021.0,5.0,7.6,867325.0,938282.0
New York,2021.0,5.0,7.5,8866350.0,9583194.0
North Carolina,2021.0,5.0,5.1,4633224.0,4884699.0
North Dakota,2021.0,5.0,3.3,394400.0,407962.0
Ohio,2021.0,5.0,5.7,5419880.0,5746962.0
Oklahoma,2021.0,5.0,4.5,1784024.0,1868128.0
Oregon,2021.0,5.0,5.6,2023211.0,2143176.0
Pennsylvania,2021.0,5.0,6.3,6043258.0,6451234.0
Rhode Island,2021.0,5.0,6.1,541420.0,576302.0
South Carolina,2021.0,5.0,4.1,2273506.0,2370980.0
South Dakota,2021.0,5.0,2.8,455869.0,468820.0
Tennessee,2021.0,5.0,4.9,3166312.0,3328130.0
Texas,2021.0,5.0,6.0,13455098.0,14311166.0
Utah,2021.0,5.0,2.9,1633786.0,1682606.0
Vermont,2021.0,5.0,3.9,321860.0,334778.0
Virginia,2021.0,5.0,4.2,4132937.0,4314973.0
Washington,2021.0,5.0,5.5,3672348.0,3884280.0
West Virginia,2021.0,5.0,5.4,731781.0,773854.0
Wisconsin,2021.0,5.0,4.1,2985077.0,3112287.0
Wyoming,2021.0,5.0,4.9,274462.0,288550.0
Alabama,2021.0,6.0,3.5,2169496.0,2248031.0
Alaska,2021.0,6.0,6.8,326908.0,350742.0
Arizona,2021.0,6.0,5.3,3332965.0,3518507.0
Arkansas,2021.0,6.0,4.2,1275296.0,1331297.0
California,2021.0,6.0,7.9,17578053.0,19080789.0
Colorado,2021.0,6.0,5.9,2962591.0,3149104.0
Connecticut,2021.0,6.0,6.9,1703488.0,1829853.0
Delaware,2021.0,6.0,5.8,469068.0,497850.0
District of Columbia,2021.0,6.0,7.2,355491.0,383219.0
Florida,2021.0,6.0,5.0,9800355.0,10311274.0
Georgia,2021.0,6.0,4.0,4987812.0,5195572.0
Hawaii,2021.0,6.0,6.3,634105.0,676611.0
Idaho,2021.0,6.0,3.6,889298.0,922941.0
Illinois,2021.0,6.0,6.4,5964054.0,6374986.0
Indiana,2021.0,6.0,4.1,3208954.0,3346692.0
Iowa,2021.0,6.0,4.3,1609625.0,1681621.0
Kansas,2021.0,6.0,3.7,1451075.0,1506197.0
Kentucky,2021.0,6.0,4.6,1927735.0,2019820.0
Louisiana,2021.0,6.0,6.0,1941754.0,2065027.0
Maine,2021.0,6.0,5.0,658030.0,692938.0
Maryland,2021.0,6.0,5.6,3002478.0,3182015.0
Massachusetts,2021.0,6.0,5.5,3543377.0,3751275.0
Michigan,2021.0,6.0,6.1,4478242.0,4768845.0
Minnesota,2021.0,6.0,3.8,2928077.0,3044021.0
Mississippi,2021.0,6.0,5.7,1190487.0,1262657.0
Missouri,2021.0,6.0,4.3,2908724.0,3039152.0
Montana,2021.0,6.0,3.5,526752.0,545926.0
Nebraska,2021.0,6.0,2.8,1017011.0,1045858.0
Nevada,2021.0,6.0,6.9,1397452.0,1501611.0
New Hampshire,2021.0,6.0,3.7,725960.0,753510.0
New Jersey,2021.0,6.0,7.2,4359376.0,4698261.0
New Mexico,2021.0,6.0,7.5,871533.0,941863.0
New York,2021.0,6.0,7.5,8899470.0,9617457.0
North Carolina,2021.0,6.0,5.1,4668688.0,4917138.0
North Dakota,2021.0,6.0,3.1,395217.0,408053.0
Ohio,2021.0,6.0,5.5,5432152.0,5748415.0
Oklahoma,2021.0,6.0,4.3,1788010.0,1868537.0
Oregon,2021.0,6.0,5.4,2027527.0,2143109.0
Pennsylvania,2021.0,6.0,6.2,6050919.0,6447826.0
Rhode Island,2021.0,6.0,6.1,542482.0,577745.0
South Carolina,2021.0,6.0,4.0,2278154.0,2374071.0
South Dakota,2021.0,6.0,2.7,456558.0,469389.0
Tennessee,2021.0,6.0,4.7,3177000.0,3332995.0
Texas,2021.0,6.0,5.8,13521378.0,14361525.0
Utah,2021.0,6.0,2.8,1638785.0,1686163.0
Vermont,2021.0,6.0,3.6,323085.0,335242.0
Virginia,2021.0,6.0,4.0,4144646.0,4318583.0
Washington,2021.0,6.0,5.3,3687171.0,3893915.0
West Virginia,2021.0,6.0,5.2,733814.0,774399.0
Wisconsin,2021.0,6.0,4.0,2989415.0,3112515.0
Wyoming,2021.0,6.0,4.7,274506.0,288045.0
Alabama,2021.0,7.0,3.4,2171538.0,2246908.0
Alaska,2021.0,7.0,6.5,328044.0,350765.0
Arizona,2021.0,7.0,4.9,3343967.0,3517406.0
Arkansas,2021.0,7.0,4.0,1277663.0,1330286.0
California,2021.0,7.0,7.4,17668073.0,19078070.0
Colorado,2021.0,7.0,5.7,2973050.0,3151572.0
Connecticut,2021.0,7.0,6.6,1724867.0,1846097.0
Delaware,2021.0,7.0,5.6,469353.0,497009.0
District of Columbia,2021.0,7.0,7.1,357548.0,384754.0
Florida,2021.0,7.0,4.7,9854539.0,10339188.0
Georgia,2021.0,7.0,3.8,4995956.0,5194512.0
Hawaii,2021.0,7.0,5.4,636659.0,673093.0
Idaho,2021.0,7.0,3.5,892029.0,924589.0
Illinois,2021.0,7.0,6.2,5983426.0,6377404.0
Indiana,2021.0,7.0,3.9,3209806.0,3341023.0
Iowa,2021.0,7.0,4.1,1614354.0,1683176.0
Kansas,2021.0,7.0,3.5,1451842.0,1505001.0
Kentucky,2021.0,7.0,4.5,1930489.0,2022338.0
Louisiana,2021.0,7.0,5.6,1946148.0,2061289.0
Maine,2021.0,7.0,4.8,658464.0,691944.0
Maryland,2021.0,7.0,5.3,3008232.0,3176297.0
Massachusetts,2021.0,7.0,5.3,3553691.0,3750600.0
Michigan,2021.0,7.0,5.9,4490931.0,4773185.0
Minnesota,2021.0,7.0,3.6,2930699.0,3041503.0
Mississippi,2021.0,7.0,5.5,1192647.0,1261401.0
Missouri,2021.0,7.0,4.1,2912804.0,3037337.0
Montana,2021.0,7.0,3.4,527781.0,546283.0
Nebraska,2021.0,7.0,2.7,1018301.0,1046240.0
Nevada,2021.0,7.0,6.6,1401110.0,1499502.0
New Hampshire,2021.0,7.0,3.5,726288.0,752296.0
New Jersey,2021.0,7.0,6.9,4365323.0,4689232.0
New Mexico,2021.0,7.0,7.1,875326.0,942607.0
New York,2021.0,7.0,7.0,8927950.0,9603748.0
North Carolina,2021.0,7.0,4.9,4703754.0,4944212.0
North Dakota,2021.0,7.0,3.0,395949.0,408013.0
Ohio,2021.0,7.0,5.3,5442573.0,5744146.0
Oklahoma,2021.0,7.0,4.0,1791775.0,1866863.0
Oregon,2021.0,7.0,5.0,2030856.0,2138081.0
Pennsylvania,2021.0,7.0,5.9,6057734.0,6438156.0
Rhode Island,2021.0,7.0,5.9,543627.0,577421.0
South Carolina,2021.0,7.0,3.9,2281864.0,2374864.0
South Dakota,2021.0,7.0,2.6,457214.0,469658.0
Tennessee,2021.0,7.0,4.4,3187369.0,3335277.0
Texas,2021.0,7.0,5.6,13585264.0,14384130.0
Utah,2021.0,7.0,2.7,1643478.0,1688937.0
Vermont,2021.0,7.0,3.4,324005.0,335369.0
Virginia,2021.0,7.0,3.8,4155211.0,4318194.0
Washington,2021.0,7.0,5.1,3698904.0,3898468.0
West Virginia,2021.0,7.0,5.0,735512.0,774242.0
Wisconsin,2021.0,7.0,3.8,2991597.0,3108625.0
Wyoming,2021.0,7.0,4.5,274443.0,287357.0
Alabama,2021.0,8.0,3.2,2175210.0,2246919.0
Alaska,2021.0,8.0,6.3,329453.0,351481.0
Arizona,2021.0,8.0,4.6,3355109.0,3515955.0
Arkansas,2021.0,8.0,3.7,1280778.0,1330255.0
California,2021.0,8.0,7.0,17763807.0,19103848.0
Colorado,2021.0,8.0,5.4,2984531.0,3153883.0
Connecticut,2021.0,8.0,6.3,1747024.0,1863955.0
Delaware,2021.0,8.0,5.4,469729.0,496379.0
District of Columbia,2021.0,8.0,7.0,359479.0,386391.0
Florida,2021.0,8.0,4.5,9908436.0,10375230.0
Georgia,2021.0,8.0,3.6,5004816.0,5194295.0
Hawaii,2021.0,8.0,4.7,638967.0,670383.0
Idaho,2021.0,8.0,3.4,894868.0,926352.0
Illinois,2021.0,8.0,5.9,6007609.0,6382608.0
Indiana,2021.0,8.0,3.7,3211045.0,3335263.0
Iowa,2021.0,8.0,3.9,1618211.0,1683118.0
Kansas,2021.0,8.0,3.4,1452576.0,1503074.0
Kentucky,2021.0,8.0,4.5,1934998.0,2025839.0
Louisiana,2021.0,8.0,5.2,1950695.0,2058289.0
Maine,2021.0,8.0,4.7,659087.0,691536.0
Maryland,2021.0,8.0,5.0,3015789.0,3175701.0
Massachusetts,2021.0,8.0,5.0,3563706.0,3751424.0
Michigan,2021.0,8.0,5.7,4508792.0,4779014.0
Minnesota,2021.0,8.0,3.5,2935478.0,3041242.0
Mississippi,2021.0,8.0,5.1,1195714.0,1260453.0
Missouri,2021.0,8.0,3.9,2917447.0,3036177.0
Montana,2021.0,8.0,3.2,529150.0,546878.0
Nebraska,2021.0,8.0,2.6,1019741.0,1046772.0
Nevada,2021.0,8.0,6.2,1404675.0,1497530.0
New Hampshire,2021.0,8.0,3.3,726888.0,751317.0
New Jersey,2021.0,8.0,6.7,4372295.0,4688530.0
New Mexico,2021.0,8.0,6.8,879255.0,943521.0
New York,2021.0,8.0,6.8,8957817.0,9606711.0
North Carolina,2021.0,8.0,4.7,4741545.0,4975077.0
North Dakota,2021.0,8.0,2.8,396782.0,408207.0
Ohio,2021.0,8.0,5.0,5452797.0,5739198.0
Oklahoma,2021.0,8.0,3.7,1795987.0,1864938.0
Oregon,2021.0,8.0,4.7,2034697.0,2135742.0
Pennsylvania,2021.0,8.0,5.6,6066263.0,6427572.0
Rhode Island,2021.0,8.0,5.6,545021.0,577122.0
South Carolina,2021.0,8.0,3.8,2285592.0,2375315.0
South Dakota,2021.0,8.0,2.5,457942.0,469894.0
Tennessee,2021.0,8.0,4.2,3197064.0,3336208.0
Texas,2021.0,8.0,5.3,13648555.0,14416529.0
Utah,2021.0,8.0,2.6,1648370.0,1691883.0
Vermont,2021.0,8.0,3.2,324961.0,335614.0
Virginia,2021.0,8.0,3.5,4167201.0,4319842.0
Washington,2021.0,8.0,4.9,3710439.0,3902582.0
West Virginia,2021.0,8.0,4.8,737168.0,774100.0
Wisconsin,2021.0,8.0,3.6,2992406.0,3103236.0
Wyoming,2021.0,8.0,4.3,274435.0,286706.0
Alabama,2021.0,9.0,3.0,2181151.0,2249149.0
Alaska,2021.0,9.0,6.0,331063.0,352036.0
Arizona,2021.0,9.0,4.2,3366875.0,3515857.0
Arkansas,2021.0,9.0,3.5,1284980.0,1331489.0
California,2021.0,9.0,6.5,17852170.0,19092098.0
Colorado,2021.0,9.0,4.9,2997314.0,3151448.0
Connecticut,2021.0,9.0,5.9,1768745.0,1879673.0
Delaware,2021.0,9.0,5.1,470459.0,495781.0
District of Columbia,2021.0,9.0,6.6,360790.0,386448.0
Florida,2021.0,9.0,4.2,9962064.0,10396510.0
Georgia,2021.0,9.0,3.5,5014768.0,5195023.0
Hawaii,2021.0,9.0,3.9,640897.0,667070.0
Idaho,2021.0,9.0,3.3,898013.0,928315.0
Illinois,2021.0,9.0,5.5,6037088.0,6388352.0
Indiana,2021.0,9.0,3.5,3214613.0,3331176.0
Iowa,2021.0,9.0,3.6,1621101.0,1681460.0
Kansas,2021.0,9.0,3.1,1453700.0,1500841.0
Kentucky,2021.0,9.0,4.4,1941188.0,2030304.0
Louisiana,2021.0,9.0,4.8,1956173.0,2054982.0
Maine,2021.0,9.0,4.5,659776.0,690517.0
Maryland,2021.0,9.0,4.6,3023031.0,3167709.0
Massachusetts,2021.0,9.0,4.7,3574409.0,3750601.0
Michigan,2021.0,9.0,5.3,4530667.0,4785077.0
Minnesota,2021.0,9.0,3.3,2943111.0,3043247.0
Mississippi,2021.0,9.0,4.8,1199389.0,1260182.0
Missouri,2021.0,9.0,3.7,2921982.0,3034709.0
Montana,2021.0,9.0,3.1,531076.0,547950.0
Nebraska,2021.0,9.0,2.5,1021509.0,1047468.0
Nevada,2021.0,9.0,5.8,1408147.0,1495613.0
New Hampshire,2021.0,9.0,3.0,727870.0,750609.0
New Jersey,2021.0,9.0,6.2,4379930.0,4671240.0
New Mexico,2021.0,9.0,6.3,883094.0,942304.0
New York,2021.0,9.0,6.2,8991367.0,9586797.0
North Carolina,2021.0,9.0,4.5,4781795.0,5004911.0
North Dakota,2021.0,9.0,2.7,397721.0,408573.0
Ohio,2021.0,9.0,4.7,5463171.0,5733522.0
Oklahoma,2021.0,9.0,3.4,1801062.0,1863824.0
Oregon,2021.0,9.0,4.4,2040633.0,2134991.0
Pennsylvania,2021.0,9.0,5.3,6077929.0,6417348.0
Rhode Island,2021.0,9.0,5.1,546655.0,576047.0
South Carolina,2021.0,9.0,3.6,2290094.0,2376058.0
South Dakota,2021.0,9.0,2.4,458812.0,470121.0
Tennessee,2021.0,9.0,3.9,3206925.0,3337685.0
Texas,2021.0,9.0,5.0,13713664.0,14440570.0
Utah,2021.0,9.0,2.4,1653823.0,1695359.0
Vermont,2021.0,9.0,3.0,325873.0,335932.0
Virginia,2021.0,9.0,3.3,4179812.0,4322146.0
Washington,2021.0,9.0,4.7,3721695.0,3904576.0
West Virginia,2021.0,9.0,4.5,739009.0,774126.0
Wisconsin,2021.0,9.0,3.4,2993006.0,3097429.0
Wyoming,2021.0,9.0,4.1,274539.0,286184.0
Alabama,2021.0,10.0,2.9,2188309.0,2253319.0
Alaska,2021.0,10.0,5.8,332875.0,353242.0
Arizona,2021.0,10.0,4.0,3379730.0,3519583.0
Arkansas,2021.0,10.0,3.3,1290730.0,1335219.0
California,2021.0,10.0,6.1,17959504.0,19126570.0
Colorado,2021.0,10.0,4.6,3012139.0,3158247.0
Connecticut,2021.0,10.0,5.6,1791832.0,1898483.0
Delaware,2021.0,10.0,4.9,471734.0,496171.0
District of Columbia,2021.0,10.0,6.5,361829.0,386878.0
Florida,2021.0,10.0,4.0,10018782.0,10434373.0
Georgia,2021.0,10.0,3.3,5028978.0,5202386.0
Hawaii,2021.0,10.0,3.3,643042.0,664677.0
Idaho,2021.0,10.0,3.1,901759.0,930956.0
Illinois,2021.0,10.0,5.2,6074574.0,6406269.0
Indiana,2021.0,10.0,3.3,3222720.0,3332716.0
Iowa,2021.0,10.0,3.3,1625498.0,1681679.0
Kansas,2021.0,10.0,2.9,1455626.0,1499679.0
Kentucky,2021.0,10.0,4.3,1948762.0,2035880.0
Louisiana,2021.0,10.0,4.5,1963287.0,2055724.0
Maine,2021.0,10.0,4.3,660722.0,690328.0
Maryland,2021.0,10.0,4.2,3034542.0,3168988.0
Massachusetts,2021.0,10.0,4.4,3587407.0,3754363.0
Michigan,2021.0,10.0,5.0,4554764.0,4794381.0
Minnesota,2021.0,10.0,3.1,2953534.0,3048544.0
Mississippi,2021.0,10.0,4.5,1204237.0,1261514.0
Missouri,2021.0,10.0,3.5,2929836.0,3037212.0
Montana,2021.0,10.0,2.9,533699.0,549837.0
Nebraska,2021.0,10.0,2.4,1023798.0,1048684.0
Nevada,2021.0,10.0,5.6,1412400.0,1496069.0
New Hampshire,2021.0,10.0,2.8,729569.0,750771.0
New Jersey,2021.0,10.0,5.9,4390941.0,4668565.0
New Mexico,2021.0,10.0,6.0,887097.0,944038.0
New York,2021.0,10.0,5.9,9033245.0,9597109.0
North Carolina,2021.0,10.0,4.2,4826655.0,5040867.0
North Dakota,2021.0,10.0,2.5,399030.0,409405.0
Ohio,2021.0,10.0,4.5,5475611.0,5731713.0
Oklahoma,2021.0,10.0,3.1,1807353.0,1865311.0
Oregon,2021.0,10.0,4.2,2049118.0,2139295.0
Pennsylvania,2021.0,10.0,5.0,6093831.0,6412753.0
Rhode Island,2021.0,10.0,4.6,548604.0,575330.0
South Carolina,2021.0,10.0,3.5,2296043.0,2378927.0
South Dakota,2021.0,10.0,2.3,459873.0,470534.0
Tennessee,2021.0,10.0,3.7,3218307.0,3342417.0
Texas,2021.0,10.0,4.8,13783956.0,14485343.0
Utah,2021.0,10.0,2.4,1660199.0,1700256.0
Vermont,2021.0,10.0,2.8,327074.0,336617.0
Virginia,2021.0,10.0,3.1,4196584.0,4330225.0
Washington,2021.0,10.0,4.4,3735876.0,3909222.0
West Virginia,2021.0,10.0,4.3,741189.0,774897.0
Wisconsin,2021.0,10.0,3.2,2995093.0,3094180.0
Wyoming,2021.0,10.0,3.9,274879.0,285981.0
Alabama,2021.0,11.0,2.8,2196758.0,2259077.0
Alaska,2021.0,11.0,5.5,334545.0,354138.0
Arizona,2021.0,11.0,3.8,3392963.0,3526604.0
Arkansas,2021.0,11.0,3.2,1296945.0,1340071.0
California,2021.0,11.0,5.7,18059270.0,19146512.0
Colorado,2021.0,11.0,4.4,3027595.0,3166649.0
Connecticut,2021.0,11.0,5.3,1814836.0,1915922.0
Delaware,2021.0,11.0,4.8,473439.0,497135.0
District of Columbia,2021.0,11.0,6.3,362422.0,386810.0
Florida,2021.0,11.0,3.8,10075814.0,10473602.0
Georgia,2021.0,11.0,3.2,5044982.0,5213462.0
Hawaii,2021.0,11.0,3.2,644898.0,665873.0
Idaho,2021.0,11.0,3.0,905952.0,934031.0
Illinois,2021.0,11.0,4.9,6111532.0,6427458.0
Indiana,2021.0,11.0,3.1,3234827.0,3339486.0
Iowa,2021.0,11.0,3.1,1630359.0,1682858.0
Kansas,2021.0,11.0,2.8,1458161.0,1499529.0
Kentucky,2021.0,11.0,4.2,1956361.0,2041314.0
Louisiana,2021.0,11.0,4.2,1971086.0,2057673.0
Maine,2021.0,11.0,4.0,661713.0,689493.0
Maryland,2021.0,11.0,3.9,3045939.0,3169786.0
Massachusetts,2021.0,11.0,4.2,3601751.0,3757773.0
Michigan,2021.0,11.0,4.7,4578456.0,4805185.0
Minnesota,2021.0,11.0,2.9,2964682.0,3054164.0
Mississippi,2021.0,11.0,4.3,1208873.0,1263269.0
Missouri,2021.0,11.0,3.4,2937752.0,3039775.0
Montana,2021.0,11.0,2.8,536748.0,552267.0
Nebraska,2021.0,11.0,2.3,1026416.0,1050178.0
Nevada,2021.0,11.0,5.4,1416711.0,1497617.0
New Hampshire,2021.0,11.0,2.6,731889.0,751664.0
New Jersey,2021.0,11.0,5.6,4403061.0,4664712.0
New Mexico,2021.0,11.0,5.8,890871.0,945892.0
New York,2021.0,11.0,5.5,9077094.0,9608605.0
North Carolina,2021.0,11.0,4.0,4873013.0,5078281.0
North Dakota,2021.0,11.0,2.4,400384.0,410325.0
Ohio,2021.0,11.0,4.3,5488012.0,5732071.0
Oklahoma,2021.0,11.0,2.9,1814367.0,1869284.0
Oregon,2021.0,11.0,4.0,2058833.0,2145309.0
Pennsylvania,2021.0,11.0,4.7,6113266.0,6414162.0
Rhode Island,2021.0,11.0,4.1,550644.0,574426.0
South Carolina,2021.0,11.0,3.4,2303318.0,2383725.0
South Dakota,2021.0,11.0,2.1,461022.0,471048.0
Tennessee,2021.0,11.0,3.5,3231246.0,3349927.0
Texas,2021.0,11.0,4.6,13856524.0,14526003.0
Utah,2021.0,11.0,2.3,1667218.0,1706237.0
Vermont,2021.0,11.0,2.7,328324.0,337371.0
Virginia,2021.0,11.0,2.9,4214899.0,4341173.0
Washington,2021.0,11.0,4.2,3749986.0,3914388.0
West Virginia,2021.0,11.0,4.2,743539.0,776175.0
Wisconsin,2021.0,11.0,3.1,2998515.0,3093411.0
Wyoming,2021.0,11.0,3.7,275343.0,285992.0
Alabama,2021.0,12.0,2.7,2204027.0,2264526.0
Alaska,2021.0,12.0,5.4,335929.0,355212.0
Arizona,2021.0,12.0,3.7,3405985.0,3536177.0
Arkansas,2021.0,12.0,3.2,1303153.0,1345730.0
California,2021.0,12.0,5.4,18165617.0,19209716.0
Colorado,2021.0,12.0,4.2,3042844.0,3175552.0
Connecticut,2021.0,12.0,5.0,1837803.0,1935259.0
Delaware,2021.0,12.0,4.6,475341.0,498328.0
District of Columbia,2021.0,12.0,6.1,362795.0,386209.0
Florida,2021.0,12.0,3.6,10131981.0,10509204.0
Georgia,2021.0,12.0,3.2,5061773.0,5226600.0
Hawaii,2021.0,12.0,3.1,646815.0,667540.0
Idaho,2021.0,12.0,2.9,910280.0,937327.0
Illinois,2021.0,12.0,4.8,6144153.0,6452871.0
Indiana,2021.0,12.0,3.0,3249396.0,3350466.0
Iowa,2021.0,12.0,2.9,1636159.0,1685832.0
Kansas,2021.0,12.0,2.6,1461103.0,1500813.0
Kentucky,2021.0,12.0,4.1,1962729.0,2045975.0
Louisiana,2021.0,12.0,4.0,1979310.0,2061890.0
Maine,2021.0,12.0,3.8,662868.0,689338.0
Maryland,2021.0,12.0,3.5,3057047.0,3168569.0
Massachusetts,2021.0,12.0,3.9,3615634.0,3763439.0
Michigan,2021.0,12.0,4.5,4600438.0,4818651.0
Minnesota,2021.0,12.0,2.8,2975139.0,3059365.0
Mississippi,2021.0,12.0,4.1,1213167.0,1265422.0
Missouri,2021.0,12.0,3.2,2946138.0,3042855.0
Montana,2021.0,12.0,2.7,539829.0,554917.0
Nebraska,2021.0,12.0,2.2,1029087.0,1051875.0
Nevada,2021.0,12.0,5.3,1421287.0,1500482.0
New Hampshire,2021.0,12.0,2.5,734612.0,753305.0
New Jersey,2021.0,12.0,5.5,4416179.0,4674910.0
New Mexico,2021.0,12.0,5.6,894638.0,947946.0
New York,2021.0,12.0,5.4,9120733.0,9643606.0
North Carolina,2021.0,12.0,3.8,4919430.0,5115944.0
North Dakota,2021.0,12.0,2.3,401677.0,411287.0
Ohio,2021.0,12.0,4.1,5501305.0,5736256.0
Oklahoma,2021.0,12.0,2.9,1821571.0,1875201.0
Oregon,2021.0,12.0,4.0,2068461.0,2153759.0
Pennsylvania,2021.0,12.0,4.5,6136005.0,6423500.0
Rhode Island,2021.0,12.0,3.7,552608.0,574102.0
South Carolina,2021.0,12.0,3.3,2311595.0,2390340.0
South Dakota,2021.0,12.0,2.0,462155.0,471688.0
Tennessee,2021.0,12.0,3.4,3245644.0,3361315.0
Texas,2021.0,12.0,4.5,13928216.0,14577227.0
Utah,2021.0,12.0,2.2,1674470.0,1712963.0
Vermont,2021.0,12.0,2.5,329642.0,338215.0
Virginia,2021.0,12.0,2.8,4234618.0,4355333.0
Washington,2021.0,12.0,4.0,3764713.0,3922918.0
West Virginia,2021.0,12.0,4.1,745972.0,777822.0
Wisconsin,2021.0,12.0,3.0,3002448.0,3094716.0
Wyoming,2021.0,12.0,3.6,275890.0,286176.0
Alabama,2022.0,1.0,2.6,2210218.0,2269549.0
Alaska,2022.0,1.0,5.3,337034.0,355795.0
Arizona,2022.0,1.0,3.6,3418215.0,3547509.0
Arkansas,2022.0,1.0,3.2,1308571.0,1351383.0
California,2022.0,1.0,5.2,18256382.0,19254374.0
Colorado,2022.0,1.0,4.0,3056696.0,3183120.0
Connecticut,2022.0,1.0,4.8,1860259.0,1953858.0
Delaware,2022.0,1.0,4.5,477118.0,499825.0
District of Columbia,2022.0,1.0,5.9,366127.0,389138.0
Florida,2022.0,1.0,3.5,10185464.0,10558488.0
Georgia,2022.0,1.0,3.1,5077548.0,5240515.0
Hawaii,2022.0,1.0,3.1,648511.0,669400.0
Idaho,2022.0,1.0,2.8,914410.0,940771.0
Illinois,2022.0,1.0,4.7,6168320.0,6474832.0
Indiana,2022.0,1.0,3.0,3263474.0,3362806.0
Iowa,2022.0,1.0,2.8,1642220.0,1689683.0
Kansas,2022.0,1.0,2.6,1464131.0,1503162.0
Kentucky,2022.0,1.0,4.0,1967155.0,2049306.0
Louisiana,2022.0,1.0,3.9,1987117.0,2068669.0
Maine,2022.0,1.0,3.6,664080.0,688985.0
Maryland,2022.0,1.0,3.5,3065770.0,3176774.0
Massachusetts,2022.0,1.0,3.8,3627525.0,3772725.0
Michigan,2022.0,1.0,4.4,4619746.0,4834211.0
Minnesota,2022.0,1.0,2.6,2985532.0,3064825.0
Mississippi,2022.0,1.0,4.0,1216271.0,1267029.0
Missouri,2022.0,1.0,3.0,2953591.0,3044464.0
Montana,2022.0,1.0,2.7,542446.0,557375.0
Nebraska,2022.0,1.0,2.1,1031478.0,1053514.0
Nevada,2022.0,1.0,5.2,1432903.0,1511821.0
New Hampshire,2022.0,1.0,2.4,737430.0,755481.0
New Jersey,2022.0,1.0,5.2,4452878.0,4697367.0
New Mexico,2022.0,1.0,5.4,898026.0,949647.0
New York,2022.0,1.0,5.2,9160745.0,9660517.0
North Carolina,2022.0,1.0,3.7,4963886.0,5156083.0
North Dakota,2022.0,1.0,2.3,402729.0,412080.0
Ohio,2022.0,1.0,4.0,5514878.0,5743840.0
Oklahoma,2022.0,1.0,2.9,1828179.0,1881995.0
Oregon,2022.0,1.0,3.9,2076167.0,2160609.0
Pennsylvania,2022.0,1.0,4.3,6159947.0,6439522.0
Rhode Island,2022.0,1.0,3.5,554428.0,574680.0
South Carolina,2022.0,1.0,3.3,2320129.0,2398479.0
South Dakota,2022.0,1.0,1.9,463199.0,472375.0
Tennessee,2022.0,1.0,3.4,3260281.0,3374695.0
Texas,2022.0,1.0,4.3,13996008.0,14629668.0
Utah,2022.0,1.0,2.2,1681534.0,1720180.0
Vermont,2022.0,1.0,2.4,330838.0,339019.0
Virginia,2022.0,1.0,2.7,4253798.0,4371563.0
Washington,2022.0,1.0,4.0,3778151.0,3933727.0
West Virginia,2022.0,1.0,4.0,748334.0,779860.0
Wisconsin,2022.0,1.0,2.9,3005958.0,3096977.0
Wyoming,2022.0,1.0,3.5,277286.0,287331.0
Alabama,2022.0,2.0,2.6,2215002.0,2273555.0
Alaska,2022.0,2.0,5.0,337853.0,355536.0
Arizona,2022.0,2.0,3.6,3429114.0,3558566.0
Arkansas,2022.0,2.0,3.2,1313026.0,1356010.0
California,2022.0,2.0,4.8,18330864.0,19255349.0
Colorado,2022.0,2.0,3.6,3068324.0,3184161.0
Connecticut,2022.0,2.0,4.5,1861183.0,1949883.0
Delaware,2022.0,2.0,4.4,478482.0,500546.0
District of Columbia,2022.0,2.0,5.5,369239.0,390752.0
Florida,2022.0,2.0,3.3,10235425.0,10589342.0
Georgia,2022.0,2.0,3.1,5091323.0,5252498.0
Hawaii,2022.0,2.0,3.2,650040.0,671206.0
Idaho,2022.0,2.0,2.7,918011.0,943930.0
Illinois,2022.0,2.0,4.7,6183872.0,6487111.0
Indiana,2022.0,2.0,2.9,3274895.0,3373518.0
Iowa,2022.0,2.0,2.7,1647876.0,1693512.0
Kansas,2022.0,2.0,2.6,1466872.0,1505801.0
Kentucky,2022.0,2.0,4.0,1969512.0,2050851.0
Louisiana,2022.0,2.0,3.8,1993882.0,2073273.0
Maine,2022.0,2.0,3.3,665237.0,687931.0
Maryland,2022.0,2.0,3.3,3072458.0,3177003.0
Massachusetts,2022.0,2.0,3.7,3636868.0,3777769.0
Michigan,2022.0,2.0,4.4,4635693.0,4847668.0
Minnesota,2022.0,2.0,2.4,2992632.0,3067292.0
Mississippi,2022.0,2.0,3.9,1218216.0,1267850.0
Missouri,2022.0,2.0,2.8,2960430.0,3044868.0
Montana,2022.0,2.0,2.7,544303.0,559198.0
Nebraska,2022.0,2.0,2.0,1033322.0,1054848.0
Nevada,2022.0,2.0,5.2,1443954.0,1522946.0
New Hampshire,2022.0,2.0,2.3,740042.0,757651.0
New Jersey,2022.0,2.0,4.7,4487500.0,4709911.0
New Mexico,2022.0,2.0,5.1,900809.0,948925.0
New York,2022.0,2.0,4.8,9195716.0,9661992.0
North Carolina,2022.0,2.0,3.6,4977770.0,5165612.0
North Dakota,2022.0,2.0,2.2,403528.0,412602.0
Ohio,2022.0,2.0,3.9,5527339.0,5751648.0
Oklahoma,2022.0,2.0,2.9,1833651.0,1887969.0
Oregon,2022.0,2.0,3.8,2080751.0,2163086.0
Pennsylvania,2022.0,2.0,4.3,6181916.0,6457369.0
Rhode Island,2022.0,2.0,3.3,556075.0,575080.0
South Carolina,2022.0,2.0,3.2,2327978.0,2405966.0
South Dakota,2022.0,2.0,1.9,464110.0,473032.0
Tennessee,2022.0,2.0,3.4,3272796.0,3386646.0
Texas,2022.0,2.0,4.1,14057705.0,14662350.0
Utah,2022.0,2.0,2.3,1687985.0,1727023.0
Vermont,2022.0,2.0,2.3,331971.0,339856.0
Virginia,2022.0,2.0,2.6,4271194.0,4386806.0
Washington,2022.0,2.0,3.9,3790209.0,3944953.0
West Virginia,2022.0,2.0,4.0,750275.0,781583.0
Wisconsin,2022.0,2.0,2.9,3007971.0,3097957.0
Wyoming,2022.0,2.0,3.4,278536.0,288412.0
Alabama,2022.0,3.0,2.6,2218340.0,2276562.0
Alaska,2022.0,3.0,4.7,338399.0,355094.0
Arizona,2022.0,3.0,3.7,3438141.0,3568534.0
Arkansas,2022.0,3.0,3.2,1316103.0,1359248.0
California,2022.0,3.0,4.5,18387919.0,19249837.0
Colorado,2022.0,3.0,3.3,3076988.0,3182622.0
Connecticut,2022.0,3.0,4.3,1860744.0,1945258.0
Delaware,2022.0,3.0,4.3,479286.0,500895.0
District of Columbia,2022.0,3.0,5.2,372063.0,392327.0
Florida,2022.0,3.0,3.2,10280325.0,10619534.0
Georgia,2022.0,3.0,3.0,5101056.0,5261206.0
Hawaii,2022.0,3.0,3.2,651383.0,672937.0
Idaho,2022.0,3.0,2.7,920782.0,946565.0
Illinois,2022.0,3.0,4.6,6192027.0,6492868.0
Indiana,2022.0,3.0,2.9,3282915.0,3382079.0
Iowa,2022.0,3.0,2.6,1651750.0,1696260.0
Kansas,2022.0,3.0,2.6,1468788.0,1508115.0
Kentucky,2022.0,3.0,4.0,1969956.0,2051037.0
Louisiana,2022.0,3.0,3.7,1998304.0,2075753.0
Maine,2022.0,3.0,3.0,666016.0,686739.0
Maryland,2022.0,3.0,3.2,3075981.0,3176515.0
Massachusetts,2022.0,3.0,3.6,3643166.0,3780330.0
Michigan,2022.0,3.0,4.3,4647748.0,4857310.0
Minnesota,2022.0,3.0,2.3,2996188.0,3067197.0
Mississippi,2022.0,3.0,3.8,1218999.0,1267672.0
Missouri,2022.0,3.0,2.6,2965874.0,3044563.0
Montana,2022.0,3.0,2.7,545391.0,560358.0
Nebraska,2022.0,3.0,2.0,1034422.0,1055798.0
Nevada,2022.0,3.0,5.2,1454199.0,1533485.0
New Hampshire,2022.0,3.0,2.3,742123.0,759511.0
New Jersey,2022.0,3.0,4.3,4518518.0,4723290.0
New Mexico,2022.0,3.0,4.7,902901.0,947237.0
New York,2022.0,3.0,4.6,9223128.0,9665260.0
North Carolina,2022.0,3.0,3.6,4987806.0,5173810.0
North Dakota,2022.0,3.0,2.1,404034.0,412844.0
Ohio,2022.0,3.0,3.9,5536161.0,5758056.0
Oklahoma,2022.0,3.0,2.9,1837671.0,1892576.0
Oregon,2022.0,3.0,3.7,2082236.0,2163284.0
Pennsylvania,2022.0,3.0,4.2,6198454.0,6472892.0
Rhode Island,2022.0,3.0,3.2,557450.0,575588.0
South Carolina,2022.0,3.0,3.2,2334115.0,2411599.0
South Dakota,2022.0,3.0,1.9,464803.0,473610.0
Tennessee,2022.0,3.0,3.3,3280446.0,3394047.0
Texas,2022.0,3.0,4.0,14109588.0,14690159.0
Utah,2022.0,3.0,2.3,1693398.0,1732912.0
Vermont,2022.0,3.0,2.3,332911.0,340628.0
Virginia,2022.0,3.0,2.6,4284557.0,4398701.0
Washington,2022.0,3.0,3.9,3800264.0,3955453.0
West Virginia,2022.0,3.0,4.0,751418.0,782655.0
Wisconsin,2022.0,3.0,2.9,3007775.0,3096865.0
Wyoming,2022.0,3.0,3.4,279584.0,289367.0
Alabama,2022.0,4.0,2.6,2220158.0,2278366.0
Alaska,2022.0,4.0,4.5,338740.0,354780.0
Arizona,2022.0,4.0,3.7,3445556.0,3577180.0
Arkansas,2022.0,4.0,3.2,1318223.0,1361554.0
California,2022.0,4.0,4.3,18440847.0,19265425.0
Colorado,2022.0,4.0,3.1,3083100.0,3183152.0
Connecticut,2022.0,4.0,4.2,1858807.0,1941211.0
Delaware,2022.0,4.0,4.2,479605.0,500857.0
District of Columbia,2022.0,4.0,4.9,374780.0,393953.0
Florida,2022.0,4.0,3.1,10321798.0,10648887.0
Georgia,2022.0,4.0,3.0,5107491.0,5267209.0
Hawaii,2022.0,4.0,3.3,652779.0,674714.0
Idaho,2022.0,4.0,2.7,922759.0,948704.0
Illinois,2022.0,4.0,4.6,6196587.0,6495594.0
Indiana,2022.0,4.0,3.0,3288383.0,3388590.0
Iowa,2022.0,4.0,2.6,1653891.0,1698142.0
Kansas,2022.0,4.0,2.6,1469710.0,1509698.0
Kentucky,2022.0,4.0,4.0,1969475.0,2050755.0
Louisiana,2022.0,4.0,3.7,2000430.0,2077081.0
Maine,2022.0,4.0,2.9,666394.0,686097.0
Maryland,2022.0,4.0,3.1,3079715.0,3177623.0
Massachusetts,2022.0,4.0,3.6,3647177.0,3784185.0
Michigan,2022.0,4.0,4.2,4656602.0,4862590.0
Minnesota,2022.0,4.0,2.2,2997907.0,3066466.0
Mississippi,2022.0,4.0,3.8,1219158.0,1266921.0
Missouri,2022.0,4.0,2.4,2970352.0,3044673.0
Montana,2022.0,4.0,2.7,546027.0,561134.0
Nebraska,2022.0,4.0,2.0,1034827.0,1056395.0
Nevada,2022.0,4.0,5.2,1463912.0,1543627.0
New Hampshire,2022.0,4.0,2.3,743603.0,761013.0
New Jersey,2022.0,4.0,4.1,4547735.0,4742255.0
New Mexico,2022.0,4.0,4.4,904800.0,946692.0
New York,2022.0,4.0,4.5,9245244.0,9676884.0
North Carolina,2022.0,4.0,3.6,4995004.0,5181154.0
North Dakota,2022.0,4.0,2.1,404313.0,412896.0
Ohio,2022.0,4.0,3.8,5541951.0,5763749.0
Oklahoma,2022.0,4.0,2.9,1840324.0,1895881.0
Oregon,2022.0,4.0,3.8,2081915.0,2163269.0
Pennsylvania,2022.0,4.0,4.2,6209259.0,6484052.0
Rhode Island,2022.0,4.0,3.1,558478.0,576475.0
South Carolina,2022.0,4.0,3.2,2338478.0,2415245.0
South Dakota,2022.0,4.0,1.9,465238.0,474045.0
Tennessee,2022.0,4.0,3.3,3283306.0,3396491.0
Texas,2022.0,4.0,3.9,14151580.0,14723318.0
Utah,2022.0,4.0,2.3,1697843.0,1737834.0
Vermont,2022.0,4.0,2.2,333742.0,341413.0
Virginia,2022.0,4.0,2.6,4295350.0,4408389.0
Washington,2022.0,4.0,3.9,3809062.0,3965087.0
West Virginia,2022.0,4.0,4.0,751737.0,782923.0
Wisconsin,2022.0,4.0,2.9,3005874.0,3094099.0
Wyoming,2022.0,4.0,3.4,280487.0,290260.0
Alabama,2022.0,5.0,2.6,2221473.0,2279789.0
Alaska,2022.0,5.0,4.4,338899.0,354346.0
Arizona,2022.0,5.0,3.7,3451645.0,3584524.0
Arkansas,2022.0,5.0,3.2,1319375.0,1362848.0
California,2022.0,5.0,4.1,18464781.0,19259838.0
Colorado,2022.0,5.0,3.0,3086699.0,3182793.0
Connecticut,2022.0,5.0,4.1,1855360.0,1935533.0
Delaware,2022.0,5.0,4.2,479633.0,500638.0
District of Columbia,2022.0,5.0,4.6,377162.0,395507.0
Florida,2022.0,5.0,3.0,10359283.0,10678789.0
Georgia,2022.0,5.0,3.0,5109707.0,5269761.0
Hawaii,2022.0,5.0,3.3,653848.0,676027.0
Idaho,2022.0,5.0,2.8,924059.0,950401.0
Illinois,2022.0,5.0,4.6,6196662.0,6493141.0
Indiana,2022.0,5.0,3.0,3291826.0,3393023.0
Iowa,2022.0,5.0,2.6,1654298.0,1699221.0
Kansas,2022.0,5.0,2.7,1469785.0,1510505.0
Kentucky,2022.0,5.0,4.0,1968748.0,2050381.0
Louisiana,2022.0,5.0,3.7,2000432.0,2076524.0
Maine,2022.0,5.0,2.8,666233.0,685157.0
Maryland,2022.0,5.0,3.1,3081126.0,3178650.0
Massachusetts,2022.0,5.0,3.6,3649671.0,3786850.0
Michigan,2022.0,5.0,4.1,4662454.0,4863799.0
Minnesota,2022.0,5.0,2.2,2999108.0,3066609.0
Mississippi,2022.0,5.0,3.7,1218401.0,1265421.0
Missouri,2022.0,5.0,2.4,2972665.0,3044533.0
Montana,2022.0,5.0,2.7,546518.0,561786.0
Nebraska,2022.0,5.0,2.1,1034677.0,1056723.0
Nevada,2022.0,5.0,5.2,1472812.0,1552977.0
New Hampshire,2022.0,5.0,2.3,744473.0,762105.0
New Jersey,2022.0,5.0,3.8,4575022.0,4756383.0
New Mexico,2022.0,5.0,4.2,906410.0,946212.0
New York,2022.0,5.0,4.3,9261586.0,9678221.0
North Carolina,2022.0,5.0,3.6,5000217.0,5188118.0
North Dakota,2022.0,5.0,2.0,404335.0,412767.0
Ohio,2022.0,5.0,3.9,5544259.0,5768071.0
Oklahoma,2022.0,5.0,3.0,1841849.0,1898185.0
Oregon,2022.0,5.0,3.8,2080864.0,2163194.0
Pennsylvania,2022.0,5.0,4.2,6215899.0,6490041.0
Rhode Island,2022.0,5.0,3.1,559032.0,577200.0
South Carolina,2022.0,5.0,3.2,2341478.0,2417832.0
South Dakota,2022.0,5.0,1.9,465414.0,474303.0
Tennessee,2022.0,5.0,3.3,3282511.0,3395065.0
Texas,2022.0,5.0,3.8,14184497.0,14752430.0
Utah,2022.0,5.0,2.3,1701510.0,1741971.0
Vermont,2022.0,5.0,2.3,334238.0,341967.0
Virginia,2022.0,5.0,2.5,4302908.0,4415209.0
Washington,2022.0,5.0,3.9,3814157.0,3970848.0
West Virginia,2022.0,5.0,4.0,751417.0,782471.0
Wisconsin,2022.0,5.0,2.8,3003097.0,3090583.0
Wyoming,2022.0,5.0,3.4,281257.0,291101.0
Alabama,2022.0,6.0,2.6,2221484.0,2279928.0
Alaska,2022.0,6.0,4.2,338891.0,353825.0
Arizona,2022.0,6.0,3.7,3456304.0,3590702.0
Arkansas,2022.0,6.0,3.2,1320073.0,1363699.0
California,2022.0,6.0,4.0,18487889.0,19261014.0
Colorado,2022.0,6.0,2.9,3088304.0,3179813.0
Connecticut,2022.0,6.0,4.0,1850601.0,1928164.0
Delaware,2022.0,6.0,4.2,479528.0,500323.0
District of Columbia,2022.0,6.0,4.4,379084.0,396633.0
Florida,2022.0,6.0,2.9,10391817.0,10705386.0
Georgia,2022.0,6.0,3.1,5109775.0,5271088.0
Hawaii,2022.0,6.0,3.3,654992.0,677302.0
Idaho,2022.0,6.0,2.8,924765.0,951660.0
Illinois,2022.0,6.0,4.5,6194890.0,6488543.0
Indiana,2022.0,6.0,3.0,3293009.0,3395306.0
Iowa,2022.0,6.0,2.7,1653932.0,1700296.0
Kansas,2022.0,6.0,2.7,1469208.0,1510650.0
Kentucky,2022.0,6.0,4.0,1967496.0,2049623.0
Louisiana,2022.0,6.0,3.6,1999214.0,2074632.0
Maine,2022.0,6.0,2.7,665628.0,683924.0
Maryland,2022.0,6.0,3.1,3082647.0,3179879.0
Massachusetts,2022.0,6.0,3.6,3650394.0,3787614.0
Michigan,2022.0,6.0,4.1,4665080.0,4862146.0
Minnesota,2022.0,6.0,2.2,2999715.0,3067508.0
Mississippi,2022.0,6.0,3.7,1217103.0,1263739.0
Missouri,2022.0,6.0,2.4,2974371.0,3046111.0
Montana,2022.0,6.0,2.7,546940.0,562300.0
Nebraska,2022.0,6.0,2.1,1034091.0,1056791.0
Nevada,2022.0,6.0,5.2,1481179.0,1561848.0
New Hampshire,2022.0,6.0,2.4,744637.0,762686.0
New Jersey,2022.0,6.0,3.6,4601191.0,4772837.0
New Mexico,2022.0,6.0,3.9,907857.0,945059.0
New York,2022.0,6.0,4.2,9275015.0,9680247.0
North Carolina,2022.0,6.0,3.7,5002915.0,5193323.0
North Dakota,2022.0,6.0,2.0,404258.0,412643.0
Ohio,2022.0,6.0,3.9,5543132.0,5770525.0
Oklahoma,2022.0,6.0,3.0,1842631.0,1899903.0
Oregon,2022.0,6.0,3.9,2079108.0,2163012.0
Pennsylvania,2022.0,6.0,4.2,6218599.0,6490585.0
Rhode Island,2022.0,6.0,3.2,559042.0,577589.0
South Carolina,2022.0,6.0,3.2,2343506.0,2419967.0
South Dakota,2022.0,6.0,1.9,465357.0,474367.0
Tennessee,2022.0,6.0,3.3,3278727.0,3390967.0
Texas,2022.0,6.0,3.8,14208689.0,14773129.0
Utah,2022.0,6.0,2.3,1704397.0,1745362.0
Vermont,2022.0,6.0,2.3,334523.0,342381.0
Virginia,2022.0,6.0,2.6,4308523.0,4421587.0
Washington,2022.0,6.0,4.0,3817959.0,3975735.0
West Virginia,2022.0,6.0,3.9,750768.0,781618.0
Wisconsin,2022.0,6.0,2.8,3000173.0,3087369.0
Wyoming,2022.0,6.0,3.4,281948.0,291912.0
Alabama,2022.0,7.0,2.6,2221036.0,2279498.0
Alaska,2022.0,7.0,4.1,338703.0,353048.0
Arizona,2022.0,7.0,3.8,3459683.0,3595914.0
Arkansas,2022.0,7.0,3.2,1320536.0,1364354.0
California,2022.0,7.0,3.9,18494991.0,19243485.0
Colorado,2022.0,7.0,2.7,3088210.0,3175308.0
Connecticut,2022.0,7.0,3.9,1845224.0,1919657.0
Delaware,2022.0,7.0,4.1,479394.0,499999.0
District of Columbia,2022.0,7.0,4.2,380397.0,397094.0
Florida,2022.0,7.0,2.9,10418321.0,10725323.0
Georgia,2022.0,7.0,3.1,5108980.0,5272542.0
Hawaii,2022.0,7.0,3.3,655744.0,678117.0
Idaho,2022.0,7.0,2.9,924991.0,952513.0
Illinois,2022.0,7.0,4.5,6190155.0,6482060.0
Indiana,2022.0,7.0,3.1,3292138.0,3395851.0
Iowa,2022.0,7.0,2.8,1652998.0,1701417.0
Kansas,2022.0,7.0,2.8,1468301.0,1510588.0
Kentucky,2022.0,7.0,4.0,1965302.0,2047993.0
Louisiana,2022.0,7.0,3.6,1997307.0,2071904.0
Maine,2022.0,7.0,2.6,664739.0,682430.0
Maryland,2022.0,7.0,3.0,3083986.0,3178815.0
Massachusetts,2022.0,7.0,3.6,3648749.0,3785446.0
Michigan,2022.0,7.0,4.0,4665404.0,4859926.0
Minnesota,2022.0,7.0,2.3,2999147.0,3068775.0
Mississippi,2022.0,7.0,3.7,1214620.0,1261411.0
Missouri,2022.0,7.0,2.4,2974564.0,3048602.0
Montana,2022.0,7.0,2.7,547250.0,562596.0
Nebraska,2022.0,7.0,2.2,1033215.0,1056737.0
Nevada,2022.0,7.0,5.2,1488827.0,1570192.0
New Hampshire,2022.0,7.0,2.4,744165.0,762758.0
New Jersey,2022.0,7.0,3.3,4625256.0,4784248.0
New Mexico,2022.0,7.0,3.6,908884.0,943238.0
New York,2022.0,7.0,4.0,9284900.0,9671387.0
North Carolina,2022.0,7.0,3.7,5002637.0,5195572.0
North Dakota,2022.0,7.0,2.1,404088.0,412558.0
Ohio,2022.0,7.0,4.0,5538270.0,5770117.0
Oklahoma,2022.0,7.0,3.1,1843295.0,1901613.0
Oregon,2022.0,7.0,3.9,2076018.0,2161284.0
Pennsylvania,2022.0,7.0,4.2,6217739.0,6487010.0
Rhode Island,2022.0,7.0,3.3,558545.0,577466.0
South Carolina,2022.0,7.0,3.2,2345069.0,2422008.0
South Dakota,2022.0,7.0,1.9,465152.0,474329.0
Tennessee,2022.0,7.0,3.3,3272390.0,3384846.0
Texas,2022.0,7.0,3.8,14225751.0,14784870.0
Utah,2022.0,7.0,2.4,1706597.0,1748173.0
Vermont,2022.0,7.0,2.3,334622.0,342653.0
Virginia,2022.0,7.0,2.6,4312860.0,4428655.0
Washington,2022.0,7.0,4.0,3818983.0,3978870.0
West Virginia,2022.0,7.0,3.9,750129.0,780766.0
Wisconsin,2022.0,7.0,2.8,2997618.0,3085046.0
Wyoming,2022.0,7.0,3.5,282558.0,292661.0
Alabama,2022.0,8.0,2.6,2220738.0,2278864.0
Alaska,2022.0,8.0,3.9,338478.0,352219.0
Arizona,2022.0,8.0,3.8,3462874.0,3600726.0
Arkansas,2022.0,8.0,3.2,1321087.0,1365064.0
California,2022.0,8.0,3.8,18487025.0,19212192.0
Colorado,2022.0,8.0,2.6,3087603.0,3170450.0
Connecticut,2022.0,8.0,3.7,1840531.0,1911203.0
Delaware,2022.0,8.0,4.1,479418.0,499845.0
District of Columbia,2022.0,8.0,4.0,381458.0,397403.0
Florida,2022.0,8.0,2.8,10440234.0,10744025.0
Georgia,2022.0,8.0,3.2,5108654.0,5275067.0
Hawaii,2022.0,8.0,3.3,656008.0,678396.0
Idaho,2022.0,8.0,2.9,925061.0,953146.0
Illinois,2022.0,8.0,4.5,6182867.0,6473833.0
Indiana,2022.0,8.0,3.1,3290107.0,3395451.0
Iowa,2022.0,8.0,3.0,1652112.0,1702684.0
Kansas,2022.0,8.0,2.9,1467691.0,1510904.0
Kentucky,2022.0,8.0,4.1,1962791.0,2045924.0
Louisiana,2022.0,8.0,3.6,1995528.0,2069911.0
Maine,2022.0,8.0,2.5,664070.0,681064.0
Maryland,2022.0,8.0,3.0,3084666.0,3180955.0
Massachusetts,2022.0,8.0,3.7,3645878.0,3785403.0
Michigan,2022.0,8.0,4.0,4666241.0,4860405.0
Minnesota,2022.0,8.0,2.4,2997959.0,3070499.0
Mississippi,2022.0,8.0,3.7,1211503.0,1258634.0
Missouri,2022.0,8.0,2.5,2973940.0,3051755.0
Montana,2022.0,8.0,2.7,547612.0,562823.0
Nebraska,2022.0,8.0,2.3,1032401.0,1056708.0
Nevada,2022.0,8.0,5.2,1496261.0,1578483.0
New Hampshire,2022.0,8.0,2.5,743478.0,762598.0
New Jersey,2022.0,8.0,3.1,4648026.0,4795054.0
New Mexico,2022.0,8.0,3.4,909753.0,941296.0
New York,2022.0,8.0,3.8,9291395.0,9657851.0
North Carolina,2022.0,8.0,3.8,5001656.0,5197059.0
North Dakota,2022.0,8.0,2.1,403954.0,412602.0
Ohio,2022.0,8.0,4.1,5532396.0,5768252.0
Oklahoma,2022.0,8.0,3.1,1844806.0,1904026.0
Oregon,2022.0,8.0,4.0,2072076.0,2158296.0
Pennsylvania,2022.0,8.0,4.1,6216296.0,6482933.0
Rhode Island,2022.0,8.0,3.4,557898.0,577247.0
South Carolina,2022.0,8.0,3.2,2347152.0,2424658.0
South Dakota,2022.0,8.0,2.0,464970.0,474304.0
Tennessee,2022.0,8.0,3.3,3264972.0,3378037.0
Texas,2022.0,8.0,3.7,14241676.0,14792376.0
Utah,2022.0,8.0,2.4,1708644.0,1750958.0
Vermont,2022.0,8.0,2.4,334700.0,342878.0
Virginia,2022.0,8.0,2.7,4317602.0,4437070.0
Washington,2022.0,8.0,4.1,3818062.0,3980907.0
West Virginia,2022.0,8.0,3.9,749850.0,780259.0
Wisconsin,2022.0,8.0,2.8,2996184.0,3083891.0
Wyoming,2022.0,8.0,3.5,283193.0,293414.0
Alabama,2022.0,9.0,2.5,2220798.0,2278036.0
Alaska,2022.0,9.0,4.0,338395.0,352530.0
Arizona,2022.0,9.0,3.8,3467041.0,3605383.0
Arkansas,2022.0,9.0,3.2,1322093.0,1365823.0
California,2022.0,9.0,4.0,18475800.0,19239929.0
Colorado,2022.0,9.0,2.8,3087930.0,3175723.0
Connecticut,2022.0,9.0,3.7,1837462.0,1908099.0
Delaware,2022.0,9.0,4.1,479751.0,500450.0
District of Columbia,2022.0,9.0,4.2,379551.0,396063.0
Florida,2022.0,9.0,2.8,10460090.0,10766037.0
Georgia,2022.0,9.0,3.2,5110036.0,5278768.0
Hawaii,2022.0,9.0,3.3,656014.0,678274.0
Idaho,2022.0,9.0,3.0,925329.0,953748.0
Illinois,2022.0,9.0,4.5,6175962.0,6469689.0
Indiana,2022.0,9.0,3.1,3287811.0,3394652.0
Iowa,2022.0,9.0,3.1,1651603.0,1703747.0
Kansas,2022.0,9.0,2.9,1467800.0,1511849.0
Kentucky,2022.0,9.0,4.1,1960853.0,2044305.0
Louisiana,2022.0,9.0,3.5,1994672.0,2068004.0
Maine,2022.0,9.0,2.6,664073.0,681898.0
Maryland,2022.0,9.0,2.8,3085168.0,3174906.0
Massachusetts,2022.0,9.0,3.6,3643450.0,3780661.0
Michigan,2022.0,9.0,4.0,4670329.0,4865600.0
Minnesota,2022.0,9.0,2.5,2995294.0,3070999.0
Mississippi,2022.0,9.0,3.7,1208790.0,1255865.0
Missouri,2022.0,9.0,2.7,2973423.0,3054983.0
Montana,2022.0,9.0,2.7,548230.0,563159.0
Nebraska,2022.0,9.0,2.3,1031971.0,1056732.0
Nevada,2022.0,9.0,5.2,1496692.0,1579569.0
New Hampshire,2022.0,9.0,2.6,742944.0,762404.0
New Jersey,2022.0,9.0,3.3,4647071.0,4805077.0
New Mexico,2022.0,9.0,3.4,910911.0,943439.0
New York,2022.0,9.0,3.9,9297413.0,9675983.0
North Carolina,2022.0,9.0,3.8,5003001.0,5198557.0
North Dakota,2022.0,9.0,2.1,404019.0,412849.0
Ohio,2022.0,9.0,4.1,5530135.0,5767435.0
Oklahoma,2022.0,9.0,3.1,1847899.0,1907470.0
Oregon,2022.0,9.0,4.1,2068470.0,2157724.0
Pennsylvania,2022.0,9.0,4.1,6217163.0,6480554.0
Rhode Island,2022.0,9.0,3.3,557443.0,576489.0
South Carolina,2022.0,9.0,3.2,2350689.0,2428322.0
South Dakota,2022.0,9.0,2.0,464945.0,474327.0
Tennessee,2022.0,9.0,3.4,3258211.0,3371984.0
Texas,2022.0,9.0,3.8,14262652.0,14831360.0
Utah,2022.0,9.0,2.5,1711114.0,1754195.0
Vermont,2022.0,9.0,2.4,334954.0,343185.0
Virginia,2022.0,9.0,2.8,4325038.0,4448652.0
Washington,2022.0,9.0,4.2,3817515.0,3982938.0
West Virginia,2022.0,9.0,3.8,750159.0,780150.0
Wisconsin,2022.0,9.0,2.8,2996277.0,3083592.0
Wyoming,2022.0,9.0,3.5,283054.0,293311.0
Alabama,2022.0,10.0,2.5,2221923.0,2277946.0
Alaska,2022.0,10.0,4.1,338574.0,352994.0
Arizona,2022.0,10.0,3.8,3472849.0,3610729.0
Arkansas,2022.0,10.0,3.2,1323767.0,1366959.0
California,2022.0,10.0,4.1,18481164.0,19278884.0
Colorado,2022.0,10.0,2.9,3090265.0,3181682.0
Connecticut,2022.0,10.0,3.7,1835989.0,1905711.0
Delaware,2022.0,10.0,4.2,480474.0,501317.0
District of Columbia,2022.0,10.0,4.3,378165.0,395328.0
Florida,2022.0,10.0,2.9,10481518.0,10791634.0
Georgia,2022.0,10.0,3.2,5115148.0,5285774.0
Hawaii,2022.0,10.0,3.3,656246.0,678312.0
Idaho,2022.0,10.0,3.0,926015.0,954584.0
Illinois,2022.0,10.0,4.6,6172202.0,6467260.0
Indiana,2022.0,10.0,3.2,3286444.0,3394837.0
Iowa,2022.0,10.0,3.1,1651705.0,1704677.0
Kansas,2022.0,10.0,3.0,1468857.0,1513660.0
Kentucky,2022.0,10.0,4.1,1959908.0,2043656.0
Louisiana,2022.0,10.0,3.5,1995164.0,2068454.0
Maine,2022.0,10.0,2.7,664793.0,683039.0
Maryland,2022.0,10.0,2.8,3088291.0,3176986.0
Massachusetts,2022.0,10.0,3.7,3642329.0,3780536.0
Michigan,2022.0,10.0,4.1,4678671.0,4876551.0
Minnesota,2022.0,10.0,2.6,2994702.0,3073520.0
Mississippi,2022.0,10.0,3.7,1206916.0,1253447.0
Missouri,2022.0,10.0,2.8,2975635.0,3060004.0
Montana,2022.0,10.0,2.6,549130.0,563748.0
Nebraska,2022.0,10.0,2.3,1032104.0,1056915.0
Nevada,2022.0,10.0,5.3,1497943.0,1581391.0
New Hampshire,2022.0,10.0,2.6,742603.0,762200.0
New Jersey,2022.0,10.0,3.5,4648058.0,4816597.0
New Mexico,2022.0,10.0,3.5,912632.0,945982.0
New York,2022.0,10.0,4.0,9306831.0,9694389.0
North Carolina,2022.0,10.0,3.7,5008217.0,5203145.0
North Dakota,2022.0,10.0,2.2,404454.0,413403.0
Ohio,2022.0,10.0,4.1,5534411.0,5770192.0
Oklahoma,2022.0,10.0,3.1,1852762.0,1912204.0
Oregon,2022.0,10.0,4.2,2066323.0,2156905.0
Pennsylvania,2022.0,10.0,4.0,6221694.0,6482425.0
Rhode Island,2022.0,10.0,3.2,557328.0,575945.0
South Carolina,2022.0,10.0,3.2,2356253.0,2433733.0
South Dakota,2022.0,10.0,2.0,465179.0,474492.0
Tennessee,2022.0,10.0,3.4,3253586.0,3368261.0
Texas,2022.0,10.0,3.9,14292702.0,14877017.0
Utah,2022.0,10.0,2.5,1714403.0,1758322.0
Vermont,2022.0,10.0,2.4,335510.0,343705.0
Virginia,2022.0,10.0,2.9,4336985.0,4464553.0
Washington,2022.0,10.0,4.2,3819977.0,3987242.0
West Virginia,2022.0,10.0,3.8,751109.0,780533.0
Wisconsin,2022.0,10.0,2.8,2998014.0,3084188.0
Wyoming,2022.0,10.0,3.5,283122.0,293329.0
Alabama,2022.0,11.0,2.4,2224726.0,2279384.0
Alaska,2022.0,11.0,4.1,339065.0,353657.0
Arizona,2022.0,11.0,3.8,3480541.0,3617184.0
Arkansas,2022.0,11.0,3.1,1326255.0,1368563.0
California,2022.0,11.0,4.3,18499431.0,19323800.0
Colorado,2022.0,11.0,2.9,3094833.0,3188436.0
Connecticut,2022.0,11.0,3.6,1835970.0,1904095.0
Delaware,2022.0,11.0,4.1,481612.0,502434.0
District of Columbia,2022.0,11.0,4.5,377400.0,395240.0
Florida,2022.0,11.0,2.9,10507193.0,10817250.0
Georgia,2022.0,11.0,3.2,5124101.0,5295922.0
Hawaii,2022.0,11.0,3.2,656834.0,678606.0
Idaho,2022.0,11.0,3.0,927217.0,955766.0
Illinois,2022.0,11.0,4.5,6173419.0,6467579.0
Indiana,2022.0,11.0,3.2,3287276.0,3397005.0
Iowa,2022.0,11.0,3.1,1652290.0,1705203.0
Kansas,2022.0,11.0,3.0,1470841.0,1516152.0
Kentucky,2022.0,11.0,4.1,1960265.0,2044024.0
Louisiana,2022.0,11.0,3.5,1997080.0,2070180.0
Maine,2022.0,11.0,2.7,666077.0,684330.0
Maryland,2022.0,11.0,2.6,3093859.0,3177919.0
Massachusetts,2022.0,11.0,3.6,3643529.0,3780361.0
Michigan,2022.0,11.0,4.1,4691508.0,4891602.0
Minnesota,2022.0,11.0,2.6,2996604.0,3077940.0
Mississippi,2022.0,11.0,3.6,1206219.0,1251783.0
Missouri,2022.0,11.0,2.8,2979696.0,3065403.0
Montana,2022.0,11.0,2.5,550326.0,564662.0
Nebraska,2022.0,11.0,2.3,1032879.0,1057306.0
Nevada,2022.0,11.0,5.3,1500269.0,1583956.0
New Hampshire,2022.0,11.0,2.5,742495.0,761891.0
New Jersey,2022.0,11.0,3.7,4651268.0,4828801.0
New Mexico,2022.0,11.0,3.6,914842.0,948765.0
New York,2022.0,11.0,4.0,9322123.0,9714705.0
North Carolina,2022.0,11.0,3.7,5017693.0,5210387.0
North Dakota,2022.0,11.0,2.2,405215.0,414157.0
Ohio,2022.0,11.0,4.0,5545474.0,5776705.0
Oklahoma,2022.0,11.0,3.1,1859339.0,1918202.0
Oregon,2022.0,11.0,4.2,2066395.0,2156122.0
Pennsylvania,2022.0,11.0,4.0,6230191.0,6488327.0
Rhode Island,2022.0,11.0,3.1,557612.0,575460.0
South Carolina,2022.0,11.0,3.2,2363931.0,2440968.0
South Dakota,2022.0,11.0,1.9,465724.0,474868.0
Tennessee,2022.0,11.0,3.4,3252121.0,3367265.0
Texas,2022.0,11.0,4.0,14333504.0,14930752.0
Utah,2022.0,11.0,2.5,1718696.0,1763337.0
Vermont,2022.0,11.0,2.3,336395.0,344442.0
Virginia,2022.0,11.0,2.9,4352849.0,4482886.0
Washington,2022.0,11.0,4.2,3825492.0,3993207.0
West Virginia,2022.0,11.0,3.7,752581.0,781380.0
Wisconsin,2022.0,11.0,2.7,3001775.0,3085980.0
Wyoming,2022.0,11.0,3.4,283403.0,293472.0
Alabama,2022.0,12.0,2.3,2229797.0,2283238.0
Alaska,2022.0,12.0,4.1,339767.0,354418.0
Arizona,2022.0,12.0,3.7,3489975.0,3624945.0
Arkansas,2022.0,12.0,3.0,1329400.0,1370647.0
California,2022.0,12.0,4.4,18518806.0,19362803.0
Colorado,2022.0,12.0,3.0,3101202.0,3195790.0
Connecticut,2022.0,12.0,3.5,1837151.0,1903200.0
Delaware,2022.0,12.0,4.1,483115.0,503741.0
District of Columbia,2022.0,12.0,4.7,377366.0,395821.0
Florida,2022.0,12.0,2.8,10537821.0,10845712.0
Georgia,2022.0,12.0,3.2,5135145.0,5307581.0
Hawaii,2022.0,12.0,3.1,657707.0,679066.0
Idaho,2022.0,12.0,3.0,928979.0,957444.0
Illinois,2022.0,12.0,4.5,6180010.0,6470630.0
Indiana,2022.0,12.0,3.3,3290794.0,3401649.0
Iowa,2022.0,12.0,3.1,1653396.0,1705640.0
Kansas,2022.0,12.0,3.0,1473528.0,1519062.0
Kentucky,2022.0,12.0,4.1,1962036.0,2045545.0
Louisiana,2022.0,12.0,3.5,2000014.0,2073291.0
Maine,2022.0,12.0,2.6,667662.0,685606.0
Maryland,2022.0,12.0,2.5,3098978.0,3177531.0
Massachusetts,2022.0,12.0,3.6,3647780.0,3782639.0
Michigan,2022.0,12.0,4.1,4709070.0,4909093.0
Minnesota,2022.0,12.0,2.7,3000423.0,3083726.0
Mississippi,2022.0,12.0,3.5,1206592.0,1250757.0
Missouri,2022.0,12.0,2.8,2984787.0,3070775.0
Montana,2022.0,12.0,2.5,551790.0,565923.0
Nebraska,2022.0,12.0,2.2,1034268.0,1058070.0
Nevada,2022.0,12.0,5.3,1503678.0,1587199.0
New Hampshire,2022.0,12.0,2.5,742687.0,761556.0
New Jersey,2022.0,12.0,3.8,4656276.0,4840718.0
New Mexico,2022.0,12.0,3.6,917446.0,951699.0
New York,2022.0,12.0,4.0,9342011.0,9735970.0
North Carolina,2022.0,12.0,3.6,5030574.0,5220048.0
North Dakota,2022.0,12.0,2.1,406199.0,415041.0
Ohio,2022.0,12.0,3.9,5561355.0,5785975.0
Oklahoma,2022.0,12.0,3.0,1867180.0,1925287.0
Oregon,2022.0,12.0,4.0,2068781.0,2155796.0
Pennsylvania,2022.0,12.0,3.9,6241466.0,6496665.0
Rhode Island,2022.0,12.0,3.0,558299.0,575332.0
South Carolina,2022.0,12.0,3.1,2373214.0,2449466.0
South Dakota,2022.0,12.0,1.9,466564.0,475509.0
Tennessee,2022.0,12.0,3.4,3253803.0,3368561.0
Texas,2022.0,12.0,4.1,14382855.0,14989957.0
Utah,2022.0,12.0,2.6,1723917.0,1769061.0
Vermont,2022.0,12.0,2.2,337479.0,345245.0
Virginia,2022.0,12.0,2.9,4370130.0,4500493.0
Washington,2022.0,12.0,4.2,3832738.0,3999464.0
West Virginia,2022.0,12.0,3.6,754242.0,782525.0
Wisconsin,2022.0,12.0,2.7,3007792.0,3089701.0
Wyoming,2022.0,12.0,3.4,283855.0,293699.0
Alabama,2023.0,1.0,2.3,2235687.0,2288368.0
Alaska,2023.0,1.0,4.1,340485.0,355142.0
Arizona,2023.0,1.0,3.7,3500297.0,3633940.0
Arkansas,2023.0,1.0,2.9,1332794.0,1373114.0
California,2023.0,1.0,4.4,18537991.0,19397463.0
Colorado,2023.0,1.0,3.0,3108122.0,3203552.0
Connecticut,2023.0,1.0,3.4,1838726.0,1902677.0
Delaware,2023.0,1.0,4.0,484786.0,505119.0
District of Columbia,2023.0,1.0,4.8,378075.0,397040.0
Florida,2023.0,1.0,2.8,10572050.0,10878670.0
Georgia,2023.0,1.0,3.2,5147651.0,5320486.0
Hawaii,2023.0,1.0,3.1,658803.0,679675.0
Idaho,2023.0,1.0,3.0,931153.0,959609.0
Illinois,2023.0,1.0,4.4,6190528.0,6476104.0
Indiana,2023.0,1.0,3.3,3296307.0,3408240.0
Iowa,2023.0,1.0,3.0,1654905.0,1706315.0
Kansas,2023.0,1.0,3.0,1476362.0,1521870.0
Kentucky,2023.0,1.0,4.1,1964643.0,2047921.0
Louisiana,2023.0,1.0,3.6,2003217.0,2077267.0
Maine,2023.0,1.0,2.6,669300.0,686848.0
Maryland,2023.0,1.0,2.3,3106077.0,3180518.0
Massachusetts,2023.0,1.0,3.5,3653983.0,3787119.0
Michigan,2023.0,1.0,4.0,4729969.0,4927651.0
Minnesota,2023.0,1.0,2.7,3005639.0,3090481.0
Mississippi,2023.0,1.0,3.4,1207879.0,1250499.0
Missouri,2023.0,1.0,2.8,2991162.0,3077422.0
Montana,2023.0,1.0,2.5,553418.0,567491.0
Nebraska,2023.0,1.0,2.2,1035993.0,1059211.0
Nevada,2023.0,1.0,5.2,1507721.0,1590787.0
New Hampshire,2023.0,1.0,2.4,743109.0,761306.0
New Jersey,2023.0,1.0,3.9,4661988.0,4852074.0
New Mexico,2023.0,1.0,3.6,920388.0,954840.0
New York,2023.0,1.0,4.0,9365308.0,9758797.0
North Carolina,2023.0,1.0,3.6,5045218.0,5231614.0
North Dakota,2023.0,1.0,2.1,407250.0,415972.0
Ohio,2023.0,1.0,3.8,5579643.0,5797301.0
Oklahoma,2023.0,1.0,3.0,1875382.0,1932920.0
Oregon,2023.0,1.0,3.9,2073203.0,2156816.0
Pennsylvania,2023.0,1.0,3.9,6254019.0,6506096.0
Rhode Island,2023.0,1.0,2.9,559202.0,575611.0
South Carolina,2023.0,1.0,3.1,2382947.0,2458323.0
South Dakota,2023.0,1.0,1.8,467535.0,476310.0
Tennessee,2023.0,1.0,3.4,3258421.0,3372206.0
Texas,2023.0,1.0,4.1,14434308.0,15048359.0
Utah,2023.0,1.0,2.6,1729503.0,1774958.0
Vermont,2023.0,1.0,2.1,338660.0,346044.0
Virginia,2023.0,1.0,2.9,4387586.0,4516542.0
Washington,2023.0,1.0,4.1,3840858.0,4005736.0
West Virginia,2023.0,1.0,3.6,755671.0,783744.0
Wisconsin,2023.0,1.0,2.6,3015218.0,3095519.0
Wyoming,2023.0,1.0,3.3,284374.0,293931.0
Alabama,2023.0,2.0,2.3,2241947.0,2294352.0
Alaska,2023.0,2.0,4.1,341209.0,355844.0
Arizona,2023.0,2.0,3.7,3511025.0,3644062.0
Arkansas,2023.0,2.0,2.9,1335990.0,1375674.0
California,2023.0,2.0,4.5,18553650.0,19424892.0
Colorado,2023.0,2.0,3.0,3114771.0,3211446.0
Connecticut,2023.0,2.0,3.3,1840627.0,1902730.0
Delaware,2023.0,2.0,3.9,486483.0,506482.0
District of Columbia,2023.0,2.0,4.8,379352.0,398643.0
Florida,2023.0,2.0,2.8,10608070.0,10914538.0
Georgia,2023.0,2.0,3.2,5159657.0,5332484.0
Hawaii,2023.0,2.0,3.0,660002.0,680335.0
Idaho,2023.0,2.0,3.0,933580.0,962161.0
Illinois,2023.0,2.0,4.3,6201956.0,6482109.0
Indiana,2023.0,2.0,3.3,3302574.0,3415237.0
Iowa,2023.0,2.0,3.0,1656484.0,1707144.0
Kansas,2023.0,2.0,3.0,1479077.0,1524254.0
Kentucky,2023.0,2.0,4.1,1967444.0,2050716.0
Louisiana,2023.0,2.0,3.6,2005904.0,2080608.0
Maine,2023.0,2.0,2.5,670944.0,688214.0
Maryland,2023.0,2.0,2.2,3113068.0,3184023.0
Massachusetts,2023.0,2.0,3.5,3660966.0,3794157.0
Michigan,2023.0,2.0,3.9,4752663.0,4946516.0
Minnesota,2023.0,2.0,2.8,3011839.0,3097824.0
Mississippi,2023.0,2.0,3.3,1209368.0,1250513.0
Missouri,2023.0,2.0,2.8,2997386.0,3084573.0
Montana,2023.0,2.0,2.5,555010.0,569152.0
Nebraska,2023.0,2.0,2.2,1037858.0,1060708.0
Nevada,2023.0,2.0,5.2,1512063.0,1594435.0
New Hampshire,2023.0,2.0,2.3,743735.0,761287.0
New Jersey,2023.0,2.0,4.0,4667903.0,4862743.0
New Mexico,2023.0,2.0,3.6,923624.0,958198.0
New York,2023.0,2.0,4.0,9390605.0,9782303.0
North Carolina,2023.0,2.0,3.5,5060084.0,5243949.0
North Dakota,2023.0,2.0,2.1,408180.0,416788.0
Ohio,2023.0,2.0,3.6,5597702.0,5808648.0
Oklahoma,2023.0,2.0,3.0,1883268.0,1940548.0
Oregon,2023.0,2.0,3.7,2078668.0,2159193.0
Pennsylvania,2023.0,2.0,3.8,6267954.0,6516192.0
Rhode Island,2023.0,2.0,2.8,560229.0,576307.0
South Carolina,2023.0,2.0,3.0,2392502.0,2467184.0
South Dakota,2023.0,2.0,1.8,468537.0,477195.0
Tennessee,2023.0,2.0,3.3,3266047.0,3378480.0
Texas,2023.0,2.0,4.1,14484496.0,15101782.0
Utah,2023.0,2.0,2.6,1735062.0,1780681.0
Vermont,2023.0,2.0,2.0,339845.0,346805.0
Virginia,2023.0,2.0,2.8,4403283.0,4529685.0
Washington,2023.0,2.0,4.1,3848897.0,4011538.0
West Virginia,2023.0,2.0,3.6,756775.0,784918.0
Wisconsin,2023.0,2.0,2.6,3023201.0,3103045.0
Wyoming,2023.0,2.0,3.1,284882.0,294115.0
Alabama,2023.0,3.0,2.3,2247809.0,2300332.0
Alaska,2023.0,3.0,4.1,341879.0,356486.0
Arizona,2023.0,3.0,3.6,3521432.0,3654621.0
Arkansas,2023.0,3.0,2.9,1338708.0,1378179.0
California,2023.0,3.0,4.5,18569802.0,19448862.0
Colorado,2023.0,3.0,3.1,3120364.0,3218615.0
Connecticut,2023.0,3.0,3.2,1842783.0,1903379.0
Delaware,2023.0,3.0,3.9,488080.0,507776.0
District of Columbia,2023.0,3.0,4.8,380857.0,400244.0
Florida,2023.0,3.0,2.8,10642898.0,10949760.0
Georgia,2023.0,3.0,3.2,5171089.0,5343535.0
Hawaii,2023.0,3.0,2.9,661165.0,680926.0
Idaho,2023.0,3.0,3.0,935926.0,964799.0
Illinois,2023.0,3.0,4.2,6212395.0,6487941.0
Indiana,2023.0,3.0,3.3,3307676.0,3420633.0
Iowa,2023.0,3.0,2.9,1658039.0,1708122.0
Kansas,2023.0,3.0,2.9,1481425.0,1525910.0
Kentucky,2023.0,3.0,4.1,1969630.0,2053097.0
Louisiana,2023.0,3.0,3.6,2007310.0,2081696.0
Maine,2023.0,3.0,2.5,672513.0,689724.0
Maryland,2023.0,3.0,2.1,3120304.0,3187088.0
Massachusetts,2023.0,3.0,3.4,3667653.0,3798536.0
Michigan,2023.0,3.0,3.8,4775081.0,4964872.0
Minnesota,2023.0,3.0,2.8,3017656.0,3104312.0
Mississippi,2023.0,3.0,3.2,1210639.0,1250656.0
Missouri,2023.0,3.0,2.9,3003152.0,3091842.0
Montana,2023.0,3.0,2.5,556209.0,570488.0
Nebraska,2023.0,3.0,2.1,1039537.0,1062265.0
Nevada,2023.0,3.0,5.1,1516284.0,1597845.0
New Hampshire,2023.0,3.0,2.2,744274.0,761319.0
New Jersey,2023.0,3.0,4.1,4672825.0,4871773.0
New Mexico,2023.0,3.0,3.6,926728.0,961385.0
New York,2023.0,3.0,4.0,9416935.0,9805337.0
North Carolina,2023.0,3.0,3.5,5072643.0,5254629.0
North Dakota,2023.0,3.0,2.0,408869.0,417340.0
Ohio,2023.0,3.0,3.5,5613307.0,5818417.0
Oklahoma,2023.0,3.0,2.9,1890226.0,1947532.0
Oregon,2023.0,3.0,3.6,2083172.0,2161570.0
Pennsylvania,2023.0,3.0,3.7,6282161.0,6525440.0
Rhode Island,2023.0,3.0,2.7,561295.0,577073.0
South Carolina,2023.0,3.0,3.0,2401501.0,2475335.0
South Dakota,2023.0,3.0,1.8,469477.0,478070.0
Tennessee,2023.0,3.0,3.3,3275139.0,3385973.0
Texas,2023.0,3.0,4.1,14530617.0,15147599.0
Utah,2023.0,3.0,2.6,1740155.0,1785924.0
Vermont,2023.0,3.0,1.9,340898.0,347478.0
Virginia,2023.0,3.0,2.7,4415933.0,4538781.0
Washington,2023.0,3.0,4.0,3856324.0,4016941.0
West Virginia,2023.0,3.0,3.6,757537.0,785975.0
Wisconsin,2023.0,3.0,2.6,3030374.0,3111094.0
Wyoming,2023.0,3.0,3.0,285291.0,294197.0
Alabama,2023.0,4.0,2.3,2252806.0,2305796.0
Alaska,2023.0,4.0,4.1,342422.0,357042.0
Arizona,2023.0,4.0,3.7,3531069.0,3664855.0
Arkansas,2023.0,4.0,2.9,1340804.0,1380619.0
California,2023.0,4.0,4.5,18590181.0,19474196.0
Colorado,2023.0,4.0,3.1,3124380.0,3224491.0
Connecticut,2023.0,4.0,3.1,1845069.0,1904498.0
Delaware,2023.0,4.0,3.8,489471.0,508959.0
District of Columbia,2023.0,4.0,4.8,382331.0,401630.0
Florida,2023.0,4.0,2.8,10673179.0,10980669.0
Georgia,2023.0,4.0,3.2,5182103.0,5354129.0
Hawaii,2023.0,4.0,2.8,662089.0,681347.0
Idaho,2023.0,4.0,3.0,937918.0,967231.0
Illinois,2023.0,4.0,4.2,6220698.0,6494207.0
Indiana,2023.0,4.0,3.3,3310544.0,3423803.0
Iowa,2023.0,4.0,2.9,1659196.0,1709028.0
Kansas,2023.0,4.0,2.9,1483210.0,1526818.0
Kentucky,2023.0,4.0,4.1,1970626.0,2054577.0
Louisiana,2023.0,4.0,3.5,2007163.0,2080629.0
Maine,2023.0,4.0,2.5,673959.0,691300.0
Maryland,2023.0,4.0,1.9,3127450.0,3189021.0
Massachusetts,2023.0,4.0,3.3,3673652.0,3800038.0
Michigan,2023.0,4.0,3.7,4795222.0,4982002.0
Minnesota,2023.0,4.0,2.8,3022145.0,3109077.0
Mississippi,2023.0,4.0,3.1,1211375.0,1250752.0
Missouri,2023.0,4.0,2.9,3007971.0,3098680.0
Montana,2023.0,4.0,2.5,556837.0,571271.0
Nebraska,2023.0,4.0,2.1,1040788.0,1063624.0
Nevada,2023.0,4.0,5.0,1520019.0,1600859.0
New Hampshire,2023.0,4.0,2.2,744523.0,761262.0
New Jersey,2023.0,4.0,4.2,4675502.0,4878412.0
New Mexico,2023.0,4.0,3.6,929374.0,964021.0
New York,2023.0,4.0,3.9,9441434.0,9825999.0
North Carolina,2023.0,4.0,3.4,5081770.0,5262555.0
North Dakota,2023.0,4.0,2.0,409297.0,417609.0
Ohio,2023.0,4.0,3.5,5625147.0,5826255.0
Oklahoma,2023.0,4.0,2.9,1896178.0,1953808.0
Oregon,2023.0,4.0,3.6,2085808.0,2163329.0
Pennsylvania,2023.0,4.0,3.6,6295322.0,6533104.0
Rhode Island,2023.0,4.0,2.7,562350.0,577829.0
South Carolina,2023.0,4.0,2.9,2409709.0,2482090.0
South Dakota,2023.0,4.0,1.8,470279.0,478857.0
Tennessee,2023.0,4.0,3.2,3283543.0,3392731.0
Texas,2023.0,4.0,4.0,14571412.0,15185791.0
Utah,2023.0,4.0,2.6,1744421.0,1790471.0
Vermont,2023.0,4.0,1.8,341768.0,348085.0
Virginia,2023.0,4.0,2.6,4424900.0,4543829.0
Washington,2023.0,4.0,4.0,3862519.0,4021858.0
West Virginia,2023.0,4.0,3.7,758051.0,786987.0
Wisconsin,2023.0,4.0,2.7,3035527.0,3118367.0
Wyoming,2023.0,4.0,2.9,285533.0,294143.0
Alabama,2023.0,5.0,2.3,2256281.0,2310109.0
Alaska,2023.0,5.0,4.1,342782.0,357518.0
Arizona,2023.0,5.0,3.7,3539352.0,3674189.0
Arkansas,2023.0,5.0,3.0,1342194.0,1382999.0
California,2023.0,5.0,4.6,18607281.0,19497204.0
Colorado,2023.0,5.0,3.2,3126311.0,3228455.0
Connecticut,2023.0,5.0,3.1,1847189.0,1905950.0
Delaware,2023.0,5.0,3.8,490505.0,509958.0
District of Columbia,2023.0,5.0,4.8,383680.0,402870.0
Florida,2023.0,5.0,2.8,10696385.0,11009242.0
Georgia,2023.0,5.0,3.2,5192211.0,5364469.0
Hawaii,2023.0,5.0,2.8,662447.0,681405.0
Idaho,2023.0,5.0,3.1,939435.0,969348.0
Illinois,2023.0,5.0,4.2,6226178.0,6501994.0
Indiana,2023.0,5.0,3.3,3310719.0,3424666.0
Iowa,2023.0,5.0,2.9,1659557.0,1709645.0
Kansas,2023.0,5.0,2.8,1484134.0,1527100.0
Kentucky,2023.0,5.0,4.1,1970372.0,2055157.0
Louisiana,2023.0,5.0,3.5,2005672.0,2078863.0
Maine,2023.0,5.0,2.5,675211.0,692821.0
Maryland,2023.0,5.0,1.9,3133467.0,3195699.0
Massachusetts,2023.0,5.0,3.4,3678724.0,3806888.0
Michigan,2023.0,5.0,3.7,4810939.0,4997528.0
Minnesota,2023.0,5.0,2.8,3024691.0,3111989.0
Mississippi,2023.0,5.0,3.1,1211695.0,1250869.0
Missouri,2023.0,5.0,3.0,3011578.0,3104914.0
Montana,2023.0,5.0,2.6,556896.0,571532.0
Nebraska,2023.0,5.0,2.2,1041426.0,1064667.0
Nevada,2023.0,5.0,5.0,1523096.0,1603677.0
New Hampshire,2023.0,5.0,2.2,744475.0,761154.0
New Jersey,2023.0,5.0,4.2,4674982.0,4882307.0
New Mexico,2023.0,5.0,3.6,931193.0,965856.0
New York,2023.0,5.0,3.9,9459823.0,9842980.0
North Carolina,2023.0,5.0,3.4,5087440.0,5268180.0
North Dakota,2023.0,5.0,2.0,409505.0,417707.0
Ohio,2023.0,5.0,3.4,5632168.0,5832453.0
Oklahoma,2023.0,5.0,3.0,1901035.0,1959533.0
Oregon,2023.0,5.0,3.6,2086436.0,2164413.0
Pennsylvania,2023.0,5.0,3.6,6306050.0,6539628.0
Rhode Island,2023.0,5.0,2.7,563292.0,578723.0
South Carolina,2023.0,5.0,2.8,2416737.0,2487384.0
South Dakota,2023.0,5.0,1.8,470848.0,479482.0
Tennessee,2023.0,5.0,3.2,3289687.0,3397770.0
Texas,2023.0,5.0,4.0,14605092.0,15217003.0
Utah,2023.0,5.0,2.6,1747620.0,1794284.0
Vermont,2023.0,5.0,1.8,342435.0,348664.0
Virginia,2023.0,5.0,2.6,4429812.0,4545851.0
Washington,2023.0,5.0,4.0,3865769.0,4025537.0
West Virginia,2023.0,5.0,3.8,758362.0,787999.0
Wisconsin,2023.0,5.0,2.7,3038286.0,3124173.0
Wyoming,2023.0,5.0,2.9,285571.0,293965.0
Alabama,2023.0,6.0,2.4,2259087.0,2313985.0
Alaska,2023.0,6.0,4.2,343010.0,357944.0
Arizona,2023.0,6.0,3.7,3546798.0,3682825.0
Arkansas,2023.0,6.0,3.0,1343143.0,1385367.0
California,2023.0,6.0,4.6,18620363.0,19518556.0
Colorado,2023.0,6.0,3.2,3127085.0,3231074.0
Connecticut,2023.0,6.0,3.1,1849374.0,1907979.0
Delaware,2023.0,6.0,3.8,491204.0,510760.0
District of Columbia,2023.0,6.0,4.7,385048.0,404211.0
Florida,2023.0,6.0,2.9,10714206.0,11031953.0
Georgia,2023.0,6.0,3.2,5200838.0,5373837.0
Hawaii,2023.0,6.0,2.8,662347.0,681185.0
Idaho,2023.0,6.0,3.1,940818.0,971413.0
Illinois,2023.0,6.0,4.3,6230651.0,6512541.0
Indiana,2023.0,6.0,3.4,3309563.0,3424446.0
Iowa,2023.0,6.0,3.0,1659320.0,1710012.0
Kansas,2023.0,6.0,2.8,1484495.0,1527209.0
Kentucky,2023.0,6.0,4.2,1969758.0,2055532.0
Louisiana,2023.0,6.0,3.5,2003863.0,2077071.0
Maine,2023.0,6.0,2.6,676397.0,694347.0
Maryland,2023.0,6.0,1.9,3135769.0,3197822.0
Massachusetts,2023.0,6.0,3.3,3684142.0,3811789.0
Michigan,2023.0,6.0,3.8,4822220.0,5011754.0
Minnesota,2023.0,6.0,2.8,3025980.0,3113646.0
Mississippi,2023.0,6.0,3.1,1211801.0,1250936.0
Missouri,2023.0,6.0,3.1,3014044.0,3110173.0
Montana,2023.0,6.0,2.6,556736.0,571651.0
Nebraska,2023.0,6.0,2.2,1041670.0,1065528.0
Nevada,2023.0,6.0,5.0,1525925.0,1606704.0
New Hampshire,2023.0,6.0,2.2,744437.0,761245.0
New Jersey,2023.0,6.0,4.3,4672412.0,4884148.0
New Mexico,2023.0,6.0,3.6,932350.0,967165.0
New York,2023.0,6.0,3.9,9471938.0,9857028.0
North Carolina,2023.0,6.0,3.4,5091631.0,5272755.0
North Dakota,2023.0,6.0,2.0,409598.0,417784.0
Ohio,2023.0,6.0,3.5,5635780.0,5838462.0
Oklahoma,2023.0,6.0,3.0,1905264.0,1965162.0
Oregon,2023.0,6.0,3.7,2086479.0,2165743.0
Pennsylvania,2023.0,6.0,3.5,6316154.0,6547562.0
Rhode Island,2023.0,6.0,2.7,564191.0,579651.0
South Carolina,2023.0,6.0,2.8,2422941.0,2492237.0
South Dakota,2023.0,6.0,1.8,471258.0,479987.0
Tennessee,2023.0,6.0,3.2,3294426.0,3402132.0
Texas,2023.0,6.0,4.0,14635233.0,15244901.0
Utah,2023.0,6.0,2.6,1750214.0,1797821.0
Vermont,2023.0,6.0,1.8,342931.0,349233.0
Virginia,2023.0,6.0,2.5,4431591.0,4546634.0
Washington,2023.0,6.0,4.0,3866346.0,4028298.0
West Virginia,2023.0,6.0,3.8,758623.0,788969.0
Wisconsin,2023.0,6.0,2.8,3039663.0,3128825.0
Wyoming,2023.0,6.0,2.8,285494.0,293777.0
Alabama,2023.0,7.0,2.4,2262111.0,2318367.0
Alaska,2023.0,7.0,4.2,343174.0,358370.0
Arizona,2023.0,7.0,3.7,3553694.0,3690984.0
Arkansas,2023.0,7.0,3.2,1343945.0,1387843.0
California,2023.0,7.0,4.7,18620917.0,19531760.0
Colorado,2023.0,7.0,3.3,3127656.0,3233389.0
Connecticut,2023.0,7.0,3.1,1851301.0,1910338.0
Delaware,2023.0,7.0,3.9,491634.0,511389.0
District of Columbia,2023.0,7.0,4.8,386480.0,405769.0
Florida,2023.0,7.0,2.9,10728600.0,11052215.0
Georgia,2023.0,7.0,3.2,5208711.0,5382888.0
Hawaii,2023.0,7.0,2.8,661918.0,680780.0
Idaho,2023.0,7.0,3.2,942420.0,973731.0
Illinois,2023.0,7.0,4.4,6235904.0,6526175.0
Indiana,2023.0,7.0,3.4,3308401.0,3424585.0
Iowa,2023.0,7.0,3.0,1658984.0,1710313.0
Kansas,2023.0,7.0,2.8,1484594.0,1527410.0
Kentucky,2023.0,7.0,4.2,1969369.0,2056351.0
Louisiana,2023.0,7.0,3.6,2002468.0,2076816.0
Maine,2023.0,7.0,2.6,677492.0,695822.0
Maryland,2023.0,7.0,2.0,3135353.0,3199369.0
Massachusetts,2023.0,7.0,3.4,3691049.0,3819263.0
Michigan,2023.0,7.0,3.9,4829534.0,5024238.0
Minnesota,2023.0,7.0,2.8,3026394.0,3114079.0
Mississippi,2023.0,7.0,3.1,1211668.0,1250643.0
Missouri,2023.0,7.0,3.2,3015229.0,3113983.0
Montana,2023.0,7.0,2.7,556705.0,572044.0
Nebraska,2023.0,7.0,2.3,1041767.0,1066296.0
Nevada,2023.0,7.0,5.1,1528726.0,1610161.0
New Hampshire,2023.0,7.0,2.2,744550.0,761624.0
New Jersey,2023.0,7.0,4.4,4669515.0,4885306.0
New Mexico,2023.0,7.0,3.6,933106.0,968281.0
New York,2023.0,7.0,4.0,9479656.0,9869841.0
North Carolina,2023.0,7.0,3.4,5095803.0,5277884.0
North Dakota,2023.0,7.0,2.0,409710.0,417976.0
Ohio,2023.0,7.0,3.6,5637559.0,5845230.0
Oklahoma,2023.0,7.0,3.1,1909330.0,1971059.0
Oregon,2023.0,7.0,3.7,2087560.0,2168477.0
Pennsylvania,2023.0,7.0,3.5,6327144.0,6559103.0
Rhode Island,2023.0,7.0,2.7,565077.0,580924.0
South Carolina,2023.0,7.0,2.8,2428588.0,2497733.0
South Dakota,2023.0,7.0,1.8,471584.0,480399.0
Tennessee,2023.0,7.0,3.2,3299308.0,3407538.0
Texas,2023.0,7.0,4.0,14664704.0,15272807.0
Utah,2023.0,7.0,2.7,1752542.0,1801357.0
Vermont,2023.0,7.0,1.9,343353.0,349841.0
Virginia,2023.0,7.0,2.6,4431880.0,4548081.0
Washington,2023.0,7.0,4.1,3864744.0,4030506.0
West Virginia,2023.0,7.0,3.9,758900.0,789859.0
Wisconsin,2023.0,7.0,2.9,3040589.0,3132664.0
Wyoming,2023.0,7.0,2.8,285371.0,293633.0
Alabama,2023.0,8.0,2.5,2264604.0,2322522.0
Alaska,2023.0,8.0,4.3,343218.0,358693.0
Arizona,2023.0,8.0,3.7,3559698.0,3698145.0
Arkansas,2023.0,8.0,3.3,1344686.0,1390261.0
California,2023.0,8.0,4.8,18617992.0,19546854.0
Colorado,2023.0,8.0,3.3,3127965.0,3235781.0
Connecticut,2023.0,8.0,3.1,1852346.0,1912325.0
Delaware,2023.0,8.0,3.9,491757.0,511744.0
District of Columbia,2023.0,8.0,4.8,387840.0,407401.0
Florida,2023.0,8.0,3.0,10739263.0,11070672.0
Georgia,2023.0,8.0,3.3,5215565.0,5390989.0
Hawaii,2023.0,8.0,2.8,661413.0,680419.0
Idaho,2023.0,8.0,3.3,944216.0,976205.0
Illinois,2023.0,8.0,4.6,6242086.0,6541323.0
Indiana,2023.0,8.0,3.4,3307821.0,3425609.0
Iowa,2023.0,8.0,3.0,1658386.0,1710096.0
Kansas,2023.0,8.0,2.8,1484532.0,1527689.0
Kentucky,2023.0,8.0,4.3,1969321.0,2057641.0
Louisiana,2023.0,8.0,3.7,2001741.0,2078287.0
Maine,2023.0,8.0,2.7,678289.0,697017.0
Maryland,2023.0,8.0,2.2,3133436.0,3203608.0
Massachusetts,2023.0,8.0,3.4,3699111.0,3831242.0
Michigan,2023.0,8.0,4.0,4833449.0,5033232.0
Minnesota,2023.0,8.0,2.8,3025845.0,3113138.0
Mississippi,2023.0,8.0,3.1,1211763.0,1250444.0
Missouri,2023.0,8.0,3.2,3015668.0,3116709.0
Montana,2023.0,8.0,2.8,556822.0,572723.0
Nebraska,2023.0,8.0,2.4,1041777.0,1066957.0
Nevada,2023.0,8.0,5.1,1531285.0,1613655.0
New Hampshire,2023.0,8.0,2.3,744757.0,762105.0
New Jersey,2023.0,8.0,4.5,4666708.0,4885787.0
New Mexico,2023.0,8.0,3.7,933609.0,969266.0
New York,2023.0,8.0,4.0,9482979.0,9880115.0
North Carolina,2023.0,8.0,3.5,5099611.0,5283163.0
North Dakota,2023.0,8.0,2.0,409934.0,418362.0
Ohio,2023.0,8.0,3.7,5638188.0,5852110.0
Oklahoma,2023.0,8.0,3.2,1913114.0,1976843.0
Oregon,2023.0,8.0,3.8,2089321.0,2171937.0
Pennsylvania,2023.0,8.0,3.6,6337745.0,6572672.0
Rhode Island,2023.0,8.0,2.9,565837.0,582589.0
South Carolina,2023.0,8.0,2.8,2433287.0,2503765.0
South Dakota,2023.0,8.0,1.8,471870.0,480739.0
Tennessee,2023.0,8.0,3.2,3304165.0,3413680.0
Texas,2023.0,8.0,4.0,14692742.0,15300049.0
Utah,2023.0,8.0,2.8,1754481.0,1804589.0
Vermont,2023.0,8.0,1.9,343744.0,350471.0
Virginia,2023.0,8.0,2.6,4431353.0,4550512.0
Washington,2023.0,8.0,4.2,3862319.0,4033087.0
West Virginia,2023.0,8.0,4.0,759154.0,790617.0
Wisconsin,2023.0,8.0,3.0,3041483.0,3135455.0
Wyoming,2023.0,8.0,2.8,285189.0,293469.0
Alabama,2023.0,9.0,2.6,2266638.0,2326517.0
Alaska,2023.0,9.0,4.4,343082.0,358801.0
Arizona,2023.0,9.0,3.8,3564967.0,3704072.0
Arkansas,2023.0,9.0,3.4,1345423.0,1392378.0
California,2023.0,9.0,4.9,18610084.0,19559854.0
Colorado,2023.0,9.0,3.4,3127897.0,3238299.0
Connecticut,2023.0,9.0,3.2,1852670.0,1913825.0
Delaware,2023.0,9.0,3.9,491614.0,511775.0
District of Columbia,2023.0,9.0,4.9,388910.0,408841.0
Florida,2023.0,9.0,3.0,10746570.0,11082946.0
Georgia,2023.0,9.0,3.3,5220738.0,5396838.0
Hawaii,2023.0,9.0,2.8,660904.0,680099.0
Idaho,2023.0,9.0,3.3,946024.0,978566.0
Illinois,2023.0,9.0,4.7,6248596.0,6555746.0
Indiana,2023.0,9.0,3.5,3307962.0,3427459.0
Iowa,2023.0,9.0,3.0,1657193.0,1708902.0
Kansas,2023.0,9.0,2.9,1484547.0,1528207.0
Kentucky,2023.0,9.0,4.4,1969866.0,2059466.0
Louisiana,2023.0,9.0,3.8,2001500.0,2080671.0
Maine,2023.0,9.0,2.7,678775.0,697875.0
Maryland,2023.0,9.0,2.3,3129997.0,3203674.0
Massachusetts,2023.0,9.0,3.5,3707202.0,3841846.0
Michigan,2023.0,9.0,4.0,4835392.0,5037890.0
Minnesota,2023.0,9.0,2.8,3024460.0,3111267.0
Mississippi,2023.0,9.0,3.1,1212367.0,1250647.0
Missouri,2023.0,9.0,3.3,3015517.0,3118511.0
Montana,2023.0,9.0,2.9,556956.0,573494.0
Nebraska,2023.0,9.0,2.4,1041791.0,1067613.0
Nevada,2023.0,9.0,5.1,1533526.0,1616788.0
New Hampshire,2023.0,9.0,2.3,745119.0,762630.0
New Jersey,2023.0,9.0,4.5,4664215.0,4885370.0
New Mexico,2023.0,9.0,3.7,934048.0,970135.0
New York,2023.0,9.0,4.1,9483210.0,9887061.0
North Carolina,2023.0,9.0,3.5,5102232.0,5287148.0
North Dakota,2023.0,9.0,2.1,410245.0,418903.0
Ohio,2023.0,9.0,3.8,5638397.0,5858373.0
Oklahoma,2023.0,9.0,3.3,1916516.0,1982064.0
Oregon,2023.0,9.0,3.9,2090634.0,2174840.0
Pennsylvania,2023.0,9.0,3.6,6347116.0,6585926.0
Rhode Island,2023.0,9.0,3.1,566437.0,584402.0
South Carolina,2023.0,9.0,2.9,2436732.0,2509828.0
South Dakota,2023.0,9.0,1.8,472201.0,481100.0
Tennessee,2023.0,9.0,3.2,3307963.0,3418738.0
Texas,2023.0,9.0,4.0,14719100.0,15325854.0
Utah,2023.0,9.0,2.8,1756009.0,1807318.0
Vermont,2023.0,9.0,2.0,344111.0,351060.0
Virginia,2023.0,9.0,2.7,4429931.0,4552761.0
Washington,2023.0,9.0,4.4,3859183.0,4035345.0
West Virginia,2023.0,9.0,4.0,759349.0,791264.0
Wisconsin,2023.0,9.0,3.0,3042729.0,3137090.0
Wyoming,2023.0,9.0,2.8,284955.0,293250.0
Alabama,2023.0,10.0,2.7,2268367.0,2330433.0
Alaska,2023.0,10.0,4.4,342791.0,358696.0
Arizona,2023.0,10.0,3.7,3569792.0,3708620.0
Arkansas,2023.0,10.0,3.4,1346306.0,1394182.0
California,2023.0,10.0,5.0,18609996.0,19580260.0
Colorado,2023.0,10.0,3.5,3127459.0,3240811.0
Connecticut,2023.0,10.0,3.2,1852928.0,1915121.0
Delaware,2023.0,10.0,4.0,491289.0,511498.0
District of Columbia,2023.0,10.0,5.0,389734.0,410056.0
Florida,2023.0,10.0,3.1,10750836.0,11092447.0
Georgia,2023.0,10.0,3.3,5225632.0,5401581.0
Hawaii,2023.0,10.0,2.8,660632.0,679974.0
Idaho,2023.0,10.0,3.4,947728.0,980698.0
Illinois,2023.0,10.0,4.8,6254711.0,6567691.0
Indiana,2023.0,10.0,3.5,3307941.0,3429273.0
Iowa,2023.0,10.0,3.0,1655870.0,1707066.0
Kansas,2023.0,10.0,2.9,1484671.0,1528968.0
Kentucky,2023.0,10.0,4.4,1971106.0,2061972.0
Louisiana,2023.0,10.0,3.9,2001204.0,2083356.0
Maine,2023.0,10.0,2.8,679145.0,698531.0
Maryland,2023.0,10.0,2.5,3129671.0,3209295.0
Massachusetts,2023.0,10.0,3.6,3714952.0,3853557.0
Michigan,2023.0,10.0,4.0,4836763.0,5039052.0
Minnesota,2023.0,10.0,2.8,3022842.0,3109395.0
Mississippi,2023.0,10.0,3.0,1213473.0,1251224.0
Missouri,2023.0,10.0,3.4,3016680.0,3121364.0
Montana,2023.0,10.0,3.0,557051.0,574197.0
Nebraska,2023.0,10.0,2.5,1041816.0,1068230.0
Nevada,2023.0,10.0,5.2,1535410.0,1619393.0
New Hampshire,2023.0,10.0,2.3,745725.0,763288.0
New Jersey,2023.0,10.0,4.5,4662513.0,4884539.0
New Mexico,2023.0,10.0,3.7,934708.0,971112.0
New York,2023.0,10.0,4.1,9482042.0,9890984.0
North Carolina,2023.0,10.0,3.5,5103422.0,5289471.0
North Dakota,2023.0,10.0,2.1,410591.0,419506.0
Ohio,2023.0,10.0,3.8,5639193.0,5863830.0
Oklahoma,2023.0,10.0,3.4,1919494.0,1986314.0
Oregon,2023.0,10.0,3.9,2091151.0,2176915.0
Pennsylvania,2023.0,10.0,3.7,6354914.0,6597206.0
Rhode Island,2023.0,10.0,3.3,566935.0,586323.0
South Carolina,2023.0,10.0,3.0,2438835.0,2515387.0
South Dakota,2023.0,10.0,1.8,472557.0,481440.0
Tennessee,2023.0,10.0,3.3,3310782.0,3422157.0
Texas,2023.0,10.0,4.0,14743204.0,15349726.0
Utah,2023.0,10.0,2.9,1757099.0,1809465.0
Vermont,2023.0,10.0,2.0,344506.0,351598.0
Virginia,2023.0,10.0,2.8,4428559.0,4554674.0
Washington,2023.0,10.0,4.5,3856761.0,4037664.0
West Virginia,2023.0,10.0,4.1,759410.0,791822.0
Wisconsin,2023.0,10.0,3.0,3044150.0,3137728.0
Wyoming,2023.0,10.0,2.8,284680.0,292972.0
Alabama,2023.0,11.0,2.8,2270350.0,2334635.0
Alaska,2023.0,11.0,4.5,342462.0,358499.0
Arizona,2023.0,11.0,3.7,3574635.0,3711906.0
Arkansas,2023.0,11.0,3.5,1347408.0,1395682.0
California,2023.0,11.0,5.0,18596630.0,19584613.0
Colorado,2023.0,11.0,3.6,3126835.0,3243517.0
Connecticut,2023.0,11.0,3.3,1853682.0,1916544.0
Delaware,2023.0,11.0,3.9,490886.0,511012.0
District of Columbia,2023.0,11.0,5.0,390482.0,411144.0
Florida,2023.0,11.0,3.1,10752130.0,11097059.0
Georgia,2023.0,11.0,3.2,5228511.0,5403856.0
Hawaii,2023.0,11.0,2.9,660171.0,679586.0
Idaho,2023.0,11.0,3.4,949342.0,982660.0
Illinois,2023.0,11.0,4.8,6259980.0,6576555.0
Indiana,2023.0,11.0,3.6,3307343.0,3430815.0
Iowa,2023.0,11.0,2.9,1654410.0,1704615.0
Kansas,2023.0,11.0,2.9,1484941.0,1529998.0
Kentucky,2023.0,11.0,4.5,1972937.0,2065281.0
Louisiana,2023.0,11.0,4.1,2000557.0,2085381.0
Maine,2023.0,11.0,2.8,679599.0,699180.0
Maryland,2023.0,11.0,2.6,3129364.0,3213185.0
Massachusetts,2023.0,11.0,3.6,3722469.0,3863278.0
Michigan,2023.0,11.0,4.0,4838074.0,5038680.0
Minnesota,2023.0,11.0,2.8,3022068.0,3108823.0
Mississippi,2023.0,11.0,3.0,1214793.0,1251781.0
Missouri,2023.0,11.0,3.4,3016777.0,3122912.0
Montana,2023.0,11.0,3.1,557111.0,574714.0
Nebraska,2023.0,11.0,2.5,1041915.0,1068802.0
Nevada,2023.0,11.0,5.2,1537069.0,1621615.0
New Hampshire,2023.0,11.0,2.3,746621.0,764216.0
New Jersey,2023.0,11.0,4.5,4662433.0,4884646.0
New Mexico,2023.0,11.0,3.8,935587.0,972235.0
New York,2023.0,11.0,4.2,9481072.0,9892851.0
North Carolina,2023.0,11.0,3.5,5103535.0,5290433.0
North Dakota,2023.0,11.0,2.2,410898.0,420033.0
Ohio,2023.0,11.0,3.9,5640695.0,5868441.0
Oklahoma,2023.0,11.0,3.4,1922036.0,1989402.0
Oregon,2023.0,11.0,4.0,2091244.0,2178691.0
Pennsylvania,2023.0,11.0,3.7,6360664.0,6605331.0
Rhode Island,2023.0,11.0,3.5,567458.0,588163.0
South Carolina,2023.0,11.0,3.2,2440033.0,2520352.0
South Dakota,2023.0,11.0,1.8,472910.0,481700.0
Tennessee,2023.0,11.0,3.3,3313386.0,3424700.0
Texas,2023.0,11.0,4.0,14766138.0,15373520.0
Utah,2023.0,11.0,2.9,1757895.0,1811183.0
Vermont,2023.0,11.0,2.0,344909.0,352067.0
Virginia,2023.0,11.0,2.8,4427287.0,4555397.0
Washington,2023.0,11.0,4.6,3853504.0,4037602.0
West Virginia,2023.0,11.0,4.1,759329.0,792205.0
Wisconsin,2023.0,11.0,2.9,3045519.0,3137886.0
Wyoming,2023.0,11.0,2.8,284398.0,292675.0
Alabama,2023.0,12.0,2.8,2271835.0,2337920.0
Alaska,2023.0,12.0,4.5,342254.0,358351.0
Arizona,2023.0,12.0,3.6,3579750.0,3714194.0
Arkansas,2023.0,12.0,3.5,1348956.0,1397187.0
California,2023.0,12.0,5.1,18612011.0,19611825.0
Colorado,2023.0,12.0,3.7,3126447.0,3246547.0
Connecticut,2023.0,12.0,3.3,1855186.0,1918201.0
Delaware,2023.0,12.0,3.9,490517.0,510456.0
District of Columbia,2023.0,12.0,5.1,391141.0,412037.0
Florida,2023.0,12.0,3.1,10751996.0,11099868.0
Georgia,2023.0,12.0,3.2,5231778.0,5406490.0
Hawaii,2023.0,12.0,2.9,660196.0,679576.0
Idaho,2023.0,12.0,3.4,950878.0,984466.0
Illinois,2023.0,12.0,4.8,6266197.0,6584716.0
Indiana,2023.0,12.0,3.7,3306784.0,3432596.0
Iowa,2023.0,12.0,2.9,1653516.0,1702483.0
Kansas,2023.0,12.0,3.0,1485401.0,1531298.0
Kentucky,2023.0,12.0,4.5,1975206.0,2069064.0
Louisiana,2023.0,12.0,4.2,1999770.0,2086414.0
Maine,2023.0,12.0,2.8,680258.0,699941.0
Maryland,2023.0,12.0,2.7,3133026.0,3221161.0
Massachusetts,2023.0,12.0,3.7,3729548.0,3873465.0
Michigan,2023.0,12.0,4.0,4838998.0,5038027.0
Minnesota,2023.0,12.0,2.8,3022756.0,3110004.0
Mississippi,2023.0,12.0,2.9,1216914.0,1252984.0
Missouri,2023.0,12.0,3.4,3017898.0,3125217.0
Montana,2023.0,12.0,3.1,557215.0,575021.0
Nebraska,2023.0,12.0,2.5,1042141.0,1069301.0
Nevada,2023.0,12.0,5.2,1538744.0,1623639.0
New Hampshire,2023.0,12.0,2.3,747639.0,765266.0
New Jersey,2023.0,12.0,4.5,4664067.0,4885869.0
New Mexico,2023.0,12.0,3.8,936808.0,973648.0
New York,2023.0,12.0,4.2,9482447.0,9894409.0
North Carolina,2023.0,12.0,3.5,5103571.0,5290971.0
North Dakota,2023.0,12.0,2.2,411242.0,420506.0
Ohio,2023.0,12.0,3.9,5643478.0,5873379.0
Oklahoma,2023.0,12.0,3.4,1924150.0,1991359.0
Oregon,2023.0,12.0,4.1,2091527.0,2180538.0
Pennsylvania,2023.0,12.0,3.7,6364274.0,6609695.0
Rhode Island,2023.0,12.0,3.7,568046.0,589859.0
South Carolina,2023.0,12.0,3.3,2440959.0,2524883.0
South Dakota,2023.0,12.0,1.8,473246.0,481868.0
Tennessee,2023.0,12.0,3.2,3316253.0,3426837.0
Texas,2023.0,12.0,4.0,14790565.0,15399395.0
Utah,2023.0,12.0,3.0,1758645.0,1812714.0
Vermont,2023.0,12.0,2.0,345382.0,352572.0
Virginia,2023.0,12.0,2.8,4426962.0,4555358.0
Washington,2023.0,12.0,4.6,3853381.0,4038763.0
West Virginia,2023.0,12.0,4.2,759270.0,792399.0
Wisconsin,2023.0,12.0,2.9,3046702.0,3137952.0
Wyoming,2023.0,12.0,2.8,284150.0,292425.0
Alabama,2024.0,1.0,2.9,2274517.0,2341587.0
Alaska,2024.0,1.0,4.5,342233.0,358314.0
Arizona,2024.0,1.0,3.5,3584886.0,3715794.0
Arkansas,2024.0,1.0,3.4,1350782.0,1398700.0
California,2024.0,1.0,5.1,18607378.0,19611227.0
Colorado,2024.0,1.0,3.8,3126492.0,3249473.0
Connecticut,2024.0,1.0,3.3,1857624.0,1920171.0
Delaware,2024.0,1.0,3.9,490257.0,509953.0
District of Columbia,2024.0,1.0,5.1,391594.0,412592.0
Florida,2024.0,1.0,3.1,10751001.0,11100291.0
Georgia,2024.0,1.0,3.2,5233587.0,5408092.0
Hawaii,2024.0,1.0,2.8,660005.0,679214.0
Idaho,2024.0,1.0,3.4,952264.0,986066.0
Illinois,2024.0,1.0,4.9,6272418.0,6592588.0
Indiana,2024.0,1.0,3.7,3307122.0,3435203.0
Iowa,2024.0,1.0,2.8,1653188.0,1701001.0
Kansas,2024.0,1.0,3.1,1486034.0,1532921.0
Kentucky,2024.0,1.0,4.6,1977753.0,2072833.0
Louisiana,2024.0,1.0,4.2,1998824.0,2085788.0
Maine,2024.0,1.0,2.8,681150.0,700831.0
Maryland,2024.0,1.0,2.8,3134809.0,3225487.0
Massachusetts,2024.0,1.0,3.7,3736659.0,3881436.0
Michigan,2024.0,1.0,3.9,4839149.0,5037855.0
Minnesota,2024.0,1.0,2.8,3024706.0,3112774.0
Mississippi,2024.0,1.0,2.8,1218877.0,1254189.0
Missouri,2024.0,1.0,3.5,3017769.0,3126116.0
Montana,2024.0,1.0,3.1,557475.0,575231.0
Nebraska,2024.0,1.0,2.5,1042508.0,1069771.0
Nevada,2024.0,1.0,5.2,1540552.0,1625601.0
New Hampshire,2024.0,1.0,2.3,748590.0,766238.0
New Jersey,2024.0,1.0,4.5,4666903.0,4887577.0
New Mexico,2024.0,1.0,3.8,938115.0,975151.0
New York,2024.0,1.0,4.1,9485047.0,9894797.0
North Carolina,2024.0,1.0,3.5,5104015.0,5291403.0
North Dakota,2024.0,1.0,2.2,411599.0,420903.0
Ohio,2024.0,1.0,3.9,5646145.0,5878180.0
Oklahoma,2024.0,1.0,3.3,1925805.0,1992262.0
Oregon,2024.0,1.0,4.1,2092284.0,2182307.0
Pennsylvania,2024.0,1.0,3.7,6365227.0,6609810.0
Rhode Island,2024.0,1.0,3.8,568634.0,591198.0
South Carolina,2024.0,1.0,3.4,2442253.0,2529376.0
South Dakota,2024.0,1.0,1.8,473570.0,482012.0
Tennessee,2024.0,1.0,3.2,3319380.0,3428697.0
Texas,2024.0,1.0,4.0,14818390.0,15429166.0
Utah,2024.0,1.0,3.0,1759454.0,1814243.0
Vermont,2024.0,1.0,2.0,345732.0,352940.0
Virginia,2024.0,1.0,2.8,4426597.0,4553867.0
Washington,2024.0,1.0,4.6,3852319.0,4037506.0
West Virginia,2024.0,1.0,4.2,759354.0,792451.0
Wisconsin,2024.0,1.0,2.9,3047535.0,3138074.0
Wyoming,2024.0,1.0,2.8,283944.0,292250.0
Alabama,2024.0,2.0,2.9,2277047.0,2344465.0
Alaska,2024.0,2.0,4.5,342405.0,358460.0
Arizona,2024.0,2.0,3.4,3589877.0,3718051.0
Arkansas,2024.0,2.0,3.4,1353017.0,1400714.0
California,2024.0,2.0,5.1,18606616.0,19611939.0
Colorado,2024.0,2.0,3.9,3127278.0,3252551.0
Connecticut,2024.0,2.0,3.2,1860677.0,1922476.0
Delaware,2024.0,2.0,3.8,490125.0,509680.0
District of Columbia,2024.0,2.0,5.1,391867.0,412926.0
Florida,2024.0,2.0,3.2,10750309.0,11102273.0
Georgia,2024.0,2.0,3.2,5235819.0,5411667.0
Hawaii,2024.0,2.0,2.8,660093.0,679107.0
Idaho,2024.0,2.0,3.5,953657.0,987762.0
Illinois,2024.0,2.0,4.9,6279272.0,6603199.0
Indiana,2024.0,2.0,3.8,3308845.0,3439531.0
Iowa,2024.0,2.0,2.8,1653512.0,1700854.0
Kansas,2024.0,2.0,3.1,1486876.0,1535158.0
Kentucky,2024.0,2.0,4.6,1980535.0,2076734.0
Louisiana,2024.0,2.0,4.1,1998142.0,2084625.0
Maine,2024.0,2.0,2.8,682229.0,701899.0
Maryland,2024.0,2.0,2.9,3136959.0,3230773.0
Massachusetts,2024.0,2.0,3.8,3744290.0,3891422.0
Michigan,2024.0,2.0,4.0,4838058.0,5040060.0
Minnesota,2024.0,2.0,2.9,3027513.0,3117171.0
Mississippi,2024.0,2.0,2.8,1221505.0,1256504.0
Missouri,2024.0,2.0,3.5,3018722.0,3128566.0
Montana,2024.0,2.0,3.1,558010.0,575616.0
Nebraska,2024.0,2.0,2.6,1043075.0,1070453.0
Nevada,2024.0,2.0,5.2,1542610.0,1628061.0
New Hampshire,2024.0,2.0,2.3,749357.0,767139.0
New Jersey,2024.0,2.0,4.5,4670463.0,4890460.0
New Mexico,2024.0,2.0,3.8,939257.0,976709.0
New York,2024.0,2.0,4.1,9489609.0,9897589.0
North Carolina,2024.0,2.0,3.5,5104873.0,5292579.0
North Dakota,2024.0,2.0,2.2,412026.0,421392.0
Ohio,2024.0,2.0,4.0,5650513.0,5886425.0
Oklahoma,2024.0,2.0,3.3,1927123.0,1992783.0
Oregon,2024.0,2.0,4.1,2093564.0,2184176.0
Pennsylvania,2024.0,2.0,3.7,6363033.0,6606786.0
Rhode Island,2024.0,2.0,3.9,569156.0,592319.0
South Carolina,2024.0,2.0,3.6,2444329.0,2534679.0
South Dakota,2024.0,2.0,1.7,473918.0,482266.0
Tennessee,2024.0,2.0,3.2,3322867.0,3431341.0
Texas,2024.0,2.0,4.0,14849410.0,15464756.0
Utah,2024.0,2.0,3.1,1760478.0,1816218.0
Vermont,2024.0,2.0,2.1,345949.0,353209.0
Virginia,2024.0,2.0,2.8,4426587.0,4552678.0
Washington,2024.0,2.0,4.6,3852528.0,4037206.0
West Virginia,2024.0,2.0,4.2,759530.0,792475.0
Wisconsin,2024.0,2.0,2.9,3048055.0,3138813.0
Wyoming,2024.0,2.0,2.9,283790.0,292186.0
Alabama,2024.0,3.0,2.9,2279641.0,2347252.0
Alaska,2024.0,3.0,4.5,342726.0,358813.0
Arizona,2024.0,3.0,3.4,3594312.0,3721752.0
Arkansas,2024.0,3.0,3.4,1355512.0,1403289.0
California,2024.0,3.0,5.2,18607453.0,19617893.0
Colorado,2024.0,3.0,3.9,3128524.0,3256027.0
Connecticut,2024.0,3.0,3.2,1863710.0,1925045.0
Delaware,2024.0,3.0,3.8,490053.0,509669.0
District of Columbia,2024.0,3.0,5.1,391965.0,413166.0
Florida,2024.0,3.0,3.2,10750235.0,11106525.0
Georgia,2024.0,3.0,3.3,5237726.0,5416847.0
Hawaii,2024.0,3.0,2.8,660476.0,679390.0
Idaho,2024.0,3.0,3.5,955279.0,989837.0
Illinois,2024.0,3.0,5.0,6286374.0,6616478.0
Indiana,2024.0,3.0,3.9,3311966.0,3445818.0
Iowa,2024.0,3.0,2.8,1654227.0,1702088.0
Kansas,2024.0,3.0,3.3,1487916.0,1538092.0
Kentucky,2024.0,3.0,4.7,1983526.0,2081075.0
Louisiana,2024.0,3.0,4.1,1998248.0,2084166.0
Maine,2024.0,3.0,2.8,683381.0,703155.0
Maryland,2024.0,3.0,3.0,3137739.0,3234164.0
Massachusetts,2024.0,3.0,3.8,3751961.0,3900976.0
Michigan,2024.0,3.0,4.2,4835282.0,5045007.0
Minnesota,2024.0,3.0,3.0,3030569.0,3122769.0
Mississippi,2024.0,3.0,2.8,1224462.0,1259672.0
Missouri,2024.0,3.0,3.6,3019782.0,3132019.0
Montana,2024.0,3.0,3.0,558842.0,576350.0
Nebraska,2024.0,3.0,2.6,1043862.0,1071551.0
Nevada,2024.0,3.0,5.3,1544844.0,1631187.0
New Hampshire,2024.0,3.0,2.4,749941.0,768071.0
New Jersey,2024.0,3.0,4.5,4674073.0,4895118.0
New Mexico,2024.0,3.0,3.9,939924.0,978138.0
New York,2024.0,3.0,4.1,9494839.0,9904307.0
North Carolina,2024.0,3.0,3.6,5105813.0,5294790.0
North Dakota,2024.0,3.0,2.3,412519.0,422067.0
Ohio,2024.0,3.0,4.1,5655691.0,5897533.0
Oklahoma,2024.0,3.0,3.3,1928397.0,1993556.0
Oregon,2024.0,3.0,4.2,2095258.0,2186324.0
Pennsylvania,2024.0,3.0,3.7,6357974.0,6602101.0
Rhode Island,2024.0,3.0,4.0,569481.0,593238.0
South Carolina,2024.0,3.0,3.7,2446935.0,2541500.0
South Dakota,2024.0,3.0,1.7,474303.0,482692.0
Tennessee,2024.0,3.0,3.2,3327239.0,3436116.0
Texas,2024.0,3.0,4.0,14881941.0,15504849.0
Utah,2024.0,3.0,3.1,1761705.0,1818781.0
Vermont,2024.0,3.0,2.1,346006.0,353394.0
Virginia,2024.0,3.0,2.8,4426233.0,4552210.0
Washington,2024.0,3.0,4.6,3853546.0,4038195.0
West Virginia,2024.0,3.0,4.1,759682.0,792466.0
Wisconsin,2024.0,3.0,2.9,3048314.0,3140139.0
Wyoming,2024.0,3.0,2.9,283676.0,292234.0
Alabama,2024.0,4.0,2.9,2282284.0,2350202.0
Alaska,2024.0,4.0,4.5,343184.0,359345.0
Arizona,2024.0,4.0,3.5,3597990.0,3726761.0
Arkansas,2024.0,4.0,3.4,1358240.0,1406254.0
California,2024.0,4.0,5.2,18618273.0,19638180.0
Colorado,2024.0,4.0,4.0,3130127.0,3259976.0
Connecticut,2024.0,4.0,3.2,1866345.0,1927691.0
Delaware,2024.0,4.0,3.9,490045.0,509862.0
District of Columbia,2024.0,4.0,5.2,391845.0,413275.0
Florida,2024.0,4.0,3.3,10751626.0,11113287.0
Georgia,2024.0,4.0,3.4,5239693.0,5423031.0
Hawaii,2024.0,4.0,2.8,661294.0,680196.0
Idaho,2024.0,4.0,3.5,957222.0,992304.0
Illinois,2024.0,4.0,5.1,6294426.0,6630564.0
Indiana,2024.0,4.0,4.0,3316601.0,3453887.0
Iowa,2024.0,4.0,2.9,1655203.0,1704384.0
Kansas,2024.0,4.0,3.4,1489263.0,1541458.0
Kentucky,2024.0,4.0,4.8,1986757.0,2085857.0
Louisiana,2024.0,4.0,4.1,1999022.0,2084820.0
Maine,2024.0,4.0,2.8,684547.0,704564.0
Maryland,2024.0,4.0,3.0,3138247.0,3236735.0
Massachusetts,2024.0,4.0,3.9,3759080.0,3910936.0
Michigan,2024.0,4.0,4.4,4831852.0,5051791.0
Minnesota,2024.0,4.0,3.0,3033414.0,3128586.0
Mississippi,2024.0,4.0,2.8,1227646.0,1263512.0
Missouri,2024.0,4.0,3.7,3021377.0,3136404.0
Montana,2024.0,4.0,3.0,559870.0,577398.0
Nebraska,2024.0,4.0,2.6,1044897.0,1073087.0
Nevada,2024.0,4.0,5.4,1547197.0,1634683.0
New Hampshire,2024.0,4.0,2.4,750477.0,769086.0
New Jersey,2024.0,4.0,4.6,4677203.0,4900580.0
New Mexico,2024.0,4.0,4.0,940275.0,979452.0
New York,2024.0,4.0,4.2,9501252.0,9914778.0
North Carolina,2024.0,4.0,3.6,5106738.0,5297456.0
North Dakota,2024.0,4.0,2.3,413108.0,422930.0
Ohio,2024.0,4.0,4.2,5661340.0,5909763.0
Oklahoma,2024.0,4.0,3.3,1929984.0,1994846.0
Oregon,2024.0,4.0,4.2,2097094.0,2188533.0
Pennsylvania,2024.0,4.0,3.7,6350698.0,6596095.0
Rhode Island,2024.0,4.0,4.1,569577.0,593992.0
South Carolina,2024.0,4.0,3.9,2449875.0,2549807.0
South Dakota,2024.0,4.0,1.8,474785.0,483308.0
Tennessee,2024.0,4.0,3.2,3332698.0,3443236.0
Texas,2024.0,4.0,4.1,14916012.0,15547567.0
Utah,2024.0,4.0,3.2,1763173.0,1821796.0
Vermont,2024.0,4.0,2.1,346005.0,353587.0
Virginia,2024.0,4.0,2.8,4425341.0,4552271.0
Washington,2024.0,4.0,4.6,3856086.0,4040906.0
West Virginia,2024.0,4.0,4.1,759704.0,792300.0
Wisconsin,2024.0,4.0,3.0,3048659.0,3141624.0
Wyoming,2024.0,4.0,3.0,283601.0,292361.0
Alabama,2024.0,5.0,2.9,2284687.0,2353106.0
Alaska,2024.0,5.0,4.5,343720.0,359970.0
Arizona,2024.0,5.0,3.5,3601082.0,3732625.0
Arkansas,2024.0,5.0,3.4,1361114.0,1409402.0
California,2024.0,5.0,5.2,18641310.0,19673274.0
Colorado,2024.0,5.0,4.1,3132076.0,3264467.0
Connecticut,2024.0,5.0,3.2,1868510.0,1930318.0
Delaware,2024.0,5.0,3.9,490169.0,510213.0
District of Columbia,2024.0,5.0,5.2,391569.0,413259.0
Florida,2024.0,5.0,3.3,10753887.0,11122051.0
Georgia,2024.0,5.0,3.4,5242266.0,5429535.0
Hawaii,2024.0,5.0,2.8,662460.0,681401.0
Idaho,2024.0,5.0,3.6,959452.0,994993.0
Illinois,2024.0,5.0,5.1,6303352.0,6643662.0
Indiana,2024.0,5.0,4.1,3322839.0,3463227.0
Iowa,2024.0,5.0,3.0,1656171.0,1707124.0
Kansas,2024.0,5.0,3.5,1491054.0,1544960.0
Kentucky,2024.0,5.0,4.8,1990355.0,2090981.0
Louisiana,2024.0,5.0,4.1,2000078.0,2086574.0
Maine,2024.0,5.0,2.9,685704.0,706070.0
Maryland,2024.0,5.0,3.1,3139679.0,3240926.0
Massachusetts,2024.0,5.0,4.0,3765106.0,3920289.0
Michigan,2024.0,5.0,4.5,4828944.0,5059075.0
Minnesota,2024.0,5.0,3.1,3035896.0,3133745.0
Mississippi,2024.0,5.0,2.9,1231185.0,1268165.0
Missouri,2024.0,5.0,3.7,3024646.0,3141943.0
Montana,2024.0,5.0,3.0,560954.0,578566.0
Nebraska,2024.0,5.0,2.7,1046244.0,1074985.0
Nevada,2024.0,5.0,5.4,1549773.0,1638289.0
New Hampshire,2024.0,5.0,2.5,751025.0,770110.0
New Jersey,2024.0,5.0,4.6,4679875.0,4905629.0
New Mexico,2024.0,5.0,4.1,940587.0,980744.0
New York,2024.0,5.0,4.2,9509659.0,9927285.0
North Carolina,2024.0,5.0,3.6,5107755.0,5300022.0
North Dakota,2024.0,5.0,2.4,413818.0,423915.0
Ohio,2024.0,5.0,4.3,5668110.0,5922108.0
Oklahoma,2024.0,5.0,3.2,1931949.0,1996551.0
Oregon,2024.0,5.0,4.2,2099030.0,2190845.0
Pennsylvania,2024.0,5.0,3.7,6342462.0,6589474.0
Rhode Island,2024.0,5.0,4.2,569461.0,594534.0
South Carolina,2024.0,5.0,4.1,2453339.0,2558925.0
South Dakota,2024.0,5.0,1.8,475414.0,484090.0
Tennessee,2024.0,5.0,3.3,3338461.0,3451411.0
Texas,2024.0,5.0,4.1,14951444.0,15590962.0
Utah,2024.0,5.0,3.3,1764939.0,1825022.0
Vermont,2024.0,5.0,2.2,345984.0,353797.0
Virginia,2024.0,5.0,2.8,4424285.0,4552841.0
Washington,2024.0,5.0,4.6,3859779.0,4044596.0
West Virginia,2024.0,5.0,4.1,759567.0,791963.0
Wisconsin,2024.0,5.0,3.0,3049623.0,3143322.0
Wyoming,2024.0,5.0,3.1,283564.0,292521.0
Alabama,2024.0,6.0,2.9,2287236.0,2356478.0
Alaska,2024.0,6.0,4.5,344196.0,360554.0
Arizona,2024.0,6.0,3.6,3603334.0,3738461.0
Arkansas,2024.0,6.0,3.4,1363669.0,1412275.0
California,2024.0,6.0,5.3,18658338.0,19703210.0
Colorado,2024.0,6.0,4.1,3133393.0,3268553.0
Connecticut,2024.0,6.0,3.2,1869853.0,1932464.0
Delaware,2024.0,6.0,4.0,490414.0,510608.0
District of Columbia,2024.0,6.0,5.3,391264.0,413193.0
Florida,2024.0,6.0,3.4,10753302.0,11127717.0
Georgia,2024.0,6.0,3.5,5243343.0,5433380.0
Hawaii,2024.0,6.0,2.8,663493.0,682514.0
Idaho,2024.0,6.0,3.6,961565.0,997430.0
Illinois,2024.0,6.0,5.1,6310724.0,6652901.0
Indiana,2024.0,6.0,4.1,3329594.0,3472328.0
Iowa,2024.0,6.0,3.1,1656408.0,1709383.0
Kansas,2024.0,6.0,3.6,1493023.0,1548236.0
Kentucky,2024.0,6.0,4.9,1994074.0,2096009.0
Louisiana,2024.0,6.0,4.2,2000658.0,2088698.0
Maine,2024.0,6.0,2.9,686616.0,707413.0
Maryland,2024.0,6.0,3.2,3139429.0,3243030.0
Massachusetts,2024.0,6.0,4.0,3769087.0,3926808.0
Michigan,2024.0,6.0,4.7,4826246.0,5065022.0
Minnesota,2024.0,6.0,3.2,3037803.0,3137807.0
Mississippi,2024.0,6.0,3.0,1234357.0,1272868.0
Missouri,2024.0,6.0,3.8,3027986.0,3146518.0
Montana,2024.0,6.0,3.1,561765.0,579439.0
Nebraska,2024.0,6.0,2.7,1047761.0,1077036.0
Nevada,2024.0,6.0,5.4,1552263.0,1641526.0
New Hampshire,2024.0,6.0,2.5,751452.0,770962.0
New Jersey,2024.0,6.0,4.6,4681207.0,4908702.0
New Mexico,2024.0,6.0,4.2,940889.0,981879.0
New York,2024.0,6.0,4.2,9517357.0,9937299.0
North Carolina,2024.0,6.0,3.6,5107962.0,5301411.0
North Dakota,2024.0,6.0,2.4,414533.0,424862.0
Ohio,2024.0,6.0,4.3,5674693.0,5932666.0
Oklahoma,2024.0,6.0,3.2,1933835.0,1998141.0
Oregon,2024.0,6.0,4.2,2100450.0,2192807.0
Pennsylvania,2024.0,6.0,3.8,6332788.0,6581371.0
Rhode Island,2024.0,6.0,4.3,569067.0,594706.0
South Carolina,2024.0,6.0,4.3,2456786.0,2567402.0
South Dakota,2024.0,6.0,1.8,476093.0,484900.0
Tennessee,2024.0,6.0,3.3,3343127.0,3458781.0
Texas,2024.0,6.0,4.1,14984075.0,15630973.0
Utah,2024.0,6.0,3.3,1766595.0,1827812.0
Vermont,2024.0,6.0,2.3,345851.0,353904.0
Virginia,2024.0,6.0,2.9,4422477.0,4553133.0
Washington,2024.0,6.0,4.6,3861817.0,4046264.0
West Virginia,2024.0,6.0,4.1,759151.0,791357.0
Wisconsin,2024.0,6.0,3.0,3050916.0,3144858.0
Wyoming,2024.0,6.0,3.1,283485.0,292613.0
Alabama,2024.0,7.0,3.0,2290122.0,2360530.0
Alaska,2024.0,7.0,4.6,344481.0,360954.0
Arizona,2024.0,7.0,3.7,3604686.0,3743709.0
Arkansas,2024.0,7.0,3.5,1365550.0,1414569.0
California,2024.0,7.0,5.4,18668685.0,19725484.0
Colorado,2024.0,7.0,4.2,3133305.0,3271217.0
Connecticut,2024.0,7.0,3.3,1870606.0,1934186.0
Delaware,2024.0,7.0,4.0,490720.0,510948.0
District of Columbia,2024.0,7.0,5.4,391052.0,413164.0
Florida,2024.0,7.0,3.4,10748045.0,11128004.0
Georgia,2024.0,7.0,3.5,5242704.0,5434127.0
Hawaii,2024.0,7.0,2.8,664280.0,683378.0
Idaho,2024.0,7.0,3.6,963168.0,999252.0
Illinois,2024.0,7.0,5.1,6315608.0,6657256.0
Indiana,2024.0,7.0,4.1,3335624.0,3479960.0
Iowa,2024.0,7.0,3.2,1655564.0,1710631.0
Kansas,2024.0,7.0,3.6,1494833.0,1551110.0
Kentucky,2024.0,7.0,4.9,1997591.0,2100537.0
Louisiana,2024.0,7.0,4.3,2000118.0,2090335.0
Maine,2024.0,7.0,3.0,687110.0,708382.0
Maryland,2024.0,7.0,3.3,3139125.0,3245097.0
Massachusetts,2024.0,7.0,4.1,3770797.0,3930779.0
Michigan,2024.0,7.0,4.8,4822947.0,5068756.0
Minnesota,2024.0,7.0,3.2,3039484.0,3141098.0
Mississippi,2024.0,7.0,3.2,1236814.0,1277235.0
Missouri,2024.0,7.0,3.8,3030515.0,3149358.0
Montana,2024.0,7.0,3.0,562014.0,579661.0
Nebraska,2024.0,7.0,2.8,1049247.0,1078999.0
Nevada,2024.0,7.0,5.5,1554335.0,1644095.0
New Hampshire,2024.0,7.0,2.6,751665.0,771573.0
New Jersey,2024.0,7.0,4.7,4680124.0,4908756.0
New Mexico,2024.0,7.0,4.2,941128.0,982694.0
New York,2024.0,7.0,4.2,9522427.0,9942561.0
North Carolina,2024.0,7.0,3.7,5106269.0,5300665.0
North Dakota,2024.0,7.0,2.5,415113.0,425630.0
Ohio,2024.0,7.0,4.4,5679934.0,5941030.0
Oklahoma,2024.0,7.0,3.2,1935348.0,1999324.0
Oregon,2024.0,7.0,4.2,2100731.0,2193934.0
Pennsylvania,2024.0,7.0,3.8,6321005.0,6571138.0
Rhode Island,2024.0,7.0,4.4,568474.0,594565.0
South Carolina,2024.0,7.0,4.4,2459593.0,2573791.0
South Dakota,2024.0,7.0,1.8,476706.0,485620.0
Tennessee,2024.0,7.0,3.4,3345835.0,3464192.0
Texas,2024.0,7.0,4.2,15011188.0,15665161.0
Utah,2024.0,7.0,3.4,1767814.0,1829745.0
Vermont,2024.0,7.0,2.3,345583.0,353868.0
Virginia,2024.0,7.0,2.9,4419825.0,4552811.0
Washington,2024.0,7.0,4.5,3861720.0,4045255.0
West Virginia,2024.0,7.0,4.1,758383.0,790414.0
Wisconsin,2024.0,7.0,3.0,3051744.0,3145758.0
Wyoming,2024.0,7.0,3.2,283300.0,292583.0
Alabama,2024.0,8.0,3.0,2293236.0,2364919.0
Alaska,2024.0,8.0,4.6,344680.0,361241.0
Arizona,2024.0,8.0,3.8,3606424.0,3749144.0
Arkansas,2024.0,8.0,3.5,1366994.0,1416510.0
California,2024.0,8.0,5.4,18675475.0,19740428.0
Colorado,2024.0,8.0,4.3,3132873.0,3272972.0
Connecticut,2024.0,8.0,3.3,1871614.0,1936144.0
Delaware,2024.0,8.0,3.9,491150.0,511308.0
District of Columbia,2024.0,8.0,5.4,391040.0,413239.0
Florida,2024.0,8.0,3.4,10741396.0,11124952.0
Georgia,2024.0,8.0,3.5,5241555.0,5432917.0
Hawaii,2024.0,8.0,2.8,664983.0,684066.0
Idaho,2024.0,8.0,3.6,964442.0,1000682.0
Illinois,2024.0,8.0,5.1,6320073.0,6658576.0
Indiana,2024.0,8.0,4.2,3341344.0,3486627.0
Iowa,2024.0,8.0,3.3,1654998.0,1711895.0
Kansas,2024.0,8.0,3.7,1496576.0,1553705.0
Kentucky,2024.0,8.0,4.9,2000810.0,2104458.0
Louisiana,2024.0,8.0,4.4,1998650.0,2090922.0
Maine,2024.0,8.0,3.1,687318.0,709065.0
Maryland,2024.0,8.0,3.3,3139726.0,3247286.0
Massachusetts,2024.0,8.0,4.1,3772043.0,3933101.0
Michigan,2024.0,8.0,5.0,4819832.0,5071389.0
Minnesota,2024.0,8.0,3.3,3041950.0,3144358.0
Mississippi,2024.0,8.0,3.3,1239082.0,1281499.0
Missouri,2024.0,8.0,3.8,3032340.0,3150836.0
Montana,2024.0,8.0,3.0,561847.0,579321.0
Nebraska,2024.0,8.0,2.8,1050862.0,1080959.0
Nevada,2024.0,8.0,5.5,1556239.0,1646278.0
New Hampshire,2024.0,8.0,2.6,751818.0,772153.0
New Jersey,2024.0,8.0,4.7,4677402.0,4906661.0
New Mexico,2024.0,8.0,4.3,941646.0,983469.0
New York,2024.0,8.0,4.2,9526402.0,9944781.0
North Carolina,2024.0,8.0,3.7,5103539.0,5298793.0
North Dakota,2024.0,8.0,2.5,415553.0,426197.0
Ohio,2024.0,8.0,4.4,5683993.0,5948275.0
Oklahoma,2024.0,8.0,3.2,1937101.0,2000628.0
Oregon,2024.0,8.0,4.3,2100896.0,2195285.0
Pennsylvania,2024.0,8.0,3.8,6308807.0,6560780.0
Rhode Island,2024.0,8.0,4.4,568027.0,594377.0
South Carolina,2024.0,8.0,4.5,2462227.0,2577914.0
South Dakota,2024.0,8.0,1.9,477276.0,486273.0
Tennessee,2024.0,8.0,3.5,3348254.0,3468960.0
Texas,2024.0,8.0,4.2,15036721.0,15695870.0
Utah,2024.0,8.0,3.4,1768984.0,1831154.0
Vermont,2024.0,8.0,2.4,345321.0,353798.0
Virginia,2024.0,8.0,3.0,4417725.0,4552984.0
Washington,2024.0,8.0,4.5,3860937.0,4042610.0
West Virginia,2024.0,8.0,4.0,757428.0,789243.0
Wisconsin,2024.0,8.0,3.0,3051990.0,3146428.0
Wyoming,2024.0,8.0,3.2,283054.0,292485.0
Alabama,2024.0,9.0,3.1,2296615.0,2369298.0
Alaska,2024.0,9.0,4.6,344923.0,361522.0
Arizona,2024.0,9.0,3.9,3609058.0,3755057.0
Arkansas,2024.0,9.0,3.5,1368081.0,1418270.0
California,2024.0,9.0,5.4,18671718.0,19739738.0
Colorado,2024.0,9.0,4.3,3132634.0,3274045.0
Connecticut,2024.0,9.0,3.4,1872782.0,1938215.0
Delaware,2024.0,9.0,3.9,491643.0,511724.0
District of Columbia,2024.0,9.0,5.4,391317.0,413560.0
Florida,2024.0,9.0,3.5,10735478.0,11120132.0
Georgia,2024.0,9.0,3.5,5238878.0,5429124.0
Hawaii,2024.0,9.0,2.8,665578.0,684509.0
Idaho,2024.0,9.0,3.6,965562.0,1001939.0
Illinois,2024.0,9.0,5.0,6324365.0,6657532.0
Indiana,2024.0,9.0,4.2,3347169.0,3492639.0
Iowa,2024.0,9.0,3.4,1655763.0,1714009.0
Kansas,2024.0,9.0,3.7,1498206.0,1555966.0
Kentucky,2024.0,9.0,4.9,2003457.0,2107433.0
Louisiana,2024.0,9.0,4.5,1996924.0,2090393.0
Maine,2024.0,9.0,3.1,687259.0,709455.0
Maryland,2024.0,9.0,3.3,3137947.0,3245137.0
Massachusetts,2024.0,9.0,4.1,3774062.0,3935220.0
Michigan,2024.0,9.0,5.1,4817108.0,5073576.0
Minnesota,2024.0,9.0,3.3,3045245.0,3147710.0
Mississippi,2024.0,9.0,3.4,1241141.0,1285448.0
Missouri,2024.0,9.0,3.7,3032217.0,3150245.0
Montana,2024.0,9.0,3.0,561427.0,578616.0
Nebraska,2024.0,9.0,2.8,1052629.0,1082969.0
Nevada,2024.0,9.0,5.5,1558097.0,1648253.0
New Hampshire,2024.0,9.0,2.7,751886.0,772732.0
New Jersey,2024.0,9.0,4.7,4673790.0,4903661.0
New Mexico,2024.0,9.0,4.2,942545.0,984368.0
New York,2024.0,9.0,4.2,9529565.0,9945041.0
North Carolina,2024.0,9.0,3.7,5100699.0,5296912.0
North Dakota,2024.0,9.0,2.5,415877.0,426589.0
Ohio,2024.0,9.0,4.5,5685599.0,5953993.0
Oklahoma,2024.0,9.0,3.1,1939199.0,2002153.0
Oregon,2024.0,9.0,4.4,2101654.0,2197586.0
Pennsylvania,2024.0,9.0,3.9,6296947.0,6551356.0
Rhode Island,2024.0,9.0,4.4,567856.0,594297.0
South Carolina,2024.0,9.0,4.5,2464986.0,2580056.0
South Dakota,2024.0,9.0,1.9,477793.0,486854.0
Tennessee,2024.0,9.0,3.5,3352089.0,3474605.0
Texas,2024.0,9.0,4.2,15062274.0,15723350.0
Utah,2024.0,9.0,3.4,1770232.0,1832233.0
Vermont,2024.0,9.0,2.4,345086.0,353705.0
Virginia,2024.0,9.0,3.0,4416141.0,4553411.0
Washington,2024.0,9.0,4.4,3859896.0,4039037.0
West Virginia,2024.0,9.0,4.0,756389.0,787891.0
Wisconsin,2024.0,9.0,3.0,3051353.0,3146941.0
Wyoming,2024.0,9.0,3.3,282757.0,292307.0
Alabama,2024.0,10.0,3.1,2299416.0,2372572.0
Alaska,2024.0,10.0,4.6,345263.0,361833.0
Arizona,2024.0,10.0,4.0,3612363.0,3761189.0
Arkansas,2024.0,10.0,3.6,1368786.0,1419842.0
California,2024.0,10.0,5.4,18682863.0,19748657.0
Colorado,2024.0,10.0,4.3,3132333.0,3274230.0
Connecticut,2024.0,10.0,3.4,1873621.0,1939945.0
Delaware,2024.0,10.0,3.9,492040.0,512133.0
District of Columbia,2024.0,10.0,5.4,391747.0,414091.0
Florida,2024.0,10.0,3.5,10731276.0,11116877.0
Georgia,2024.0,10.0,3.5,5236734.0,5425189.0
Hawaii,2024.0,10.0,2.7,666567.0,685209.0
Idaho,2024.0,10.0,3.6,966430.0,1002913.0
Illinois,2024.0,10.0,4.9,6328108.0,6654765.0
Indiana,2024.0,10.0,4.1,3353046.0,3497485.0
Iowa,2024.0,10.0,3.4,1657874.0,1716983.0
Kansas,2024.0,10.0,3.7,1499681.0,1557847.0
Kentucky,2024.0,10.0,4.9,2005351.0,2109114.0
Louisiana,2024.0,10.0,4.5,1995560.0,2089020.0
Maine,2024.0,10.0,3.2,686935.0,709513.0
Maryland,2024.0,10.0,3.3,3137871.0,3246054.0
Massachusetts,2024.0,10.0,4.1,3776524.0,3937670.0
Michigan,2024.0,10.0,5.1,4814361.0,5075135.0
Minnesota,2024.0,10.0,3.2,3048488.0,3150789.0
Mississippi,2024.0,10.0,3.6,1243212.0,1289297.0
Missouri,2024.0,10.0,3.7,3033268.0,3151313.0
Montana,2024.0,10.0,2.9,560773.0,577650.0
Nebraska,2024.0,10.0,2.8,1054429.0,1084937.0
Nevada,2024.0,10.0,5.5,1559896.0,1649918.0
New Hampshire,2024.0,10.0,2.8,751766.0,773196.0
New Jersey,2024.0,10.0,4.7,4669184.0,4900103.0
New Mexico,2024.0,10.0,4.2,943701.0,985336.0
New York,2024.0,10.0,4.1,9533035.0,9944825.0
North Carolina,2024.0,10.0,3.7,5097624.0,5294735.0
North Dakota,2024.0,10.0,2.5,416159.0,426909.0
Ohio,2024.0,10.0,4.6,5685629.0,5959154.0
Oklahoma,2024.0,10.0,3.1,1941228.0,2003563.0
Oregon,2024.0,10.0,4.4,2102423.0,2200236.0
Pennsylvania,2024.0,10.0,3.9,6285323.0,6542450.0
Rhode Island,2024.0,10.0,4.5,567857.0,594317.0
South Carolina,2024.0,10.0,4.4,2467853.0,2580702.0
South Dakota,2024.0,10.0,1.9,478273.0,487413.0
Tennessee,2024.0,10.0,3.6,3357186.0,3480823.0
Texas,2024.0,10.0,4.2,15086833.0,15745766.0
Utah,2024.0,10.0,3.4,1771430.0,1832988.0
Vermont,2024.0,10.0,2.5,344853.0,353576.0
Virginia,2024.0,10.0,3.1,4414466.0,4553527.0
Washington,2024.0,10.0,4.4,3861103.0,4037685.0
West Virginia,2024.0,10.0,3.9,755327.0,786361.0
Wisconsin,2024.0,10.0,3.1,3049331.0,3146548.0
Wyoming,2024.0,10.0,3.3,282392.0,291996.0
Alabama,2024.0,11.0,3.1,2301783.0,2374942.0
Alaska,2024.0,11.0,4.6,345725.0,362242.0
Arizona,2024.0,11.0,4.0,3616149.0,3767683.0
Arkansas,2024.0,11.0,3.7,1369231.0,1421285.0
California,2024.0,11.0,5.4,18693239.0,19754660.0
Colorado,2024.0,11.0,4.3,3132055.0,3273918.0
Connecticut,2024.0,11.0,3.5,1874028.0,1941347.0
Delaware,2024.0,11.0,4.0,492273.0,512561.0
District of Columbia,2024.0,11.0,5.5,392011.0,414640.0
Florida,2024.0,11.0,3.5,10729314.0,11115854.0
Georgia,2024.0,11.0,3.4,5234579.0,5421199.0
Hawaii,2024.0,11.0,2.7,667770.0,686051.0
Idaho,2024.0,11.0,3.6,967102.0,1003692.0
Illinois,2024.0,11.0,4.8,6330069.0,6650971.0
Indiana,2024.0,11.0,4.1,3358958.0,3501124.0
Iowa,2024.0,11.0,3.5,1660849.0,1720593.0
Kansas,2024.0,11.0,3.7,1501063.0,1559540.0
Kentucky,2024.0,11.0,4.9,2006615.0,2109809.0
Louisiana,2024.0,11.0,4.4,1994846.0,2087210.0
Maine,2024.0,11.0,3.2,686421.0,709331.0
Maryland,2024.0,11.0,3.4,3137090.0,3246299.0
Massachusetts,2024.0,11.0,4.1,3778846.0,3939859.0
Michigan,2024.0,11.0,5.2,4811279.0,5075936.0
Minnesota,2024.0,11.0,3.3,3051038.0,3153783.0
Mississippi,2024.0,11.0,3.7,1244975.0,1292768.0
Missouri,2024.0,11.0,3.8,3033794.0,3152923.0
Montana,2024.0,11.0,2.9,560028.0,576707.0
Nebraska,2024.0,11.0,2.8,1056160.0,1086872.0
Nevada,2024.0,11.0,5.4,1561761.0,1651499.0
New Hampshire,2024.0,11.0,2.9,751427.0,773525.0
New Jersey,2024.0,11.0,4.8,4663984.0,4897135.0
New Mexico,2024.0,11.0,4.2,944830.0,986202.0
New York,2024.0,11.0,4.1,9538060.0,9946572.0
North Carolina,2024.0,11.0,3.7,5094520.0,5292575.0
North Dakota,2024.0,11.0,2.5,416438.0,427241.0
Ohio,2024.0,11.0,4.7,5684539.0,5963937.0
Oklahoma,2024.0,11.0,3.1,1943209.0,2005073.0
Oregon,2024.0,11.0,4.5,2102561.0,2202614.0
Pennsylvania,2024.0,11.0,4.0,6274824.0,6535011.0
Rhode Island,2024.0,11.0,4.5,567880.0,594365.0
South Carolina,2024.0,11.0,4.3,2470790.0,2580903.0
South Dakota,2024.0,11.0,1.9,478744.0,488016.0
Tennessee,2024.0,11.0,3.6,3363571.0,3487578.0
Texas,2024.0,11.0,4.2,15110371.0,15764862.0
Utah,2024.0,11.0,3.3,1772561.0,1833714.0
Vermont,2024.0,11.0,2.5,344519.0,353340.0
Virginia,2024.0,11.0,3.1,4411710.0,4552686.0
Washington,2024.0,11.0,4.3,3862895.0,4037927.0
West Virginia,2024.0,11.0,3.9,754334.0,784869.0
Wisconsin,2024.0,11.0,3.1,3045839.0,3144871.0
Wyoming,2024.0,11.0,3.3,281984.0,291570.0
Alabama,2024.0,12.0,3.1,2303975.0,2376888.0
Alaska,2024.0,12.0,4.5,346290.0,362787.0
Arizona,2024.0,12.0,4.1,3620131.0,3774525.0
Arkansas,2024.0,12.0,3.7,1369734.0,1422853.0
California,2024.0,12.0,5.4,18701026.0,19760542.0
Colorado,2024.0,12.0,4.3,3131936.0,3273572.0
Connecticut,2024.0,12.0,3.5,1873986.0,1942536.0
Delaware,2024.0,12.0,4.0,492344.0,513052.0
District of Columbia,2024.0,12.0,5.6,391919.0,415050.0
Florida,2024.0,12.0,3.5,10729104.0,11117838.0
Georgia,2024.0,12.0,3.4,5231603.0,5416920.0
Hawaii,2024.0,12.0,2.6,669004.0,686967.0
Idaho,2024.0,12.0,3.7,967740.0,1004459.0
Illinois,2024.0,12.0,4.8,6329667.0,6646902.0
Indiana,2024.0,12.0,4.0,3364548.0,3503731.0
Iowa,2024.0,12.0,3.5,1664199.0,1724571.0
Kansas,2024.0,12.0,3.8,1502396.0,1561191.0
Kentucky,2024.0,12.0,4.9,2007616.0,2110182.0
Louisiana,2024.0,12.0,4.4,1994919.0,2085904.0
Maine,2024.0,12.0,3.3,685876.0,709097.0
Maryland,2024.0,12.0,3.4,3132863.0,3243372.0
Massachusetts,2024.0,12.0,4.1,3781093.0,3944592.0
Michigan,2024.0,12.0,5.3,4807746.0,5075879.0
Minnesota,2024.0,12.0,3.3,3052984.0,3157318.0
Mississippi,2024.0,12.0,3.8,1245977.0,1295339.0
Missouri,2024.0,12.0,3.8,3033562.0,3154798.0
Montana,2024.0,12.0,2.9,559364.0,576072.0
Nebraska,2024.0,12.0,2.9,1057789.0,1088834.0
Nevada,2024.0,12.0,5.4,1563805.0,1653296.0
New Hampshire,2024.0,12.0,3.0,750975.0,773825.0
New Jersey,2024.0,12.0,4.8,4659143.0,4896083.0
New Mexico,2024.0,12.0,4.2,945737.0,986879.0
New York,2024.0,12.0,4.1,9544836.0,9951364.0
North Carolina,2024.0,12.0,3.8,5091859.0,5291164.0
North Dakota,2024.0,12.0,2.5,416754.0,427648.0
Ohio,2024.0,12.0,4.8,5683180.0,5968356.0
Oklahoma,2024.0,12.0,3.1,1945330.0,2006998.0
Oregon,2024.0,12.0,4.7,2101838.0,2204486.0
Pennsylvania,2024.0,12.0,4.0,6266482.0,6530187.0
Rhode Island,2024.0,12.0,4.5,567886.0,594457.0
South Carolina,2024.0,12.0,4.2,2473810.0,2581780.0
South Dakota,2024.0,12.0,1.9,479211.0,488659.0
Tennessee,2024.0,12.0,3.5,3371801.0,3495761.0
Texas,2024.0,12.0,4.1,15132979.0,15783877.0
Utah,2024.0,12.0,3.3,1773607.0,1834676.0
Vermont,2024.0,12.0,2.5,344039.0,352963.0
Virginia,2024.0,12.0,3.1,4407780.0,4550910.0
Washington,2024.0,12.0,4.3,3864512.0,4039714.0
West Virginia,2024.0,12.0,3.9,753392.0,783580.0
Wisconsin,2024.0,12.0,3.2,3041123.0,3141925.0
Wyoming,2024.0,12.0,3.3,281577.0,291095.0
Alabama,2025.0,1.0,3.1,2305885.0,2378428.0
Alaska,2025.0,1.0,4.5,346877.0,363404.0
Arizona,2025.0,1.0,4.2,3624124.0,3781221.0
Arkansas,2025.0,1.0,3.8,1370489.0,1424605.0
California,2025.0,1.0,5.4,18702455.0,19764218.0
Colorado,2025.0,1.0,4.3,3131838.0,3273054.0
Connecticut,2025.0,1.0,3.6,1873242.0,1943229.0
Delaware,2025.0,1.0,4.1,492313.0,513593.0
District of Columbia,2025.0,1.0,5.7,391508.0,415267.0
Florida,2025.0,1.0,3.5,10729092.0,11122059.0
Georgia,2025.0,1.0,3.4,5229068.0,5413520.0
Hawaii,2025.0,1.0,2.6,669946.0,687691.0
Idaho,2025.0,1.0,3.7,968467.0,1005274.0
Illinois,2025.0,1.0,4.7,6327533.0,6642057.0
Indiana,2025.0,1.0,3.9,3369613.0,3505623.0
Iowa,2025.0,1.0,3.5,1667740.0,1728750.0
Kansas,2025.0,1.0,3.8,1503812.0,1562875.0
Kentucky,2025.0,1.0,4.8,2008856.0,2110828.0
Louisiana,2025.0,1.0,4.3,1995873.0,2085865.0
Maine,2025.0,1.0,3.3,685445.0,708929.0
Maryland,2025.0,1.0,3.5,3127131.0,3240310.0
Massachusetts,2025.0,1.0,4.2,3782577.0,3949077.0
Michigan,2025.0,1.0,5.3,4803978.0,5074356.0
Minnesota,2025.0,1.0,3.4,3054119.0,3161050.0
Mississippi,2025.0,1.0,3.9,1246259.0,1296727.0
Missouri,2025.0,1.0,3.9,3033329.0,3157040.0
Montana,2025.0,1.0,2.9,558861.0,575806.0
Nebraska,2025.0,1.0,2.9,1059369.0,1090809.0
Nevada,2025.0,1.0,5.4,1566138.0,1655393.0
New Hampshire,2025.0,1.0,3.0,750579.0,774179.0
New Jersey,2025.0,1.0,4.9,4655242.0,4896874.0
New Mexico,2025.0,1.0,4.1,946248.0,987201.0
New York,2025.0,1.0,4.1,9552383.0,9958025.0
North Carolina,2025.0,1.0,3.8,5089862.0,5290467.0
North Dakota,2025.0,1.0,2.6,417158.0,428148.0
Ohio,2025.0,1.0,4.8,5681654.0,5970790.0
Oklahoma,2025.0,1.0,3.1,1947777.0,2009517.0
Oregon,2025.0,1.0,4.8,2100592.0,2206067.0
Pennsylvania,2025.0,1.0,4.1,6260821.0,6527997.0
Rhode Island,2025.0,1.0,4.5,567913.0,594600.0
South Carolina,2025.0,1.0,4.1,2476946.0,2583848.0
South Dakota,2025.0,1.0,2.0,479688.0,489306.0
Tennessee,2025.0,1.0,3.5,3381007.0,3504751.0
Texas,2025.0,1.0,4.1,15154410.0,15803242.0
Utah,2025.0,1.0,3.3,1774601.0,1835953.0
Vermont,2025.0,1.0,2.6,343448.0,352477.0
Virginia,2025.0,1.0,3.2,4403078.0,4548415.0
Washington,2025.0,1.0,4.4,3865279.0,4042117.0
West Virginia,2025.0,1.0,3.8,752452.0,782497.0
Wisconsin,2025.0,1.0,3.3,3035982.0,3137979.0
Wyoming,2025.0,1.0,3.2,281204.0,290644.0
Alabama,2025.0,2.0,3.0,2306870.0,2378799.0
Alaska,2025.0,2.0,4.6,347405.0,363992.0
Arizona,2025.0,2.0,4.2,3627657.0,3786676.0
Arkansas,2025.0,2.0,3.8,1371412.0,1426309.0
California,2025.0,2.0,5.4,18710189.0,19776833.0
Colorado,2025.0,2.0,4.3,3131446.0,3271788.0
Connecticut,2025.0,2.0,3.7,1871745.0,1943157.0
Delaware,2025.0,2.0,4.3,492234.0,514112.0
District of Columbia,2025.0,2.0,5.9,390873.0,415242.0
Florida,2025.0,2.0,3.6,10726636.0,11124800.0
Georgia,2025.0,2.0,3.4,5227983.0,5411608.0
Hawaii,2025.0,2.0,2.6,670655.0,688219.0
Idaho,2025.0,2.0,3.7,969217.0,1005997.0
Illinois,2025.0,2.0,4.7,6324382.0,6635312.0
Indiana,2025.0,2.0,3.8,3373835.0,3506813.0
Iowa,2025.0,2.0,3.5,1671109.0,1732609.0
Kansas,2025.0,2.0,3.8,1505357.0,1564514.0
Kentucky,2025.0,2.0,4.8,2010518.0,2111807.0
Louisiana,2025.0,2.0,4.3,1997172.0,2086707.0
Maine,2025.0,2.0,3.3,685172.0,708807.0
Maryland,2025.0,2.0,3.6,3122180.0,3238817.0
Massachusetts,2025.0,2.0,4.3,3782500.0,3951911.0
Michigan,2025.0,2.0,5.3,4800236.0,5070373.0
Minnesota,2025.0,2.0,3.5,3054130.0,3164052.0
Mississippi,2025.0,2.0,3.9,1246219.0,1297217.0
Missouri,2025.0,2.0,4.0,3034017.0,3159748.0
Montana,2025.0,2.0,3.0,558557.0,575849.0
Nebraska,2025.0,2.0,2.9,1060898.0,1092681.0
Nevada,2025.0,2.0,5.4,1568629.0,1657490.0
New Hampshire,2025.0,2.0,3.1,750339.0,774517.0
New Jersey,2025.0,2.0,5.0,4652062.0,4898132.0
New Mexico,2025.0,2.0,4.1,946491.0,987239.0
New York,2025.0,2.0,4.1,9558366.0,9963936.0
North Carolina,2025.0,2.0,3.8,5088869.0,5290213.0
North Dakota,2025.0,2.0,2.6,417629.0,428674.0
Ohio,2025.0,2.0,4.9,5680105.0,5970269.0
Oklahoma,2025.0,2.0,3.1,1950261.0,2012211.0
Oregon,2025.0,2.0,4.9,2099458.0,2207668.0
Pennsylvania,2025.0,2.0,4.1,6257391.0,6527115.0
Rhode Island,2025.0,2.0,4.5,567946.0,594693.0
South Carolina,2025.0,2.0,4.1,2479839.0,2586704.0
South Dakota,2025.0,2.0,2.0,480157.0,489890.0
Tennessee,2025.0,2.0,3.5,3389255.0,3512707.0
Texas,2025.0,2.0,4.1,15173455.0,15820568.0
Utah,2025.0,2.0,3.4,1775375.0,1837227.0
Vermont,2025.0,2.0,2.6,342777.0,351900.0
Virginia,2025.0,2.0,3.2,4397876.0,4545016.0
Washington,2025.0,2.0,4.4,3866107.0,4045299.0
West Virginia,2025.0,2.0,3.8,751540.0,781590.0
Wisconsin,2025.0,2.0,3.3,3031183.0,3133287.0
Wyoming,2025.0,2.0,3.2,280852.0,290232.0
Alabama,2025.0,3.0,3.0,2307480.0,2378342.0
Alaska,2025.0,3.0,4.6,347797.0,364434.0
Arizona,2025.0,3.0,4.2,3630155.0,3790098.0
Arkansas,2025.0,3.0,3.9,1372320.0,1427746.0
California,2025.0,3.0,5.4,18712536.0,19783947.0
Colorado,2025.0,3.0,4.2,3130671.0,3269236.0
Connecticut,2025.0,3.0,3.7,1869664.0,1942185.0
Delaware,2025.0,3.0,4.4,492138.0,514548.0
District of Columbia,2025.0,3.0,6.0,390069.0,414897.0
Florida,2025.0,3.0,3.6,10718837.0,11121794.0
Georgia,2025.0,3.0,3.4,5226961.0,5409334.0
Hawaii,2025.0,3.0,2.5,670879.0,688191.0
Idaho,2025.0,3.0,3.6,969804.0,1006408.0
Illinois,2025.0,3.0,4.6,6319068.0,6624703.0
Indiana,2025.0,3.0,3.7,3376925.0,3507325.0
Iowa,2025.0,3.0,3.6,1673457.0,1735217.0
Kansas,2025.0,3.0,3.8,1507009.0,1566037.0
Kentucky,2025.0,3.0,4.7,2012385.0,2112671.0
Louisiana,2025.0,3.0,4.3,1997929.0,2087357.0
Maine,2025.0,3.0,3.3,685054.0,708694.0
Maryland,2025.0,3.0,3.7,3115691.0,3235825.0
Massachusetts,2025.0,3.0,4.3,3781065.0,3952593.0
Michigan,2025.0,3.0,5.3,4795945.0,5063179.0
Minnesota,2025.0,3.0,3.6,3053234.0,3165998.0
Mississippi,2025.0,3.0,3.9,1245490.0,1296500.0
Missouri,2025.0,3.0,4.0,3034598.0,3161383.0
Montana,2025.0,3.0,3.1,558480.0,576124.0
Nebraska,2025.0,3.0,2.9,1062387.0,1094366.0
Nevada,2025.0,3.0,5.3,1570961.0,1659140.0
New Hampshire,2025.0,3.0,3.2,750324.0,774779.0
New Jersey,2025.0,3.0,5.1,4649173.0,4898440.0
New Mexico,2025.0,3.0,4.1,946550.0,986996.0
New York,2025.0,3.0,4.1,9560425.0,9966391.0
North Carolina,2025.0,3.0,3.8,5088852.0,5290074.0
North Dakota,2025.0,3.0,2.6,418060.0,429102.0
Ohio,2025.0,3.0,4.8,5678455.0,5966660.0
Oklahoma,2025.0,3.0,3.1,1952232.0,2014439.0
Oregon,2025.0,3.0,5.0,2098979.0,2209519.0
Pennsylvania,2025.0,3.0,4.2,6254791.0,6525771.0
Rhode Island,2025.0,3.0,4.5,568001.0,594638.0
South Carolina,2025.0,3.0,4.2,2482089.0,2589659.0
South Dakota,2025.0,3.0,2.0,480595.0,490373.0
Tennessee,2025.0,3.0,3.5,3395421.0,3518464.0
Texas,2025.0,3.0,4.1,15188615.0,15834371.0
Utah,2025.0,3.0,3.4,1775634.0,1837999.0
Vermont,2025.0,3.0,2.6,341993.0,351166.0
Virginia,2025.0,3.0,3.3,4392361.0,4540405.0
Washington,2025.0,3.0,4.5,3865736.0,4047126.0
West Virginia,2025.0,3.0,3.9,750679.0,780816.0
Wisconsin,2025.0,3.0,3.2,3026974.0,3128043.0
Wyoming,2025.0,3.0,3.2,280482.0,289805.0
Alabama,2025.0,4.0,2.9,2307708.0,2377299.0
Alaska,2025.0,4.0,4.6,347987.0,364680.0
Arizona,2025.0,4.0,4.2,3631479.0,3792200.0
Arkansas,2025.0,4.0,3.9,1373085.0,1429050.0
California,2025.0,4.0,5.4,18715373.0,19792412.0
Colorado,2025.0,4.0,4.2,3129474.0,3265416.0
Connecticut,2025.0,4.0,3.8,1866980.0,1940412.0
Delaware,2025.0,4.0,4.5,491999.0,514928.0
District of Columbia,2025.0,4.0,6.1,389106.0,414252.0
Florida,2025.0,4.0,3.7,10704141.0,11112016.0
Georgia,2025.0,4.0,3.3,5226447.0,5407544.0
Hawaii,2025.0,4.0,2.5,670841.0,687779.0
Idaho,2025.0,4.0,3.6,970148.0,1006555.0
Illinois,2025.0,4.0,4.5,6311515.0,6610845.0
Indiana,2025.0,4.0,3.7,3378536.0,3507483.0
Iowa,2025.0,4.0,3.6,1674455.0,1736357.0
Kansas,2025.0,4.0,3.8,1508696.0,1567609.0
Kentucky,2025.0,4.0,4.7,2014089.0,2113284.0
Louisiana,2025.0,4.0,4.3,1997799.0,2087432.0
Maine,2025.0,4.0,3.3,684994.0,708568.0
Maryland,2025.0,4.0,3.8,3109270.0,3233050.0
Massachusetts,2025.0,4.0,4.4,3778406.0,3951418.0
Michigan,2025.0,4.0,5.2,4790098.0,5053176.0
Minnesota,2025.0,4.0,3.6,3051667.0,3167062.0
Mississippi,2025.0,4.0,3.9,1244478.0,1295155.0
Missouri,2025.0,4.0,4.0,3034678.0,3161876.0
Montana,2025.0,4.0,3.1,558522.0,576503.0
Nebraska,2025.0,4.0,2.9,1063804.0,1095866.0
Nevada,2025.0,4.0,5.3,1572870.0,1660384.0
New Hampshire,2025.0,4.0,3.2,750410.0,774917.0
New Jersey,2025.0,4.0,5.1,4645747.0,4897988.0
New Mexico,2025.0,4.0,4.1,946236.0,986389.0
New York,2025.0,4.0,4.1,9557556.0,9966421.0
North Carolina,2025.0,4.0,3.8,5088805.0,5289955.0
North Dakota,2025.0,4.0,2.6,418362.0,429401.0
Ohio,2025.0,4.0,4.8,5677148.0,5961335.0
Oklahoma,2025.0,4.0,3.1,1953411.0,2016136.0
Oregon,2025.0,4.0,5.1,2098869.0,2211460.0
Pennsylvania,2025.0,4.0,4.2,6251565.0,6523912.0
Rhode Island,2025.0,4.0,4.4,568106.0,594507.0
South Carolina,2025.0,4.0,4.2,2483374.0,2592395.0
South Dakota,2025.0,4.0,2.0,480982.0,490782.0
Tennessee,2025.0,4.0,3.5,3399252.0,3522012.0
Texas,2025.0,4.0,4.1,15198513.0,15845628.0
Utah,2025.0,4.0,3.4,1775238.0,1838168.0
Vermont,2025.0,4.0,2.6,341175.0,350363.0
Virginia,2025.0,4.0,3.3,4386851.0,4535111.0
Washington,2025.0,4.0,4.5,3864639.0,4047911.0
West Virginia,2025.0,4.0,3.9,749868.0,780258.0
Wisconsin,2025.0,4.0,3.2,3022967.0,3122374.0
Wyoming,2025.0,4.0,3.2,280040.0,289328.0
Alabama,2025.0,5.0,2.9,2306850.0,2375367.0
Alaska,2025.0,5.0,4.6,347996.0,364733.0
Arizona,2025.0,5.0,4.3,3632526.0,3794357.0
Arkansas,2025.0,5.0,4.0,1373643.0,1430261.0
California,2025.0,5.0,5.5,18726458.0,19810355.0
Colorado,2025.0,5.0,4.1,3128382.0,3261371.0
Connecticut,2025.0,5.0,3.8,1863967.0,1938120.0
Delaware,2025.0,5.0,4.5,491833.0,515273.0
District of Columbia,2025.0,5.0,6.1,387841.0,413222.0
Florida,2025.0,5.0,3.7,10684603.0,11097235.0
Georgia,2025.0,5.0,3.3,5227642.0,5407664.0
Hawaii,2025.0,5.0,2.4,671013.0,687381.0
Idaho,2025.0,5.0,3.6,970305.0,1006605.0
Illinois,2025.0,5.0,4.4,6304016.0,6595687.0
Indiana,2025.0,5.0,3.7,3378872.0,3508068.0
Iowa,2025.0,5.0,3.6,1674469.0,1736268.0
Kansas,2025.0,5.0,3.8,1510522.0,1569404.0
Kentucky,2025.0,5.0,4.7,2015313.0,2113717.0
Louisiana,2025.0,5.0,4.3,1996800.0,2086561.0
Maine,2025.0,5.0,3.3,684842.0,708353.0
Maryland,2025.0,5.0,4.0,3106166.0,3234236.0
Massachusetts,2025.0,5.0,4.4,3775667.0,3949636.0
Michigan,2025.0,5.0,5.1,4783839.0,5041830.0
Minnesota,2025.0,5.0,3.7,3050698.0,3168185.0
Mississippi,2025.0,5.0,3.9,1244375.0,1294436.0
Missouri,2025.0,5.0,4.0,3035092.0,3162368.0
Montana,2025.0,5.0,3.2,558536.0,576836.0
Nebraska,2025.0,5.0,2.9,1065162.0,1097161.0
Nevada,2025.0,5.0,5.2,1574047.0,1661117.0
New Hampshire,2025.0,5.0,3.2,750480.0,774909.0
New Jersey,2025.0,5.0,5.2,4641144.0,4897944.0
New Mexico,2025.0,5.0,4.0,945653.0,985461.0
New York,2025.0,5.0,4.2,9550397.0,9966598.0
North Carolina,2025.0,5.0,3.8,5088160.0,5289914.0
North Dakota,2025.0,5.0,2.6,418542.0,429604.0
Ohio,2025.0,5.0,4.7,5676324.0,5954968.0
Oklahoma,2025.0,5.0,3.1,1954474.0,2017934.0
Oregon,2025.0,5.0,5.2,2098940.0,2213343.0
Pennsylvania,2025.0,5.0,4.2,6246513.0,6521592.0
Rhode Island,2025.0,5.0,4.4,568401.0,594412.0
South Carolina,2025.0,5.0,4.3,2483607.0,2594540.0
South Dakota,2025.0,5.0,2.0,481395.0,491216.0
Tennessee,2025.0,5.0,3.5,3401988.0,3524620.0
Texas,2025.0,5.0,4.1,15206483.0,15858126.0
Utah,2025.0,5.0,3.5,1774338.0,1837840.0
Vermont,2025.0,5.0,2.6,340516.0,349680.0
Virginia,2025.0,5.0,3.3,4382013.0,4529699.0
Washington,2025.0,5.0,4.5,3864591.0,4048701.0
West Virginia,2025.0,5.0,4.0,749170.0,779991.0
Wisconsin,2025.0,5.0,3.1,3018329.0,3115700.0
Wyoming,2025.0,5.0,3.2,279517.0,288794.0
Alabama,2025.0,6.0,2.9,2306877.0,2374605.0
Alaska,2025.0,6.0,4.6,348007.0,364769.0
Arizona,2025.0,6.0,4.3,3634384.0,3797619.0
Arkansas,2025.0,6.0,4.0,1374398.0,1431816.0
California,2025.0,6.0,5.5,18727732.0,19818339.0
Colorado,2025.0,6.0,4.0,3128038.0,3258203.0
Connecticut,2025.0,6.0,3.9,1861114.0,1935981.0
Delaware,2025.0,6.0,4.7,491619.0,515621.0
District of Columbia,2025.0,6.0,6.2,386217.0,411850.0
Florida,2025.0,6.0,3.8,10664975.0,11082777.0
Georgia,2025.0,6.0,3.3,5228833.0,5408413.0
Hawaii,2025.0,6.0,2.3,671249.0,686897.0
Idaho,2025.0,6.0,3.6,970471.0,1006770.0
Illinois,2025.0,6.0,4.3,6297126.0,6580997.0
Indiana,2025.0,6.0,3.7,3378935.0,3509583.0
Iowa,2025.0,6.0,3.5,1674323.0,1735617.0
Kansas,2025.0,6.0,3.7,1512616.0,1571473.0
Kentucky,2025.0,6.0,4.6,2016256.0,2114206.0
Louisiana,2025.0,6.0,4.3,1996058.0,2085577.0
Maine,2025.0,6.0,3.3,684675.0,708146.0
Maryland,2025.0,6.0,4.1,3101591.0,3233598.0
Massachusetts,2025.0,6.0,4.4,3773516.0,3948218.0
Michigan,2025.0,6.0,5.0,4778495.0,5031033.0
Minnesota,2025.0,6.0,3.8,3051074.0,3170280.0
Mississippi,2025.0,6.0,3.8,1244759.0,1294097.0
Missouri,2025.0,6.0,4.0,3034869.0,3162002.0
Montana,2025.0,6.0,3.2,558513.0,577151.0
Nebraska,2025.0,6.0,2.9,1066536.0,1098372.0
Nevada,2025.0,6.0,5.2,1575205.0,1662107.0
New Hampshire,2025.0,6.0,3.1,750616.0,774903.0
New Jersey,2025.0,6.0,5.4,4636881.0,4899596.0
New Mexico,2025.0,6.0,4.0,944989.0,984485.0
New York,2025.0,6.0,4.3,9543139.0,9970634.0
North Carolina,2025.0,6.0,3.8,5088095.0,5290942.0
North Dakota,2025.0,6.0,2.6,418767.0,429864.0
Ohio,2025.0,6.0,4.6,5675230.0,5947621.0
Oklahoma,2025.0,6.0,3.2,1955614.0,2020199.0
Oregon,2025.0,6.0,5.2,2099560.0,2215494.0
Pennsylvania,2025.0,6.0,4.3,6241775.0,6521090.0
Rhode Island,2025.0,6.0,4.3,568854.0,594381.0
South Carolina,2025.0,6.0,4.4,2484039.0,2597055.0
South Dakota,2025.0,6.0,2.0,481893.0,491756.0
Tennessee,2025.0,6.0,3.5,3404830.0,3527455.0
Texas,2025.0,6.0,4.1,15217038.0,15875182.0
Utah,2025.0,6.0,3.5,1773511.0,1837615.0
Vermont,2025.0,6.0,2.6,340062.0,349178.0
Virginia,2025.0,6.0,3.2,4377782.0,4524672.0
Washington,2025.0,6.0,4.5,3864646.0,4048655.0
West Virginia,2025.0,6.0,4.0,748682.0,780168.0
Wisconsin,2025.0,6.0,3.1,3013505.0,3108912.0
Wyoming,2025.0,6.0,3.2,278994.0,288285.0
Alabama,2025.0,7.0,2.8,2308672.0,2375655.0
Alaska,2025.0,7.0,4.6,348262.0,365105.0
Arizona,2025.0,7.0,4.3,3637554.0,3802368.0
Arkansas,2025.0,7.0,4.1,1376249.0,1434815.0
California,2025.0,7.0,5.5,18741034.0,19836296.0
Colorado,2025.0,7.0,3.9,3128316.0,3255953.0
Connecticut,2025.0,7.0,3.9,1858091.0,1934347.0
Delaware,2025.0,7.0,4.8,491226.0,516023.0
District of Columbia,2025.0,7.0,6.3,384429.0,410461.0
Florida,2025.0,7.0,3.9,10648569.0,11076857.0
Georgia,2025.0,7.0,3.3,5232967.0,5413580.0
Hawaii,2025.0,7.0,2.2,671830.0,686826.0
Idaho,2025.0,7.0,3.6,970903.0,1007286.0
Illinois,2025.0,7.0,4.3,6287803.0,6568380.0
Indiana,2025.0,7.0,3.7,3379458.0,3510853.0
Iowa,2025.0,7.0,3.5,1675261.0,1735819.0
Kansas,2025.0,7.0,3.7,1515090.0,1574003.0
Kentucky,2025.0,7.0,4.6,2017898.0,2115132.0
Louisiana,2025.0,7.0,4.3,1998041.0,2087188.0
Maine,2025.0,7.0,3.3,684758.0,708211.0
Maryland,2025.0,7.0,4.2,3098021.0,3233639.0
Massachusetts,2025.0,7.0,4.5,3770113.0,3946177.0
Michigan,2025.0,7.0,4.9,4772513.0,5020617.0
Minnesota,2025.0,7.0,3.8,3051566.0,3173356.0
Mississippi,2025.0,7.0,3.8,1245850.0,1294461.0
Missouri,2025.0,7.0,4.0,3036832.0,3163431.0
Montana,2025.0,7.0,3.3,558492.0,577577.0
Nebraska,2025.0,7.0,2.9,1068050.0,1099878.0
Nevada,2025.0,7.0,5.2,1578450.0,1665487.0
New Hampshire,2025.0,7.0,3.1,750878.0,775092.0
New Jersey,2025.0,7.0,5.5,4635972.0,4903658.0
New Mexico,2025.0,7.0,4.0,944277.0,983892.0
New York,2025.0,7.0,4.4,9545360.0,9986380.0
North Carolina,2025.0,7.0,3.9,5090865.0,5294737.0
North Dakota,2025.0,7.0,2.6,419357.0,430490.0
Ohio,2025.0,7.0,4.5,5675241.0,5941374.0
Oklahoma,2025.0,7.0,3.3,1955385.0,2022048.0
Oregon,2025.0,7.0,5.3,2100862.0,2217910.0
Pennsylvania,2025.0,7.0,4.4,6242778.0,6526708.0
Rhode Island,2025.0,7.0,4.2,568923.0,594146.0
South Carolina,2025.0,7.0,4.4,2487079.0,2602867.0
South Dakota,2025.0,7.0,2.0,482441.0,492428.0
Tennessee,2025.0,7.0,3.5,3408495.0,3531436.0
Texas,2025.0,7.0,4.2,15231871.0,15897795.0
Utah,2025.0,7.0,3.5,1773376.0,1838332.0
Vermont,2025.0,7.0,2.6,339591.0,348673.0
Virginia,2025.0,7.0,3.3,4373042.0,4520733.0
Washington,2025.0,7.0,4.6,3865717.0,4050631.0
West Virginia,2025.0,7.0,4.2,748330.0,780875.0
Wisconsin,2025.0,7.0,3.0,3010287.0,3104739.0
Wyoming,2025.0,7.0,3.3,278570.0,287945.0
Alabama,2025.0,8.0,2.8,2312475.0,2378765.0
Alaska,2025.0,8.0,4.6,348766.0,365769.0
Arizona,2025.0,8.0,4.4,3641271.0,3807590.0
Arkansas,2025.0,8.0,4.2,1379014.0,1438959.0
California,2025.0,8.0,5.5,18753021.0,19850185.0
Colorado,2025.0,8.0,3.9,3128576.0,3254443.0
Connecticut,2025.0,8.0,4.1,1854884.0,1933239.0
Delaware,2025.0,8.0,5.0,490657.0,516415.0
District of Columbia,2025.0,8.0,6.5,382818.0,409378.0
Florida,2025.0,8.0,4.0,10637050.0,11080810.0
Georgia,2025.0,8.0,3.4,5238550.0,5421660.0
Hawaii,2025.0,8.0,2.1,672423.0,687027.0
Idaho,2025.0,8.0,3.6,971510.0,1008027.0
Illinois,2025.0,8.0,4.3,6275435.0,6559231.0
Indiana,2025.0,8.0,3.7,3380216.0,3510718.0
Iowa,2025.0,8.0,3.5,1677105.0,1737046.0
Kansas,2025.0,8.0,3.7,1517528.0,1576650.0
Kentucky,2025.0,8.0,4.5,2020326.0,2116407.0
Louisiana,2025.0,8.0,4.2,2002925.0,2091807.0
Maine,2025.0,8.0,3.3,685066.0,708528.0
Maryland,2025.0,8.0,4.3,3093784.0,3231872.0
Massachusetts,2025.0,8.0,4.5,3764730.0,3943000.0
Michigan,2025.0,8.0,4.9,4765514.0,5011265.0
Minnesota,2025.0,8.0,3.9,3051316.0,3176798.0
Mississippi,2025.0,8.0,3.7,1246963.0,1294995.0
Missouri,2025.0,8.0,4.0,3040355.0,3166120.0
Montana,2025.0,8.0,3.4,558413.0,578036.0
Nebraska,2025.0,8.0,2.9,1069476.0,1101540.0
Nevada,2025.0,8.0,5.2,1583838.0,1671237.0
New Hampshire,2025.0,8.0,3.1,751146.0,775433.0
New Jersey,2025.0,8.0,5.5,4638766.0,4909106.0
New Mexico,2025.0,8.0,4.1,943469.0,983709.0
New York,2025.0,8.0,4.5,9558784.0,10012631.0
North Carolina,2025.0,8.0,3.9,5096208.0,5300672.0
North Dakota,2025.0,8.0,2.6,420285.0,431457.0
Ohio,2025.0,8.0,4.4,5675855.0,5936935.0
Oklahoma,2025.0,8.0,3.4,1953233.0,2022719.0
Oregon,2025.0,8.0,5.3,2102119.0,2219738.0
Pennsylvania,2025.0,8.0,4.4,6250378.0,6537899.0
Rhode Island,2025.0,8.0,4.3,568334.0,593565.0
South Carolina,2025.0,8.0,4.6,2492686.0,2611841.0
South Dakota,2025.0,8.0,2.1,482916.0,493112.0
Tennessee,2025.0,8.0,3.5,3412562.0,3536188.0
Texas,2025.0,8.0,4.2,15247660.0,15921704.0
Utah,2025.0,8.0,3.6,1773919.0,1839933.0
Vermont,2025.0,8.0,2.6,338975.0,348063.0
Virginia,2025.0,8.0,3.3,4367233.0,4517843.0
Washington,2025.0,8.0,4.6,3865917.0,4053622.0
West Virginia,2025.0,8.0,4.3,748018.0,781869.0
Wisconsin,2025.0,8.0,3.1,3009330.0,3104218.0
Wyoming,2025.0,8.0,3.3,278299.0,287825.0
Alabama,2025.0,9.0,2.8,2317480.0,2383172.0
Alaska,2025.0,9.0,4.7,349410.0,366639.0
Arizona,2025.0,9.0,4.4,3645026.0,3812476.0
Arkansas,2025.0,9.0,4.2,1382354.0,1443627.0
California,2025.0,9.0,5.5,18759323.0,19856618.0
Colorado,2025.0,9.0,3.8,3128913.0,3253988.0
Connecticut,2025.0,9.0,4.2,1852261.0,1933063.0
Delaware,2025.0,9.0,5.2,490077.0,516798.0
District of Columbia,2025.0,9.0,6.6,381623.0,408743.0
Florida,2025.0,9.0,4.2,10632143.0,11093357.0
Georgia,2025.0,9.0,3.4,5244301.0,5430828.0
Hawaii,2025.0,9.0,2.1,672806.0,687361.0
Idaho,2025.0,9.0,3.6,972271.0,1008929.0
Illinois,2025.0,9.0,4.5,6262663.0,6555136.0
Indiana,2025.0,9.0,3.7,3381357.0,3509507.0
Iowa,2025.0,9.0,3.4,1679613.0,1739237.0
Kansas,2025.0,9.0,3.8,1519637.0,1579116.0
Kentucky,2025.0,9.0,4.5,2023418.0,2118090.0
Louisiana,2025.0,9.0,4.2,2009658.0,2098614.0
Maine,2025.0,9.0,3.3,685624.0,709123.0
Maryland,2025.0,9.0,4.3,3088347.0,3227159.0
Massachusetts,2025.0,9.0,4.6,3758602.0,3939694.0
Michigan,2025.0,9.0,4.9,4758469.0,5004120.0
Minnesota,2025.0,9.0,4.1,3050707.0,3180407.0
Mississippi,2025.0,9.0,3.7,1247873.0,1295547.0
Missouri,2025.0,9.0,3.9,3044426.0,3169132.0
Montana,2025.0,9.0,3.5,558402.0,578570.0
Nebraska,2025.0,9.0,2.9,1070692.0,1103170.0
Nevada,2025.0,9.0,5.2,1590560.0,1678448.0
New Hampshire,2025.0,9.0,3.2,751451.0,775952.0
New Jersey,2025.0,9.0,5.5,4644843.0,4915086.0
New Mexico,2025.0,9.0,4.2,942770.0,983988.0
New York,2025.0,9.0,4.6,9580968.0,10044581.0
North Carolina,2025.0,9.0,3.9,5103463.0,5308050.0
North Dakota,2025.0,9.0,2.6,421425.0,432619.0
Ohio,2025.0,9.0,4.3,5677266.0,5935238.0
Oklahoma,2025.0,9.0,3.6,1949931.0,2022471.0
Oregon,2025.0,9.0,5.3,2103323.0,2221014.0
Pennsylvania,2025.0,9.0,4.4,6263505.0,6552836.0
Rhode Island,2025.0,9.0,4.3,567271.0,592799.0
South Carolina,2025.0,9.0,4.7,2499995.0,2622603.0
South Dakota,2025.0,9.0,2.1,483258.0,493705.0
Tennessee,2025.0,9.0,3.5,3416797.0,3541397.0
Texas,2025.0,9.0,4.3,15263339.0,15944844.0
Utah,2025.0,9.0,3.6,1775127.0,1842268.0
Vermont,2025.0,9.0,2.6,338273.0,347408.0
Virginia,2025.0,9.0,3.4,4361630.0,4516628.0
Washington,2025.0,9.0,4.7,3864958.0,4056992.0
West Virginia,2025.0,9.0,4.5,747785.0,782955.0
Wisconsin,2025.0,9.0,3.1,3010743.0,3107251.0
Wyoming,2025.0,9.0,3.4,278232.0,287963.0
Alabama,2025.0,10.0,,,
Alaska,2025.0,10.0,,,
Arizona,2025.0,10.0,,,
Arkansas,2025.0,10.0,,,
California,2025.0,10.0,,,
Colorado,2025.0,10.0,,,
Connecticut,2025.0,10.0,,,
Delaware,2025.0,10.0,,,
District of Columbia,2025.0,10.0,,,
Florida,2025.0,10.0,,,
Georgia,2025.0,10.0,,,
Hawaii,2025.0,10.0,,,
Idaho,2025.0,10.0,,,
Illinois,2025.0,10.0,,,
Indiana,2025.0,10.0,,,
Iowa,2025.0,10.0,,,
Kansas,2025.0,10.0,,,
Kentucky,2025.0,10.0,,,
Louisiana,2025.0,10.0,,,
Maine,2025.0,10.0,,,
Maryland,2025.0,10.0,,,
Massachusetts,2025.0,10.0,,,
Michigan,2025.0,10.0,,,
Minnesota,2025.0,10.0,,,
Mississippi,2025.0,10.0,,,
Missouri,2025.0,10.0,,,
Montana,2025.0,10.0,,,
Nebraska,2025.0,10.0,,,
Nevada,2025.0,10.0,,,
New Hampshire,2025.0,10.0,,,
New Jersey,2025.0,10.0,,,
New Mexico,2025.0,10.0,,,
New York,2025.0,10.0,,,
North Carolina,2025.0,10.0,,,
North Dakota,2025.0,10.0,,,
Ohio,2025.0,10.0,,,
Oklahoma,2025.0,10.0,,,
Oregon,2025.0,10.0,,,
Pennsylvania,2025.0,10.0,,,
Rhode Island,2025.0,10.0,,,
South Carolina,2025.0,10.0,,,
South Dakota,2025.0,10.0,,,
Tennessee,2025.0,10.0,,,
Texas,2025.0,10.0,,,
Utah,2025.0,10.0,,,
Vermont,2025.0,10.0,,,
Virginia,2025.0,10.0,,,
Washington,2025.0,10.0,,,
West Virginia,2025.0,10.0,,,
Wisconsin,2025.0,10.0,,,
Wyoming,2025.0,10.0,,,
Alabama,2025.0,11.0,2.7,2323071.0,2387873.0
Alaska,2025.0,11.0,4.8,350172.0,367709.0
Arizona,2025.0,11.0,4.4,3648072.0,3815687.0
Arkansas,2025.0,11.0,4.3,1386483.0,1448832.0
California,2025.0,11.0,5.5,18784718.0,19878800.0
Colorado,2025.0,11.0,3.8,3129079.0,3254030.0
Connecticut,2025.0,11.0,4.3,1850224.0,1933758.0
Delaware,2025.0,11.0,5.3,489510.0,517116.0
District of Columbia,2025.0,11.0,6.7,381318.0,408918.0
Florida,2025.0,11.0,4.3,10635685.0,11116493.0
Georgia,2025.0,11.0,3.5,5251504.0,5442066.0
Hawaii,2025.0,11.0,2.2,673012.0,688042.0
Idaho,2025.0,11.0,3.6,973272.0,1010002.0
Illinois,2025.0,11.0,4.7,6250129.0,6557672.0
Indiana,2025.0,11.0,3.5,3382682.0,3506474.0
Iowa,2025.0,11.0,3.4,1683618.0,1743419.0
Kansas,2025.0,11.0,3.8,1521104.0,1581114.0
Kentucky,2025.0,11.0,4.4,2027455.0,2120091.0
Louisiana,2025.0,11.0,4.2,2018571.0,2108081.0
Maine,2025.0,11.0,3.3,686585.0,710100.0
Maryland,2025.0,11.0,4.3,3085091.0,3222693.0
Massachusetts,2025.0,11.0,4.7,3751378.0,3935591.0
Michigan,2025.0,11.0,5.0,4750593.0,4998918.0
Minnesota,2025.0,11.0,4.2,3048552.0,3182913.0
Mississippi,2025.0,11.0,3.7,1248699.0,1296031.0
Missouri,2025.0,11.0,3.9,3052606.0,3175775.0
Montana,2025.0,11.0,3.6,558628.0,579266.0
Nebraska,2025.0,11.0,3.0,1071633.0,1104807.0
Nevada,2025.0,11.0,5.2,1598954.0,1687305.0
New Hampshire,2025.0,11.0,3.2,751856.0,776708.0
New Jersey,2025.0,11.0,5.4,4655110.0,4919896.0
New Mexico,2025.0,11.0,4.3,942478.0,985100.0
New York,2025.0,11.0,4.6,9614116.0,10081101.0
North Carolina,2025.0,11.0,3.8,5113393.0,5317047.0
North Dakota,2025.0,11.0,2.6,422797.0,433994.0
Ohio,2025.0,11.0,4.3,5679207.0,5936926.0
Oklahoma,2025.0,11.0,3.7,1944795.0,2020442.0
Oregon,2025.0,11.0,5.3,2104763.0,2221743.0
Pennsylvania,2025.0,11.0,4.4,6283698.0,6571286.0
Rhode Island,2025.0,11.0,4.4,565566.0,591783.0
South Carolina,2025.0,11.0,4.8,2509065.0,2635089.0
South Dakota,2025.0,11.0,2.2,483347.0,494081.0
Tennessee,2025.0,11.0,3.6,3420519.0,3546463.0
Texas,2025.0,11.0,4.3,15276503.0,15962121.0
Utah,2025.0,11.0,3.7,1777045.0,1845293.0
Vermont,2025.0,11.0,2.7,337469.0,346688.0
Virginia,2025.0,11.0,3.6,4357573.0,4518582.0
Washington,2025.0,11.0,4.9,3864610.0,4062809.0
West Virginia,2025.0,11.0,4.6,747510.0,783871.0
Wisconsin,2025.0,11.0,3.2,3015956.0,3115444.0
Wyoming,2025.0,11.0,3.5,278437.0,288447.0
Alabama,2025.0,12.0,2.7,2323034.0,2387810.0
Alaska,2025.0,12.0,4.8,350140.0,367671.0
Arizona,2025.0,12.0,4.4,3647598.0,3814917.0
Arkansas,2025.0,12.0,4.3,1386469.0,1448666.0
California,2025.0,12.0,5.5,18784867.0,19878043.0
Colorado,2025.0,12.0,3.8,3128996.0,3254073.0
Connecticut,2025.0,12.0,4.3,1850464.0,1933851.0
Delaware,2025.0,12.0,5.3,489559.0,517069.0
District of Columbia,2025.0,12.0,6.7,381611.0,409140.0
Florida,2025.0,12.0,4.3,10637960.0,11117284.0
Georgia,2025.0,12.0,3.5,5251051.0,5441402.0
Hawaii,2025.0,12.0,2.2,672906.0,688037.0
Idaho,2025.0,12.0,3.6,973241.0,1009937.0
Illinois,2025.0,12.0,4.7,6251904.0,6559867.0
Indiana,2025.0,12.0,3.5,3382571.0,3506135.0
Iowa,2025.0,12.0,3.4,1683893.0,1743797.0
Kansas,2025.0,12.0,3.8,1520817.0,1580822.0
Kentucky,2025.0,12.0,4.4,2027408.0,2119991.0
Louisiana,2025.0,12.0,4.2,2018485.0,2108050.0
Maine,2025.0,12.0,3.3,686632.0,710128.0
Maryland,2025.0,12.0,4.2,3085252.0,3221708.0
Massachusetts,2025.0,12.0,4.7,3751602.0,3935586.0
Michigan,2025.0,12.0,5.0,4750979.0,4999837.0
Minnesota,2025.0,12.0,4.2,3048170.0,3182266.0
Mississippi,2025.0,12.0,3.7,1248441.0,1295784.0
Missouri,2025.0,12.0,3.9,3052214.0,3175358.0
Montana,2025.0,12.0,3.6,558664.0,579238.0
Nebraska,2025.0,12.0,3.0,1071496.0,1104681.0
Nevada,2025.0,12.0,5.2,1598736.0,1687017.0
New Hampshire,2025.0,12.0,3.2,751856.0,776712.0
New Jersey,2025.0,12.0,5.4,4655408.0,4919038.0
New Mexico,2025.0,12.0,4.3,942718.0,985342.0
New York,2025.0,12.0,4.6,9615453.0,10080281.0
North Carolina,2025.0,12.0,3.8,5113275.0,5316660.0
North Dakota,2025.0,12.0,2.6,422775.0,433968.0
Ohio,2025.0,12.0,4.4,5679068.0,5937500.0
Oklahoma,2025.0,12.0,3.7,1944648.0,2020051.0
Oregon,2025.0,12.0,5.3,2104729.0,2221552.0
Pennsylvania,2025.0,12.0,4.4,6283971.0,6570655.0
Rhode Island,2025.0,12.0,4.4,565524.0,591788.0
South Carolina,2025.0,12.0,4.8,2508825.0,2634542.0
South Dakota,2025.0,12.0,2.2,483274.0,493994.0
Tennessee,2025.0,12.0,3.6,3419936.0,3545878.0
Texas,2025.0,12.0,4.3,15274494.0,15958627.0
Utah,2025.0,12.0,3.7,1777068.0,1845208.0
Vermont,2025.0,12.0,2.7,337557.0,346776.0
Virginia,2025.0,12.0,3.6,4358884.0,4519825.0
Washington,2025.0,12.0,4.9,3864562.0,4062730.0
West Virginia,2025.0,12.0,4.6,747512.0,783736.0
Wisconsin,2025.0,12.0,3.2,3016603.0,3116196.0
Wyoming,2025.0,12.0,3.5,278492.0,288499.0
Alabama,2026.0,1.0,2.7,2323573.0,2387630.0
Alaska,2026.0,1.0,4.8,350955.0,368676.0
Arizona,2026.0,1.0,4.5,3642816.0,3814212.0
Arkansas,2026.0,1.0,4.4,1387678.0,1451314.0
California,2026.0,1.0,5.4,18779302.0,19861662.0
Colorado,2026.0,1.0,3.9,3122530.0,3248790.0
Connecticut,2026.0,1.0,4.5,1844343.0,1931253.0
Delaware,2026.0,1.0,5.4,488290.0,516219.0
District of Columbia,2026.0,1.0,6.7,380788.0,407975.0
Florida,2026.0,1.0,4.5,10624642.0,11123760.0
Georgia,2026.0,1.0,3.5,5252931.0,5445643.0
Hawaii,2026.0,1.0,2.2,672737.0,688022.0
Idaho,2026.0,1.0,3.7,972725.0,1009819.0
Illinois,2026.0,1.0,4.9,6241792.0,6560516.0
Indiana,2026.0,1.0,3.4,3385206.0,3503591.0
Iowa,2026.0,1.0,3.4,1684471.0,1743617.0
Kansas,2026.0,1.0,3.9,1518151.0,1579509.0
Kentucky,2026.0,1.0,4.3,2024295.0,2114539.0
Louisiana,2026.0,1.0,4.3,2022504.0,2112820.0
Maine,2026.0,1.0,3.3,685672.0,709117.0
Maryland,2026.0,1.0,4.3,3077782.0,3214795.0
Massachusetts,2026.0,1.0,4.7,3740447.0,3926744.0
Michigan,2026.0,1.0,5.0,4741121.0,4992846.0
Minnesota,2026.0,1.0,4.4,3038871.0,3177776.0
Mississippi,2026.0,1.0,3.6,1246638.0,1293479.0
Missouri,2026.0,1.0,3.9,3054650.0,3177918.0
Montana,2026.0,1.0,3.6,558332.0,579463.0
Nebraska,2026.0,1.0,3.0,1070984.0,1104514.0
Nevada,2026.0,1.0,5.3,1604918.0,1694200.0
New Hampshire,2026.0,1.0,3.2,752225.0,777396.0
New Jersey,2026.0,1.0,5.2,4663409.0,4918046.0
New Mexico,2026.0,1.0,4.5,940851.0,985170.0
New York,2026.0,1.0,4.6,9639272.0,10104607.0
North Carolina,2026.0,1.0,3.8,5109879.0,5313331.0
North Dakota,2026.0,1.0,2.6,423620.0,434885.0
Ohio,2026.0,1.0,4.3,5677633.0,5932407.0
Oklahoma,2026.0,1.0,3.9,1940673.0,2018658.0
Oregon,2026.0,1.0,5.2,2101962.0,2218136.0
Pennsylvania,2026.0,1.0,4.3,6300843.0,6582900.0
Rhode Island,2026.0,1.0,4.5,564174.0,590980.0
South Carolina,2026.0,1.0,4.9,2516208.0,2646468.0
South Dakota,2026.0,1.0,2.2,482502.0,493467.0
Tennessee,2026.0,1.0,3.5,3416221.0,3541853.0
Texas,2026.0,1.0,4.3,15267118.0,15955231.0
Utah,2026.0,1.0,3.8,1774870.0,1844105.0
Vermont,2026.0,1.0,2.7,336187.0,345430.0
Virginia,2026.0,1.0,3.7,4352975.0,4518567.0
Washington,2026.0,1.0,5.0,3860718.0,4065082.0
West Virginia,2026.0,1.0,4.6,746354.0,782645.0
Wisconsin,2026.0,1.0,3.3,3017753.0,3121154.0
Wyoming,2026.0,1.0,3.6,278210.0,288454.0
Alabama,2026.0,2.0,2.7,2321473.0,2386303.0
Alaska,2026.0,2.0,4.7,351866.0,369377.0
Arizona,2026.0,2.0,4.6,3626147.0,3800678.0
Arkansas,2026.0,2.0,4.4,1391199.0,1454561.0
California,2026.0,2.0,5.4,18756231.0,19826617.0
Colorado,2026.0,2.0,3.9,3111184.0,3238458.0
Connecticut,2026.0,2.0,4.7,1838596.0,1929136.0
Delaware,2026.0,2.0,5.4,486779.0,514723.0
District of Columbia,2026.0,2.0,6.5,380347.0,406902.0
Florida,2026.0,2.0,4.6,10625114.0,11140920.0
Georgia,2026.0,2.0,3.6,5256908.0,5451102.0
Hawaii,2026.0,2.0,2.3,672170.0,687829.0
Idaho,2026.0,2.0,3.7,971186.0,1008134.0
Illinois,2026.0,2.0,5.0,6241649.0,6570046.0
Indiana,2026.0,2.0,3.3,3382823.0,3498312.0
Iowa,2026.0,2.0,3.4,1682857.0,1741570.0
Kansas,2026.0,2.0,3.9,1516255.0,1578260.0
Kentucky,2026.0,2.0,4.2,2019836.0,2108666.0
Louisiana,2026.0,2.0,4.3,2026077.0,2117820.0
Maine,2026.0,2.0,3.2,685355.0,708317.0
Maryland,2026.0,2.0,4.3,3072142.0,3211210.0
Massachusetts,2026.0,2.0,4.8,3729133.0,3915281.0
Michigan,2026.0,2.0,5.0,4732388.0,4983731.0
Minnesota,2026.0,2.0,4.5,3027193.0,3169189.0
Mississippi,2026.0,2.0,3.7,1244662.0,1292633.0
Missouri,2026.0,2.0,3.9,3054628.0,3177105.0
Montana,2026.0,2.0,3.6,557770.0,578837.0
Nebraska,2026.0,2.0,3.1,1070390.0,1104311.0
Nevada,2026.0,2.0,5.3,1607880.0,1698028.0
New Hampshire,2026.0,2.0,3.2,752262.0,777211.0
New Jersey,2026.0,2.0,5.1,4663876.0,4912328.0
New Mexico,2026.0,2.0,4.7,937996.0,983966.0
New York,2026.0,2.0,4.6,9648955.0,10119443.0
North Carolina,2026.0,2.0,3.8,5110620.0,5311679.0
North Dakota,2026.0,2.0,2.6,424424.0,435641.0
Ohio,2026.0,2.0,4.2,5678399.0,5929723.0
Oklahoma,2026.0,2.0,3.9,1935034.0,2014165.0
Oregon,2026.0,2.0,5.2,2098543.0,2214206.0
Pennsylvania,2026.0,2.0,4.2,6307999.0,6587246.0
Rhode Island,2026.0,2.0,4.6,561718.0,588901.0
South Carolina,2026.0,2.0,5.0,2524743.0,2658076.0
South Dakota,2026.0,2.0,2.3,481671.0,492813.0
Tennessee,2026.0,2.0,3.6,3405018.0,3532590.0
Texas,2026.0,2.0,4.3,15256770.0,15941816.0
Utah,2026.0,2.0,3.8,1771221.0,1840984.0
Vermont,2026.0,2.0,2.6,334940.0,344046.0
Virginia,2026.0,2.0,3.8,4344121.0,4513490.0
Washington,2026.0,2.0,5.1,3858298.0,4066423.0
West Virginia,2026.0,2.0,4.7,745504.0,782051.0
Wisconsin,2026.0,2.0,3.4,3019272.0,3126587.0
Wyoming,2026.0,2.0,3.6,278088.0,288501.0
Alabama,2026.0,3.0,2.7,2318607.0,2384074.0
Alaska,2026.0,3.0,4.7,352420.0,369651.0
Arizona,2026.0,3.0,4.7,3607084.0,3783556.0
Arkansas,2026.0,3.0,4.3,1392341.0,1455388.0
California,2026.0,3.0,5.3,18716848.0,19770247.0
Colorado,2026.0,3.0,3.9,3100726.0,3227870.0
Connecticut,2026.0,3.0,4.8,1828680.0,1921275.0
Delaware,2026.0,3.0,5.4,485710.0,513262.0
District of Columbia,2026.0,3.0,6.3,379536.0,405140.0
Florida,2026.0,3.0,4.7,10623099.0,11145752.0
Georgia,2026.0,3.0,3.5,5262339.0,5455317.0
Hawaii,2026.0,3.0,2.4,671150.0,687333.0
Idaho,2026.0,3.0,3.6,969269.0,1005846.0
Illinois,2026.0,3.0,5.1,6236264.0,6570955.0
Indiana,2026.0,3.0,3.3,3378978.0,3493258.0
Iowa,2026.0,3.0,3.3,1680748.0,1738885.0
Kansas,2026.0,3.0,3.9,1512368.0,1574016.0
Kentucky,2026.0,3.0,4.2,2015512.0,2103533.0
Louisiana,2026.0,3.0,4.4,2024934.0,2118359.0
Maine,2026.0,3.0,3.2,684488.0,706787.0
Maryland,2026.0,3.0,4.3,3067736.0,3207059.0
Massachusetts,2026.0,3.0,4.7,3716800.0,3900230.0
Michigan,2026.0,3.0,5.0,4718612.0,4969412.0
Minnesota,2026.0,3.0,4.5,3013430.0,3156371.0
Mississippi,2026.0,3.0,3.8,1242556.0,1291493.0
Missouri,2026.0,3.0,3.9,3053648.0,3175932.0
Montana,2026.0,3.0,3.6,556388.0,577361.0
Nebraska,2026.0,3.0,3.1,1069766.0,1103682.0
Nevada,2026.0,3.0,5.3,1610670.0,1700889.0
New Hampshire,2026.0,3.0,3.1,752874.0,777209.0
New Jersey,2026.0,3.0,4.9,4665813.0,4906727.0
New Mexico,2026.0,3.0,4.8,935679.0,982371.0
New York,2026.0,3.0,4.6,9653616.0,10119727.0
North Carolina,2026.0,3.0,3.7,5107591.0,5304688.0
North Dakota,2026.0,3.0,2.5,424875.0,435866.0
Ohio,2026.0,3.0,4.1,5679086.0,5922552.0
Oklahoma,2026.0,3.0,3.9,1927253.0,2006067.0
Oregon,2026.0,3.0,5.2,2094574.0,2209194.0
Pennsylvania,2026.0,3.0,4.2,6316936.0,6592917.0
Rhode Island,2026.0,3.0,4.7,559776.0,587215.0
South Carolina,2026.0,3.0,4.9,2532134.0,2663443.0
South Dakota,2026.0,3.0,2.3,480667.0,491845.0
Tennessee,2026.0,3.0,3.6,3390146.0,3516560.0
Texas,2026.0,3.0,4.3,15236610.0,15916605.0
Utah,2026.0,3.0,3.8,1765964.0,1835628.0
Vermont,2026.0,3.0,2.6,333570.0,342510.0
Virginia,2026.0,3.0,3.8,4332964.0,4504716.0
Washington,2026.0,3.0,5.1,3855367.0,4064363.0
West Virginia,2026.0,3.0,4.5,743998.0,779163.0
Wisconsin,2026.0,3.0,3.5,3019739.0,3129266.0
Wyoming,2026.0,3.0,3.6,277696.0,287991.0
Alabama,2026.0,4.0,2.8,2311258.0,2378360.0
Alaska,2026.0,4.0,4.6,352234.0,369409.0
Arizona,2026.0,4.0,4.7,3582108.0,3760022.0
Arkansas,2026.0,4.0,4.3,1392723.0,1454568.0
California,2026.0,4.0,5.3,18674569.0,19720841.0
Colorado,2026.0,4.0,3.9,3089148.0,3215558.0
Connecticut,2026.0,4.0,5.0,1815734.0,1912250.0
Delaware,2026.0,4.0,5.3,484589.0,511665.0
District of Columbia,2026.0,4.0,6.2,379106.0,404163.0
Florida,2026.0,4.0,4.8,10617791.0,11149453.0
Georgia,2026.0,4.0,3.5,5271123.0,5461429.0
Hawaii,2026.0,4.0,2.4,671025.0,687873.0
Idaho,2026.0,4.0,3.6,967015.0,1003527.0
Illinois,2026.0,4.0,5.1,6217855.0,6555140.0
Indiana,2026.0,4.0,3.3,3373762.0,3487094.0
Iowa,2026.0,4.0,3.3,1677903.0,1735075.0
Kansas,2026.0,4.0,3.9,1508679.0,1569244.0
Kentucky,2026.0,4.0,4.3,2007970.0,2097596.0
Louisiana,2026.0,4.0,4.4,2026130.0,2119957.0
Maine,2026.0,4.0,3.1,683612.0,705819.0
Maryland,2026.0,4.0,4.4,3064902.0,3207363.0
Massachusetts,2026.0,4.0,4.7,3707231.0,3888509.0
Michigan,2026.0,4.0,5.0,4700014.0,4949821.0
Minnesota,2026.0,4.0,4.5,3005014.0,3145919.0
Mississippi,2026.0,4.0,3.8,1239393.0,1288867.0
Missouri,2026.0,4.0,3.8,3052092.0,3173940.0
Montana,2026.0,4.0,3.5,555818.0,576113.0
Nebraska,2026.0,4.0,3.0,1069225.0,1102699.0
Nevada,2026.0,4.0,5.3,1608021.0,1697362.0
New Hampshire,2026.0,4.0,3.1,752996.0,777136.0
New Jersey,2026.0,4.0,4.8,4669460.0,4903423.0
New Mexico,2026.0,4.0,4.9,931243.0,978814.0
New York,2026.0,4.0,4.6,9641656.0,10105592.0
North Carolina,2026.0,4.0,3.7,5097991.0,5294579.0
North Dakota,2026.0,4.0,2.4,424506.0,435152.0
Ohio,2026.0,4.0,3.9,5679807.0,5911785.0
Oklahoma,2026.0,4.0,4.0,1916369.0,1996432.0
Oregon,2026.0,4.0,5.2,2090248.0,2204759.0
Pennsylvania,2026.0,4.0,4.2,6331630.0,6607356.0
Rhode Island,2026.0,4.0,4.5,557409.0,583917.0
South Carolina,2026.0,4.0,4.8,2539551.0,2667548.0
South Dakota,2026.0,4.0,2.2,480019.0,490720.0
Tennessee,2026.0,4.0,3.6,3376716.0,3504190.0
Texas,2026.0,4.0,4.3,15212259.0,15894786.0
Utah,2026.0,4.0,3.8,1760141.0,1829317.0
Vermont,2026.0,4.0,2.6,332223.0,341145.0
Virginia,2026.0,4.0,3.8,4325005.0,4496941.0
Washington,2026.0,4.0,5.2,3850427.0,4062747.0
West Virginia,2026.0,4.0,4.4,742471.0,777035.0
Wisconsin,2026.0,4.0,3.5,3020076.0,3130157.0
Wyoming,2026.0,4.0,3.5,277565.0,287625.0
Alabama,2026.0,5.0,3.0,2302386.0,2374432.0
Alaska,2026.0,5.0,4.6,351924.0,368733.0
Arizona,2026.0,5.0,4.8,3565787.0,3744521.0
Arkansas,2026.0,5.0,4.2,1395171.0,1455737.0
California,2026.0,5.0,5.3,18630066.0,19667985.0
Colorado,2026.0,5.0,3.9,3080273.0,3206175.0
Connecticut,2026.0,5.0,5.1,1803076.0,1900408.0
Delaware,2026.0,5.0,5.1,484208.0,510240.0
District of Columbia,2026.0,5.0,6.1,378933.0,403736.0
Florida,2026.0,5.0,4.8,10613180.0,11144611.0
Georgia,2026.0,5.0,3.4,5283870.0,5470680.0
Hawaii,2026.0,5.0,2.5,672137.0,689585.0
Idaho,2026.0,5.0,3.7,965642.0,1002295.0
Illinois,2026.0,5.0,5.1,6206191.0,6542535.0
Indiana,2026.0,5.0,3.3,3375988.0,3489705.0
Iowa,2026.0,5.0,3.2,1675981.0,1732054.0
Kansas,2026.0,5.0,3.8,1504706.0,1564867.0
Kentucky,2026.0,5.0,4.5,2003656.0,2097065.0
Louisiana,2026.0,5.0,4.5,2025034.0,2119538.0
Maine,2026.0,5.0,3.1,682133.0,704135.0
Maryland,2026.0,5.0,4.4,3065297.0,3207336.0
Massachusetts,2026.0,5.0,4.5,3702999.0,3879513.0
Michigan,2026.0,5.0,5.1,4679787.0,4930851.0
Minnesota,2026.0,5.0,4.4,2998979.0,3137643.0
Mississippi,2026.0,5.0,3.8,1238240.0,1287554.0
Missouri,2026.0,5.0,3.8,3051972.0,3171316.0
Montana,2026.0,5.0,3.4,555571.0,575172.0
Nebraska,2026.0,5.0,3.0,1068580.0,1101491.0
Nevada,2026.0,5.0,5.2,1604995.0,1693610.0
New Hampshire,2026.0,5.0,3.0,753306.0,776953.0
New Jersey,2026.0,5.0,4.7,4680604.0,4909153.0
New Mexico,2026.0,5.0,4.9,928417.0,976140.0
New York,2026.0,5.0,4.6,9631450.0,10094355.0
North Carolina,2026.0,5.0,3.7,5085929.0,5280464.0
North Dakota,2026.0,5.0,2.4,423994.0,434288.0
Ohio,2026.0,5.0,3.7,5678135.0,5896654.0
Oklahoma,2026.0,5.0,4.1,1912233.0,1994373.0
Oregon,2026.0,5.0,5.2,2089081.0,2203311.0
Pennsylvania,2026.0,5.0,4.2,6349605.0,6626277.0
Rhode Island,2026.0,5.0,4.3,556102.0,581285.0
South Carolina,2026.0,5.0,4.6,2549316.0,2672969.0
South Dakota,2026.0,5.0,2.1,479634.0,489908.0
Tennessee,2026.0,5.0,3.6,3371827.0,3497910.0
Texas,2026.0,5.0,4.3,15213342.0,15901533.0
Utah,2026.0,5.0,3.7,1757388.0,1825247.0
Vermont,2026.0,5.0,2.6,331000.0,339904.0
Virginia,2026.0,5.0,3.8,4320819.0,4490809.0
Washington,2026.0,5.0,5.2,3853549.0,4065750.0
West Virginia,2026.0,5.0,4.3,741691.0,775096.0
Wisconsin,2026.0,5.0,3.4,3024090.0,3131477.0
Wyoming,2026.0,5.0,3.4,277337.0,286982.0
Alabama,2026.0,6.0,3.2,2294098.0,2370687.0
Alaska,2026.0,6.0,4.4,351728.0,367986.0
Arizona,2026.0,6.0,4.9,3543418.0,3724355.0
Arkansas,2026.0,6.0,4.1,1398009.0,1457678.0
California,2026.0,6.0,5.2,18595791.0,19620270.0
Colorado,2026.0,6.0,3.9,3068522.0,3193312.0
Connecticut,2026.0,6.0,5.2,1791603.0,1889168.0
Delaware,2026.0,6.0,4.9,483188.0,508314.0
District of Columbia,2026.0,6.0,6.0,378275.0,402622.0
Florida,2026.0,6.0,4.7,10614480.0,11138954.0
Georgia,2026.0,6.0,3.4,5294218.0,5477849.0
Hawaii,2026.0,6.0,2.6,672504.0,690395.0
Idaho,2026.0,6.0,3.7,963633.0,1000393.0
Illinois,2026.0,6.0,5.1,6194365.0,6524072.0
Indiana,2026.0,6.0,3.3,3376151.0,3491138.0
Iowa,2026.0,6.0,3.2,1674442.0,1729718.0
Kansas,2026.0,6.0,3.8,1500859.0,1560555.0
Kentucky,2026.0,6.0,4.7,1999471.0,2097654.0
Louisiana,2026.0,6.0,4.4,2022019.0,2116113.0
Maine,2026.0,6.0,3.1,680136.0,702039.0
Maryland,2026.0,6.0,4.3,3068637.0,3207637.0
Massachusetts,2026.0,6.0,4.4,3702496.0,3873490.0
Michigan,2026.0,6.0,5.0,4659618.0,4906650.0
Minnesota,2026.0,6.0,4.4,2994359.0,3130861.0
Mississippi,2026.0,6.0,3.8,1236178.0,1284361.0
Missouri,2026.0,6.0,3.7,3051772.0,3168125.0
Montana,2026.0,6.0,3.3,555301.0,574466.0
Nebraska,2026.0,6.0,2.9,1066594.0,1098907.0
Nevada,2026.0,6.0,5.1,1600218.0,1686680.0
New Hampshire,2026.0,6.0,2.9,753218.0,775884.0
New Jersey,2026.0,6.0,4.5,4685214.0,4908203.0
New Mexico,2026.0,6.0,4.8,925522.0,972427.0
New York,2026.0,6.0,4.6,9606253.0,10065645.0
North Carolina,2026.0,6.0,3.6,5073205.0,5263145.0
North Dakota,2026.0,6.0,2.3,422952.0,432927.0
Ohio,2026.0,6.0,3.6,5673375.0,5882283.0
Oklahoma,2026.0,6.0,4.2,1912151.0,1995625.0
Oregon,2026.0,6.0,5.2,2089287.0,2204073.0
Pennsylvania,2026.0,6.0,4.1,6371398.0,6642677.0
Rhode Island,2026.0,6.0,4.1,555100.0,578714.0
South Carolina,2026.0,6.0,4.4,2554695.0,2672962.0
South Dakota,2026.0,6.0,2.0,478711.0,488609.0
Tennessee,2026.0,6.0,3.5,3367802.0,3491672.0
Texas,2026.0,6.0,4.4,15203557.0,15904759.0
Utah,2026.0,6.0,3.6,1756013.0,1822245.0
Vermont,2026.0,6.0,2.6,329987.0,338806.0
Virginia,2026.0,6.0,3.8,4312533.0,4480656.0
Washington,2026.0,6.0,5.2,3849379.0,4058817.0
West Virginia,2026.0,6.0,4.2,740711.0,773498.0
Wisconsin,2026.0,6.0,3.3,3030152.0,3134850.0
Wyoming,2026.0,6.0,3.2,276882.0,285923.0
Alabama,2026.0,7.0,3.4,2286389.0,2365734.0
Alaska,2026.0,7.0,4.3,351322.0,367216.0
Arizona,2026.0,7.0,4.9,3528703.0,3710000.0
Arkansas,2026.0,7.0,4.0,1399144.0,1457841.0
California,2026.0,7.0,5.1,18543581.0,19550043.0
Colorado,2026.0,7.0,3.9,3064042.0,3189009.0
Connecticut,2026.0,7.0,5.2,1784522.0,1882940.0
Delaware,2026.0,7.0,4.8,482389.0,506661.0
District of Columbia,2026.0,7.0,5.9,378128.0,401923.0
Florida,2026.0,7.0,4.6,10606687.0,11121213.0
Georgia,2026.0,7.0,3.3,5301774.0,5480790.0
Hawaii,2026.0,7.0,2.7,672506.0,690880.0
Idaho,2026.0,7.0,3.6,962626.0,998870.0
Illinois,2026.0,7.0,4.9,6183897.0,6499587.0
Indiana,2026.0,7.0,3.3,3375460.0,3489469.0
Iowa,2026.0,7.0,3.2,1672196.0,1726897.0
Kansas,2026.0,7.0,3.8,1497278.0,1555989.0
Kentucky,2026.0,7.0,4.7,2004231.0,2103837.0
Louisiana,2026.0,7.0,4.4,2018410.0,2110574.0
Maine,2026.0,7.0,3.1,677833.0,699863.0
Maryland,2026.0,7.0,4.2,3067612.0,3202897.0
Massachusetts,2026.0,7.0,4.4,3702292.0,3870833.0
Michigan,2026.0,7.0,4.9,4636955.0,4877860.0
Minnesota,2026.0,7.0,4.3,2991180.0,3126848.0
Mississippi,2026.0,7.0,3.6,1233773.0,1280219.0
Missouri,2026.0,7.0,3.6,3053826.0,3167382.0
Montana,2026.0,7.0,3.2,555926.0,574494.0
Nebraska,2026.0,7.0,2.9,1064944.0,1096722.0
Nevada,2026.0,7.0,5.0,1597243.0,1681603.0
New Hampshire,2026.0,7.0,2.8,753496.0,775395.0
New Jersey,2026.0,7.0,4.4,4694394.0,4910656.0
New Mexico,2026.0,7.0,4.8,924321.0,970483.0
New York,2026.0,7.0,4.4,9596358.0,10039429.0
North Carolina,2026.0,7.0,3.6,5051914.0,5238034.0
North Dakota,2026.0,7.0,2.2,421758.0,431386.0
Ohio,2026.0,7.0,3.4,5667797.0,5867428.0
Oklahoma,2026.0,7.0,4.3,1911857.0,1997238.0
Oregon,2026.0,7.0,5.2,2090269.0,2204500.0
Pennsylvania,2026.0,7.0,3.9,6389675.0,6650820.0
Rhode Island,2026.0,7.0,3.9,555078.0,577448.0
South Carolina,2026.0,7.0,4.2,2560443.0,2672910.0
South Dakota,2026.0,7.0,2.0,477396.0,487144.0
Tennessee,2026.0,7.0,3.4,3366261.0,3486533.0
Texas,2026.0,7.0,4.5,15207242.0,15915625.0
Utah,2026.0,7.0,3.6,1757766.0,1822613.0
Vermont,2026.0,7.0,2.6,329335.0,338096.0
Virginia,2026.0,7.0,3.7,4307098.0,4472353.0
Washington,2026.0,7.0,5.0,3845527.0,4048435.0
West Virginia,2026.0,7.0,4.1,740605.0,772646.0
Wisconsin,2026.0,7.0,3.3,3036843.0,3139509.0
Wyoming,2026.0,7.0,3.0,276587.0,285230.0
