soc_code,occupation_title,year,employment,median_wage,mean_wage,wage_pct10,wage_pct25,wage_pct75,wage_pct90
11-1011,Chief Executives,2015,238940.0,175110.0,185850.0,68600.0,111040.0,,
11-1021,General and Operations Managers,2015,2145140.0,97730.0,119460.0,44190.0,64750.0,152270.0,
11-1031,Legislators,2015,55820.0,20500.0,42530.0,16950.0,18160.0,64180.0,91960.0
11-2011,Advertising and Promotions Managers,2015,29340.0,95890.0,113610.0,42440.0,62780.0,144930.0,
11-2021,Marketing Managers,2015,192890.0,128750.0,140660.0,66090.0,91520.0,175060.0,
11-2022,Sales Managers,2015,364750.0,113860.0,130400.0,54490.0,76300.0,164300.0,
11-2031,Public Relations and Fundraising Managers,2015,60380.0,104140.0,119390.0,56890.0,76000.0,147590.0,
11-3011,Administrative Services Managers,2015,270080.0,86110.0,94840.0,46430.0,63200.0,116600.0,153570.0
11-3021,Computer and Information Systems Managers,2015,341250.0,131600.0,141000.0,80160.0,101880.0,166160.0,
11-3031,Financial Managers,2015,531120.0,117990.0,134330.0,63020.0,84600.0,163680.0,
11-3051,Industrial Production Managers,2015,169390.0,93940.0,103720.0,56640.0,72210.0,123800.0,162240.0
11-3061,Purchasing Managers,2015,72600.0,108120.0,114130.0,60830.0,79860.0,139080.0,172950.0
11-3071,"Transportation, Storage, and Distribution Managers",2015,109210.0,86630.0,95130.0,50840.0,66060.0,114440.0,149770.0
11-3111,Compensation and Benefits Managers,2015,15930.0,111430.0,121630.0,60680.0,82210.0,150600.0,
11-3121,Human Resources Managers,2015,122780.0,104440.0,117080.0,61300.0,79230.0,141860.0,
11-3131,Training and Development Managers,2015,31430.0,102640.0,111680.0,55850.0,75900.0,135480.0,180360.0
11-9013,"Farmers, Ranchers, and Other Agricultural Managers",2015,4370.0,64170.0,69880.0,33110.0,45930.0,83360.0,113140.0
11-9021,Construction Managers,2015,239640.0,87400.0,97510.0,52350.0,66680.0,117420.0,155200.0
11-9031,"Education Administrators, Preschool and Childcare Center/Program",2015,46760.0,45670.0,52760.0,28890.0,35150.0,62130.0,86870.0
11-9032,"Education Administrators, Elementary and Secondary School",2015,235110.0,90410.0,92940.0,59070.0,72380.0,111820.0,131310.0
11-9033,"Education Administrators, Postsecondary",2015,135690.0,88580.0,102610.0,50240.0,65410.0,123310.0,174280.0
11-9039,"Education Administrators, All Other",2015,31880.0,76930.0,82970.0,41810.0,55390.0,102660.0,128210.0
11-9041,Architectural and Engineering Managers,2015,179770.0,132800.0,141650.0,84710.0,106320.0,165130.0,
11-9051,Food Service Managers,2015,201370.0,48690.0,53640.0,28780.0,37450.0,63070.0,83010.0
11-9061,Funeral Service Managers,2015,8300.0,70890.0,84470.0,38530.0,53280.0,99250.0,142750.0
11-9071,Gaming Managers,2015,3950.0,68380.0,77770.0,43130.0,53140.0,90680.0,122350.0
11-9081,Lodging Managers,2015,35480.0,49720.0,57810.0,28300.0,36700.0,67460.0,94330.0
11-9111,Medical and Health Services Managers,2015,314950.0,94500.0,106070.0,56230.0,72510.0,123740.0,165380.0
11-9121,Natural Sciences Managers,2015,53450.0,120160.0,136570.0,69250.0,91990.0,162510.0,
11-9131,Postmasters and Mail Superintendents,2015,14770.0,70640.0,70540.0,54100.0,61450.0,79970.0,88300.0
11-9141,"Property, Real Estate, and Community Association Managers",2015,174410.0,55380.0,68240.0,28490.0,39160.0,80270.0,123790.0
11-9151,Social and Community Service Managers,2015,119770.0,63530.0,69430.0,38770.0,48920.0,84180.0,108960.0
11-9161,Emergency Management Directors,2015,9840.0,67330.0,73750.0,34000.0,47730.0,93490.0,127180.0
11-9199,"Managers, All Other",2015,376440.0,104850.0,111230.0,53850.0,76530.0,135930.0,169940.0
13-1011,"Agents and Business Managers of Artists, Performers, and Athletes",2015,13230.0,62940.0,95810.0,28060.0,40080.0,111370.0,
13-1021,"Buyers and Purchasing Agents, Farm Products",2015,12160.0,56270.0,62280.0,31220.0,41690.0,75140.0,101180.0
13-1022,"Wholesale and Retail Buyers, Except Farm Products",2015,111200.0,52940.0,59270.0,30200.0,39430.0,71210.0,95590.0
13-1023,"Purchasing Agents, Except Wholesale, Retail, and Farm Products",2015,291540.0,62220.0,66120.0,37850.0,47620.0,80870.0,99960.0
13-1031,"Claims Adjusters, Examiners, and Investigators",2015,271600.0,62980.0,64300.0,37880.0,47590.0,77910.0,94190.0
13-1032,"Insurance Appraisers, Auto Damage",2015,15270.0,64020.0,65300.0,42770.0,52700.0,76970.0,92550.0
13-1041,Compliance Officers,2015,257010.0,65640.0,69180.0,37390.0,48810.0,84600.0,102940.0
13-1051,Cost Estimators,2015,216270.0,60390.0,64810.0,34720.0,45650.0,79000.0,100570.0
13-1071,Human Resources Specialists,2015,491090.0,58350.0,63710.0,34120.0,43780.0,77300.0,99920.0
13-1074,Farm Labor Contractors,2015,1230.0,30910.0,43920.0,17870.0,19950.0,58330.0,88950.0
13-1075,Labor Relations Specialists,2015,79330.0,58820.0,60930.0,18090.0,26470.0,82890.0,110430.0
13-1081,Logisticians,2015,133770.0,74260.0,77470.0,45830.0,57890.0,94200.0,115960.0
13-1111,Management Analysts,2015,614110.0,81320.0,91770.0,45970.0,60450.0,109670.0,150220.0
13-1121,"Meeting, Convention, and Event Planners",2015,87400.0,46840.0,51200.0,25680.0,34510.0,62110.0,82050.0
13-1131,Fundraisers,2015,62720.0,52970.0,57170.0,31340.0,40470.0,71100.0,90770.0
13-1141,"Compensation, Benefits, and Job Analysis Specialists",2015,79780.0,60850.0,65100.0,38370.0,47480.0,77640.0,98860.0
13-1151,Training and Development Specialists,2015,254060.0,58210.0,62460.0,32170.0,42420.0,78180.0,99710.0
13-1161,Market Research Analysts and Marketing Specialists,2015,506420.0,62150.0,70030.0,33530.0,44950.0,87900.0,120460.0
13-1199,"Business Operations Specialists, All Other",2015,926610.0,68170.0,73480.0,37460.0,50670.0,90580.0,115990.0
13-2011,Accountants and Auditors,2015,1226910.0,67190.0,75280.0,41400.0,52090.0,89520.0,118930.0
13-2021,Appraisers and Assessors of Real Estate,2015,60290.0,51860.0,58400.0,27040.0,37400.0,73680.0,97080.0
13-2031,Budget Analysts,2015,56300.0,71590.0,75150.0,47550.0,57950.0,90570.0,108600.0
13-2041,Credit Analysts,2015,70840.0,69680.0,79720.0,40250.0,51750.0,95260.0,134080.0
13-2051,Financial Analysts,2015,268360.0,80310.0,95320.0,49450.0,61650.0,110390.0,160760.0
13-2052,Personal Financial Advisors,2015,197580.0,89160.0,118050.0,39300.0,57190.0,153320.0,
13-2053,Insurance Underwriters,2015,89960.0,65040.0,72650.0,38960.0,49290.0,87820.0,116600.0
13-2061,Financial Examiners,2015,44200.0,78010.0,88310.0,45540.0,58490.0,109310.0,149390.0
13-2071,Credit Counselors,2015,30510.0,43840.0,49310.0,30320.0,35610.0,55340.0,74500.0
13-2072,Loan Officers,2015,303870.0,63430.0,75170.0,32870.0,44740.0,91810.0,130630.0
13-2081,"Tax Examiners and Collectors, and Revenue Agents",2015,59640.0,51430.0,57280.0,31660.0,39910.0,70800.0,96060.0
13-2082,Tax Preparers,2015,72060.0,36450.0,44730.0,19330.0,24180.0,57200.0,79460.0
13-2099,"Financial Specialists, All Other",2015,127250.0,66670.0,72480.0,37360.0,49590.0,88590.0,112140.0
15-1111,Computer and Information Research Scientists,2015,25510.0,110620.0,115580.0,64300.0,86570.0,139510.0,170610.0
15-1121,Computer Systems Analysts,2015,556660.0,85800.0,90180.0,51910.0,66340.0,109210.0,135450.0
15-1122,Information Security Analysts,2015,88880.0,90120.0,93250.0,51280.0,67890.0,115980.0,143770.0
15-1131,Computer Programmers,2015,289420.0,79530.0,84360.0,44450.0,60250.0,103570.0,130800.0
15-1132,"Software Developers, Applications",2015,747730.0,98260.0,102160.0,57340.0,75160.0,124400.0,153710.0
15-1133,"Software Developers, Systems Software",2015,390750.0,105570.0,108760.0,64600.0,82410.0,131670.0,159850.0
15-1134,Web Developers,2015,127070.0,64970.0,70660.0,34770.0,46600.0,89430.0,116620.0
15-1141,Database Administrators,2015,113770.0,81710.0,84250.0,45460.0,60100.0,106390.0,127080.0
15-1142,Network and Computer Systems Administrators,2015,374480.0,77810.0,82200.0,47460.0,60360.0,99510.0,124090.0
15-1143,Computer Network Architects,2015,146600.0,100240.0,103100.0,56230.0,75220.0,126780.0,155250.0
15-1151,Computer User Support Specialists,2015,585060.0,48620.0,52430.0,28990.0,37300.0,63030.0,81260.0
15-1152,Computer Network Support Specialists,2015,184570.0,62250.0,67260.0,36350.0,47020.0,82700.0,106310.0
15-1199,"Computer Occupations, All Other",2015,223370.0,85240.0,87310.0,45320.0,64550.0,108510.0,129700.0
15-2011,Actuaries,2015,19770.0,97070.0,110560.0,58290.0,73010.0,136130.0,180500.0
15-2021,Mathematicians,2015,3170.0,111110.0,112560.0,56200.0,81590.0,139520.0,167250.0
15-2031,Operations Research Analysts,2015,95860.0,78630.0,84180.0,43520.0,57310.0,105090.0,132500.0
15-2041,Statisticians,2015,29870.0,80110.0,84440.0,44900.0,59750.0,104390.0,130630.0
15-2091,Mathematical Technicians,2015,820.0,46600.0,53630.0,28390.0,35150.0,63230.0,87770.0
15-2099,"Mathematical Science Occupations, All Other",2015,1880.0,66210.0,78310.0,30040.0,39980.0,102620.0,160020.0
17-1011,"Architects, Except Landscape and Naval",2015,93720.0,76100.0,82850.0,46080.0,58870.0,97760.0,125520.0
17-1012,Landscape Architects,2015,19820.0,63810.0,68600.0,40230.0,49780.0,82850.0,104710.0
17-1021,Cartographers and Photogrammetrists,2015,11970.0,61880.0,65410.0,39470.0,48960.0,78940.0,98210.0
17-1022,Surveyors,2015,43140.0,58020.0,61880.0,32850.0,43380.0,77230.0,95800.0
17-2011,Aerospace Engineers,2015,66980.0,107830.0,110570.0,67850.0,84040.0,133460.0,158700.0
17-2021,Agricultural Engineers,2015,2330.0,75090.0,78490.0,47490.0,59810.0,94510.0,116830.0
17-2031,Biomedical Engineers,2015,20890.0,86220.0,91230.0,51480.0,65540.0,110250.0,139520.0
17-2041,Chemical Engineers,2015,32230.0,97360.0,103960.0,59470.0,75600.0,124710.0,157160.0
17-2051,Civil Engineers,2015,275210.0,82220.0,87940.0,52900.0,64750.0,104730.0,129850.0
17-2061,Computer Hardware Engineers,2015,75870.0,111730.0,114970.0,65570.0,86300.0,141280.0,167100.0
17-2071,Electrical Engineers,2015,178580.0,93010.0,97340.0,59240.0,73220.0,117930.0,146820.0
17-2072,"Electronics Engineers, Except Computer",2015,135390.0,98270.0,102390.0,63430.0,77490.0,122060.0,151990.0
17-2081,Environmental Engineers,2015,52600.0,84560.0,88040.0,50230.0,64610.0,106610.0,128440.0
17-2111,"Health and Safety Engineers, Except Mining Safety Engineers and Inspectors",2015,24900.0,84600.0,87810.0,49410.0,64120.0,108490.0,130770.0
17-2112,Industrial Engineers,2015,247570.0,83470.0,86990.0,53300.0,66680.0,103680.0,126920.0
17-2121,Marine Engineers and Naval Architects,2015,7600.0,93110.0,100090.0,61110.0,74030.0,118070.0,149330.0
17-2131,Materials Engineers,2015,27040.0,91310.0,94690.0,53120.0,69530.0,118070.0,144720.0
17-2141,Mechanical Engineers,2015,278340.0,83590.0,88190.0,53640.0,66540.0,105110.0,128430.0
17-2151,"Mining and Geological Engineers, Including Mining Safety Engineers",2015,8000.0,94040.0,107880.0,54180.0,69780.0,128010.0,180600.0
17-2161,Nuclear Engineers,2015,16880.0,102950.0,106060.0,66650.0,82630.0,122930.0,152220.0
17-2171,Petroleum Engineers,2015,34600.0,129990.0,149590.0,74880.0,99390.0,185050.0,
17-2199,"Engineers, All Other",2015,125460.0,95900.0,98150.0,52010.0,70960.0,122840.0,150830.0
17-3011,Architectural and Civil Drafters,2015,95280.0,50710.0,53470.0,33260.0,40810.0,62290.0,77450.0
17-3012,Electrical and Electronics Drafters,2015,29200.0,59520.0,62890.0,36140.0,46360.0,77020.0,95340.0
17-3013,Mechanical Drafters,2015,65250.0,53520.0,56610.0,34030.0,42320.0,68020.0,85860.0
17-3019,"Drafters, All Other",2015,15470.0,49650.0,53660.0,31400.0,38660.0,63840.0,81890.0
17-3021,Aerospace Engineering and Operations Technicians,2015,12890.0,66180.0,68620.0,39560.0,51660.0,83740.0,99090.0
17-3022,Civil Engineering Technicians,2015,71440.0,49260.0,51330.0,31400.0,38080.0,61420.0,75550.0
17-3023,Electrical and Electronics Engineering Technicians,2015,139080.0,61130.0,61870.0,36170.0,46860.0,74190.0,90570.0
17-3024,Electro-Mechanical Technicians,2015,14720.0,53340.0,56320.0,33580.0,41600.0,68870.0,84520.0
17-3025,Environmental Engineering Technicians,2015,17360.0,48650.0,51170.0,29270.0,36830.0,61790.0,77590.0
17-3026,Industrial Engineering Technicians,2015,62290.0,53780.0,56320.0,33910.0,42360.0,67340.0,83000.0
17-3027,Mechanical Engineering Technicians,2015,48910.0,53910.0,56390.0,33830.0,42340.0,67500.0,81010.0
17-3029,"Engineering Technicians, Except Drafters, All Other",2015,70750.0,61260.0,62820.0,33870.0,46060.0,77070.0,94100.0
17-3031,Surveying and Mapping Technicians,2015,53620.0,42010.0,44800.0,26060.0,32580.0,54500.0,68160.0
19-1011,Animal Scientists,2015,2430.0,60390.0,71830.0,37830.0,46180.0,81620.0,120500.0
19-1012,Food Scientists and Technologists,2015,14660.0,65840.0,72030.0,36940.0,49140.0,90320.0,118390.0
19-1013,Soil and Plant Scientists,2015,14610.0,60050.0,65980.0,35770.0,45800.0,77860.0,105390.0
19-1021,Biochemists and Biophysicists,2015,30800.0,82150.0,93390.0,44640.0,58620.0,115640.0,153810.0
19-1022,Microbiologists,2015,21210.0,67550.0,76230.0,38810.0,48980.0,96900.0,125200.0
19-1023,Zoologists and Wildlife Biologists,2015,17910.0,59680.0,64230.0,39180.0,47950.0,75040.0,97390.0
19-1029,"Biological Scientists, All Other",2015,32050.0,75150.0,77190.0,41740.0,57160.0,90140.0,112820.0
19-1031,Conservation Scientists,2015,20200.0,61110.0,63800.0,37380.0,47270.0,76140.0,91830.0
19-1032,Foresters,2015,8590.0,58230.0,60650.0,38660.0,47350.0,70660.0,84980.0
19-1041,Epidemiologists,2015,5460.0,69450.0,76900.0,46130.0,55790.0,88050.0,114550.0
19-1042,"Medical Scientists, Except Epidemiologists",2015,104440.0,82240.0,93730.0,44510.0,57640.0,116430.0,155180.0
19-1099,"Life Scientists, All Other",2015,9070.0,70550.0,79870.0,43520.0,53510.0,98030.0,129350.0
19-2011,Astronomers,2015,1760.0,104100.0,110220.0,52460.0,68680.0,147900.0,166320.0
19-2012,Physicists,2015,15650.0,111580.0,118500.0,55610.0,80670.0,148020.0,185230.0
19-2021,Atmospheric and Space Scientists,2015,10370.0,89820.0,90210.0,50630.0,66200.0,109500.0,132180.0
19-2031,Chemists,2015,84720.0,71260.0,77860.0,41110.0,52370.0,97510.0,125450.0
19-2032,Materials Scientists,2015,6790.0,91000.0,94940.0,47740.0,66610.0,119220.0,149310.0
19-2041,"Environmental Scientists and Specialists, Including Health",2015,87250.0,67460.0,73930.0,40350.0,50640.0,90210.0,118070.0
19-2042,"Geoscientists, Except Hydrologists and Geographers",2015,31800.0,89700.0,105720.0,47250.0,62030.0,127420.0,
19-2043,Hydrologists,2015,6580.0,79550.0,83440.0,50410.0,62590.0,99900.0,120370.0
19-2099,"Physical Scientists, All Other",2015,21130.0,97130.0,98240.0,47620.0,66360.0,123580.0,153880.0
19-3011,Economists,2015,19090.0,99180.0,109230.0,52540.0,70870.0,134080.0,176960.0
19-3022,Survey Researchers,2015,13650.0,53920.0,59340.0,22300.0,35960.0,77210.0,99500.0
19-3031,"Clinical, Counseling, and School Psychologists",2015,105600.0,70580.0,76040.0,40920.0,53190.0,92800.0,116960.0
19-3032,Industrial-Organizational Psychologists,2015,990.0,77350.0,92320.0,52270.0,65940.0,110740.0,158990.0
19-3039,"Psychologists, All Other",2015,12400.0,94590.0,93050.0,42710.0,70180.0,108500.0,124720.0
19-3041,Sociologists,2015,2620.0,73760.0,82100.0,36200.0,51380.0,103300.0,145250.0
19-3051,Urban and Regional Planners,2015,35480.0,68220.0,70680.0,42940.0,53740.0,85400.0,102200.0
19-3091,Anthropologists and Archeologists,2015,6980.0,61220.0,64290.0,35440.0,45520.0,79550.0,97040.0
19-3092,Geographers,2015,1280.0,74260.0,74920.0,45450.0,58570.0,89120.0,102930.0
19-3093,Historians,2015,3010.0,55800.0,61120.0,27920.0,36760.0,80810.0,101880.0
19-3094,Political Scientists,2015,3910.0,99730.0,103210.0,47210.0,66670.0,138870.0,162500.0
19-3099,"Social Scientists and Related Workers, All Other",2015,34160.0,76380.0,80650.0,45390.0,59690.0,97800.0,118080.0
19-4011,Agricultural and Food Science Technicians,2015,20260.0,36480.0,39000.0,23450.0,29050.0,46200.0,58270.0
19-4021,Biological Technicians,2015,72900.0,41650.0,45230.0,26610.0,32990.0,54060.0,69180.0
19-4031,Chemical Technicians,2015,64770.0,44660.0,48730.0,27260.0,34240.0,59060.0,75230.0
19-4041,Geological and Petroleum Technicians,2015,16820.0,55610.0,60710.0,24840.0,37930.0,76580.0,98620.0
19-4051,Nuclear Technicians,2015,6500.0,80260.0,78850.0,47730.0,63830.0,93160.0,103750.0
19-4061,Social Science Research Assistants,2015,28060.0,42480.0,45760.0,20540.0,32080.0,55810.0,73280.0
19-4091,"Environmental Science and Protection Technicians, Including Health",2015,34250.0,43030.0,46540.0,26890.0,33710.0,56270.0,71860.0
19-4092,Forensic Science Technicians,2015,14070.0,56320.0,60090.0,34000.0,42320.0,74000.0,94410.0
19-4093,Forest and Conservation Technicians,2015,29810.0,35430.0,38260.0,25430.0,28550.0,46170.0,54860.0
19-4099,"Life, Physical, and Social Science Technicians, All Other",2015,72020.0,45300.0,48360.0,25080.0,33950.0,59530.0,75970.0
21-1011,Substance Abuse and Behavioral Disorder Counselors,2015,87090.0,39980.0,42920.0,25860.0,31850.0,51140.0,63030.0
21-1012,"Educational, Guidance, School, and Vocational Counselors",2015,253460.0,53660.0,56490.0,32280.0,41120.0,69680.0,87640.0
21-1013,Marriage and Family Therapists,2015,32070.0,48600.0,53520.0,30540.0,37500.0,64780.0,81960.0
21-1014,Mental Health Counselors,2015,128200.0,41880.0,45080.0,26300.0,32720.0,54320.0,68790.0
21-1015,Rehabilitation Counselors,2015,101630.0,34390.0,38040.0,20950.0,26550.0,45580.0,60750.0
21-1019,"Counselors, All Other",2015,26370.0,45530.0,47950.0,25480.0,34010.0,59720.0,74150.0
21-1021,"Child, Family, and School Social Workers",2015,294080.0,42350.0,46610.0,27690.0,33790.0,55410.0,73400.0
21-1022,Healthcare Social Workers,2015,155590.0,52380.0,54020.0,32190.0,40690.0,64060.0,77880.0
21-1023,Mental Health and Substance Abuse Social Workers,2015,110070.0,42170.0,47190.0,26230.0,32880.0,55740.0,73330.0
21-1029,"Social Workers, All Other",2015,59570.0,58560.0,57970.0,33380.0,41700.0,72650.0,83400.0
21-1091,Health Educators,2015,57570.0,51960.0,56690.0,30250.0,38610.0,71020.0,92950.0
21-1092,Probation Officers and Correctional Treatment Specialists,2015,87950.0,49360.0,54080.0,32900.0,38630.0,65810.0,86140.0
21-1093,Social and Human Service Assistants,2015,359350.0,30830.0,33190.0,20120.0,24390.0,38930.0,49570.0
21-1094,Community Health Workers,2015,48130.0,36300.0,40150.0,22570.0,28340.0,47990.0,62880.0
21-1099,"Community and Social Service Specialists, All Other",2015,94670.0,41890.0,44370.0,24370.0,32090.0,54730.0,69940.0
21-2011,Clergy,2015,48250.0,44250.0,48150.0,22380.0,31850.0,59320.0,77220.0
21-2021,"Directors, Religious Activities and Education",2015,20280.0,38780.0,45160.0,19350.0,26630.0,56570.0,80880.0
21-2099,"Religious Workers, All Other",2015,7840.0,28750.0,35160.0,18280.0,19650.0,44570.0,65150.0
23-1011,Lawyers,2015,609930.0,115820.0,136260.0,55870.0,76300.0,174280.0,
23-1012,Judicial Law Clerks,2015,12660.0,50740.0,59910.0,31820.0,40580.0,70450.0,108730.0
23-1021,"Administrative Law Judges, Adjudicators, and Hearing Officers",2015,14590.0,90600.0,93140.0,40270.0,61010.0,120100.0,158700.0
23-1022,"Arbitrators, Mediators, and Conciliators",2015,6380.0,58020.0,69060.0,32440.0,41670.0,83070.0,118090.0
23-1023,"Judges, Magistrate Judges, and Magistrates",2015,29020.0,126930.0,116100.0,36720.0,62800.0,156440.0,186720.0
23-2011,Paralegals and Legal Assistants,2015,271930.0,48810.0,52390.0,30670.0,37880.0,62590.0,79010.0
23-2091,Court Reporters,2015,17670.0,49500.0,54720.0,27180.0,36840.0,66930.0,90510.0
23-2093,"Title Examiners, Abstractors, and Searchers",2015,54620.0,44370.0,49840.0,27120.0,34130.0,58840.0,78230.0
23-2099,"Legal Support Workers, All Other",2015,45570.0,53920.0,64530.0,30960.0,40000.0,80790.0,122560.0
25-1011,"Business Teachers, Postsecondary",2015,84890.0,75370.0,92220.0,35370.0,49770.0,116740.0,170640.0
25-1021,"Computer Science Teachers, Postsecondary",2015,33760.0,74840.0,84700.0,37570.0,52700.0,105020.0,145450.0
25-1022,"Mathematical Science Teachers, Postsecondary",2015,53850.0,67170.0,77290.0,36360.0,49000.0,94550.0,132620.0
25-1031,"Architecture Teachers, Postsecondary",2015,7340.0,73920.0,84880.0,38360.0,52110.0,100680.0,144380.0
25-1032,"Engineering Teachers, Postsecondary",2015,37270.0,95060.0,104220.0,46460.0,68170.0,129570.0,171330.0
25-1041,"Agricultural Sciences Teachers, Postsecondary",2015,9680.0,90780.0,95280.0,46680.0,66930.0,118080.0,149960.0
25-1042,"Biological Science Teachers, Postsecondary",2015,51640.0,75320.0,86830.0,41170.0,54950.0,106700.0,149710.0
25-1043,"Forestry and Conservation Science Teachers, Postsecondary",2015,1660.0,88270.0,91030.0,45960.0,63850.0,115310.0,143710.0
25-1051,"Atmospheric, Earth, Marine, and Space Sciences Teachers, Postsecondary",2015,10890.0,83150.0,92540.0,42850.0,59280.0,116530.0,152310.0
25-1052,"Chemistry Teachers, Postsecondary",2015,21460.0,75060.0,86070.0,41800.0,55250.0,104150.0,145300.0
25-1053,"Environmental Science Teachers, Postsecondary",2015,5540.0,78770.0,88570.0,44830.0,58250.0,109870.0,146530.0
25-1054,"Physics Teachers, Postsecondary",2015,14310.0,82840.0,93950.0,45220.0,59700.0,116070.0,156280.0
25-1061,"Anthropology and Archeology Teachers, Postsecondary",2015,6000.0,77650.0,85440.0,43080.0,57040.0,104770.0,141370.0
25-1062,"Area, Ethnic, and Cultural Studies Teachers, Postsecondary",2015,9240.0,72300.0,81700.0,37830.0,51920.0,99350.0,139970.0
25-1063,"Economics Teachers, Postsecondary",2015,13580.0,94000.0,106980.0,45220.0,65170.0,130180.0,184240.0
25-1064,"Geography Teachers, Postsecondary",2015,4350.0,75400.0,79690.0,41250.0,55950.0,98900.0,124190.0
25-1065,"Political Science Teachers, Postsecondary",2015,17460.0,76370.0,88680.0,40150.0,55280.0,108360.0,151940.0
25-1066,"Psychology Teachers, Postsecondary",2015,38380.0,70260.0,79370.0,36630.0,51210.0,96540.0,133810.0
25-1067,"Sociology Teachers, Postsecondary",2015,16160.0,69230.0,76750.0,37030.0,51570.0,93240.0,127500.0
25-1069,"Social Sciences Teachers, Postsecondary, All Other",2015,11250.0,67490.0,79820.0,36800.0,48130.0,98600.0,148230.0
25-1071,"Health Specialties Teachers, Postsecondary",2015,178900.0,90840.0,114510.0,41090.0,59660.0,149570.0,
25-1072,"Nursing Instructors and Teachers, Postsecondary",2015,57390.0,67480.0,73150.0,41490.0,53420.0,87080.0,112680.0
25-1081,"Education Teachers, Postsecondary",2015,60260.0,61560.0,68200.0,31430.0,44640.0,82430.0,114330.0
25-1082,"Library Science Teachers, Postsecondary",2015,4910.0,67660.0,73030.0,42560.0,53860.0,88120.0,114120.0
25-1111,"Criminal Justice and Law Enforcement Teachers, Postsecondary",2015,14560.0,58770.0,64460.0,33060.0,45520.0,77000.0,103260.0
25-1112,"Law Teachers, Postsecondary",2015,16430.0,105250.0,126230.0,42150.0,62880.0,168490.0,
25-1113,"Social Work Teachers, Postsecondary",2015,11740.0,63390.0,69030.0,32130.0,46190.0,85420.0,113670.0
25-1121,"Art, Drama, and Music Teachers, Postsecondary",2015,98310.0,65340.0,76710.0,33450.0,47120.0,91580.0,129150.0
25-1122,"Communications Teachers, Postsecondary",2015,29050.0,63410.0,70290.0,33070.0,46820.0,87460.0,119400.0
25-1123,"English Language and Literature Teachers, Postsecondary",2015,75730.0,61990.0,71210.0,34180.0,45650.0,86350.0,121860.0
25-1124,"Foreign Language and Literature Teachers, Postsecondary",2015,30120.0,61380.0,69520.0,34000.0,45630.0,82980.0,118530.0
25-1125,"History Teachers, Postsecondary",2015,23680.0,69400.0,76670.0,36730.0,51270.0,93450.0,125620.0
25-1126,"Philosophy and Religion Teachers, Postsecondary",2015,23820.0,66380.0,75140.0,35280.0,48440.0,91550.0,125050.0
25-1191,Graduate Teaching Assistants,2015,125100.0,30810.0,32510.0,17800.0,19780.0,42280.0,50220.0
25-1192,"Home Economics Teachers, Postsecondary",2015,3650.0,64950.0,69090.0,32210.0,45860.0,87630.0,116290.0
25-1193,"Recreation and Fitness Studies Teachers, Postsecondary",2015,17980.0,59280.0,66090.0,29660.0,42140.0,80960.0,114150.0
25-1194,"Vocational Education Teachers, Postsecondary",2015,119800.0,49470.0,54260.0,27590.0,37010.0,66070.0,88910.0
25-1199,"Postsecondary Teachers, All Other",2015,191220.0,63000.0,71060.0,23100.0,43020.0,90250.0,124000.0
25-2011,"Preschool Teachers, Except Special Education",2015,370190.0,28570.0,32500.0,19130.0,22440.0,38200.0,51990.0
25-2012,"Kindergarten Teachers, Except Special Education",2015,158150.0,51640.0,54510.0,33940.0,41700.0,63800.0,79960.0
25-2021,"Elementary School Teachers, Except Special Education",2015,1381430.0,54890.0,57730.0,36190.0,43900.0,69450.0,85550.0
25-2022,"Middle School Teachers, Except Special and Career/Technical Education",2015,632760.0,55860.0,58760.0,37350.0,44800.0,70480.0,87060.0
25-2023,"Career/Technical Education Teachers, Middle School",2015,13090.0,55190.0,58480.0,37130.0,44710.0,68630.0,86720.0
25-2031,"Secondary School Teachers, Except Special and Career/Technical Education",2015,962820.0,57200.0,60440.0,37800.0,45520.0,73050.0,91190.0
25-2032,"Career/Technical Education Teachers, Secondary School",2015,77430.0,56130.0,58170.0,38320.0,45490.0,69620.0,83180.0
25-2051,"Special Education Teachers, Preschool",2015,29230.0,53990.0,58210.0,33400.0,42080.0,71280.0,91280.0
25-2052,"Special Education Teachers, Kindergarten and Elementary School",2015,195780.0,55810.0,58640.0,36900.0,44710.0,70220.0,86990.0
25-2053,"Special Education Teachers, Middle School",2015,91050.0,57280.0,60300.0,38320.0,45920.0,72310.0,89820.0
25-2054,"Special Education Teachers, Secondary School",2015,129770.0,58500.0,62180.0,38890.0,46780.0,74860.0,94200.0
25-2059,"Special Education Teachers, All Other",2015,38410.0,53920.0,57670.0,31730.0,42200.0,70660.0,90420.0
25-3011,Adult Basic and Secondary Education and Literacy Teachers and Instructors,2015,65110.0,50280.0,54060.0,28870.0,39170.0,66300.0,83140.0
25-3021,Self-Enrichment Education Teachers,2015,217530.0,36680.0,42350.0,19050.0,24810.0,53560.0,73610.0
25-3097,"Teachers and Instructors, All Other, Except Substitute Teachers",2015,272920.0,40140.0,47410.0,19370.0,25530.0,61560.0,83140.0
25-3098,Substitute Teachers,2015,626750.0,26830.0,29630.0,17980.0,21000.0,35120.0,44400.0
25-4011,Archivists,2015,5460.0,50250.0,53880.0,30430.0,37820.0,64750.0,86040.0
25-4012,Curators,2015,11870.0,51520.0,56990.0,28440.0,37740.0,70390.0,91710.0
25-4013,Museum Technicians and Conservators,2015,10750.0,40340.0,44880.0,23200.0,31060.0,54850.0,72570.0
25-4021,Librarians,2015,131550.0,56880.0,58930.0,33810.0,44580.0,71620.0,88530.0
25-4031,Library Technicians,2015,94170.0,32310.0,34200.0,19420.0,24530.0,41960.0,51620.0
25-9011,Audio-Visual and Multimedia Collections Specialists,2015,10170.0,45890.0,48220.0,26090.0,34020.0,60520.0,74990.0
25-9021,Farm and Home Management Advisors,2015,8760.0,49190.0,51820.0,26050.0,36710.0,63540.0,80240.0
25-9031,Instructional Coordinators,2015,139460.0,62270.0,64870.0,35950.0,47440.0,79330.0,97770.0
25-9041,Teacher Assistants,2015,1228440.0,24900.0,26550.0,17920.0,19920.0,31220.0,38000.0
25-9099,"Education, Training, and Library Workers, All Other",2015,108270.0,40380.0,44380.0,21420.0,28160.0,55230.0,75170.0
27-1011,Art Directors,2015,34690.0,89760.0,101990.0,47320.0,63590.0,126110.0,172900.0
27-1012,Craft Artists,2015,5270.0,30720.0,35710.0,18680.0,23010.0,42770.0,59750.0
27-1013,"Fine Artists, Including Painters, Sculptors, and Illustrators",2015,12240.0,46460.0,54170.0,19140.0,29250.0,68610.0,99140.0
27-1014,Multimedia Artists and Animators,2015,30240.0,63970.0,70300.0,36930.0,47660.0,88190.0,113600.0
27-1019,"Artists and Related Workers, All Other",2015,7700.0,58450.0,62130.0,27970.0,38920.0,84020.0,100240.0
27-1021,Commercial and Industrial Designers,2015,31330.0,67130.0,69820.0,37630.0,50300.0,86570.0,104730.0
27-1022,Fashion Designers,2015,19040.0,63670.0,73180.0,33170.0,44880.0,89270.0,125270.0
27-1023,Floral Designers,2015,44350.0,25010.0,27010.0,18310.0,20590.0,31080.0,38660.0
27-1024,Graphic Designers,2015,204850.0,46900.0,51640.0,27560.0,35170.0,62650.0,81320.0
27-1025,Interior Designers,2015,51050.0,48840.0,55510.0,26130.0,35600.0,67900.0,91360.0
27-1026,Merchandise Displayers and Window Trimmers,2015,100540.0,26870.0,29790.0,18970.0,21760.0,34750.0,45640.0
27-1027,Set and Exhibit Designers,2015,11930.0,49530.0,54920.0,24580.0,34690.0,69900.0,92470.0
27-1029,"Designers, All Other",2015,6590.0,53280.0,62220.0,23650.0,35710.0,77940.0,109610.0
27-2011,Actors,2015,50570.0,,,,,,
27-2012,Producers and Directors,2015,104650.0,68440.0,89670.0,31780.0,45140.0,104780.0,181780.0
27-2021,Athletes and Sports Competitors,2015,11710.0,44680.0,80490.0,19910.0,28400.0,89780.0,
27-2022,Coaches and Scouts,2015,224110.0,31000.0,40050.0,17930.0,20140.0,48590.0,70050.0
27-2023,"Umpires, Referees, and Other Sports Officials",2015,18620.0,24870.0,33990.0,17890.0,19300.0,38830.0,57750.0
27-2031,Dancers,2015,10030.0,,,,,,
27-2032,Choreographers,2015,5130.0,45940.0,51560.0,19210.0,28980.0,68220.0,95100.0
27-2041,Music Directors and Composers,2015,21540.0,49820.0,59040.0,21070.0,35200.0,70180.0,101150.0
27-2042,Musicians and Singers,2015,37090.0,,,,,,
27-2099,"Entertainers and Performers, Sports and Related Workers, All Other",2015,14570.0,,,,,,
27-3011,Radio and Television Announcers,2015,30390.0,30960.0,46410.0,18000.0,20840.0,48910.0,86780.0
27-3012,Public Address System and Other Announcers,2015,8000.0,26930.0,40440.0,17430.0,19160.0,48780.0,77010.0
27-3021,Broadcast News Analysts,2015,4730.0,65530.0,89240.0,27370.0,38960.0,111290.0,
27-3022,Reporters and Correspondents,2015,41050.0,36360.0,46560.0,21390.0,27090.0,56780.0,81580.0
27-3031,Public Relations Specialists,2015,218910.0,56770.0,65830.0,31690.0,41520.0,78340.0,110080.0
27-3041,Editors,2015,96690.0,56010.0,64910.0,29230.0,39690.0,78140.0,109760.0
27-3042,Technical Writers,2015,49770.0,70240.0,73350.0,41610.0,53810.0,90700.0,112220.0
27-3043,Writers and Authors,2015,43380.0,60250.0,69130.0,29230.0,42380.0,84030.0,114530.0
27-3091,Interpreters and Translators,2015,49650.0,44190.0,48360.0,23160.0,32470.0,59880.0,78520.0
27-3099,"Media and Communication Workers, All Other",2015,22240.0,45220.0,52200.0,23910.0,31110.0,65430.0,91420.0
27-4011,Audio and Video Equipment Technicians,2015,62460.0,41440.0,46630.0,22770.0,30490.0,58360.0,77440.0
27-4012,Broadcast Technicians,2015,28270.0,37490.0,44050.0,19030.0,24940.0,58510.0,79260.0
27-4013,Radio Operators,2015,940.0,50040.0,47200.0,18750.0,35350.0,58570.0,70440.0
27-4014,Sound Engineering Technicians,2015,13840.0,53330.0,63340.0,22510.0,35570.0,81430.0,118530.0
27-4021,Photographers,2015,50070.0,31710.0,40280.0,18850.0,22600.0,48600.0,72200.0
27-4031,"Camera Operators, Television, Video, and Motion Picture",2015,20060.0,49080.0,59360.0,25070.0,34200.0,72190.0,105120.0
27-4032,Film and Video Editors,2015,27660.0,61750.0,80300.0,26270.0,38830.0,104280.0,155840.0
27-4099,"Media and Communication Equipment Workers, All Other",2015,17670.0,70590.0,70920.0,28570.0,46850.0,92100.0,113840.0
29-1011,Chiropractors,2015,32080.0,64440.0,78370.0,31310.0,45350.0,94010.0,140580.0
29-1021,"Dentists, General",2015,100080.0,152700.0,172350.0,68310.0,109030.0,,
29-1022,Oral and Maxillofacial Surgeons,2015,5000.0,,233900.0,85270.0,176900.0,,
29-1023,Orthodontists,2015,5410.0,,221390.0,87830.0,137150.0,,
29-1024,Prosthodontists,2015,710.0,119740.0,161020.0,73050.0,88860.0,,
29-1029,"Dentists, All Other Specialists",2015,5550.0,171000.0,171040.0,37800.0,92270.0,,
29-1031,Dietitians and Nutritionists,2015,59740.0,57910.0,58410.0,35240.0,46160.0,70580.0,80950.0
29-1041,Optometrists,2015,35300.0,103900.0,115750.0,51780.0,77310.0,134790.0,
29-1051,Pharmacists,2015,295620.0,121500.0,119270.0,86790.0,107810.0,138660.0,154040.0
29-1061,Anesthesiologists,2015,29220.0,,258100.0,142590.0,,,
29-1062,Family and General Practitioners,2015,127430.0,184390.0,192120.0,65630.0,130560.0,,
29-1063,"Internists, General",2015,48920.0,,196520.0,62520.0,117350.0,,
29-1064,Obstetricians and Gynecologists,2015,20090.0,,222400.0,85940.0,157590.0,,
29-1065,"Pediatricians, General",2015,28660.0,170300.0,183180.0,90950.0,133250.0,,
29-1066,Psychiatrists,2015,24060.0,,193680.0,59430.0,127650.0,,
29-1067,Surgeons,2015,41600.0,,247520.0,111420.0,,,
29-1069,"Physicians and Surgeons, All Other",2015,322740.0,,197700.0,57820.0,116510.0,,
29-1071,Physician Assistants,2015,98470.0,98180.0,99270.0,62760.0,83520.0,118200.0,139540.0
29-1081,Podiatrists,2015,9500.0,119340.0,136180.0,48920.0,76180.0,171740.0,
29-1122,Occupational Therapists,2015,114660.0,80150.0,81690.0,53250.0,66040.0,96590.0,116030.0
29-1123,Physical Therapists,2015,209690.0,84020.0,85790.0,57060.0,69620.0,98930.0,119790.0
29-1124,Radiation Therapists,2015,16930.0,80220.0,84460.0,54220.0,65250.0,99020.0,121110.0
29-1125,Recreational Therapists,2015,17880.0,45890.0,47790.0,28020.0,35310.0,59400.0,71790.0
29-1126,Respiratory Therapists,2015,120330.0,57790.0,59640.0,41970.0,48750.0,69470.0,80440.0
29-1127,Speech-Language Pathologists,2015,131450.0,73410.0,76900.0,46000.0,57300.0,93280.0,114840.0
29-1128,Exercise Physiologists,2015,6620.0,47010.0,49740.0,31540.0,37850.0,59250.0,73840.0
29-1129,"Therapists, All Other",2015,10890.0,56010.0,59210.0,32360.0,42040.0,73620.0,93100.0
29-1131,Veterinarians,2015,65650.0,88490.0,99000.0,53210.0,69280.0,116970.0,158260.0
29-1141,Registered Nurses,2015,2745910.0,67490.0,71000.0,46360.0,55320.0,82490.0,101630.0
29-1151,Nurse Anesthetists,2015,39410.0,157140.0,160250.0,105410.0,133990.0,185620.0,
29-1161,Nurse Midwives,2015,7430.0,92510.0,93610.0,50310.0,73460.0,112340.0,132270.0
29-1171,Nurse Practitioners,2015,136060.0,98190.0,101260.0,70540.0,84860.0,117020.0,135830.0
29-1181,Audiologists,2015,12070.0,74890.0,77420.0,49760.0,61040.0,92560.0,111450.0
29-1199,"Health Diagnosing and Treating Practitioners, All Other",2015,35750.0,74710.0,85120.0,39440.0,55510.0,107090.0,135950.0
29-2011,Medical and Clinical Laboratory Technologists,2015,162950.0,60520.0,61860.0,41510.0,51080.0,72780.0,84300.0
29-2012,Medical and Clinical Laboratory Technicians,2015,157610.0,38970.0,41420.0,25890.0,31350.0,49410.0,60810.0
29-2021,Dental Hygienists,2015,200550.0,72330.0,72720.0,50140.0,60280.0,85910.0,98440.0
29-2031,Cardiovascular Technologists and Technicians,2015,51400.0,54880.0,56100.0,28420.0,37670.0,71840.0,87170.0
29-2032,Diagnostic Medical Sonographers,2015,61250.0,68970.0,70880.0,48720.0,57100.0,81540.0,97390.0
29-2033,Nuclear Medicine Technologists,2015,19740.0,73360.0,74990.0,52950.0,62660.0,87240.0,100080.0
29-2034,Radiologic Technologists,2015,195590.0,56670.0,58520.0,38110.0,45870.0,69480.0,81660.0
29-2035,Magnetic Resonance Imaging Technologists,2015,33460.0,67720.0,68340.0,46690.0,56160.0,78840.0,94550.0
29-2041,Emergency Medical Technicians and Paramedics,2015,236890.0,31980.0,35430.0,20860.0,25490.0,42150.0,55110.0
29-2051,Dietetic Technicians,2015,28950.0,26040.0,29170.0,18230.0,20760.0,35250.0,45540.0
29-2052,Pharmacy Technicians,2015,379430.0,30410.0,31680.0,20950.0,24760.0,37280.0,45030.0
29-2053,Psychiatric Technicians,2015,58450.0,31140.0,36280.0,20780.0,24740.0,45020.0,60690.0
29-2054,Respiratory Therapy Technicians,2015,10000.0,48490.0,49720.0,30750.0,39180.0,59920.0,72300.0
29-2055,Surgical Technologists,2015,100270.0,44330.0,45940.0,31410.0,36340.0,54000.0,63410.0
29-2056,Veterinary Technologists and Technicians,2015,95790.0,31800.0,33280.0,21890.0,26350.0,38480.0,47410.0
29-2057,Ophthalmic Medical Technicians,2015,39160.0,35350.0,36690.0,24300.0,29010.0,42980.0,50790.0
29-2061,Licensed Practical and Licensed Vocational Nurses,2015,697250.0,43170.0,44030.0,32040.0,36300.0,50160.0,59510.0
29-2071,Medical Records and Health Information Technicians,2015,189930.0,37110.0,40430.0,24190.0,29130.0,48510.0,61400.0
29-2081,"Opticians, Dispensing",2015,73520.0,34840.0,36820.0,21980.0,27030.0,44940.0,55530.0
29-2091,Orthotists and Prosthetists,2015,7100.0,64430.0,69960.0,35160.0,47870.0,85260.0,107550.0
29-2092,Hearing Aid Specialists,2015,5920.0,49600.0,52850.0,26660.0,34620.0,66680.0,79400.0
29-2099,"Health Technologists and Technicians, All Other",2015,104020.0,41260.0,45730.0,26520.0,32030.0,55540.0,70340.0
29-9011,Occupational Health and Safety Specialists,2015,70220.0,70210.0,71790.0,40890.0,53890.0,86990.0,102980.0
29-9012,Occupational Health and Safety Technicians,2015,16050.0,48070.0,51270.0,30610.0,36920.0,61740.0,77780.0
29-9091,Athletic Trainers,2015,23450.0,44670.0,46940.0,28480.0,36010.0,55270.0,68300.0
29-9092,Genetic Counselors,2015,2520.0,72090.0,74570.0,49760.0,58810.0,89690.0,109650.0
29-9099,"Healthcare Practitioners and Technical Workers, All Other",2015,39440.0,48270.0,56400.0,25650.0,33300.0,75180.0,100390.0
31-1011,Home Health Aides,2015,820630.0,21920.0,22870.0,17480.0,19190.0,24870.0,29950.0
31-1013,Psychiatric Aides,2015,69550.0,26190.0,28170.0,18990.0,22670.0,32580.0,40860.0
31-1014,Nursing Assistants,2015,1420570.0,25710.0,26820.0,19390.0,21780.0,30530.0,36890.0
31-1015,Orderlies,2015,52660.0,25580.0,27580.0,18770.0,21420.0,31650.0,39030.0
31-2011,Occupational Therapy Assistants,2015,35460.0,57870.0,58340.0,38440.0,47800.0,69170.0,78080.0
31-2012,Occupational Therapy Aides,2015,7570.0,27800.0,31090.0,19820.0,22800.0,35060.0,48950.0
31-2021,Physical Therapist Assistants,2015,81230.0,55170.0,55250.0,32640.0,44070.0,65920.0,76940.0
31-2022,Physical Therapist Aides,2015,50540.0,25120.0,27440.0,18720.0,21280.0,30360.0,38040.0
31-9011,Massage Therapists,2015,92090.0,38040.0,43170.0,18860.0,25350.0,56180.0,74860.0
31-9091,Dental Assistants,2015,323110.0,35980.0,36920.0,24950.0,29580.0,43860.0,50660.0
31-9092,Medical Assistants,2015,601240.0,30590.0,31910.0,22040.0,26080.0,36800.0,43880.0
31-9093,Medical Equipment Preparers,2015,50330.0,33330.0,34950.0,23030.0,27300.0,40330.0,49480.0
31-9094,Medical Transcriptionists,2015,57830.0,34890.0,35720.0,21600.0,27810.0,42690.0,50230.0
31-9095,Pharmacy Aides,2015,38040.0,24450.0,27460.0,18050.0,20350.0,31220.0,42830.0
31-9096,Veterinary Assistants and Laboratory Animal Caretakers,2015,75620.0,24360.0,25940.0,18060.0,20340.0,29690.0,36690.0
31-9097,Phlebotomists,2015,118160.0,31630.0,32770.0,22850.0,26690.0,37640.0,45190.0
31-9099,"Healthcare Support Workers, All Other",2015,95290.0,35780.0,36920.0,21620.0,27540.0,44640.0,52920.0
33-1011,First-Line Supervisors of Correctional Officers,2015,42520.0,59720.0,62770.0,38030.0,44020.0,78590.0,94080.0
33-1012,First-Line Supervisors of Police and Detectives,2015,100370.0,82090.0,85810.0,48930.0,63050.0,103810.0,131570.0
33-1021,First-Line Supervisors of Fire Fighting and Prevention Workers,2015,58110.0,72230.0,74970.0,41790.0,55400.0,92930.0,114900.0
33-1099,"First-Line Supervisors of Protective Service Workers, All Other",2015,69660.0,46900.0,49540.0,26470.0,34150.0,59810.0,76430.0
33-2011,Firefighters,2015,318790.0,46870.0,49330.0,23010.0,32080.0,63230.0,79490.0
33-2021,Fire Inspectors and Investigators,2015,12290.0,56730.0,59800.0,34260.0,43430.0,74230.0,92120.0
33-2022,Forest Fire Inspectors and Prevention Specialists,2015,1650.0,36650.0,44740.0,24500.0,29630.0,56170.0,78430.0
33-3011,Bailiffs,2015,17730.0,41670.0,44900.0,22650.0,31110.0,60230.0,73070.0
33-3012,Correctional Officers and Jailers,2015,427790.0,40530.0,45320.0,27830.0,32960.0,55720.0,73060.0
33-3021,Detectives and Criminal Investigators,2015,106580.0,77210.0,79620.0,41200.0,53810.0,100990.0,128690.0
33-3031,Fish and Game Wardens,2015,5630.0,52780.0,54970.0,34620.0,42780.0,64870.0,76510.0
33-3041,Parking Enforcement Workers,2015,8710.0,36530.0,38280.0,22000.0,27570.0,48360.0,58060.0
33-3051,Police and Sheriff's Patrol Officers,2015,653740.0,58320.0,61270.0,33430.0,42910.0,76160.0,96110.0
33-3052,Transit and Railroad Police,2015,3720.0,59670.0,62090.0,35160.0,46820.0,76770.0,93720.0
33-9011,Animal Control Workers,2015,13180.0,33450.0,35330.0,20830.0,26350.0,42360.0,53190.0
33-9021,Private Detectives and Investigators,2015,30460.0,45610.0,52840.0,26920.0,35070.0,62820.0,85190.0
33-9031,Gaming Surveillance Officers and Gaming Investigators,2015,10650.0,31170.0,33880.0,21460.0,25780.0,39280.0,50130.0
33-9032,Security Guards,2015,1097660.0,24630.0,28460.0,18350.0,20370.0,33000.0,45010.0
33-9091,Crossing Guards,2015,68640.0,25100.0,27730.0,17890.0,19680.0,32900.0,39540.0
33-9092,"Lifeguards, Ski Patrol, and Other Recreational Protective Service Workers",2015,141670.0,19500.0,21930.0,16770.0,17980.0,23610.0,30790.0
33-9093,Transportation Security Screeners,2015,41820.0,39310.0,40050.0,33970.0,36500.0,42320.0,47020.0
33-9099,"Protective Service Workers, All Other",2015,120270.0,28650.0,32690.0,18740.0,21580.0,38850.0,54040.0
35-1011,Chefs and Head Cooks,2015,129370.0,41500.0,45920.0,23150.0,30840.0,57110.0,74170.0
35-1012,First-Line Supervisors of Food Preparation and Serving Workers,2015,884090.0,30340.0,33330.0,19990.0,23430.0,40480.0,51370.0
35-2011,"Cooks, Fast Food",2015,520010.0,19080.0,19610.0,16510.0,17750.0,20810.0,24140.0
35-2012,"Cooks, Institution and Cafeteria",2015,404980.0,23960.0,25560.0,17400.0,19580.0,29810.0,36920.0
35-2013,"Cooks, Private Household",2015,380.0,26300.0,37680.0,19670.0,21840.0,38420.0,77650.0
35-2014,"Cooks, Restaurant",2015,1150760.0,23100.0,24430.0,17680.0,19610.0,28080.0,33450.0
35-2015,"Cooks, Short Order",2015,193170.0,20780.0,21940.0,17000.0,18470.0,24270.0,29370.0
35-2019,"Cooks, All Other",2015,15160.0,26350.0,28240.0,18200.0,20670.0,33100.0,41030.0
35-2021,Food Preparation Workers,2015,862740.0,20180.0,22050.0,17060.0,18510.0,24360.0,30010.0
35-3011,Bartenders,2015,589150.0,19530.0,24110.0,16980.0,18190.0,26270.0,37980.0
35-3021,"Combined Food Preparation and Serving Workers, Including Fast Food",2015,3216460.0,18910.0,19710.0,16570.0,17630.0,20420.0,24420.0
35-3022,"Counter Attendants, Cafeteria, Food Concession, and Coffee Shop",2015,486650.0,19230.0,20590.0,16890.0,18040.0,22040.0,26780.0
35-3031,Waiters and Waitresses,2015,2505630.0,19250.0,23020.0,16810.0,17920.0,24220.0,35640.0
35-3041,"Food Servers, Nonrestaurant",2015,257070.0,20420.0,23010.0,17030.0,18360.0,24960.0,32920.0
35-9011,Dining Room and Cafeteria Attendants and Bartender Helpers,2015,412830.0,19280.0,21400.0,16950.0,18140.0,22560.0,29210.0
35-9021,Dishwashers,2015,505000.0,19340.0,20360.0,16920.0,18160.0,22080.0,24630.0
35-9031,"Hosts and Hostesses, Restaurant, Lounge, and Coffee Shop",2015,391150.0,19180.0,20530.0,16710.0,17840.0,22210.0,27180.0
35-9099,"Food Preparation and Serving Related Workers, All Other",2015,52470.0,20380.0,23060.0,16970.0,18440.0,25860.0,34370.0
37-1011,First-Line Supervisors of Housekeeping and Janitorial Workers,2015,166920.0,37050.0,40060.0,22740.0,28350.0,48580.0,62080.0
37-1012,"First-Line Supervisors of Landscaping, Lawn Service, and Groundskeeping Workers",2015,103450.0,43980.0,46900.0,27150.0,33920.0,57150.0,72390.0
37-2011,"Janitors and Cleaners, Except Maids and Housekeeping Cleaners",2015,2146880.0,23440.0,26180.0,17550.0,19270.0,30610.0,39320.0
37-2012,Maids and Housekeeping Cleaners,2015,926240.0,20740.0,22990.0,17020.0,18450.0,25100.0,33380.0
37-2019,"Building Cleaning Workers, All Other",2015,16480.0,29250.0,30200.0,18870.0,23030.0,35850.0,42240.0
37-2021,Pest Control Workers,2015,70250.0,32160.0,34080.0,21270.0,26210.0,39670.0,49600.0
37-3011,Landscaping and Groundskeeping Workers,2015,895600.0,25030.0,27460.0,18460.0,20820.0,31370.0,39520.0
37-3012,"Pesticide Handlers, Sprayers, and Applicators, Vegetation",2015,24200.0,32540.0,34570.0,22720.0,26990.0,39060.0,48860.0
37-3013,Tree Trimmers and Pruners,2015,40160.0,33500.0,36030.0,21660.0,26790.0,44070.0,55700.0
37-3019,"Grounds Maintenance Workers, All Other",2015,16890.0,29220.0,33340.0,18950.0,21750.0,42010.0,56480.0
39-1011,Gaming Supervisors,2015,22640.0,49730.0,50130.0,28870.0,38520.0,60430.0,73120.0
39-1012,Slot Supervisors,2015,7700.0,35680.0,37550.0,20580.0,25680.0,46690.0,58900.0
39-1021,First-Line Supervisors of Personal Service Workers,2015,177700.0,35710.0,38670.0,22230.0,27650.0,46630.0,59840.0
39-2011,Animal Trainers,2015,11720.0,26610.0,33600.0,18160.0,20640.0,40010.0,57170.0
39-2021,Nonfarm Animal Caretakers,2015,174060.0,21010.0,23630.0,17160.0,18580.0,25930.0,34780.0
39-3011,Gaming Dealers,2015,94900.0,19000.0,21810.0,16440.0,17580.0,20810.0,34780.0
39-3012,Gaming and Sports Book Writers and Runners,2015,12370.0,22700.0,26170.0,17200.0,18820.0,30650.0,42640.0
39-3019,"Gaming Service Workers, All Other",2015,12280.0,24040.0,26380.0,17720.0,19360.0,30520.0,37780.0
39-3021,Motion Picture Projectionists,2015,5620.0,21490.0,24540.0,17360.0,18800.0,27280.0,35780.0
39-3031,"Ushers, Lobby Attendants, and Ticket Takers",2015,114000.0,19180.0,21060.0,16730.0,17910.0,22360.0,29110.0
39-3091,Amusement and Recreation Attendants,2015,273870.0,19280.0,21360.0,16870.0,18010.0,22840.0,29130.0
39-3092,Costume Attendants,2015,6120.0,44500.0,52870.0,19570.0,27540.0,67310.0,91440.0
39-3093,"Locker Room, Coatroom, and Dressing Room Attendants",2015,17430.0,21020.0,23990.0,17200.0,18550.0,27680.0,36180.0
39-3099,"Entertainment Attendants and Related Workers, All Other",2015,15010.0,22720.0,24110.0,17410.0,19220.0,27640.0,32090.0
39-4011,Embalmers,2015,3710.0,40410.0,41490.0,23550.0,29850.0,50810.0,61210.0
39-4021,Funeral Attendants,2015,35290.0,23770.0,25840.0,17620.0,19850.0,29990.0,38120.0
39-4031,"Morticians, Undertakers, and Funeral Directors",2015,25470.0,48490.0,52990.0,27000.0,36250.0,63550.0,82010.0
39-5011,Barbers,2015,14350.0,24850.0,29140.0,17940.0,19830.0,35360.0,47410.0
39-5012,"Hairdressers, Hairstylists, and Cosmetologists",2015,348010.0,23660.0,28770.0,17620.0,19150.0,33170.0,47410.0
39-5091,"Makeup Artists, Theatrical and Performance",2015,3060.0,53230.0,66560.0,19420.0,27750.0,98210.0,122110.0
39-5092,Manicurists and Pedicurists,2015,83840.0,20820.0,23630.0,18260.0,19070.0,25940.0,33940.0
39-5093,Shampooers,2015,15190.0,19290.0,20350.0,17170.0,18240.0,22010.0,24800.0
39-5094,Skincare Specialists,2015,40190.0,30090.0,35300.0,18310.0,21390.0,43090.0,61330.0
39-6011,Baggage Porters and Bellhops,2015,46550.0,21160.0,24430.0,17260.0,18580.0,28050.0,36630.0
39-6012,Concierges,2015,31430.0,29030.0,30870.0,19830.0,23050.0,37290.0,46000.0
39-7011,Tour Guides and Escorts,2015,35930.0,24100.0,26920.0,17790.0,19430.0,31590.0,39410.0
39-7012,Travel Guides,2015,2810.0,34180.0,36920.0,19940.0,26590.0,44800.0,57300.0
39-9011,Childcare Workers,2015,573440.0,20320.0,22310.0,16900.0,18290.0,24730.0,30750.0
39-9021,Personal Care Aides,2015,1369230.0,20980.0,21790.0,16910.0,18580.0,23960.0,28620.0
39-9031,Fitness Trainers and Aerobics Instructors,2015,237760.0,36160.0,40970.0,18690.0,23280.0,52940.0,70180.0
39-9032,Recreation Workers,2015,336150.0,23320.0,26610.0,17660.0,19190.0,30590.0,40880.0
39-9041,Residential Advisors,2015,102540.0,24990.0,27140.0,17880.0,20480.0,31220.0,39050.0
39-9099,"Personal Care and Service Workers, All Other",2015,57140.0,22310.0,24950.0,17890.0,19330.0,27920.0,36270.0
41-1011,First-Line Supervisors of Retail Sales Workers,2015,1193850.0,38310.0,42900.0,23770.0,29700.0,49870.0,64640.0
41-1012,First-Line Supervisors of Non-Retail Sales Workers,2015,247850.0,72300.0,84910.0,36870.0,51160.0,103820.0,149290.0
41-2011,Cashiers,2015,3478420.0,19310.0,20990.0,16830.0,18000.0,22740.0,28120.0
41-2012,Gaming Change Persons and Booth Cashiers,2015,22790.0,22930.0,24620.0,17780.0,19600.0,28320.0,34950.0
41-2021,Counter and Rental Clerks,2015,447050.0,24440.0,28210.0,17860.0,19530.0,32810.0,44710.0
41-2022,Parts Salespersons,2015,238470.0,29650.0,32750.0,18800.0,22400.0,39490.0,51280.0
41-2031,Retail Salespersons,2015,4612510.0,21780.0,26340.0,17360.0,18840.0,28640.0,40200.0
41-3011,Advertising Sales Agents,2015,149770.0,48490.0,61690.0,22840.0,32470.0,74650.0,114350.0
41-3021,Insurance Sales Agents,2015,386140.0,48200.0,64790.0,26330.0,34220.0,74320.0,122590.0
41-3031,"Securities, Commodities, and Financial Services Sales Agents",2015,319280.0,71550.0,102860.0,32680.0,40410.0,135430.0,
41-3041,Travel Agents,2015,66560.0,35660.0,38750.0,20050.0,26760.0,47320.0,60200.0
41-3099,"Sales Representatives, Services, All Other",2015,886580.0,51700.0,62360.0,24720.0,34700.0,76520.0,113570.0
41-4011,"Sales Representatives, Wholesale and Manufacturing, Technical and Scientific Products",2015,334010.0,76190.0,89170.0,38570.0,53360.0,111500.0,153940.0
41-4012,"Sales Representatives, Wholesale and Manufacturing, Except Technical and Scientific Products",2015,1409550.0,55730.0,66790.0,26830.0,38340.0,80620.0,118000.0
41-9011,Demonstrators and Product Promoters,2015,83620.0,24940.0,29720.0,19080.0,21300.0,33760.0,47140.0
41-9012,Models,2015,4460.0,27530.0,37240.0,17050.0,18780.0,43290.0,54670.0
41-9021,Real Estate Brokers,2015,38810.0,56860.0,80210.0,23400.0,32970.0,99080.0,166940.0
41-9022,Real Estate Sales Agents,2015,151700.0,43370.0,58410.0,21780.0,28980.0,70520.0,110560.0
41-9031,Sales Engineers,2015,72200.0,97650.0,107160.0,55280.0,72560.0,129930.0,165250.0
41-9041,Telemarketers,2015,226730.0,23530.0,26470.0,17730.0,19460.0,29910.0,38450.0
41-9091,"Door-to-Door Sales Workers, News and Street Vendors, and Related Workers",2015,7510.0,22210.0,26160.0,17940.0,19200.0,28490.0,41760.0
41-9099,"Sales and Related Workers, All Other",2015,84240.0,33240.0,40540.0,19470.0,24380.0,48790.0,69380.0
43-1011,First-Line Supervisors of Office and Administrative Support Workers,2015,1424450.0,52630.0,56170.0,31770.0,40530.0,67540.0,85320.0
43-2011,"Switchboard Operators, Including Answering Service",2015,100500.0,27440.0,28990.0,19410.0,22410.0,33750.0,40610.0
43-2021,Telephone Operators,2015,9750.0,35880.0,40820.0,21860.0,26830.0,53240.0,63320.0
43-2099,"Communications Equipment Operators, All Other",2015,2010.0,40330.0,41990.0,26360.0,31510.0,51570.0,59440.0
43-3011,Bill and Account Collectors,2015,318970.0,34440.0,36600.0,22920.0,27730.0,42780.0,53540.0
43-3021,Billing and Posting Clerks,2015,491070.0,35050.0,36300.0,24570.0,28890.0,42200.0,50240.0
43-3031,"Bookkeeping, Accounting, and Auditing Clerks",2015,1580220.0,37250.0,38990.0,22940.0,29570.0,46920.0,57920.0
43-3041,Gaming Cage Workers,2015,17650.0,25860.0,27780.0,19070.0,21480.0,32720.0,40800.0
43-3051,Payroll and Timekeeping Clerks,2015,166700.0,41000.0,42130.0,26510.0,33160.0,49550.0,60080.0
43-3061,Procurement Clerks,2015,71470.0,40600.0,41010.0,26110.0,32720.0,48450.0,56820.0
43-3071,Tellers,2015,498460.0,26410.0,27260.0,20320.0,22540.0,30670.0,36870.0
43-3099,"Financial Clerks, All Other",2015,34700.0,40080.0,42270.0,26010.0,32510.0,49450.0,60740.0
43-4011,Brokerage Clerks,2015,57490.0,48180.0,51640.0,32150.0,38970.0,61230.0,76270.0
43-4021,Correspondence Clerks,2015,7320.0,35320.0,36340.0,24390.0,28980.0,42700.0,50320.0
43-4031,"Court, Municipal, and License Clerks",2015,130190.0,35850.0,38230.0,23420.0,28680.0,45150.0,55290.0
43-4041,"Credit Authorizers, Checkers, and Clerks",2015,41880.0,35280.0,37920.0,24280.0,28510.0,45350.0,57420.0
43-4051,Customer Service Representatives,2015,2595990.0,31720.0,34560.0,20250.0,25040.0,40830.0,53030.0
43-4061,"Eligibility Interviewers, Government Programs",2015,130420.0,43170.0,43040.0,29460.0,34380.0,51340.0,57700.0
43-4071,File Clerks,2015,140560.0,27850.0,29900.0,19080.0,22090.0,35500.0,45230.0
43-4081,"Hotel, Motel, and Resort Desk Clerks",2015,243210.0,21040.0,22610.0,17070.0,18550.0,24710.0,30800.0
43-4111,"Interviewers, Except Eligibility and Loan",2015,184050.0,31410.0,32930.0,20520.0,25640.0,38580.0,47730.0
43-4121,"Library Assistants, Clerical",2015,100090.0,24480.0,26580.0,17800.0,19500.0,31320.0,39110.0
43-4131,Loan Interviewers and Clerks,2015,216380.0,37710.0,39210.0,24920.0,30480.0,46720.0,56400.0
43-4141,New Accounts Clerks,2015,48970.0,34880.0,35820.0,25860.0,29460.0,40180.0,48120.0
43-4151,Order Clerks,2015,185890.0,32330.0,34080.0,19950.0,24930.0,40950.0,50440.0
43-4161,"Human Resources Assistants, Except Payroll and Timekeeping",2015,138910.0,38100.0,39180.0,25500.0,31360.0,46400.0,55160.0
43-4171,Receptionists and Information Clerks,2015,975890.0,27300.0,28430.0,19070.0,22140.0,33400.0,39350.0
43-4181,Reservation and Transportation Ticket Agents and Travel Clerks,2015,138810.0,35170.0,36780.0,20870.0,25290.0,48130.0,56750.0
43-4199,"Information and Record Clerks, All Other",2015,177210.0,37990.0,38770.0,23780.0,29510.0,46500.0,54730.0
43-5011,Cargo and Freight Agents,2015,81120.0,41870.0,44470.0,24460.0,32140.0,53180.0,66730.0
43-5021,Couriers and Messengers,2015,73180.0,27280.0,29130.0,18880.0,21670.0,34580.0,43740.0
43-5031,"Police, Fire, and Ambulance Dispatchers",2015,95630.0,38010.0,40000.0,24270.0,29940.0,48420.0,59770.0
43-5032,"Dispatchers, Except Police, Fire, and Ambulance",2015,196940.0,37150.0,40210.0,22430.0,28550.0,48330.0,61780.0
43-5041,"Meter Readers, Utilities",2015,34970.0,38510.0,40900.0,22080.0,28000.0,51380.0,63910.0
43-5051,Postal Service Clerks,2015,78660.0,56790.0,49090.0,32520.0,39210.0,56800.0,57990.0
43-5052,Postal Service Mail Carriers,2015,315950.0,58280.0,51130.0,32630.0,39710.0,59290.0,60520.0
43-5053,"Postal Service Mail Sorters, Processors, and Processing Machine Operators",2015,109930.0,56740.0,50650.0,32510.0,52510.0,56800.0,56800.0
43-5061,"Production, Planning, and Expediting Clerks",2015,309110.0,46150.0,48210.0,27190.0,34950.0,58760.0,73270.0
43-5071,"Shipping, Receiving, and Traffic Clerks",2015,674820.0,30450.0,32350.0,20230.0,24500.0,38270.0,47610.0
43-5081,Stock Clerks and Order Fillers,2015,1934060.0,23220.0,25940.0,17720.0,19320.0,30110.0,38850.0
43-5111,"Weighers, Measurers, Checkers, and Samplers, Recordkeeping",2015,69360.0,28690.0,30980.0,19150.0,22250.0,37110.0,47160.0
43-6011,Executive Secretaries and Executive Administrative Assistants,2015,666490.0,53370.0,55460.0,33830.0,42100.0,66940.0,79500.0
43-6012,Legal Secretaries,2015,202660.0,43200.0,46470.0,26760.0,33150.0,57740.0,72890.0
43-6013,Medical Secretaries,2015,530360.0,33040.0,34330.0,22610.0,27070.0,39540.0,48670.0
43-6014,"Secretaries and Administrative Assistants, Except Legal, Medical, and Executive",2015,2281120.0,33910.0,35200.0,20870.0,26630.0,42690.0,51520.0
43-9011,Computer Operators,2015,51510.0,40420.0,42140.0,23020.0,30280.0,53300.0,61520.0
43-9021,Data Entry Keyers,2015,199240.0,29460.0,30810.0,20030.0,23950.0,36320.0,44140.0
43-9022,Word Processors and Typists,2015,68660.0,37610.0,38710.0,25290.0,31040.0,45530.0,53760.0
43-9031,Desktop Publishers,2015,13240.0,39840.0,43900.0,23150.0,30990.0,53950.0,68670.0
43-9041,Insurance Claims and Policy Processing Clerks,2015,262910.0,37530.0,39560.0,25830.0,30630.0,46650.0,57400.0
43-9051,"Mail Clerks and Mail Machine Operators, Except Postal Service",2015,95640.0,28570.0,29930.0,18720.0,22220.0,36200.0,44150.0
43-9061,"Office Clerks, General",2015,2944420.0,29580.0,31890.0,18840.0,22540.0,38250.0,48540.0
43-9071,"Office Machine Operators, Except Computer",2015,63290.0,29010.0,30980.0,19340.0,23020.0,37170.0,46500.0
43-9081,Proofreaders and Copy Markers,2015,10810.0,35630.0,37690.0,20530.0,26850.0,47050.0,57880.0
43-9111,Statistical Assistants,2015,13510.0,42700.0,44220.0,24590.0,32300.0,54580.0,64730.0
43-9199,"Office and Administrative Support Workers, All Other",2015,239630.0,32590.0,34730.0,19240.0,23000.0,42350.0,54600.0
45-1011,"First-Line Supervisors of Farming, Fishing, and Forestry Workers",2015,19060.0,45340.0,48290.0,26190.0,32880.0,59170.0,75560.0
45-2011,Agricultural Inspectors,2015,14670.0,43380.0,43810.0,26440.0,32190.0,51430.0,62930.0
45-2021,Animal Breeders,2015,1030.0,39380.0,44650.0,20430.0,28350.0,58710.0,75210.0
45-2041,"Graders and Sorters, Agricultural Products",2015,35290.0,21100.0,23260.0,18040.0,19230.0,25260.0,32000.0
45-2091,Agricultural Equipment Operators,2015,27200.0,27840.0,29380.0,18900.0,21570.0,34910.0,42720.0
45-2092,"Farmworkers and Laborers, Crop, Nursery, and Greenhouse",2015,272170.0,19770.0,22130.0,18710.0,19130.0,23360.0,29490.0
45-2093,"Farmworkers, Farm, Ranch, and Aquacultural Animals",2015,33530.0,23750.0,26160.0,17510.0,19540.0,30720.0,38630.0
45-2099,"Agricultural Workers, All Other",2015,5020.0,29830.0,31850.0,18720.0,21780.0,38590.0,49320.0
45-3011,Fishers and Related Fishing Workers,2015,540.0,27340.0,29970.0,18760.0,21550.0,35150.0,46390.0
45-4011,Forest and Conservation Workers,2015,6870.0,26190.0,29860.0,18870.0,19600.0,36610.0,46660.0
45-4021,Fallers,2015,5840.0,36400.0,41750.0,22150.0,28190.0,52920.0,69920.0
45-4022,Logging Equipment Operators,2015,27290.0,36290.0,36930.0,22720.0,28820.0,44570.0,50860.0
45-4023,Log Graders and Scalers,2015,2740.0,36110.0,37420.0,23940.0,28990.0,44690.0,53240.0
45-4029,"Logging Workers, All Other",2015,2830.0,35620.0,36210.0,25200.0,31330.0,40570.0,49020.0
47-1011,First-Line Supervisors of Construction Trades and Extraction Workers,2015,517560.0,62070.0,66820.0,39000.0,48920.0,80080.0,101040.0
47-2011,Boilermakers,2015,16350.0,60120.0,60660.0,36810.0,47800.0,74250.0,86290.0
47-2021,Brickmasons and Blockmasons,2015,61360.0,47950.0,51750.0,29800.0,36860.0,62540.0,80800.0
47-2022,Stonemasons,2015,13210.0,38630.0,42970.0,22350.0,28800.0,52060.0,68970.0
47-2031,Carpenters,2015,639190.0,42090.0,46780.0,26220.0,32810.0,56970.0,76750.0
47-2041,Carpet Installers,2015,25810.0,37220.0,43210.0,21020.0,26850.0,54010.0,77700.0
47-2042,"Floor Layers, Except Carpet, Wood, and Hard Tiles",2015,9830.0,37030.0,42520.0,23190.0,29240.0,50860.0,72130.0
47-2043,Floor Sanders and Finishers,2015,4700.0,36930.0,38160.0,21420.0,27750.0,47530.0,57730.0
47-2044,Tile and Marble Setters,2015,34940.0,39400.0,44010.0,23890.0,30880.0,53600.0,71950.0
47-2051,Cement Masons and Concrete Finishers,2015,163360.0,37740.0,42080.0,25550.0,30660.0,49770.0,65160.0
47-2053,Terrazzo Workers and Finishers,2015,3250.0,40710.0,46050.0,26460.0,31090.0,56730.0,74800.0
47-2061,Construction Laborers,2015,887580.0,31910.0,36550.0,20640.0,25380.0,43260.0,61070.0
47-2071,"Paving, Surfacing, and Tamping Equipment Operators",2015,53110.0,38270.0,43020.0,25540.0,30940.0,50790.0,68860.0
47-2072,Pile-Driver Operators,2015,3670.0,49430.0,55150.0,28400.0,36050.0,75370.0,92720.0
47-2073,Operating Engineers and Other Construction Equipment Operators,2015,355140.0,44600.0,49110.0,28980.0,34950.0,59760.0,77490.0
47-2081,Drywall and Ceiling Tile Installers,2015,88490.0,39220.0,45510.0,26250.0,32320.0,52770.0,78030.0
47-2082,Tapers,2015,17500.0,47970.0,53080.0,29140.0,36520.0,69470.0,88720.0
47-2111,Electricians,2015,592230.0,51880.0,55590.0,31410.0,38990.0,68540.0,88130.0
47-2121,Glaziers,2015,44230.0,39440.0,45420.0,25550.0,32060.0,54440.0,79050.0
47-2131,"Insulation Workers, Floor, Ceiling, and Wall",2015,25850.0,35040.0,38810.0,23140.0,28060.0,45140.0,61980.0
47-2132,"Insulation Workers, Mechanical",2015,29330.0,43610.0,49970.0,27640.0,33970.0,60420.0,83710.0
47-2141,"Painters, Construction and Maintenance",2015,213330.0,36580.0,40540.0,23900.0,29320.0,48280.0,63170.0
47-2142,Paperhangers,2015,3020.0,33590.0,36610.0,21230.0,26740.0,43240.0,58220.0
47-2151,Pipelayers,2015,40710.0,37780.0,41910.0,25640.0,30120.0,51180.0,66580.0
47-2152,"Plumbers, Pipefitters, and Steamfitters",2015,391680.0,50620.0,55100.0,29680.0,37860.0,68270.0,89720.0
47-2161,Plasterers and Stucco Masons,2015,22420.0,37320.0,42070.0,25640.0,31310.0,49170.0,65730.0
47-2171,Reinforcing Iron and Rebar Workers,2015,20060.0,48010.0,54030.0,27760.0,34320.0,71030.0,91240.0
47-2181,Roofers,2015,109720.0,36720.0,40630.0,24560.0,29380.0,48900.0,62180.0
47-2211,Sheet Metal Workers,2015,135570.0,45750.0,49810.0,25760.0,33310.0,61460.0,83230.0
47-2221,Structural Iron and Steel Workers,2015,64280.0,50490.0,54750.0,29770.0,36500.0,69530.0,90490.0
47-2231,Solar Photovoltaic Installers,2015,6870.0,37830.0,40070.0,27540.0,32210.0,46720.0,56670.0
47-3011,"Helpers--Brickmasons, Blockmasons, Stonemasons, and Tile and Marble Setters",2015,22970.0,29320.0,32090.0,20770.0,24390.0,36790.0,48240.0
47-3012,Helpers--Carpenters,2015,37820.0,27890.0,29200.0,19280.0,22560.0,34310.0,40840.0
47-3013,Helpers--Electricians,2015,71610.0,28730.0,30000.0,19680.0,23480.0,35300.0,41940.0
47-3014,"Helpers--Painters, Paperhangers, Plasterers, and Stucco Masons",2015,11030.0,26480.0,27690.0,19220.0,21830.0,30870.0,37830.0
47-3015,"Helpers--Pipelayers, Plumbers, Pipefitters, and Steamfitters",2015,55530.0,28500.0,29950.0,20050.0,23470.0,34980.0,41640.0
47-3016,Helpers--Roofers,2015,10810.0,27110.0,27820.0,19680.0,22500.0,32400.0,37800.0
47-3019,"Helpers, Construction Trades, All Other",2015,18930.0,28510.0,30500.0,19690.0,23120.0,35750.0,44800.0
47-4011,Construction and Building Inspectors,2015,91480.0,57340.0,60030.0,34800.0,44490.0,73560.0,91600.0
47-4021,Elevator Installers and Repairers,2015,21000.0,80870.0,77350.0,40140.0,59750.0,94980.0,111370.0
47-4031,Fence Erectors,2015,21160.0,32450.0,34840.0,21230.0,26120.0,39740.0,51800.0
47-4041,Hazardous Materials Removal Workers,2015,42560.0,39690.0,44150.0,26170.0,31330.0,55020.0,70230.0
47-4051,Highway Maintenance Workers,2015,142300.0,36930.0,38200.0,23600.0,29430.0,46200.0,54870.0
47-4061,Rail-Track Laying and Maintenance Equipment Operators,2015,14470.0,52830.0,51340.0,31100.0,40940.0,60170.0,69770.0
47-4071,Septic Tank Servicers and Sewer Pipe Cleaners,2015,27080.0,35370.0,37880.0,22020.0,27570.0,46080.0,58660.0
47-4091,Segmental Pavers,2015,1240.0,30730.0,31820.0,21260.0,25270.0,36220.0,42740.0
47-4099,"Construction and Related Workers, All Other",2015,32420.0,36300.0,39500.0,23200.0,28460.0,46900.0,59900.0
47-5011,"Derrick Operators, Oil and Gas",2015,19330.0,47910.0,50710.0,33280.0,38730.0,58800.0,73390.0
47-5012,"Rotary Drill Operators, Oil and Gas",2015,24960.0,54310.0,60380.0,30360.0,39340.0,71790.0,92870.0
47-5013,"Service Unit Operators, Oil, Gas, and Mining",2015,60830.0,45000.0,50150.0,29790.0,35670.0,58310.0,75560.0
47-5021,"Earth Drillers, Except Oil and Gas",2015,19490.0,44240.0,51840.0,28370.0,34700.0,58100.0,76160.0
47-5031,"Explosives Workers, Ordnance Handling Experts, and Blasters",2015,7540.0,50210.0,52580.0,33050.0,39840.0,65220.0,76120.0
47-5041,Continuous Mining Machine Operators,2015,11130.0,48620.0,50660.0,32480.0,39400.0,60960.0,73880.0
47-5042,Mine Cutting and Channeling Machine Operators,2015,6630.0,51810.0,50720.0,30400.0,39460.0,61920.0,72020.0
47-5049,"Mining Machine Operators, All Other",2015,2120.0,48550.0,49270.0,30880.0,39080.0,59510.0,70360.0
47-5051,"Rock Splitters, Quarry",2015,3790.0,33820.0,34870.0,21670.0,27050.0,41790.0,49320.0
47-5061,"Roof Bolters, Mining",2015,5220.0,54950.0,55500.0,42920.0,48720.0,60840.0,69670.0
47-5071,"Roustabouts, Oil and Gas",2015,71790.0,36510.0,38700.0,25160.0,29750.0,45930.0,57240.0
47-5081,Helpers--Extraction Workers,2015,22820.0,35760.0,37080.0,24700.0,28740.0,44430.0,51230.0
47-5099,"Extraction Workers, All Other",2015,5400.0,44370.0,49140.0,26000.0,31940.0,57170.0,75790.0
49-1011,"First-Line Supervisors of Mechanics, Installers, and Repairers",2015,445510.0,63010.0,65890.0,37940.0,48470.0,79680.0,98920.0
49-2011,"Computer, Automated Teller, and Office Machine Repairers",2015,106100.0,36840.0,38990.0,22230.0,28000.0,47650.0,59580.0
49-2021,"Radio, Cellular, and Tower Equipment Installers and Repairers",2015,14160.0,51660.0,52940.0,30490.0,38240.0,67860.0,77690.0
49-2022,"Telecommunications Equipment Installers and Repairers, Except Line Installers",2015,219100.0,54570.0,54510.0,30210.0,39070.0,69920.0,78400.0
49-2091,Avionics Technicians,2015,17340.0,58540.0,60200.0,36960.0,48880.0,72440.0,87570.0
49-2092,"Electric Motor, Power Tool, and Related Repairers",2015,17920.0,40520.0,43760.0,24780.0,31680.0,51840.0,69520.0
49-2093,"Electrical and Electronics Installers and Repairers, Transportation Equipment",2015,14210.0,58990.0,59080.0,36860.0,49020.0,70560.0,80950.0
49-2094,"Electrical and Electronics Repairers, Commercial and Industrial Equipment",2015,69290.0,55690.0,56670.0,34570.0,44400.0,66970.0,79030.0
49-2095,"Electrical and Electronics Repairers, Powerhouse, Substation, and Relay",2015,23070.0,73810.0,72450.0,49800.0,63680.0,84420.0,95890.0
49-2096,"Electronic Equipment Installers and Repairers, Motor Vehicles",2015,12470.0,31360.0,33500.0,19310.0,24000.0,39340.0,50940.0
49-2097,Electronic Home Entertainment Equipment Installers and Repairers,2015,26890.0,37790.0,39670.0,22440.0,28960.0,48720.0,60160.0
49-2098,Security and Fire Alarm Systems Installers,2015,64730.0,43420.0,44860.0,27310.0,34280.0,54170.0,64350.0
49-3011,Aircraft Mechanics and Service Technicians,2015,124040.0,58370.0,60160.0,34770.0,46720.0,72990.0,89050.0
49-3021,Automotive Body and Related Repairers,2015,143040.0,40970.0,44590.0,25030.0,32020.0,54660.0,69510.0
49-3022,Automotive Glass Installers and Repairers,2015,17160.0,33830.0,35210.0,20390.0,26460.0,42580.0,50080.0
49-3023,Automotive Service Technicians and Mechanics,2015,638080.0,37850.0,40720.0,21020.0,27740.0,50980.0,63330.0
49-3031,Bus and Truck Mechanics and Diesel Engine Specialists,2015,251750.0,44520.0,46110.0,28680.0,35280.0,55950.0,66940.0
49-3041,Farm Equipment Mechanics and Service Technicians,2015,37080.0,37050.0,38510.0,23870.0,29720.0,46450.0,56470.0
49-3042,"Mobile Heavy Equipment Mechanics, Except Engines",2015,121900.0,48770.0,50080.0,32160.0,39100.0,59320.0,71570.0
49-3043,Rail Car Repairers,2015,21410.0,55570.0,54130.0,32210.0,43640.0,63690.0,75200.0
49-3051,Motorboat Mechanics and Service Technicians,2015,20440.0,38280.0,39500.0,22820.0,29550.0,48200.0,58730.0
49-3052,Motorcycle Mechanics,2015,15850.0,34220.0,36240.0,21770.0,26940.0,43930.0,54730.0
49-3053,Outdoor Power Equipment and Other Small Engine Mechanics,2015,31560.0,32710.0,34520.0,21090.0,26170.0,41100.0,50740.0
49-3091,Bicycle Repairers,2015,12560.0,27470.0,27900.0,19060.0,22140.0,33090.0,38110.0
49-3092,Recreational Vehicle Service Technicians,2015,11970.0,35670.0,37380.0,23010.0,28730.0,44430.0,55690.0
49-3093,Tire Repairers and Changers,2015,107500.0,24220.0,26310.0,18240.0,20370.0,30130.0,37990.0
49-9011,Mechanical Door Repairers,2015,17930.0,38160.0,39900.0,25300.0,31460.0,46960.0,57700.0
49-9012,"Control and Valve Installers and Repairers, Except Mechanical Door",2015,42510.0,54100.0,55760.0,30720.0,39150.0,71200.0,86140.0
49-9021,"Heating, Air Conditioning, and Refrigeration Mechanics and Installers",2015,274680.0,45110.0,47380.0,27790.0,34920.0,58070.0,71690.0
49-9031,Home Appliance Repairers,2015,33990.0,36200.0,38820.0,21650.0,27610.0,47500.0,60700.0
49-9041,Industrial Machinery Mechanics,2015,323280.0,49690.0,51470.0,31870.0,39370.0,61570.0,75340.0
49-9043,"Maintenance Workers, Machinery",2015,92520.0,43260.0,44540.0,26650.0,33970.0,53920.0,63200.0
49-9044,Millwrights,2015,40030.0,51390.0,52650.0,32210.0,40540.0,63960.0,76350.0
49-9045,"Refractory Materials Repairers, Except Brickmasons",2015,1550.0,47060.0,48920.0,32630.0,40300.0,56540.0,67320.0
49-9051,Electrical Power-Line Installers and Repairers,2015,115380.0,66450.0,65650.0,36000.0,50160.0,80360.0,95990.0
49-9052,Telecommunications Line Installers and Repairers,2015,106360.0,52920.0,54200.0,28360.0,36670.0,71620.0,81090.0
49-9061,Camera and Photographic Equipment Repairers,2015,3540.0,40620.0,42510.0,21920.0,28260.0,53970.0,64010.0
49-9062,Medical Equipment Repairers,2015,41060.0,46340.0,49400.0,28290.0,35070.0,60860.0,76350.0
49-9063,Musical Instrument Repairers and Tuners,2015,7730.0,35660.0,38590.0,19960.0,26380.0,47210.0,61290.0
49-9064,Watch Repairers,2015,2200.0,34750.0,37110.0,19320.0,23960.0,46220.0,58220.0
49-9069,"Precision Instrument and Equipment Repairers, All Other",2015,12130.0,54350.0,54110.0,30020.0,39890.0,64890.0,78220.0
49-9071,"Maintenance and Repair Workers, General",2015,1314560.0,36630.0,38950.0,21700.0,27890.0,47950.0,60060.0
49-9081,Wind Turbine Service Technicians,2015,3950.0,51050.0,53030.0,37010.0,43150.0,60250.0,71820.0
49-9091,"Coin, Vending, and Amusement Machine Servicers and Repairers",2015,32250.0,32700.0,34260.0,19720.0,24610.0,41250.0,50000.0
49-9092,Commercial Divers,2015,3450.0,50470.0,54640.0,30320.0,38330.0,62190.0,88470.0
49-9093,"Fabric Menders, Except Garment",2015,620.0,24490.0,25840.0,19290.0,21190.0,28950.0,34670.0
49-9094,Locksmiths and Safe Repairers,2015,17800.0,39160.0,41270.0,22770.0,30130.0,50870.0,61830.0
49-9095,Manufactured Building and Mobile Home Installers,2015,3650.0,30050.0,33150.0,19640.0,24190.0,37830.0,53460.0
49-9096,Riggers,2015,22790.0,43220.0,47770.0,26880.0,32700.0,57390.0,73880.0
49-9097,Signal and Track Switch Repairers,2015,8190.0,63840.0,62650.0,43070.0,52950.0,74430.0,80590.0
49-9098,"Helpers--Installation, Maintenance, and Repair Workers",2015,124220.0,26400.0,28530.0,18320.0,20920.0,33890.0,42620.0
49-9099,"Installation, Maintenance, and Repair Workers, All Other",2015,142650.0,37730.0,41120.0,22060.0,28360.0,51240.0,63560.0
51-1011,First-Line Supervisors of Production and Operating Workers,2015,603080.0,56340.0,59930.0,33390.0,42780.0,73520.0,93740.0
51-2011,"Aircraft Structure, Surfaces, Rigging, and Systems Assemblers",2015,42810.0,48970.0,51040.0,30930.0,38320.0,64020.0,76500.0
51-2021,"Coil Winders, Tapers, and Finishers",2015,14450.0,31730.0,32990.0,20390.0,24650.0,39660.0,48100.0
51-2022,Electrical and Electronic Equipment Assemblers,2015,212170.0,30860.0,33260.0,20240.0,24540.0,39120.0,49060.0
51-2023,Electromechanical Equipment Assemblers,2015,46400.0,33580.0,35140.0,21880.0,26590.0,41900.0,50000.0
51-2031,Engine and Other Machine Assemblers,2015,38700.0,39600.0,41750.0,25790.0,31230.0,52910.0,60250.0
51-2041,Structural Metal Fabricators and Fitters,2015,79620.0,37050.0,39040.0,24620.0,29910.0,46390.0,57330.0
51-2091,Fiberglass Laminators and Fabricators,2015,20630.0,29160.0,30760.0,20380.0,23750.0,36210.0,44110.0
51-2092,Team Assemblers,2015,1115510.0,29080.0,31560.0,19240.0,22650.0,37550.0,50420.0
51-2093,Timing Device Assemblers and Adjusters,2015,1190.0,36940.0,41510.0,24480.0,29820.0,49840.0,69890.0
51-2099,"Assemblers and Fabricators, All Other",2015,228930.0,27620.0,29920.0,18740.0,21520.0,35890.0,45250.0
51-3011,Bakers,2015,176610.0,24170.0,26270.0,18140.0,19960.0,30290.0,38400.0
51-3021,Butchers and Meat Cutters,2015,137350.0,29130.0,30940.0,19200.0,22570.0,37520.0,46820.0
51-3022,"Meat, Poultry, and Fish Cutters and Trimmers",2015,155390.0,23870.0,24810.0,18330.0,20420.0,28400.0,31610.0
51-3023,Slaughterers and Meat Packers,2015,80250.0,25650.0,26420.0,19110.0,21600.0,30610.0,36130.0
51-3091,"Food and Tobacco Roasting, Baking, and Drying Machine Operators and Tenders",2015,20320.0,28060.0,30320.0,19140.0,22180.0,36350.0,46960.0
51-3092,Food Batchmakers,2015,133470.0,26950.0,29210.0,18740.0,21180.0,35300.0,44900.0
51-3093,Food Cooking Machine Operators and Tenders,2015,34640.0,27760.0,29430.0,18720.0,21270.0,35780.0,44210.0
51-3099,"Food Processing Workers, All Other",2015,45630.0,23720.0,25220.0,18350.0,20270.0,28920.0,34800.0
51-4011,"Computer-Controlled Machine Tool Operators, Metal and Plastic",2015,146600.0,37030.0,38720.0,24410.0,29510.0,46520.0,56860.0
51-4012,"Computer Numerically Controlled Machine Tool Programmers, Metal and Plastic",2015,25660.0,48990.0,51630.0,32330.0,39350.0,60690.0,75780.0
51-4021,"Extruding and Drawing Machine Setters, Operators, and Tenders, Metal and Plastic",2015,72390.0,33120.0,34580.0,21580.0,26350.0,41350.0,49380.0
51-4022,"Forging Machine Setters, Operators, and Tenders, Metal and Plastic",2015,19650.0,35070.0,36910.0,22250.0,27370.0,45080.0,55450.0
51-4023,"Rolling Machine Setters, Operators, and Tenders, Metal and Plastic",2015,31740.0,40590.0,41200.0,25060.0,30660.0,49540.0,59880.0
51-4031,"Cutting, Punching, and Press Machine Setters, Operators, and Tenders, Metal and Plastic",2015,194670.0,31280.0,33030.0,20800.0,25160.0,38960.0,48350.0
51-4032,"Drilling and Boring Machine Tool Setters, Operators, and Tenders, Metal and Plastic",2015,14840.0,35480.0,37660.0,22790.0,27920.0,44990.0,55480.0
51-4033,"Grinding, Lapping, Polishing, and Buffing Machine Tool Setters, Operators, and Tenders, Metal and Plastic",2015,73570.0,32840.0,34560.0,21280.0,25900.0,41160.0,49870.0
51-4034,"Lathe and Turning Machine Tool Setters, Operators, and Tenders, Metal and Plastic",2015,40140.0,36810.0,38080.0,23520.0,29210.0,45820.0,55180.0
51-4035,"Milling and Planing Machine Setters, Operators, and Tenders, Metal and Plastic",2015,19750.0,38250.0,39620.0,23830.0,30100.0,47540.0,58720.0
51-4041,Machinists,2015,399040.0,40550.0,42120.0,25230.0,31990.0,50750.0,61290.0
51-4051,Metal-Refining Furnace Operators and Tenders,2015,20070.0,42240.0,42790.0,27700.0,34020.0,50040.0,59280.0
51-4052,"Pourers and Casters, Metal",2015,9630.0,33850.0,35390.0,22030.0,27220.0,42550.0,50630.0
51-4061,"Model Makers, Metal and Plastic",2015,6380.0,45980.0,48210.0,25610.0,33920.0,61750.0,74940.0
51-4062,"Patternmakers, Metal and Plastic",2015,4020.0,40960.0,41500.0,22930.0,29910.0,52900.0,60470.0
51-4071,Foundry Mold and Coremakers,2015,12860.0,32680.0,33930.0,22370.0,26750.0,39340.0,47700.0
51-4072,"Molding, Coremaking, and Casting Machine Setters, Operators, and Tenders, Metal and Plastic",2015,135550.0,29340.0,31510.0,20000.0,23420.0,37380.0,47130.0
51-4081,"Multiple Machine Tool Setters, Operators, and Tenders, Metal and Plastic",2015,105570.0,33950.0,35380.0,22040.0,27060.0,42340.0,50600.0
51-4111,Tool and Die Makers,2015,74510.0,50290.0,51130.0,32010.0,40560.0,61490.0,73530.0
51-4121,"Welders, Cutters, Solderers, and Brazers",2015,386240.0,38150.0,40970.0,25940.0,31570.0,47860.0,60000.0
51-4122,"Welding, Soldering, and Brazing Machine Setters, Operators, and Tenders",2015,53080.0,36150.0,37590.0,23950.0,29120.0,45050.0,54360.0
51-4191,"Heat Treating Equipment Setters, Operators, and Tenders, Metal and Plastic",2015,20570.0,36600.0,38420.0,23780.0,29260.0,46170.0,56910.0
51-4192,"Layout Workers, Metal and Plastic",2015,10660.0,44530.0,46430.0,28410.0,35170.0,56030.0,66870.0
51-4193,"Plating and Coating Machine Setters, Operators, and Tenders, Metal and Plastic",2015,35640.0,30550.0,32930.0,20730.0,24720.0,38680.0,49250.0
51-4194,"Tool Grinders, Filers, and Sharpeners",2015,10220.0,35550.0,37590.0,22310.0,27280.0,45400.0,55840.0
51-4199,"Metal Workers and Plastic Workers, All Other",2015,22190.0,32990.0,35910.0,19840.0,24340.0,44880.0,57940.0
51-5111,Prepress Technicians and Workers,2015,35330.0,38270.0,40060.0,22710.0,29610.0,48610.0,60090.0
51-5112,Printing Press Operators,2015,168330.0,35240.0,37020.0,20460.0,26590.0,45610.0,56800.0
51-5113,Print Binding and Finishing Workers,2015,52380.0,30260.0,32170.0,19590.0,23550.0,38760.0,48140.0
51-6011,Laundry and Dry-Cleaning Workers,2015,201620.0,20820.0,22660.0,17260.0,18650.0,24770.0,30950.0
51-6021,"Pressers, Textile, Garment, and Related Materials",2015,48340.0,20470.0,21640.0,17090.0,18560.0,24050.0,28850.0
51-6031,Sewing Machine Operators,2015,141520.0,22550.0,24680.0,18060.0,19350.0,28590.0,35630.0
51-6041,Shoe and Leather Workers and Repairers,2015,8180.0,23630.0,25570.0,17780.0,19590.0,29440.0,36430.0
51-6042,Shoe Machine Operators and Tenders,2015,3230.0,25190.0,25560.0,17680.0,20210.0,29640.0,35300.0
51-6051,"Sewers, Hand",2015,6920.0,23640.0,24980.0,18240.0,19840.0,28700.0,34100.0
51-6052,"Tailors, Dressmakers, and Custom Sewers",2015,19980.0,25830.0,28630.0,18520.0,20990.0,32470.0,41390.0
51-6061,Textile Bleaching and Dyeing Machine Operators and Tenders,2015,11630.0,26340.0,27660.0,19450.0,21800.0,32430.0,38200.0
51-6062,"Textile Cutting Machine Setters, Operators, and Tenders",2015,14680.0,25490.0,26950.0,18630.0,20730.0,30960.0,38250.0
51-6063,"Textile Knitting and Weaving Machine Setters, Operators, and Tenders",2015,22560.0,27220.0,28150.0,19110.0,22150.0,32370.0,38410.0
51-6064,"Textile Winding, Twisting, and Drawing Out Machine Setters, Operators, and Tenders",2015,27760.0,26870.0,27580.0,20110.0,22840.0,30590.0,37230.0
51-6091,"Extruding and Forming Machine Setters, Operators, and Tenders, Synthetic and Glass Fibers",2015,19810.0,32980.0,34190.0,21380.0,26270.0,40140.0,48890.0
51-6092,Fabric and Apparel Patternmakers,2015,5140.0,43900.0,49040.0,21270.0,28950.0,67350.0,86840.0
51-6093,Upholsterers,2015,30180.0,32020.0,33550.0,19940.0,24620.0,39350.0,50340.0
51-6099,"Textile, Apparel, and Furnishings Workers, All Other",2015,16560.0,26310.0,29720.0,18850.0,21010.0,34260.0,48580.0
51-7011,Cabinetmakers and Bench Carpenters,2015,93650.0,32270.0,33980.0,20550.0,25380.0,40020.0,49940.0
51-7021,Furniture Finishers,2015,16480.0,29200.0,30920.0,19840.0,23760.0,36420.0,45270.0
51-7031,"Model Makers, Wood",2015,1160.0,33590.0,38330.0,21330.0,25960.0,42360.0,69180.0
51-7032,"Patternmakers, Wood",2015,1030.0,38410.0,41550.0,22540.0,30760.0,49600.0,68310.0
51-7041,"Sawing Machine Setters, Operators, and Tenders, Wood",2015,48600.0,27800.0,29190.0,19020.0,22250.0,35030.0,41840.0
51-7042,"Woodworking Machine Setters, Operators, and Tenders, Except Sawing",2015,75540.0,27820.0,29090.0,19380.0,22520.0,34520.0,40960.0
51-7099,"Woodworkers, All Other",2015,6900.0,28990.0,32130.0,18800.0,22300.0,39400.0,50720.0
51-8011,Nuclear Power Reactor Operators,2015,6940.0,88560.0,88820.0,66520.0,77570.0,100250.0,116780.0
51-8012,Power Distributors and Dispatchers,2015,11540.0,80840.0,80400.0,53370.0,67250.0,94830.0,108900.0
51-8013,Power Plant Operators,2015,37510.0,71940.0,71070.0,43930.0,58050.0,85320.0,97410.0
51-8021,Stationary Engineers and Boiler Operators,2015,34630.0,58530.0,60480.0,35400.0,46350.0,72980.0,91260.0
51-8031,Water and Wastewater Treatment Plant and System Operators,2015,114770.0,44790.0,46790.0,27120.0,34670.0,57010.0,70940.0
51-8091,Chemical Plant and System Operators,2015,35020.0,59320.0,59070.0,36090.0,46760.0,72130.0,80970.0
51-8092,Gas Plant Operators,2015,16790.0,66010.0,65830.0,43460.0,54410.0,76790.0,90740.0
51-8093,"Petroleum Pump System Operators, Refinery Operators, and Gaugers",2015,42320.0,65190.0,66020.0,39120.0,51430.0,78760.0,94120.0
51-8099,"Plant and System Operators, All Other",2015,11540.0,55540.0,55530.0,31900.0,42540.0,66560.0,77450.0
51-9011,Chemical Equipment Operators and Tenders,2015,67650.0,47220.0,49640.0,27390.0,35280.0,61620.0,76150.0
51-9012,"Separating, Filtering, Clarifying, Precipitating, and Still Machine Setters, Operators, and Tenders",2015,47750.0,38420.0,41210.0,23150.0,29550.0,50510.0,62650.0
51-9021,"Crushing, Grinding, and Polishing Machine Setters, Operators, and Tenders",2015,31140.0,33810.0,35560.0,21440.0,26290.0,42950.0,51950.0
51-9022,"Grinding and Polishing Workers, Hand",2015,28110.0,28610.0,30370.0,19800.0,23080.0,35960.0,44440.0
51-9023,"Mixing and Blending Machine Setters, Operators, and Tenders",2015,129270.0,34600.0,36410.0,21730.0,26970.0,44010.0,53770.0
51-9031,"Cutters and Trimmers, Hand",2015,15740.0,26820.0,28850.0,19120.0,21570.0,33810.0,41960.0
51-9032,"Cutting and Slicing Machine Setters, Operators, and Tenders",2015,63330.0,32190.0,33250.0,21010.0,25490.0,39440.0,48080.0
51-9041,"Extruding, Forming, Pressing, and Compacting Machine Setters, Operators, and Tenders",2015,71430.0,32160.0,34030.0,21040.0,25570.0,40550.0,50070.0
51-9051,"Furnace, Kiln, Oven, Drier, and Kettle Operators and Tenders",2015,19650.0,35360.0,36970.0,22620.0,27890.0,44630.0,55000.0
51-9061,"Inspectors, Testers, Sorters, Samplers, and Weighers",2015,508590.0,36000.0,39410.0,21140.0,26980.0,48130.0,62150.0
51-9071,Jewelers and Precious Stone and Metal Workers,2015,25270.0,37060.0,42380.0,21640.0,27400.0,49930.0,67210.0
51-9081,Dental Laboratory Technicians,2015,37520.0,37190.0,40520.0,22220.0,28570.0,49340.0,61870.0
51-9082,Medical Appliance Technicians,2015,14640.0,34890.0,39020.0,22400.0,27680.0,45730.0,62160.0
51-9083,Ophthalmic Laboratory Technicians,2015,27990.0,29860.0,32970.0,20610.0,24500.0,37590.0,49790.0
51-9111,Packaging and Filling Machine Operators and Tenders,2015,378560.0,27080.0,29770.0,18860.0,21330.0,35650.0,46400.0
51-9121,"Coating, Painting, and Spraying Machine Setters, Operators, and Tenders",2015,88780.0,31940.0,33610.0,21400.0,25740.0,39370.0,48580.0
51-9122,"Painters, Transportation Equipment",2015,51760.0,41150.0,44920.0,25790.0,32520.0,54520.0,68600.0
51-9123,"Painting, Coating, and Decorating Workers",2015,16020.0,29270.0,31210.0,19390.0,23050.0,36720.0,46440.0
51-9141,Semiconductor Processors,2015,24230.0,35390.0,37600.0,25310.0,29040.0,44000.0,54820.0
51-9151,Photographic Process Workers and Processing Machine Operators,2015,23940.0,26590.0,30720.0,19170.0,21690.0,35900.0,48610.0
51-9191,Adhesive Bonding Machine Operators and Tenders,2015,17400.0,31710.0,33750.0,21040.0,25220.0,39490.0,48970.0
51-9192,"Cleaning, Washing, and Metal Pickling Equipment Operators and Tenders",2015,17420.0,27880.0,29910.0,19770.0,22670.0,35340.0,44310.0
51-9193,Cooling and Freezing Equipment Operators and Tenders,2015,7970.0,28630.0,31490.0,19690.0,23100.0,38080.0,49120.0
51-9194,Etchers and Engravers,2015,9490.0,29810.0,31880.0,19680.0,23500.0,38300.0,47800.0
51-9195,"Molders, Shapers, and Casters, Except Metal and Plastic",2015,38730.0,29630.0,31690.0,19800.0,23610.0,37390.0,47330.0
51-9196,"Paper Goods Machine Setters, Operators, and Tenders",2015,91400.0,35710.0,37160.0,21140.0,27420.0,45610.0,56560.0
51-9197,Tire Builders,2015,17710.0,39120.0,40230.0,24950.0,29720.0,51220.0,58660.0
51-9198,Helpers--Production Workers,2015,439000.0,23960.0,26010.0,17930.0,19860.0,30230.0,37760.0
51-9199,"Production Workers, All Other",2015,241910.0,27950.0,31520.0,18780.0,21260.0,37970.0,49960.0
53-1011,Aircraft Cargo Handling Supervisors,2015,6760.0,45470.0,48870.0,29080.0,35110.0,60050.0,75630.0
53-1021,"First-Line Supervisors of Helpers, Laborers, and Material Movers, Hand",2015,176030.0,46960.0,49670.0,28630.0,35970.0,60570.0,76040.0
53-1031,First-Line Supervisors of Transportation and Material-Moving Machine and Vehicle Operators,2015,203550.0,55860.0,58470.0,32990.0,42540.0,71510.0,88280.0
53-2011,"Airline Pilots, Copilots, and Flight Engineers",2015,81350.0,117290.0,136400.0,60770.0,85730.0,163130.0,
53-2012,Commercial Pilots,2015,39760.0,76150.0,84510.0,34800.0,53330.0,105810.0,147890.0
53-2021,Air Traffic Controllers,2015,23130.0,122950.0,118740.0,66780.0,86330.0,150120.0,172590.0
53-2022,Airfield Operations Specialists,2015,7920.0,51880.0,55400.0,26340.0,35880.0,68540.0,95330.0
53-2031,Flight Attendants,2015,108510.0,44860.0,46750.0,25930.0,36260.0,55260.0,72090.0
53-3011,"Ambulance Drivers and Attendants, Except Emergency Medical Technicians",2015,19950.0,23740.0,25470.0,18190.0,20230.0,29130.0,36000.0
53-3021,"Bus Drivers, Transit and Intercity",2015,168620.0,38290.0,40160.0,22310.0,28090.0,50580.0,62240.0
53-3022,"Bus Drivers, School or Special Client",2015,505560.0,29490.0,30580.0,18210.0,22310.0,37260.0,45670.0
53-3031,Driver/Sales Workers,2015,417660.0,22450.0,27890.0,17310.0,18740.0,34540.0,47410.0
53-3032,Heavy and Tractor-Trailer Truck Drivers,2015,1678280.0,40260.0,42500.0,26240.0,32670.0,50190.0,62010.0
53-3033,Light Truck or Delivery Services Drivers,2015,826510.0,29850.0,34080.0,18860.0,22390.0,40110.0,60350.0
53-3041,Taxi Drivers and Chauffeurs,2015,180960.0,23510.0,26070.0,17830.0,19630.0,29840.0,37970.0
53-3099,"Motor Vehicle Operators, All Other",2015,54160.0,29230.0,33430.0,17830.0,19770.0,44850.0,54490.0
53-4011,Locomotive Engineers,2015,37490.0,56240.0,59360.0,40490.0,46650.0,66740.0,82310.0
53-4012,Locomotive Firers,2015,1610.0,48470.0,54540.0,35840.0,42550.0,62220.0,90590.0
53-4013,"Rail Yard Engineers, Dinkey Operators, and Hostlers",2015,4460.0,45780.0,47600.0,24720.0,36590.0,56370.0,71800.0
53-4021,"Railroad Brake, Signal, and Switch Operators",2015,18970.0,54020.0,53990.0,38230.0,44530.0,62640.0,72950.0
53-4031,Railroad Conductors and Yardmasters,2015,42330.0,55930.0,56760.0,38450.0,45630.0,66630.0,77940.0
53-4041,Subway and Streetcar Operators,2015,12600.0,62360.0,60580.0,42120.0,50980.0,72780.0,78440.0
53-4099,"Rail Transportation Workers, All Other",2015,4550.0,59840.0,58760.0,28240.0,42610.0,75830.0,89160.0
53-5011,Sailors and Marine Oilers,2015,30570.0,41260.0,42910.0,22440.0,29980.0,53290.0,66190.0
53-5021,"Captains, Mates, and Pilots of Water Vessels",2015,33110.0,76780.0,83150.0,38310.0,53450.0,104440.0,134950.0
53-5022,Motorboat Operators,2015,3650.0,36800.0,41350.0,19390.0,24280.0,58730.0,70620.0
53-5031,Ship Engineers,2015,9940.0,72870.0,78970.0,38570.0,50310.0,98120.0,132990.0
53-6011,Bridge and Lock Tenders,2015,3170.0,48520.0,45980.0,26400.0,36520.0,55100.0,60350.0
53-6021,Parking Lot Attendants,2015,144150.0,20630.0,22520.0,17550.0,18870.0,24450.0,30340.0
53-6031,Automotive and Watercraft Service Attendants,2015,109710.0,21560.0,23440.0,17550.0,18960.0,26000.0,32420.0
53-6041,Traffic Technicians,2015,6750.0,43930.0,47660.0,27360.0,34080.0,60620.0,75030.0
53-6051,Transportation Inspectors,2015,25860.0,70820.0,72220.0,34420.0,50200.0,92840.0,115970.0
53-6061,"Transportation Attendants, Except Flight Attendants",2015,15680.0,25930.0,30540.0,18110.0,19680.0,35180.0,54800.0
53-6099,"Transportation Workers, All Other",2015,37900.0,36890.0,38520.0,20140.0,25500.0,49910.0,59190.0
53-7011,Conveyor Operators and Tenders,2015,32890.0,32050.0,35100.0,21770.0,26410.0,41880.0,54820.0
53-7021,Crane and Tower Operators,2015,46490.0,51650.0,54560.0,31410.0,39310.0,66050.0,82760.0
53-7031,Dredge Operators,2015,1850.0,40060.0,44040.0,25760.0,32910.0,53070.0,67690.0
53-7032,Excavating and Loading Machine and Dragline Operators,2015,49880.0,40050.0,44520.0,26670.0,32700.0,52990.0,70050.0
53-7033,"Loading Machine Operators, Underground Mining",2015,3210.0,52320.0,49740.0,28820.0,38700.0,60000.0,67050.0
53-7041,Hoist and Winch Operators,2015,2880.0,42220.0,50680.0,26720.0,33280.0,63110.0,91190.0
53-7051,Industrial Truck and Tractor Operators,2015,539810.0,32090.0,34090.0,21640.0,26040.0,39600.0,48740.0
53-7061,Cleaners of Vehicles and Equipment,2015,336960.0,21310.0,23940.0,17400.0,18870.0,26650.0,34750.0
53-7062,"Laborers and Freight, Stock, and Material Movers, Hand",2015,2487680.0,25010.0,27840.0,18280.0,20270.0,32550.0,41780.0
53-7063,Machine Feeders and Offbearers,2015,100020.0,29440.0,30960.0,19350.0,22420.0,38510.0,46390.0
53-7064,"Packers and Packagers, Hand",2015,713130.0,21010.0,23710.0,17440.0,18870.0,26910.0,34760.0
53-7071,Gas Compressor and Gas Pumping Station Operators,2015,4100.0,58350.0,57510.0,37010.0,49990.0,67910.0,76620.0
53-7072,"Pump Operators, Except Wellhead Pumpers",2015,13390.0,42420.0,46200.0,26200.0,31690.0,58890.0,73350.0
53-7073,Wellhead Pumpers,2015,12860.0,46990.0,48180.0,27680.0,35720.0,58950.0,70470.0
53-7081,Refuse and Recyclable Material Collectors,2015,114220.0,33800.0,36370.0,19860.0,24990.0,45060.0,58790.0
53-7111,Mine Shuttle Car Operators,2015,2310.0,55320.0,55120.0,43230.0,49130.0,60890.0,67150.0
53-7121,"Tank Car, Truck, and Ship Loaders",2015,11960.0,36660.0,41010.0,22370.0,28320.0,49120.0,69820.0
53-7199,"Material Moving Workers, All Other",2015,21740.0,30360.0,37060.0,19340.0,21790.0,48510.0,67010.0
11-1011,Chief Executives,2016,223260.0,181210.0,194350.0,69780.0,114100.0,,
11-1021,General and Operations Managers,2016,2188870.0,99310.0,122090.0,44290.0,64890.0,155020.0,
11-1031,Legislators,2016,53670.0,23470.0,44820.0,17230.0,18560.0,67670.0,96500.0
11-2011,Advertising and Promotions Managers,2016,28860.0,100810.0,117810.0,44950.0,67000.0,147640.0,
11-2021,Marketing Managers,2016,205900.0,131180.0,144140.0,67490.0,93200.0,178690.0,
11-2022,Sales Managers,2016,365230.0,117960.0,135090.0,55790.0,79420.0,168300.0,
11-2031,Public Relations and Fundraising Managers,2016,63970.0,107320.0,123360.0,59070.0,78710.0,151970.0,205110.0
11-3011,Administrative Services Managers,2016,266280.0,90050.0,98930.0,49270.0,66180.0,120990.0,159330.0
11-3021,Computer and Information Systems Managers,2016,352510.0,135800.0,145740.0,82360.0,105290.0,170670.0,
11-3031,Financial Managers,2016,543300.0,121750.0,139720.0,65000.0,87530.0,168790.0,
11-3051,Industrial Production Managers,2016,168400.0,97140.0,107060.0,58610.0,74670.0,127590.0,165450.0
11-3061,Purchasing Managers,2016,71750.0,111590.0,117720.0,63380.0,82880.0,142820.0,177560.0
11-3071,"Transportation, Storage, and Distribution Managers",2016,113270.0,89190.0,97630.0,52670.0,68140.0,117300.0,152730.0
11-3111,Compensation and Benefits Managers,2016,15230.0,116240.0,126900.0,66150.0,87120.0,156050.0,199950.0
11-3121,Human Resources Managers,2016,129810.0,106910.0,120210.0,63140.0,80800.0,145220.0,193550.0
11-3131,Training and Development Managers,2016,32880.0,105830.0,115180.0,57760.0,78050.0,139260.0,184990.0
11-9013,"Farmers, Ranchers, and Other Agricultural Managers",2016,4560.0,66360.0,75790.0,35020.0,47160.0,90860.0,126070.0
11-9021,Construction Managers,2016,249650.0,89300.0,99510.0,53740.0,68050.0,119710.0,158330.0
11-9031,"Education Administrators, Preschool and Childcare Center/Program",2016,48530.0,45790.0,52150.0,29230.0,35690.0,61250.0,82790.0
11-9032,"Education Administrators, Elementary and Secondary School",2016,242970.0,92510.0,95390.0,59910.0,73710.0,114950.0,135770.0
11-9033,"Education Administrators, Postsecondary",2016,138430.0,90760.0,105770.0,51690.0,66730.0,126750.0,179250.0
11-9039,"Education Administrators, All Other",2016,34140.0,78210.0,84400.0,42910.0,56910.0,103880.0,131410.0
11-9041,Architectural and Engineering Managers,2016,178390.0,134730.0,143870.0,86000.0,108040.0,167290.0,207400.0
11-9051,Food Service Managers,2016,201470.0,50820.0,56010.0,29290.0,38260.0,66990.0,87120.0
11-9061,Funeral Service Managers,2016,8370.0,73830.0,88970.0,39240.0,54950.0,104760.0,147990.0
11-9071,Gaming Managers,2016,4280.0,69180.0,79690.0,43830.0,53950.0,92670.0,124400.0
11-9081,Lodging Managers,2016,35410.0,51840.0,59410.0,28870.0,37520.0,70540.0,96570.0
11-9111,Medical and Health Services Managers,2016,332150.0,96540.0,109370.0,56970.0,73710.0,127030.0,172240.0
11-9121,Natural Sciences Managers,2016,54780.0,119850.0,136150.0,66920.0,92070.0,160990.0,
11-9131,Postmasters and Mail Superintendents,2016,14720.0,71670.0,71980.0,56190.0,63250.0,81840.0,89930.0
11-9141,"Property, Real Estate, and Community Association Managers",2016,180290.0,57040.0,70290.0,28260.0,39910.0,83110.0,126390.0
11-9151,Social and Community Service Managers,2016,126230.0,64680.0,70870.0,39770.0,50030.0,85230.0,110970.0
11-9161,Emergency Management Directors,2016,9570.0,70500.0,78060.0,36760.0,50160.0,99200.0,133880.0
11-9199,"Managers, All Other",2016,403670.0,104970.0,112150.0,52860.0,75710.0,137220.0,172570.0
13-1011,"Agents and Business Managers of Artists, Performers, and Athletes",2016,13470.0,62080.0,86560.0,27290.0,39560.0,97990.0,194810.0
13-1021,"Buyers and Purchasing Agents, Farm Products",2016,11490.0,58430.0,63910.0,32330.0,43320.0,77250.0,102410.0
13-1022,"Wholesale and Retail Buyers, Except Farm Products",2016,109440.0,53340.0,60040.0,30110.0,39510.0,72430.0,97830.0
13-1023,"Purchasing Agents, Except Wholesale, Retail, and Farm Products",2016,297600.0,63300.0,67420.0,38600.0,48650.0,82340.0,101770.0
13-1031,"Claims Adjusters, Examiners, and Investigators",2016,274420.0,63680.0,64990.0,37540.0,48020.0,78980.0,95760.0
13-1032,"Insurance Appraisers, Auto Damage",2016,15130.0,63510.0,65930.0,42740.0,52380.0,78560.0,95000.0
13-1041,Compliance Officers,2016,273910.0,66540.0,70250.0,37630.0,49160.0,86620.0,105260.0
13-1051,Cost Estimators,2016,214610.0,61790.0,66620.0,35870.0,47330.0,80570.0,103250.0
13-1071,Human Resources Specialists,2016,524800.0,59180.0,64890.0,34770.0,44620.0,78460.0,101420.0
13-1074,Farm Labor Contractors,2016,810.0,35160.0,47290.0,18120.0,21280.0,60260.0,95360.0
13-1075,Labor Relations Specialists,2016,79430.0,62310.0,64250.0,18480.0,34160.0,87020.0,114340.0
13-1081,Logisticians,2016,146060.0,74170.0,77810.0,45380.0,57520.0,94980.0,117310.0
13-1111,Management Analysts,2016,637690.0,81330.0,91910.0,46560.0,60950.0,109170.0,149720.0
13-1121,"Meeting, Convention, and Event Planners",2016,95850.0,47350.0,52020.0,25670.0,34790.0,63140.0,83030.0
13-1131,Fundraisers,2016,68910.0,54130.0,57930.0,31850.0,41190.0,71660.0,91530.0
13-1141,"Compensation, Benefits, and Job Analysis Specialists",2016,79190.0,62080.0,66490.0,39090.0,48420.0,79220.0,101020.0
13-1151,Training and Development Specialists,2016,269710.0,59020.0,63350.0,32410.0,42950.0,79280.0,101010.0
13-1161,Market Research Analysts and Marketing Specialists,2016,558630.0,62560.0,70620.0,33950.0,45550.0,88260.0,121720.0
13-1199,"Business Operations Specialists, All Other",2016,958670.0,69040.0,74870.0,38020.0,51480.0,92080.0,118500.0
13-2011,Accountants and Auditors,2016,1246540.0,68150.0,76730.0,42140.0,53240.0,90670.0,120910.0
13-2021,Appraisers and Assessors of Real Estate,2016,60770.0,51850.0,58030.0,27060.0,37490.0,73080.0,97120.0
13-2031,Budget Analysts,2016,54700.0,73840.0,77170.0,48300.0,58860.0,92890.0,111460.0
13-2041,Credit Analysts,2016,72930.0,69930.0,81160.0,40860.0,52510.0,96910.0,137730.0
13-2051,Financial Analysts,2016,281610.0,81760.0,97640.0,50350.0,62640.0,111760.0,165100.0
13-2052,Personal Financial Advisors,2016,201850.0,90530.0,123100.0,41160.0,57460.0,160490.0,
13-2053,Insurance Underwriters,2016,91650.0,67680.0,75480.0,40160.0,51290.0,91780.0,121430.0
13-2061,Financial Examiners,2016,49750.0,79280.0,88940.0,46400.0,59810.0,109160.0,148390.0
13-2071,Credit Counselors,2016,34110.0,44380.0,49480.0,29510.0,35570.0,56470.0,75220.0
13-2072,Loan Officers,2016,305700.0,63650.0,76260.0,32820.0,45100.0,92610.0,132290.0
13-2081,"Tax Examiners and Collectors, and Revenue Agents",2016,58450.0,52060.0,57950.0,31860.0,40090.0,72090.0,97440.0
13-2082,Tax Preparers,2016,70030.0,36550.0,45340.0,19600.0,24550.0,57880.0,80250.0
13-2099,"Financial Specialists, All Other",2016,123270.0,69470.0,76230.0,39000.0,51950.0,92310.0,118780.0
15-1111,Computer and Information Research Scientists,2016,26580.0,111840.0,116320.0,64950.0,87400.0,140430.0,169680.0
15-1121,Computer Systems Analysts,2016,568960.0,87220.0,91620.0,53110.0,67460.0,111040.0,137690.0
15-1122,Information Security Analysts,2016,96870.0,92600.0,96040.0,53760.0,69840.0,119020.0,147290.0
15-1131,Computer Programmers,2016,271200.0,79840.0,85180.0,45570.0,61100.0,103690.0,130360.0
15-1132,"Software Developers, Applications",2016,794000.0,100080.0,104300.0,58300.0,76170.0,126940.0,157590.0
15-1133,"Software Developers, Systems Software",2016,409820.0,106860.0,110590.0,64650.0,83270.0,133970.0,163220.0
15-1134,Web Developers,2016,129540.0,66130.0,72150.0,35390.0,47580.0,91600.0,119550.0
15-1141,Database Administrators,2016,113730.0,84950.0,87130.0,47300.0,62350.0,109940.0,129930.0
15-1142,Network and Computer Systems Administrators,2016,376820.0,79700.0,84500.0,48870.0,61870.0,102400.0,127610.0
15-1143,Computer Network Architects,2016,157070.0,101210.0,104240.0,55610.0,74970.0,128820.0,158590.0
15-1151,Computer User Support Specialists,2016,602840.0,49390.0,53100.0,29440.0,37810.0,63740.0,82160.0
15-1152,Computer Network Support Specialists,2016,188740.0,62670.0,67770.0,37040.0,47550.0,82560.0,105910.0
15-1199,"Computer Occupations, All Other",2016,261210.0,86510.0,88880.0,45410.0,64690.0,110590.0,133890.0
15-2011,Actuaries,2016,19940.0,100610.0,114120.0,58910.0,74480.0,140190.0,186250.0
15-2021,Mathematicians,2016,2730.0,105810.0,105600.0,54890.0,72440.0,129730.0,160310.0
15-2031,Operations Research Analysts,2016,109150.0,79200.0,84340.0,43400.0,57400.0,105410.0,132660.0
15-2041,Statisticians,2016,33440.0,80500.0,85160.0,46500.0,60770.0,104420.0,130090.0
15-2091,Mathematical Technicians,2016,510.0,49660.0,58490.0,28980.0,36410.0,63670.0,100730.0
15-2099,"Mathematical Science Occupations, All Other",2016,2000.0,65050.0,77550.0,28890.0,37110.0,104370.0,157600.0
17-1011,"Architects, Except Landscape and Naval",2016,99860.0,76930.0,84470.0,46600.0,59000.0,99790.0,129810.0
17-1012,Landscape Architects,2016,19420.0,63480.0,68820.0,38950.0,48990.0,83530.0,106770.0
17-1021,Cartographers and Photogrammetrists,2016,12100.0,62750.0,66160.0,39740.0,49100.0,79870.0,99800.0
17-1022,Surveyors,2016,43340.0,59390.0,63480.0,33630.0,44350.0,78800.0,98360.0
17-2011,Aerospace Engineers,2016,68510.0,109650.0,112010.0,69150.0,85500.0,135020.0,160290.0
17-2021,Agricultural Engineers,2016,1980.0,73640.0,77330.0,45510.0,58500.0,92330.0,117130.0
17-2031,Biomedical Engineers,2016,20590.0,85620.0,89970.0,51050.0,65700.0,107850.0,134620.0
17-2041,Chemical Engineers,2016,31990.0,98340.0,105420.0,60770.0,76390.0,126050.0,158800.0
17-2051,Civil Engineers,2016,287800.0,83540.0,89730.0,53470.0,65330.0,107140.0,132880.0
17-2061,Computer Hardware Engineers,2016,72950.0,115080.0,118700.0,66870.0,88290.0,146110.0,172010.0
17-2071,Electrical Engineers,2016,183770.0,94210.0,98620.0,59720.0,73910.0,119690.0,149040.0
17-2072,"Electronics Engineers, Except Computer",2016,132100.0,99210.0,103760.0,63760.0,78070.0,124030.0,155330.0
17-2081,Environmental Engineers,2016,52280.0,84890.0,88530.0,49830.0,63860.0,107920.0,130120.0
17-2111,"Health and Safety Engineers, Except Mining Safety Engineers and Inspectors",2016,25410.0,86720.0,90190.0,50580.0,65490.0,110760.0,134110.0
17-2112,Industrial Engineers,2016,256550.0,84310.0,88530.0,54070.0,67330.0,105230.0,129390.0
17-2121,Marine Engineers and Naval Architects,2016,8120.0,93350.0,99860.0,58580.0,72600.0,120210.0,152450.0
17-2131,Materials Engineers,2016,26800.0,93310.0,97050.0,54870.0,70620.0,121120.0,148840.0
17-2141,Mechanical Engineers,2016,285790.0,84190.0,89800.0,54420.0,67070.0,106420.0,131350.0
17-2151,"Mining and Geological Engineers, Including Mining Safety Engineers",2016,6940.0,93720.0,103010.0,55490.0,70630.0,127420.0,160510.0
17-2161,Nuclear Engineers,2016,17680.0,102220.0,105950.0,65570.0,82770.0,124420.0,152420.0
17-2171,Petroleum Engineers,2016,32780.0,128230.0,147030.0,73000.0,97430.0,179450.0,
17-2199,"Engineers, All Other",2016,123390.0,97300.0,99250.0,52570.0,71490.0,124960.0,152970.0
17-3011,Architectural and Civil Drafters,2016,96810.0,51640.0,54290.0,33570.0,41370.0,63480.0,78770.0
17-3012,Electrical and Electronics Drafters,2016,26750.0,59970.0,63390.0,35780.0,46260.0,77700.0,96820.0
17-3013,Mechanical Drafters,2016,63630.0,54480.0,57480.0,34490.0,43170.0,68630.0,85920.0
17-3019,"Drafters, All Other",2016,15530.0,50470.0,54410.0,32180.0,39570.0,64230.0,82680.0
17-3021,Aerospace Engineering and Operations Technicians,2016,11970.0,68020.0,71070.0,42830.0,53870.0,84230.0,102000.0
17-3022,Civil Engineering Technicians,2016,72150.0,49980.0,52120.0,31100.0,38170.0,62450.0,77500.0
17-3023,Electrical and Electronics Engineering Technicians,2016,134870.0,62190.0,62950.0,36850.0,47810.0,75480.0,91640.0
17-3024,Electro-Mechanical Technicians,2016,13710.0,55610.0,57860.0,34820.0,43630.0,70080.0,85440.0
17-3025,Environmental Engineering Technicians,2016,16550.0,49170.0,52500.0,29820.0,36900.0,62700.0,80780.0
17-3026,Industrial Engineering Technicians,2016,63220.0,53330.0,56920.0,33520.0,41900.0,68380.0,86430.0
17-3027,Mechanical Engineering Technicians,2016,45510.0,54480.0,57180.0,34030.0,42580.0,68440.0,82810.0
17-3029,"Engineering Technicians, Except Drafters, All Other",2016,74290.0,62330.0,64050.0,34690.0,46990.0,78570.0,95960.0
17-3031,Surveying and Mapping Technicians,2016,53920.0,42450.0,45490.0,26030.0,32860.0,55690.0,70280.0
19-1011,Animal Scientists,2016,2470.0,60330.0,72890.0,36340.0,45900.0,80840.0,126190.0
19-1012,Food Scientists and Technologists,2016,14200.0,63950.0,71270.0,37800.0,49060.0,87800.0,117480.0
19-1013,Soil and Plant Scientists,2016,14690.0,62300.0,69290.0,37820.0,47490.0,81920.0,114390.0
19-1021,Biochemists and Biophysicists,2016,29200.0,82180.0,94340.0,45000.0,58630.0,117340.0,158410.0
19-1022,Microbiologists,2016,21670.0,66850.0,76850.0,39480.0,48920.0,97050.0,128190.0
19-1023,Zoologists and Wildlife Biologists,2016,17720.0,60520.0,64890.0,39150.0,48360.0,76320.0,98540.0
19-1029,"Biological Scientists, All Other",2016,35110.0,74790.0,77830.0,42040.0,55570.0,91520.0,116680.0
19-1031,Conservation Scientists,2016,20470.0,61810.0,65130.0,37270.0,47010.0,78120.0,95970.0
19-1032,Foresters,2016,8420.0,58700.0,60300.0,39100.0,47440.0,71100.0,82400.0
19-1041,Epidemiologists,2016,5690.0,70820.0,77720.0,46870.0,56780.0,89840.0,114510.0
19-1042,"Medical Scientists, Except Epidemiologists",2016,108870.0,80530.0,95000.0,44550.0,57000.0,116840.0,159570.0
19-1099,"Life Scientists, All Other",2016,7890.0,73860.0,83150.0,44190.0,54390.0,103090.0,136370.0
19-2011,Astronomers,2016,1830.0,104740.0,110380.0,54960.0,71270.0,147320.0,165140.0
19-2012,Physicists,2016,16680.0,115870.0,121770.0,57640.0,82850.0,153710.0,189560.0
19-2021,Atmospheric and Space Scientists,2016,9800.0,92460.0,94840.0,51480.0,69860.0,114510.0,140830.0
19-2031,Chemists,2016,86660.0,73740.0,80820.0,42180.0,54060.0,100630.0,129670.0
19-2032,Materials Scientists,2016,7750.0,99430.0,101570.0,49890.0,71070.0,128620.0,157750.0
19-2041,"Environmental Scientists and Specialists, Including Health",2016,84250.0,68910.0,75360.0,41220.0,52150.0,91450.0,120320.0
19-2042,"Geoscientists, Except Hydrologists and Geographers",2016,30420.0,89780.0,106390.0,47450.0,62830.0,127620.0,189020.0
19-2043,Hydrologists,2016,6300.0,80480.0,83740.0,50600.0,63190.0,100190.0,120100.0
19-2099,"Physical Scientists, All Other",2016,18960.0,96070.0,98460.0,47380.0,65210.0,123960.0,155000.0
19-3011,Economists,2016,19380.0,101050.0,112860.0,55150.0,73890.0,138120.0,181060.0
19-3022,Survey Researchers,2016,11930.0,54470.0,59950.0,25680.0,37800.0,76440.0,100250.0
19-3031,"Clinical, Counseling, and School Psychologists",2016,107980.0,73270.0,78690.0,41830.0,55050.0,95910.0,120320.0
19-3032,Industrial-Organizational Psychologists,2016,1020.0,82760.0,104570.0,52950.0,66390.0,137510.0,184380.0
19-3039,"Psychologists, All Other",2016,13310.0,95710.0,94650.0,41690.0,66810.0,109770.0,127710.0
19-3041,Sociologists,2016,2870.0,79750.0,86840.0,41950.0,57650.0,108130.0,146860.0
19-3051,Urban and Regional Planners,2016,34810.0,70020.0,73060.0,44170.0,55160.0,87910.0,105310.0
19-3091,Anthropologists and Archeologists,2016,6470.0,63190.0,66440.0,36910.0,48240.0,81430.0,99590.0
19-3092,Geographers,2016,1370.0,74260.0,74090.0,44680.0,57210.0,90120.0,101370.0
19-3093,Historians,2016,2950.0,55110.0,60990.0,28050.0,36630.0,80310.0,102830.0
19-3094,Political Scientists,2016,6350.0,114290.0,112250.0,57750.0,86600.0,141550.0,160290.0
19-3099,"Social Scientists and Related Workers, All Other",2016,36380.0,77020.0,80860.0,45420.0,59340.0,99130.0,119800.0
19-4011,Agricultural and Food Science Technicians,2016,20420.0,37550.0,40470.0,23930.0,29700.0,47980.0,61450.0
19-4021,Biological Technicians,2016,74720.0,42520.0,46130.0,27660.0,33840.0,54990.0,69590.0
19-4031,Chemical Technicians,2016,65510.0,45840.0,49770.0,27730.0,34940.0,60790.0,76930.0
19-4041,Geological and Petroleum Technicians,2016,15100.0,56470.0,62240.0,25350.0,37720.0,78220.0,103080.0
19-4051,Nuclear Technicians,2016,6840.0,79140.0,77820.0,45850.0,61780.0,95000.0,106950.0
19-4061,Social Science Research Assistants,2016,30030.0,43190.0,46820.0,22090.0,32450.0,57180.0,74900.0
19-4091,"Environmental Science and Protection Technicians, Including Health",2016,32950.0,44190.0,47930.0,27380.0,34270.0,58280.0,75980.0
19-4092,Forensic Science Technicians,2016,14800.0,56750.0,60690.0,33860.0,42710.0,74220.0,97400.0
19-4093,Forest and Conservation Technicians,2016,30090.0,35560.0,38630.0,25740.0,28880.0,46710.0,55510.0
19-4099,"Life, Physical, and Social Science Technicians, All Other",2016,68540.0,46040.0,49270.0,26310.0,34890.0,60260.0,77010.0
21-1011,Substance Abuse and Behavioral Disorder Counselors,2016,91040.0,41070.0,44160.0,26210.0,32470.0,52690.0,65080.0
21-1012,"Educational, Guidance, School, and Vocational Counselors",2016,260670.0,54560.0,57620.0,32400.0,41650.0,70930.0,90030.0
21-1013,Marriage and Family Therapists,2016,36960.0,49170.0,54090.0,31600.0,38320.0,63810.0,81960.0
21-1014,Mental Health Counselors,2016,139820.0,42840.0,46050.0,26950.0,33560.0,55440.0,70100.0
21-1015,Rehabilitation Counselors,2016,103030.0,34670.0,38740.0,21710.0,26860.0,46600.0,62010.0
21-1019,"Counselors, All Other",2016,28380.0,44350.0,47640.0,25070.0,32850.0,59900.0,74810.0
21-1021,"Child, Family, and School Social Workers",2016,298840.0,43250.0,47510.0,27800.0,34230.0,56740.0,75140.0
21-1022,Healthcare Social Workers,2016,159310.0,53760.0,55510.0,32750.0,41620.0,65860.0,80020.0
21-1023,Mental Health and Substance Abuse Social Workers,2016,114040.0,42700.0,47880.0,26730.0,33240.0,56610.0,74650.0
21-1029,"Social Workers, All Other",2016,59540.0,60230.0,59410.0,33600.0,43110.0,75020.0,85190.0
21-1091,Health Educators,2016,57570.0,53070.0,57900.0,30400.0,38640.0,73040.0,95730.0
21-1092,Probation Officers and Correctional Treatment Specialists,2016,87500.0,50160.0,55380.0,33630.0,39530.0,67420.0,88930.0
21-1093,Social and Human Service Assistants,2016,360650.0,31810.0,34120.0,20800.0,25350.0,40030.0,50640.0
21-1094,Community Health Workers,2016,51900.0,37330.0,41170.0,23620.0,29480.0,49340.0,63880.0
21-1099,"Community and Social Service Specialists, All Other",2016,91860.0,43120.0,45540.0,25140.0,33200.0,55860.0,71040.0
21-2011,Clergy,2016,49320.0,45740.0,49450.0,23830.0,32790.0,60640.0,79110.0
21-2021,"Directors, Religious Activities and Education",2016,20590.0,38610.0,44840.0,19710.0,26930.0,55170.0,79380.0
21-2099,"Religious Workers, All Other",2016,8250.0,28820.0,34300.0,18470.0,20080.0,41800.0,58970.0
23-1011,Lawyers,2016,619530.0,118160.0,139880.0,56910.0,77580.0,176580.0,
23-1012,Judicial Law Clerks,2016,13410.0,51760.0,59840.0,32550.0,41650.0,69660.0,106640.0
23-1021,"Administrative Law Judges, Adjudicators, and Hearing Officers",2016,14540.0,92110.0,95240.0,41730.0,62950.0,122700.0,162400.0
23-1022,"Arbitrators, Mediators, and Conciliators",2016,6300.0,59770.0,72730.0,32550.0,42480.0,88510.0,123930.0
23-1023,"Judges, Magistrate Judges, and Magistrates",2016,27210.0,125880.0,115460.0,35250.0,64070.0,157270.0,183570.0
23-2011,Paralegals and Legal Assistants,2016,277310.0,49500.0,53180.0,31070.0,38230.0,63650.0,80260.0
23-2091,Court Reporters,2016,17700.0,51320.0,56940.0,26610.0,36870.0,72400.0,95990.0
23-2093,"Title Examiners, Abstractors, and Searchers",2016,54560.0,45800.0,51490.0,27620.0,34800.0,60520.0,81800.0
23-2099,"Legal Support Workers, All Other",2016,44960.0,54650.0,66170.0,31970.0,40410.0,84030.0,127650.0
25-1011,"Business Teachers, Postsecondary",2016,83030.0,77490.0,96770.0,35320.0,50680.0,121750.0,185410.0
25-1021,"Computer Science Teachers, Postsecondary",2016,32540.0,77570.0,89670.0,39170.0,54670.0,110640.0,155580.0
25-1022,"Mathematical Science Teachers, Postsecondary",2016,52020.0,69520.0,82650.0,38110.0,50620.0,98990.0,147700.0
25-1031,"Architecture Teachers, Postsecondary",2016,7370.0,79250.0,92890.0,42120.0,55730.0,110140.0,160220.0
25-1032,"Engineering Teachers, Postsecondary",2016,38000.0,97530.0,107490.0,49090.0,70660.0,132240.0,176560.0
25-1041,"Agricultural Sciences Teachers, Postsecondary",2016,10340.0,91580.0,96630.0,47130.0,66820.0,119760.0,153250.0
25-1042,"Biological Science Teachers, Postsecondary",2016,50820.0,76650.0,90420.0,41850.0,55990.0,109240.0,157630.0
25-1043,"Forestry and Conservation Science Teachers, Postsecondary",2016,1750.0,85880.0,90480.0,47390.0,61700.0,114070.0,144820.0
25-1051,"Atmospheric, Earth, Marine, and Space Sciences Teachers, Postsecondary",2016,10850.0,85410.0,95900.0,43950.0,61300.0,119650.0,161220.0
25-1052,"Chemistry Teachers, Postsecondary",2016,21250.0,76750.0,89320.0,42400.0,56350.0,107040.0,153570.0
25-1053,"Environmental Science Teachers, Postsecondary",2016,5520.0,78340.0,88880.0,44180.0,57920.0,108860.0,150890.0
25-1054,"Physics Teachers, Postsecondary",2016,14160.0,84570.0,97520.0,45530.0,60740.0,119840.0,164130.0
25-1061,"Anthropology and Archeology Teachers, Postsecondary",2016,5700.0,81350.0,91940.0,45060.0,59390.0,114580.0,155500.0
25-1062,"Area, Ethnic, and Cultural Studies Teachers, Postsecondary",2016,9060.0,73020.0,84590.0,38950.0,53060.0,102580.0,148640.0
25-1063,"Economics Teachers, Postsecondary",2016,13060.0,95770.0,111520.0,47560.0,67190.0,134280.0,195730.0
25-1064,"Geography Teachers, Postsecondary",2016,4140.0,76810.0,84660.0,42120.0,56740.0,101680.0,134010.0
25-1065,"Political Science Teachers, Postsecondary",2016,16720.0,79210.0,94090.0,42220.0,57650.0,113070.0,164830.0
25-1066,"Psychology Teachers, Postsecondary",2016,37640.0,73140.0,84440.0,36400.0,52320.0,102040.0,148470.0
25-1067,"Sociology Teachers, Postsecondary",2016,14580.0,71840.0,81600.0,38430.0,53710.0,97430.0,133740.0
25-1069,"Social Sciences Teachers, Postsecondary, All Other",2016,13320.0,70740.0,85950.0,37110.0,49870.0,106640.0,166830.0
25-1071,"Health Specialties Teachers, Postsecondary",2016,186740.0,99360.0,125430.0,43450.0,63550.0,165100.0,
25-1072,"Nursing Instructors and Teachers, Postsecondary",2016,56210.0,69130.0,75030.0,41010.0,54150.0,90030.0,117540.0
25-1081,"Education Teachers, Postsecondary",2016,58850.0,62520.0,70260.0,32280.0,44780.0,83820.0,118160.0
25-1082,"Library Science Teachers, Postsecondary",2016,4870.0,68410.0,72340.0,42470.0,54410.0,87040.0,106960.0
25-1111,"Criminal Justice and Law Enforcement Teachers, Postsecondary",2016,14620.0,59590.0,67040.0,34650.0,45610.0,79320.0,105210.0
25-1112,"Law Teachers, Postsecondary",2016,16010.0,111210.0,134530.0,44880.0,66840.0,180320.0,
25-1113,"Social Work Teachers, Postsecondary",2016,11860.0,64030.0,74280.0,34590.0,47740.0,89500.0,130520.0
25-1121,"Art, Drama, and Music Teachers, Postsecondary",2016,99020.0,68650.0,81050.0,34930.0,49610.0,96910.0,140070.0
25-1122,"Communications Teachers, Postsecondary",2016,28180.0,65640.0,74360.0,34420.0,47730.0,90560.0,125630.0
25-1123,"English Language and Literature Teachers, Postsecondary",2016,71270.0,63730.0,76140.0,35790.0,47000.0,90930.0,130890.0
25-1124,"Foreign Language and Literature Teachers, Postsecondary",2016,28720.0,63500.0,73750.0,35210.0,47240.0,87210.0,125580.0
25-1125,"History Teachers, Postsecondary",2016,21800.0,71820.0,80880.0,38000.0,52760.0,97150.0,130530.0
25-1126,"Philosophy and Religion Teachers, Postsecondary",2016,23180.0,68360.0,77420.0,36010.0,50250.0,93770.0,127740.0
25-1191,Graduate Teaching Assistants,2016,135130.0,34240.0,35810.0,18340.0,24310.0,44740.0,55080.0
25-1192,"Home Economics Teachers, Postsecondary",2016,2970.0,69190.0,72790.0,35770.0,50660.0,90540.0,115910.0
25-1193,"Recreation and Fitness Studies Teachers, Postsecondary",2016,17390.0,59180.0,67870.0,28290.0,40490.0,81910.0,119830.0
25-1194,"Vocational Education Teachers, Postsecondary",2016,116430.0,50660.0,55730.0,28640.0,38020.0,66870.0,90320.0
25-1199,"Postsecondary Teachers, All Other",2016,194870.0,64400.0,73990.0,24990.0,44490.0,94720.0,130090.0
25-2011,"Preschool Teachers, Except Special Education",2016,385550.0,28790.0,33300.0,19430.0,22750.0,38350.0,54310.0
25-2012,"Kindergarten Teachers, Except Special Education",2016,151290.0,52620.0,55460.0,34050.0,42190.0,65460.0,81210.0
25-2021,"Elementary School Teachers, Except Special Education",2016,1392660.0,55800.0,59020.0,36560.0,44450.0,71170.0,88590.0
25-2022,"Middle School Teachers, Except Special and Career/Technical Education",2016,626310.0,56720.0,59800.0,37810.0,45370.0,71850.0,89120.0
25-2023,"Career/Technical Education Teachers, Middle School",2016,12730.0,57560.0,60350.0,38670.0,46180.0,71990.0,87980.0
25-2031,"Secondary School Teachers, Except Special and Career/Technical Education",2016,1003250.0,58030.0,61420.0,38180.0,46110.0,74160.0,92920.0
25-2032,"Career/Technical Education Teachers, Secondary School",2016,80100.0,57320.0,59480.0,38330.0,46040.0,71670.0,86570.0
25-2051,"Special Education Teachers, Preschool",2016,28140.0,52460.0,56990.0,32980.0,41960.0,68420.0,89290.0
25-2052,"Special Education Teachers, Kindergarten and Elementary School",2016,190530.0,57040.0,60090.0,37150.0,45350.0,72400.0,90260.0
25-2053,"Special Education Teachers, Middle School",2016,90250.0,58560.0,61910.0,39190.0,47040.0,74220.0,93260.0
25-2054,"Special Education Teachers, Secondary School",2016,132490.0,59700.0,64020.0,39130.0,47400.0,76520.0,96930.0
25-2059,"Special Education Teachers, All Other",2016,40190.0,53860.0,59450.0,35160.0,43310.0,71190.0,93620.0
25-3011,Adult Basic and Secondary Education and Literacy Teachers and Instructors,2016,58810.0,50650.0,55140.0,29420.0,39610.0,66800.0,84740.0
25-3021,Self-Enrichment Education Teachers,2016,229840.0,37330.0,43150.0,19440.0,25530.0,54650.0,74700.0
25-3097,"Teachers and Instructors, All Other, Except Substitute Teachers",2016,292950.0,39570.0,47570.0,19900.0,26140.0,60830.0,82960.0
25-3098,Substitute Teachers,2016,609960.0,28010.0,30900.0,18460.0,21850.0,36550.0,46140.0
25-4011,Archivists,2016,5760.0,50500.0,54570.0,30180.0,38150.0,66590.0,88160.0
25-4012,Curators,2016,11170.0,53360.0,58910.0,29700.0,39190.0,72360.0,94430.0
25-4013,Museum Technicians and Conservators,2016,10970.0,40040.0,44780.0,23130.0,29930.0,54820.0,73080.0
25-4021,Librarians,2016,129350.0,57680.0,59870.0,34100.0,45060.0,72780.0,90140.0
25-4031,Library Technicians,2016,93410.0,32890.0,34780.0,19680.0,24790.0,42970.0,52880.0
25-9011,Audio-Visual and Multimedia Collections Specialists,2016,10300.0,47840.0,50130.0,26760.0,35280.0,62950.0,78090.0
25-9021,Farm and Home Management Advisors,2016,8620.0,49490.0,52150.0,24760.0,36710.0,64620.0,80900.0
25-9031,Instructional Coordinators,2016,147330.0,62460.0,65500.0,35230.0,47620.0,80440.0,100320.0
25-9041,Teacher Assistants,2016,1263820.0,25410.0,27120.0,18120.0,20520.0,31990.0,38820.0
25-9099,"Education, Training, and Library Workers, All Other",2016,100640.0,42600.0,46970.0,22180.0,29890.0,58800.0,78270.0
27-1011,Art Directors,2016,36210.0,89820.0,101170.0,48660.0,64570.0,124260.0,166400.0
27-1012,Craft Artists,2016,5070.0,33440.0,38900.0,19520.0,24370.0,47750.0,65080.0
27-1013,"Fine Artists, Including Painters, Sculptors, and Illustrators",2016,11520.0,50790.0,57410.0,19620.0,32230.0,72260.0,103680.0
27-1014,Multimedia Artists and Animators,2016,29810.0,65300.0,72200.0,38520.0,49320.0,90450.0,115960.0
27-1019,"Artists and Related Workers, All Other",2016,7010.0,61360.0,64630.0,30360.0,39860.0,87700.0,103860.0
27-1021,Commercial and Industrial Designers,2016,31860.0,67790.0,70880.0,37400.0,50350.0,87750.0,105690.0
27-1022,Fashion Designers,2016,19230.0,65170.0,76480.0,33740.0,46020.0,92550.0,130050.0
27-1023,Floral Designers,2016,43990.0,25850.0,27610.0,18760.0,21190.0,31970.0,39130.0
27-1024,Graphic Designers,2016,210710.0,47640.0,52290.0,27950.0,35560.0,63340.0,82020.0
27-1025,Interior Designers,2016,53160.0,49810.0,56220.0,26260.0,36760.0,68340.0,91230.0
27-1026,Merchandise Displayers and Window Trimmers,2016,114690.0,26700.0,30090.0,18950.0,21730.0,35120.0,47150.0
27-1027,Set and Exhibit Designers,2016,12060.0,50990.0,57600.0,26310.0,36690.0,73330.0,97320.0
27-1029,"Designers, All Other",2016,7230.0,53380.0,63270.0,21860.0,33850.0,80910.0,116250.0
27-2011,Actors,2016,48620.0,,,,,,
27-2012,Producers and Directors,2016,114510.0,70950.0,93840.0,32940.0,46660.0,112820.0,189870.0
27-2021,Athletes and Sports Competitors,2016,10260.0,47710.0,83730.0,19540.0,26390.0,95290.0,
27-2022,Coaches and Scouts,2016,230930.0,31460.0,41000.0,18120.0,20860.0,49110.0,71940.0
27-2023,"Umpires, Referees, and Other Sports Officials",2016,18660.0,25660.0,35540.0,18150.0,20040.0,39820.0,58160.0
27-2031,Dancers,2016,10060.0,,,,,,
27-2032,Choreographers,2016,5160.0,48240.0,53610.0,21520.0,31790.0,69430.0,94400.0
27-2041,Music Directors and Composers,2016,18380.0,50110.0,60630.0,20820.0,35020.0,70510.0,106700.0
27-2042,Musicians and Singers,2016,40110.0,,,,,,
27-2099,"Entertainers and Performers, Sports and Related Workers, All Other",2016,13150.0,,,,,,
27-3011,Radio and Television Announcers,2016,29210.0,31400.0,48170.0,18390.0,21700.0,51000.0,89720.0
27-3012,Public Address System and Other Announcers,2016,8020.0,28940.0,42740.0,17860.0,19950.0,49990.0,77640.0
27-3021,Broadcast News Analysts,2016,5070.0,56680.0,78200.0,25690.0,34190.0,93320.0,163490.0
27-3022,Reporters and Correspondents,2016,40090.0,37820.0,49770.0,22120.0,27940.0,60060.0,86610.0
27-3031,Public Relations Specialists,2016,226940.0,58020.0,66540.0,32090.0,42450.0,79650.0,110560.0
27-3041,Editors,2016,97170.0,57210.0,66080.0,29760.0,40480.0,79490.0,111610.0
27-3042,Technical Writers,2016,49780.0,69850.0,73160.0,41700.0,53990.0,89730.0,111260.0
27-3043,Writers and Authors,2016,44690.0,61240.0,71920.0,29380.0,43130.0,83500.0,118640.0
27-3091,Interpreters and Translators,2016,51350.0,46120.0,51260.0,25370.0,34230.0,61950.0,83010.0
27-3099,"Media and Communication Workers, All Other",2016,23310.0,43600.0,50860.0,23780.0,29330.0,63480.0,91820.0
27-4011,Audio and Video Equipment Technicians,2016,69670.0,42230.0,47450.0,24020.0,31110.0,58910.0,78980.0
27-4012,Broadcast Technicians,2016,30330.0,38550.0,45430.0,19460.0,25840.0,60370.0,80280.0
27-4013,Radio Operators,2016,870.0,46250.0,46780.0,19740.0,31690.0,59850.0,73930.0
27-4014,Sound Engineering Technicians,2016,15210.0,53680.0,65240.0,24440.0,34490.0,83100.0,121630.0
27-4021,Photographers,2016,48660.0,34070.0,42640.0,19110.0,23480.0,52220.0,76220.0
27-4031,"Camera Operators, Television, Video, and Motion Picture",2016,21710.0,55080.0,63200.0,26940.0,37570.0,77410.0,109200.0
27-4032,Film and Video Editors,2016,29880.0,62760.0,82190.0,27640.0,39780.0,104080.0,162260.0
27-4099,"Media and Communication Equipment Workers, All Other",2016,18620.0,75700.0,76500.0,35060.0,54310.0,97060.0,118840.0
29-1011,Chiropractors,2016,32960.0,67520.0,81210.0,32380.0,47460.0,96770.0,141030.0
29-1021,"Dentists, General",2016,105620.0,153900.0,173860.0,67690.0,106180.0,,
29-1022,Oral and Maxillofacial Surgeons,2016,5380.0,,232870.0,69550.0,163110.0,,
29-1023,Orthodontists,2016,5200.0,,228780.0,91580.0,150060.0,,
29-1024,Prosthodontists,2016,750.0,126050.0,168140.0,74990.0,98090.0,,
29-1029,"Dentists, All Other Specialists",2016,5380.0,173000.0,171900.0,38130.0,94010.0,,
29-1031,Dietitians and Nutritionists,2016,61430.0,58920.0,59670.0,36470.0,47200.0,71840.0,82410.0
29-1041,Optometrists,2016,36430.0,106140.0,117580.0,52810.0,81480.0,135180.0,192050.0
29-1051,Pharmacists,2016,305510.0,122230.0,120270.0,87120.0,109400.0,138920.0,157950.0
29-1061,Anesthesiologists,2016,30190.0,,269600.0,146310.0,,,
29-1062,Family and General Practitioners,2016,122970.0,190490.0,200810.0,69890.0,133580.0,,
29-1063,"Internists, General",2016,45290.0,196380.0,201840.0,60080.0,119750.0,,
29-1064,Obstetricians and Gynecologists,2016,19800.0,,234310.0,82570.0,167710.0,,
29-1065,"Pediatricians, General",2016,26960.0,168990.0,184240.0,84770.0,131850.0,,
29-1066,Psychiatrists,2016,24820.0,194740.0,200220.0,61330.0,125570.0,,
29-1067,Surgeons,2016,41190.0,,252910.0,104680.0,197070.0,,
29-1069,"Physicians and Surgeons, All Other",2016,338620.0,206920.0,205560.0,59090.0,119120.0,,
29-1071,Physician Assistants,2016,104050.0,101480.0,102090.0,65620.0,86130.0,121420.0,142210.0
29-1081,Podiatrists,2016,9800.0,124830.0,144110.0,48830.0,78130.0,182420.0,
29-1122,Occupational Therapists,2016,118070.0,81910.0,83730.0,54200.0,67140.0,99300.0,119720.0
29-1123,Physical Therapists,2016,216920.0,85400.0,87220.0,58190.0,70680.0,100880.0,122130.0
29-1124,Radiation Therapists,2016,17450.0,80160.0,84980.0,53680.0,64630.0,100800.0,123710.0
29-1125,Recreational Therapists,2016,18100.0,46410.0,48190.0,28010.0,35570.0,59680.0,72340.0
29-1126,Respiratory Therapists,2016,126770.0,58670.0,60640.0,42490.0,49340.0,70650.0,81550.0
29-1127,Speech-Language Pathologists,2016,135980.0,74680.0,78210.0,47070.0,58480.0,95000.0,116810.0
29-1128,Exercise Physiologists,2016,6880.0,47340.0,50310.0,32290.0,38270.0,59500.0,74330.0
29-1129,"Therapists, All Other",2016,11320.0,56700.0,60590.0,33900.0,42140.0,74390.0,95530.0
29-1131,Veterinarians,2016,67650.0,88770.0,100560.0,52470.0,69240.0,118460.0,161070.0
29-1141,Registered Nurses,2016,2857180.0,68450.0,72180.0,47120.0,56190.0,83770.0,102990.0
29-1151,Nurse Anesthetists,2016,39860.0,160270.0,164030.0,107960.0,137800.0,189880.0,
29-1161,Nurse Midwives,2016,6270.0,99770.0,102390.0,66660.0,85750.0,119690.0,142510.0
29-1171,Nurse Practitioners,2016,150230.0,100910.0,104610.0,72420.0,86970.0,120450.0,140930.0
29-1181,Audiologists,2016,12310.0,75980.0,79290.0,50490.0,61370.0,94170.0,113540.0
29-1199,"Health Diagnosing and Treating Practitioners, All Other",2016,36280.0,74530.0,84800.0,39330.0,55720.0,106170.0,135650.0
29-2011,Medical and Clinical Laboratory Technologists,2016,166730.0,61070.0,62440.0,41550.0,51370.0,73760.0,85160.0
29-2012,Medical and Clinical Laboratory Technicians,2016,160190.0,38950.0,41700.0,26010.0,31250.0,49920.0,61720.0
29-2021,Dental Hygienists,2016,204990.0,72910.0,73440.0,50870.0,60500.0,86390.0,100170.0
29-2031,Cardiovascular Technologists and Technicians,2016,53760.0,55570.0,57100.0,28650.0,37690.0,73050.0,89450.0
29-2032,Diagnostic Medical Sonographers,2016,65790.0,69650.0,71750.0,48660.0,57530.0,82320.0,99100.0
29-2033,Nuclear Medicine Technologists,2016,19650.0,74350.0,75960.0,53440.0,62910.0,88610.0,101850.0
29-2034,Radiologic Technologists,2016,200650.0,57450.0,59260.0,38660.0,46490.0,70430.0,82590.0
29-2035,Magnetic Resonance Imaging Technologists,2016,35850.0,68420.0,69240.0,47960.0,56990.0,79660.0,95890.0
29-2041,Emergency Medical Technicians and Paramedics,2016,244960.0,32670.0,36110.0,21240.0,25850.0,42710.0,56310.0
29-2051,Dietetic Technicians,2016,32240.0,26350.0,29360.0,18380.0,21170.0,35410.0,45960.0
29-2052,Pharmacy Technicians,2016,398390.0,30920.0,32170.0,21370.0,25170.0,37780.0,45710.0
29-2053,Psychiatric Technicians,2016,61720.0,30970.0,35870.0,21330.0,25290.0,42930.0,59960.0
29-2054,Respiratory Therapy Technicians,2016,10600.0,49780.0,50520.0,30800.0,40040.0,60730.0,72970.0
29-2055,Surgical Technologists,2016,105720.0,45160.0,46800.0,31720.0,36980.0,55030.0,64800.0
29-2056,Veterinary Technologists and Technicians,2016,99390.0,32490.0,33870.0,22340.0,26870.0,38950.0,48330.0
29-2057,Ophthalmic Medical Technicians,2016,43990.0,35530.0,37040.0,24810.0,29170.0,43400.0,51330.0
29-2061,Licensed Practical and Licensed Vocational Nurses,2016,702400.0,44090.0,44840.0,32510.0,37040.0,51220.0,60420.0
29-2071,Medical Records and Health Information Technicians,2016,200140.0,38040.0,41460.0,25070.0,29940.0,49770.0,62840.0
29-2081,"Opticians, Dispensing",2016,75270.0,35530.0,37860.0,22670.0,27890.0,45910.0,57180.0
29-2091,Orthotists and Prosthetists,2016,7500.0,65630.0,69920.0,35870.0,49790.0,85390.0,104010.0
29-2092,Hearing Aid Specialists,2016,6740.0,50250.0,53000.0,26830.0,34940.0,66460.0,80940.0
29-2099,"Health Technologists and Technicians, All Other",2016,122170.0,41070.0,46020.0,26990.0,32460.0,55550.0,71280.0
29-9011,Occupational Health and Safety Specialists,2016,76630.0,70920.0,72480.0,41320.0,54320.0,88050.0,104460.0
29-9012,Occupational Health and Safety Technicians,2016,16560.0,48820.0,52520.0,30820.0,37610.0,63200.0,79990.0
29-9091,Athletic Trainers,2016,24130.0,45630.0,47880.0,30300.0,37010.0,56320.0,69140.0
29-9092,Genetic Counselors,2016,2720.0,74120.0,74960.0,45540.0,59850.0,90600.0,104770.0
29-9099,"Healthcare Practitioners and Technical Workers, All Other",2016,36000.0,48820.0,57960.0,25960.0,33580.0,77400.0,104050.0
31-1011,Home Health Aides,2016,814300.0,22600.0,23600.0,17990.0,19890.0,25760.0,30610.0
31-1013,Psychiatric Aides,2016,67410.0,26720.0,28770.0,18940.0,22630.0,33590.0,42220.0
31-1014,Nursing Assistants,2016,1443150.0,26590.0,27650.0,20040.0,22470.0,31370.0,37900.0
31-1015,Orderlies,2016,52940.0,26690.0,28550.0,19590.0,22150.0,33290.0,40180.0
31-2011,Occupational Therapy Assistants,2016,38170.0,59010.0,59530.0,39160.0,48790.0,70550.0,80090.0
31-2012,Occupational Therapy Aides,2016,7210.0,28330.0,31840.0,20430.0,23260.0,35800.0,51180.0
31-2021,Physical Therapist Assistants,2016,85580.0,56610.0,56850.0,34640.0,45840.0,66860.0,79040.0
31-2022,Physical Therapist Aides,2016,50030.0,25680.0,27890.0,19370.0,21880.0,30850.0,38340.0
31-9011,Massage Therapists,2016,95830.0,39860.0,44480.0,19720.0,27230.0,57120.0,74870.0
31-9091,Dental Assistants,2016,327290.0,36940.0,37890.0,25460.0,30410.0,45170.0,52000.0
31-9092,Medical Assistants,2016,623560.0,31540.0,32850.0,22870.0,26860.0,37760.0,45310.0
31-9093,Medical Equipment Preparers,2016,52500.0,34400.0,35960.0,23610.0,28060.0,41860.0,50620.0
31-9094,Medical Transcriptionists,2016,54070.0,35720.0,37150.0,22330.0,28660.0,43700.0,51640.0
31-9095,Pharmacy Aides,2016,36660.0,25240.0,28420.0,18480.0,21130.0,32980.0,44380.0
31-9096,Veterinary Assistants and Laboratory Animal Caretakers,2016,79990.0,25250.0,26810.0,18540.0,21170.0,30460.0,37810.0
31-9097,Phlebotomists,2016,120970.0,32710.0,33750.0,23330.0,27350.0,38800.0,46850.0
31-9099,"Healthcare Support Workers, All Other",2016,93830.0,36330.0,37720.0,21890.0,27920.0,45380.0,54240.0
33-1011,First-Line Supervisors of Correctional Officers,2016,43230.0,60560.0,65100.0,39260.0,46090.0,82180.0,98290.0
33-1012,First-Line Supervisors of Police and Detectives,2016,100200.0,84840.0,88400.0,50370.0,64870.0,107660.0,134810.0
33-1021,First-Line Supervisors of Fire Fighting and Prevention Workers,2016,57170.0,74540.0,77050.0,42070.0,56660.0,95600.0,117800.0
33-1099,"First-Line Supervisors of Protective Service Workers, All Other",2016,72880.0,47820.0,50690.0,26780.0,34550.0,61230.0,78740.0
33-2011,Firefighters,2016,315910.0,48030.0,50520.0,23700.0,32670.0,64870.0,81110.0
33-2021,Fire Inspectors and Investigators,2016,11910.0,58440.0,61660.0,34530.0,44090.0,76480.0,95270.0
33-2022,Forest Fire Inspectors and Prevention Specialists,2016,1650.0,36230.0,44300.0,24700.0,30110.0,53980.0,76660.0
33-3011,Bailiffs,2016,17880.0,42670.0,45740.0,23300.0,31700.0,60930.0,74300.0
33-3012,Correctional Officers and Jailers,2016,431600.0,42820.0,46750.0,28500.0,34150.0,56770.0,74630.0
33-3021,Detectives and Criminal Investigators,2016,104980.0,78120.0,81490.0,42220.0,55180.0,103330.0,131200.0
33-3031,Fish and Game Wardens,2016,6610.0,51730.0,54760.0,34360.0,42010.0,65610.0,77440.0
33-3041,Parking Enforcement Workers,2016,8920.0,37950.0,39650.0,22510.0,28480.0,50020.0,60110.0
33-3051,Police and Sheriff's Patrol Officers,2016,657690.0,59680.0,62760.0,34230.0,44000.0,78140.0,98510.0
33-3052,Transit and Railroad Police,2016,4810.0,66610.0,67850.0,41540.0,54570.0,81920.0,96670.0
33-9011,Animal Control Workers,2016,12970.0,34550.0,36600.0,21440.0,27280.0,44110.0,55600.0
33-9021,Private Detectives and Investigators,2016,28490.0,48190.0,53530.0,27210.0,35710.0,66300.0,87070.0
33-9031,Gaming Surveillance Officers and Gaming Investigators,2016,10460.0,32630.0,35280.0,22340.0,26650.0,41080.0,52500.0
33-9032,Security Guards,2016,1103120.0,25770.0,29730.0,18860.0,21290.0,34620.0,47260.0
33-9091,Crossing Guards,2016,72900.0,26700.0,29190.0,18320.0,20820.0,34300.0,42210.0
33-9092,"Lifeguards, Ski Patrol, and Other Recreational Protective Service Workers",2016,145100.0,20290.0,22640.0,17070.0,18400.0,24260.0,31840.0
33-9093,Transportation Security Screeners,2016,42750.0,39680.0,40160.0,33410.0,36300.0,42570.0,47300.0
33-9099,"Protective Service Workers, All Other",2016,135120.0,28720.0,32880.0,19140.0,21900.0,38780.0,53460.0
35-1011,Chefs and Head Cooks,2016,134190.0,43180.0,47390.0,23630.0,32230.0,59080.0,76280.0
35-1012,First-Line Supervisors of Food Preparation and Serving Workers,2016,908550.0,31480.0,34700.0,20690.0,24250.0,42550.0,54510.0
35-2011,"Cooks, Fast Food",2016,513200.0,19860.0,20570.0,16850.0,18140.0,22520.0,25290.0
35-2012,"Cooks, Institution and Cafeteria",2016,409850.0,24750.0,26370.0,17840.0,20270.0,30660.0,38030.0
35-2013,"Cooks, Private Household",2016,370.0,32060.0,42220.0,21080.0,23590.0,55170.0,62730.0
35-2014,"Cooks, Restaurant",2016,1217370.0,24140.0,25430.0,18170.0,20530.0,29220.0,35090.0
35-2015,"Cooks, Short Order",2016,183990.0,21890.0,23130.0,17520.0,19090.0,25450.0,30890.0
35-2019,"Cooks, All Other",2016,15490.0,27120.0,29210.0,18870.0,21490.0,34340.0,43580.0
35-2021,Food Preparation Workers,2016,850670.0,21440.0,22920.0,17420.0,18960.0,25360.0,31040.0
35-3011,Bartenders,2016,603320.0,20800.0,25580.0,17310.0,18650.0,28780.0,40230.0
35-3021,"Combined Food Preparation and Serving Workers, Including Fast Food",2016,3426090.0,19440.0,20460.0,16810.0,18030.0,22160.0,25330.0
35-3022,"Counter Attendants, Cafeteria, Food Concession, and Coffee Shop",2016,499550.0,19970.0,21380.0,17230.0,18460.0,23100.0,28010.0
35-3031,Waiters and Waitresses,2016,2564610.0,19990.0,24410.0,17090.0,18360.0,26590.0,38460.0
35-3041,"Food Servers, Nonrestaurant",2016,261520.0,21240.0,23490.0,17320.0,18720.0,25410.0,33430.0
35-9011,Dining Room and Cafeteria Attendants and Bartender Helpers,2016,423080.0,20200.0,22340.0,17280.0,18510.0,23740.0,30390.0
35-9021,Dishwashers,2016,506450.0,20800.0,21260.0,17310.0,18660.0,23240.0,25800.0
35-9031,"Hosts and Hostesses, Restaurant, Lounge, and Coffee Shop",2016,404360.0,19980.0,21410.0,16990.0,18280.0,23470.0,28620.0
35-9099,"Food Preparation and Serving Related Workers, All Other",2016,59060.0,21090.0,23200.0,17190.0,18740.0,24970.0,33450.0
37-1011,First-Line Supervisors of Housekeeping and Janitorial Workers,2016,161140.0,38190.0,41240.0,23650.0,29240.0,50040.0,63350.0
37-1012,"First-Line Supervisors of Landscaping, Lawn Service, and Groundskeeping Workers",2016,103070.0,45740.0,48790.0,28400.0,35280.0,59330.0,75060.0
37-2011,"Janitors and Cleaners, Except Maids and Housekeeping Cleaners",2016,2161740.0,24190.0,27030.0,18000.0,20000.0,31490.0,40760.0
37-2012,Maids and Housekeeping Cleaners,2016,924640.0,21820.0,23830.0,17370.0,18960.0,26370.0,34430.0
37-2019,"Building Cleaning Workers, All Other",2016,15020.0,29700.0,30960.0,19430.0,22900.0,37360.0,45140.0
37-2021,Pest Control Workers,2016,72830.0,33040.0,35020.0,21630.0,26740.0,41270.0,50920.0
37-3011,Landscaping and Groundskeeping Workers,2016,906570.0,26320.0,28560.0,19160.0,21800.0,32790.0,41070.0
37-3012,"Pesticide Handlers, Sprayers, and Applicators, Vegetation",2016,25230.0,33740.0,35720.0,23130.0,27750.0,40610.0,51030.0
37-3013,Tree Trimmers and Pruners,2016,40680.0,35030.0,37310.0,22950.0,28100.0,45330.0,56970.0
37-3019,"Grounds Maintenance Workers, All Other",2016,15170.0,28470.0,32930.0,19020.0,21870.0,39920.0,56430.0
39-1011,Gaming Supervisors,2016,22130.0,50520.0,50810.0,28640.0,38450.0,61500.0,74660.0
39-1012,Slot Supervisors,2016,7640.0,36080.0,38300.0,20810.0,25910.0,47950.0,60630.0
39-1021,First-Line Supervisors of Personal Service Workers,2016,190420.0,36700.0,39830.0,22660.0,28280.0,48160.0,61850.0
39-2011,Animal Trainers,2016,13590.0,27690.0,34580.0,18740.0,21590.0,40740.0,58050.0
39-2021,Nonfarm Animal Caretakers,2016,187360.0,21990.0,24420.0,17550.0,19080.0,26940.0,35860.0
39-3011,Gaming Dealers,2016,94570.0,19290.0,21990.0,16630.0,17900.0,21200.0,31780.0
39-3012,Gaming and Sports Book Writers and Runners,2016,11460.0,22600.0,25710.0,17820.0,19440.0,28970.0,39520.0
39-3019,"Gaming Service Workers, All Other",2016,12140.0,24880.0,28300.0,18090.0,20800.0,32060.0,42200.0
39-3021,Motion Picture Projectionists,2016,5480.0,22100.0,24750.0,17660.0,18920.0,27770.0,35030.0
39-3031,"Ushers, Lobby Attendants, and Ticket Takers",2016,117920.0,19920.0,21740.0,16970.0,18270.0,23470.0,29690.0
39-3091,Amusement and Recreation Attendants,2016,286740.0,20160.0,22000.0,17190.0,18410.0,23660.0,29660.0
39-3092,Costume Attendants,2016,6640.0,45900.0,50470.0,20820.0,29940.0,66120.0,87310.0
39-3093,"Locker Room, Coatroom, and Dressing Room Attendants",2016,18040.0,21720.0,24390.0,17560.0,18950.0,28090.0,36100.0
39-3099,"Entertainment Attendants and Related Workers, All Other",2016,14550.0,23270.0,24610.0,17880.0,19770.0,28070.0,32000.0
39-4011,Embalmers,2016,3710.0,40150.0,42260.0,24970.0,31150.0,51410.0,63090.0
39-4021,Funeral Attendants,2016,35770.0,24830.0,27110.0,18100.0,20460.0,31360.0,39720.0
39-4031,"Morticians, Undertakers, and Funeral Directors",2016,25850.0,50090.0,54700.0,27950.0,36750.0,66130.0,83980.0
39-5011,Barbers,2016,15900.0,25760.0,29900.0,18210.0,20350.0,37020.0,47400.0
39-5012,"Hairdressers, Hairstylists, and Cosmetologists",2016,352380.0,24260.0,29590.0,17930.0,19550.0,34170.0,49050.0
39-5091,"Makeup Artists, Theatrical and Performance",2016,3600.0,60970.0,71590.0,22630.0,37940.0,106070.0,124960.0
39-5092,Manicurists and Pedicurists,2016,90630.0,22150.0,24330.0,18800.0,19910.0,26440.0,33590.0
39-5093,Shampooers,2016,15240.0,19700.0,20960.0,17480.0,18530.0,22760.0,25750.0
39-5094,Skincare Specialists,2016,43980.0,30270.0,35160.0,18640.0,21960.0,42810.0,59780.0
39-6011,Baggage Porters and Bellhops,2016,44750.0,22260.0,24910.0,17690.0,19090.0,28440.0,36110.0
39-6012,Concierges,2016,32020.0,29250.0,31440.0,20560.0,23380.0,37500.0,46750.0
39-7011,Tour Guides and Escorts,2016,38660.0,24920.0,28100.0,18300.0,20600.0,33010.0,43060.0
39-7012,Travel Guides,2016,3030.0,32100.0,35930.0,19030.0,25000.0,44110.0,58400.0
39-9011,Childcare Workers,2016,569370.0,21170.0,22930.0,17190.0,18680.0,25490.0,31710.0
39-9021,Personal Care Aides,2016,1492250.0,21920.0,22710.0,17310.0,19180.0,24860.0,29760.0
39-9031,Fitness Trainers and Aerobics Instructors,2016,257410.0,38160.0,42780.0,19150.0,24120.0,55010.0,72980.0
39-9032,Recreation Workers,2016,336880.0,23870.0,27230.0,18000.0,19780.0,31310.0,41660.0
39-9041,Residential Advisors,2016,110330.0,25570.0,27690.0,18330.0,21020.0,31720.0,39960.0
39-9099,"Personal Care and Service Workers, All Other",2016,54520.0,25420.0,27460.0,18490.0,20730.0,32290.0,38460.0
41-1011,First-Line Supervisors of Retail Sales Workers,2016,1194220.0,39040.0,43910.0,24530.0,30370.0,51250.0,66480.0
41-1012,First-Line Supervisors of Non-Retail Sales Workers,2016,252670.0,73150.0,85830.0,37730.0,52730.0,103840.0,150400.0
41-2011,Cashiers,2016,3541010.0,20180.0,21680.0,17140.0,18450.0,23570.0,28760.0
41-2012,Gaming Change Persons and Booth Cashiers,2016,23120.0,23780.0,25940.0,18500.0,20480.0,29720.0,37330.0
41-2021,Counter and Rental Clerks,2016,450330.0,25550.0,29390.0,18350.0,20800.0,34340.0,46740.0
41-2022,Parts Salespersons,2016,248740.0,29780.0,33220.0,19090.0,22660.0,39890.0,52430.0
41-2031,Retail Salespersons,2016,4528550.0,22680.0,27180.0,17810.0,19410.0,29480.0,41420.0
41-3011,Advertising Sales Agents,2016,141100.0,50380.0,63660.0,24320.0,34380.0,76050.0,115430.0
41-3021,Insurance Sales Agents,2016,385700.0,49990.0,67760.0,27430.0,35500.0,77140.0,128070.0
41-3031,"Securities, Commodities, and Financial Services Sales Agents",2016,353780.0,67310.0,102260.0,33340.0,41040.0,131180.0,
41-3041,Travel Agents,2016,68680.0,36460.0,39900.0,20670.0,27030.0,48600.0,61890.0
41-3099,"Sales Representatives, Services, All Other",2016,953870.0,52490.0,63070.0,25000.0,35230.0,77360.0,113950.0
41-4011,"Sales Representatives, Wholesale and Manufacturing, Technical and Scientific Products",2016,328370.0,78980.0,92910.0,39930.0,55250.0,116800.0,160940.0
41-4012,"Sales Representatives, Wholesale and Manufacturing, Except Technical and Scientific Products",2016,1404050.0,57140.0,68410.0,27500.0,39350.0,82520.0,121080.0
41-9011,Demonstrators and Product Promoters,2016,86500.0,25610.0,30570.0,19420.0,21830.0,35610.0,48480.0
41-9012,Models,2016,4390.0,21870.0,36560.0,17240.0,19010.0,41470.0,52390.0
41-9021,Real Estate Brokers,2016,40850.0,56790.0,79340.0,24370.0,34190.0,95030.0,162260.0
41-9022,Real Estate Sales Agents,2016,151840.0,44090.0,59360.0,22230.0,29940.0,71060.0,112570.0
41-9031,Sales Engineers,2016,74330.0,100000.0,108880.0,56990.0,74400.0,132080.0,166500.0
41-9041,Telemarketers,2016,215290.0,24300.0,27170.0,18330.0,20370.0,30480.0,39310.0
41-9091,"Door-to-Door Sales Workers, News and Street Vendors, and Related Workers",2016,8040.0,24330.0,28630.0,19120.0,20990.0,30820.0,47340.0
41-9099,"Sales and Related Workers, All Other",2016,81080.0,37190.0,43330.0,20810.0,26780.0,53150.0,73000.0
43-1011,First-Line Supervisors of Office and Administrative Support Workers,2016,1443150.0,54340.0,57890.0,32950.0,41910.0,69260.0,87690.0
43-2011,"Switchboard Operators, Including Answering Service",2016,90910.0,28030.0,29720.0,19960.0,22970.0,34530.0,42090.0
43-2021,Telephone Operators,2016,8860.0,37000.0,43030.0,22790.0,28180.0,56270.0,66230.0
43-2099,"Communications Equipment Operators, All Other",2016,2150.0,39640.0,41910.0,24940.0,29810.0,52130.0,61720.0
43-3011,Bill and Account Collectors,2016,298960.0,35350.0,37620.0,23610.0,28460.0,44140.0,54970.0
43-3021,Billing and Posting Clerks,2016,485220.0,36150.0,37570.0,25450.0,29950.0,43910.0,52150.0
43-3031,"Bookkeeping, Accounting, and Auditing Clerks",2016,1566960.0,38390.0,40220.0,23880.0,30640.0,48440.0,59630.0
43-3041,Gaming Cage Workers,2016,18810.0,25990.0,28120.0,19750.0,21880.0,32840.0,40640.0
43-3051,Payroll and Timekeeping Clerks,2016,159650.0,42390.0,43580.0,27200.0,34100.0,51480.0,62030.0
43-3061,Procurement Clerks,2016,72120.0,41410.0,41980.0,26880.0,33560.0,49390.0,58110.0
43-3071,Tellers,2016,496760.0,27260.0,28060.0,20810.0,23230.0,31500.0,37760.0
43-3099,"Financial Clerks, All Other",2016,34540.0,39540.0,41870.0,26120.0,32140.0,49570.0,60950.0
43-4011,Brokerage Clerks,2016,59820.0,49200.0,52380.0,33100.0,40130.0,61130.0,76390.0
43-4021,Correspondence Clerks,2016,6780.0,36370.0,37660.0,24340.0,29230.0,45140.0,53630.0
43-4031,"Court, Municipal, and License Clerks",2016,128620.0,36670.0,39160.0,23880.0,29250.0,46540.0,57420.0
43-4041,"Credit Authorizers, Checkers, and Clerks",2016,37680.0,36930.0,39320.0,24890.0,29650.0,47100.0,58800.0
43-4051,Customer Service Representatives,2016,2707040.0,32300.0,35170.0,20810.0,25520.0,41430.0,53730.0
43-4061,"Eligibility Interviewers, Government Programs",2016,135940.0,43350.0,43550.0,29660.0,34420.0,52350.0,58810.0
43-4071,File Clerks,2016,130950.0,29090.0,31260.0,19830.0,23170.0,37130.0,47410.0
43-4081,"Hotel, Motel, and Resort Desk Clerks",2016,248440.0,22070.0,23530.0,17470.0,19190.0,25750.0,31850.0
43-4111,"Interviewers, Except Eligibility and Loan",2016,186030.0,32150.0,33640.0,21400.0,26290.0,39250.0,48420.0
43-4121,"Library Assistants, Clerical",2016,98560.0,25220.0,27450.0,18220.0,20190.0,32400.0,40540.0
43-4131,Loan Interviewers and Clerks,2016,224340.0,38630.0,40300.0,24710.0,31110.0,48310.0,58630.0
43-4141,New Accounts Clerks,2016,41630.0,34990.0,36480.0,25990.0,29390.0,41260.0,50010.0
43-4151,Order Clerks,2016,176850.0,33370.0,35160.0,20820.0,25960.0,42010.0,52130.0
43-4161,"Human Resources Assistants, Except Payroll and Timekeeping",2016,137150.0,39020.0,40100.0,25860.0,32190.0,47560.0,56440.0
43-4171,Receptionists and Information Clerks,2016,997770.0,27920.0,29120.0,19530.0,22700.0,34280.0,40380.0
43-4181,Reservation and Transportation Ticket Agents and Travel Clerks,2016,146350.0,35230.0,38050.0,21440.0,25840.0,51490.0,59270.0
43-4199,"Information and Record Clerks, All Other",2016,166850.0,39260.0,40090.0,24830.0,30760.0,48040.0,56650.0
43-5011,Cargo and Freight Agents,2016,88920.0,41920.0,44250.0,24660.0,32630.0,53100.0,64340.0
43-5021,Couriers and Messengers,2016,74120.0,28170.0,29920.0,19260.0,22330.0,35800.0,44440.0
43-5031,"Police, Fire, and Ambulance Dispatchers",2016,95170.0,38870.0,41070.0,25100.0,30830.0,49570.0,61270.0
43-5032,"Dispatchers, Except Police, Fire, and Ambulance",2016,197910.0,37940.0,41190.0,23260.0,29200.0,49600.0,63420.0
43-5041,"Meter Readers, Utilities",2016,34070.0,38940.0,41890.0,22950.0,28630.0,52500.0,65970.0
43-5051,Postal Service Clerks,2016,82030.0,56790.0,48360.0,32520.0,39790.0,56800.0,57990.0
43-5052,Postal Service Mail Carriers,2016,328950.0,58110.0,50610.0,33420.0,36800.0,59860.0,61100.0
43-5053,"Postal Service Mail Sorters, Processors, and Processing Machine Operators",2016,110770.0,56220.0,49710.0,32510.0,38250.0,56800.0,57300.0
43-5061,"Production, Planning, and Expediting Clerks",2016,321780.0,46760.0,49050.0,28140.0,35770.0,59560.0,74340.0
43-5071,"Shipping, Receiving, and Traffic Clerks",2016,676990.0,31180.0,33150.0,21010.0,25190.0,39010.0,48760.0
43-5081,Stock Clerks and Order Fillers,2016,2016340.0,23840.0,26670.0,18190.0,20190.0,30760.0,39750.0
43-5111,"Weighers, Measurers, Checkers, and Samplers, Recordkeeping",2016,74460.0,28790.0,31080.0,19610.0,22510.0,37260.0,47280.0
43-6011,Executive Secretaries and Executive Administrative Assistants,2016,631610.0,55860.0,57910.0,34880.0,43770.0,70190.0,83070.0
43-6012,Legal Secretaries,2016,191200.0,44180.0,47900.0,26970.0,33510.0,59410.0,75530.0
43-6013,Medical Secretaries,2016,556820.0,33730.0,35060.0,23220.0,27710.0,40400.0,49730.0
43-6014,"Secretaries and Administrative Assistants, Except Legal, Medical, and Executive",2016,2295510.0,34820.0,36140.0,21470.0,27320.0,43920.0,53060.0
43-9011,Computer Operators,2016,46810.0,42270.0,43880.0,24360.0,32120.0,55730.0,63430.0
43-9021,Data Entry Keyers,2016,194810.0,30100.0,31640.0,20810.0,24840.0,37150.0,45360.0
43-9022,Word Processors and Typists,2016,67230.0,38740.0,39970.0,26140.0,32030.0,47110.0,55810.0
43-9031,Desktop Publishers,2016,13090.0,41090.0,44380.0,23230.0,31920.0,55280.0,70290.0
43-9041,Insurance Claims and Policy Processing Clerks,2016,274350.0,38430.0,40780.0,26510.0,31700.0,48000.0,59310.0
43-9051,"Mail Clerks and Mail Machine Operators, Except Postal Service",2016,91530.0,29160.0,30580.0,19110.0,22750.0,36940.0,45220.0
43-9061,"Office Clerks, General",2016,2955550.0,30580.0,33010.0,19300.0,23300.0,39530.0,50410.0
43-9071,"Office Machine Operators, Except Computer",2016,58160.0,30460.0,32390.0,20530.0,24340.0,38470.0,48240.0
43-9081,Proofreaders and Copy Markers,2016,11430.0,36960.0,39640.0,21660.0,28150.0,48350.0,60530.0
43-9111,Statistical Assistants,2016,10900.0,46850.0,48300.0,30190.0,37370.0,58260.0,69480.0
43-9199,"Office and Administrative Support Workers, All Other",2016,216650.0,34020.0,36040.0,20170.0,24630.0,43660.0,55210.0
45-1011,"First-Line Supervisors of Farming, Fishing, and Forestry Workers",2016,19550.0,45320.0,48820.0,26570.0,33380.0,59770.0,76270.0
45-2011,Agricultural Inspectors,2016,14710.0,42800.0,44260.0,26580.0,32320.0,52060.0,63840.0
45-2021,Animal Breeders,2016,1270.0,35690.0,42340.0,22730.0,27510.0,51970.0,73130.0
45-2041,"Graders and Sorters, Agricultural Products",2016,38780.0,22520.0,24280.0,18260.0,20430.0,26240.0,33750.0
45-2091,Agricultural Equipment Operators,2016,28700.0,28850.0,30430.0,19540.0,23240.0,35720.0,43690.0
45-2092,"Farmworkers and Laborers, Crop, Nursery, and Greenhouse",2016,273450.0,22000.0,23820.0,19450.0,20810.0,24660.0,30940.0
45-2093,"Farmworkers, Farm, Ranch, and Aquacultural Animals",2016,35670.0,24520.0,26840.0,17940.0,20270.0,31190.0,39230.0
45-2099,"Agricultural Workers, All Other",2016,5040.0,31160.0,35120.0,19850.0,24020.0,40690.0,54520.0
45-3011,Fishers and Related Fishing Workers,2016,520.0,27110.0,30740.0,17660.0,19900.0,40860.0,48080.0
45-4011,Forest and Conservation Workers,2016,7170.0,26940.0,31200.0,19100.0,20400.0,38700.0,49150.0
45-4021,Fallers,2016,5370.0,37370.0,42900.0,24090.0,29860.0,52220.0,71590.0
45-4022,Logging Equipment Operators,2016,27250.0,37490.0,38880.0,23680.0,29870.0,46830.0,56110.0
45-4023,Log Graders and Scalers,2016,3020.0,37090.0,38150.0,23590.0,29370.0,45820.0,53110.0
45-4029,"Logging Workers, All Other",2016,3010.0,38950.0,40560.0,25640.0,33300.0,47180.0,57430.0
47-1011,First-Line Supervisors of Construction Trades and Extraction Workers,2016,538220.0,62980.0,68040.0,40010.0,50190.0,81400.0,102880.0
47-2011,Boilermakers,2016,16660.0,62060.0,62200.0,37690.0,49610.0,75500.0,85800.0
47-2021,Brickmasons and Blockmasons,2016,64370.0,49250.0,53440.0,30070.0,37590.0,64110.0,84100.0
47-2022,Stonemasons,2016,13190.0,39780.0,43650.0,23650.0,30230.0,51810.0,65790.0
47-2031,Carpenters,2016,676980.0,43600.0,48340.0,27070.0,33770.0,58700.0,79480.0
47-2041,Carpet Installers,2016,25660.0,38280.0,44310.0,20810.0,27660.0,54560.0,80440.0
47-2042,"Floor Layers, Except Carpet, Wood, and Hard Tiles",2016,10340.0,37840.0,42370.0,23260.0,29420.0,50950.0,68720.0
47-2043,Floor Sanders and Finishers,2016,4590.0,36860.0,38890.0,22470.0,28150.0,49280.0,59660.0
47-2044,Tile and Marble Setters,2016,36830.0,40460.0,44770.0,24200.0,31350.0,53870.0,71260.0
47-2051,Cement Masons and Concrete Finishers,2016,173920.0,39180.0,43720.0,26590.0,31920.0,51430.0,68470.0
47-2053,Terrazzo Workers and Finishers,2016,3420.0,40930.0,45990.0,25980.0,31610.0,54680.0,75470.0
47-2061,Construction Laborers,2016,912100.0,33430.0,37890.0,21510.0,26550.0,45080.0,62600.0
47-2071,"Paving, Surfacing, and Tamping Equipment Operators",2016,51880.0,38970.0,43800.0,26150.0,31560.0,51100.0,70270.0
47-2072,Pile-Driver Operators,2016,3570.0,55070.0,61740.0,31740.0,40000.0,85400.0,98840.0
47-2073,Operating Engineers and Other Construction Equipment Operators,2016,356750.0,45890.0,50560.0,29730.0,35760.0,61480.0,80200.0
47-2081,Drywall and Ceiling Tile Installers,2016,93180.0,41090.0,47400.0,26830.0,33320.0,55060.0,79660.0
47-2082,Tapers,2016,18480.0,48990.0,53790.0,29320.0,36690.0,68750.0,90260.0
47-2111,Electricians,2016,607120.0,52720.0,56650.0,31800.0,39570.0,69670.0,90420.0
47-2121,Glaziers,2016,47140.0,41920.0,47260.0,26820.0,33340.0,56620.0,81050.0
47-2131,"Insulation Workers, Floor, Ceiling, and Wall",2016,29500.0,35660.0,39490.0,23380.0,28570.0,45880.0,61520.0
47-2132,"Insulation Workers, Mechanical",2016,27270.0,45430.0,51100.0,28920.0,35300.0,61270.0,84230.0
47-2141,"Painters, Construction and Maintenance",2016,217280.0,37570.0,41510.0,24860.0,30190.0,49610.0,63670.0
47-2142,Paperhangers,2016,3190.0,33770.0,36470.0,24250.0,27950.0,42690.0,53560.0
47-2151,Pipelayers,2016,39620.0,38410.0,42860.0,26320.0,30760.0,51870.0,67550.0
47-2152,"Plumbers, Pipefitters, and Steamfitters",2016,411870.0,51450.0,56030.0,30430.0,38530.0,68770.0,90530.0
47-2161,Plasterers and Stucco Masons,2016,22810.0,38890.0,44070.0,26820.0,32560.0,50850.0,71290.0
47-2171,Reinforcing Iron and Rebar Workers,2016,20020.0,47600.0,53600.0,29720.0,35650.0,67340.0,89980.0
47-2181,Roofers,2016,116410.0,37760.0,42080.0,25040.0,30110.0,49980.0,64630.0
47-2211,Sheet Metal Workers,2016,134450.0,46940.0,51080.0,26640.0,34320.0,62820.0,85340.0
47-2221,Structural Iron and Steel Workers,2016,69440.0,51800.0,56040.0,30440.0,37290.0,71220.0,91830.0
47-2231,Solar Photovoltaic Installers,2016,8870.0,39240.0,42500.0,27970.0,33050.0,48850.0,60570.0
47-3011,"Helpers--Brickmasons, Blockmasons, Stonemasons, and Tile and Marble Setters",2016,23950.0,30570.0,33610.0,21360.0,25590.0,38210.0,49990.0
47-3012,Helpers--Carpenters,2016,35890.0,28810.0,30200.0,19690.0,23210.0,35720.0,43030.0
47-3013,Helpers--Electricians,2016,71890.0,29530.0,30980.0,20110.0,24120.0,36460.0,44450.0
47-3014,"Helpers--Painters, Paperhangers, Plasterers, and Stucco Masons",2016,10780.0,27310.0,28760.0,20370.0,22700.0,32390.0,39670.0
47-3015,"Helpers--Pipelayers, Plumbers, Pipefitters, and Steamfitters",2016,54080.0,29030.0,30640.0,20570.0,24220.0,35610.0,43470.0
47-3016,Helpers--Roofers,2016,10190.0,27670.0,28890.0,20330.0,23190.0,32930.0,39110.0
47-3019,"Helpers, Construction Trades, All Other",2016,21820.0,29270.0,31450.0,20000.0,23680.0,36710.0,46220.0
47-4011,Construction and Building Inspectors,2016,94960.0,58480.0,61250.0,34830.0,45010.0,75250.0,94220.0
47-4021,Elevator Installers and Repairers,2016,22240.0,78890.0,76860.0,37890.0,56060.0,97670.0,114980.0
47-4031,Fence Erectors,2016,21500.0,33150.0,36380.0,21800.0,26810.0,40830.0,58080.0
47-4041,Hazardous Materials Removal Workers,2016,44280.0,40640.0,45500.0,26630.0,32250.0,56210.0,74160.0
47-4051,Highway Maintenance Workers,2016,143320.0,38130.0,39540.0,24470.0,30550.0,47610.0,56820.0
47-4061,Rail-Track Laying and Maintenance Equipment Operators,2016,14250.0,53970.0,52810.0,32500.0,41740.0,61920.0,72810.0
47-4071,Septic Tank Servicers and Sewer Pipe Cleaners,2016,26320.0,36430.0,38870.0,23150.0,28860.0,46960.0,59290.0
47-4091,Segmental Pavers,2016,1720.0,33530.0,34160.0,21820.0,24870.0,39190.0,50900.0
47-4099,"Construction and Related Workers, All Other",2016,35340.0,36890.0,40480.0,24340.0,29120.0,47930.0,61940.0
47-5011,"Derrick Operators, Oil and Gas",2016,11580.0,48130.0,51140.0,33790.0,39030.0,59970.0,75520.0
47-5012,"Rotary Drill Operators, Oil and Gas",2016,17400.0,54430.0,57140.0,31140.0,40650.0,70140.0,87170.0
47-5013,"Service Unit Operators, Oil, Gas, and Mining",2016,42890.0,48610.0,53520.0,31950.0,37610.0,62570.0,79770.0
47-5021,"Earth Drillers, Except Oil and Gas",2016,18500.0,44360.0,51240.0,29480.0,35220.0,57900.0,75880.0
47-5031,"Explosives Workers, Ordnance Handling Experts, and Blasters",2016,6310.0,52170.0,54580.0,34630.0,41600.0,67110.0,78660.0
47-5041,Continuous Mining Machine Operators,2016,12030.0,51840.0,52650.0,34500.0,42340.0,61450.0,74240.0
47-5042,Mine Cutting and Channeling Machine Operators,2016,5930.0,51900.0,50670.0,28980.0,38040.0,62370.0,73280.0
47-5049,"Mining Machine Operators, All Other",2016,2160.0,48010.0,50220.0,32830.0,38160.0,61540.0,73920.0
47-5051,"Rock Splitters, Quarry",2016,3770.0,34020.0,34860.0,21900.0,27160.0,42400.0,49370.0
47-5061,"Roof Bolters, Mining",2016,3930.0,56780.0,58110.0,43760.0,49250.0,63950.0,76640.0
47-5071,"Roustabouts, Oil and Gas",2016,51290.0,37340.0,40480.0,26060.0,30620.0,48300.0,60600.0
47-5081,Helpers--Extraction Workers,2016,17660.0,35790.0,37160.0,24140.0,28780.0,44750.0,51220.0
47-5099,"Extraction Workers, All Other",2016,4320.0,48750.0,51170.0,27100.0,36410.0,60580.0,74700.0
49-1011,"First-Line Supervisors of Mechanics, Installers, and Repairers",2016,453330.0,63540.0,66730.0,38450.0,49390.0,80670.0,100480.0
49-2011,"Computer, Automated Teller, and Office Machine Repairers",2016,102170.0,37100.0,39410.0,22770.0,28390.0,48130.0,60260.0
49-2021,"Radio, Cellular, and Tower Equipment Installers and Repairers",2016,14120.0,52480.0,53620.0,31190.0,39290.0,67890.0,78930.0
49-2022,"Telecommunications Equipment Installers and Repairers, Except Line Installers",2016,228430.0,53640.0,54520.0,30370.0,39110.0,69960.0,79500.0
49-2091,Avionics Technicians,2016,17330.0,60760.0,61390.0,39510.0,50900.0,73020.0,83260.0
49-2092,"Electric Motor, Power Tool, and Related Repairers",2016,17050.0,41570.0,44720.0,25040.0,32130.0,53040.0,71260.0
49-2093,"Electrical and Electronics Installers and Repairers, Transportation Equipment",2016,13960.0,59280.0,59840.0,37210.0,48110.0,71860.0,83450.0
49-2094,"Electrical and Electronics Repairers, Commercial and Industrial Equipment",2016,67390.0,56250.0,56990.0,34650.0,44530.0,67510.0,80160.0
49-2095,"Electrical and Electronics Repairers, Powerhouse, Substation, and Relay",2016,23060.0,75670.0,74540.0,50900.0,64800.0,87220.0,98890.0
49-2096,"Electronic Equipment Installers and Repairers, Motor Vehicles",2016,11750.0,32220.0,34200.0,20810.0,25390.0,40200.0,50770.0
49-2097,Electronic Home Entertainment Equipment Installers and Repairers,2016,25550.0,37410.0,39340.0,23050.0,28910.0,47920.0,59640.0
49-2098,Security and Fire Alarm Systems Installers,2016,67700.0,44330.0,45660.0,27610.0,34740.0,55550.0,65470.0
49-3011,Aircraft Mechanics and Service Technicians,2016,128570.0,60170.0,61190.0,35960.0,48040.0,73770.0,87880.0
49-3021,Automotive Body and Related Repairers,2016,143940.0,41540.0,45180.0,24880.0,32100.0,55460.0,70620.0
49-3022,Automotive Glass Installers and Repairers,2016,18610.0,34340.0,36140.0,22480.0,27500.0,43410.0,51540.0
49-3023,Automotive Service Technicians and Mechanics,2016,647380.0,38470.0,41400.0,21470.0,28140.0,52120.0,64070.0
49-3031,Bus and Truck Mechanics and Diesel Engine Specialists,2016,254280.0,45170.0,46710.0,29070.0,35750.0,56660.0,67550.0
49-3041,Farm Equipment Mechanics and Service Technicians,2016,35110.0,37820.0,39310.0,24690.0,30610.0,47360.0,57420.0
49-3042,"Mobile Heavy Equipment Mechanics, Except Engines",2016,123570.0,49370.0,50810.0,32610.0,39750.0,60060.0,72740.0
49-3043,Rail Car Repairers,2016,22090.0,55000.0,53590.0,31390.0,41050.0,64170.0,76220.0
49-3051,Motorboat Mechanics and Service Technicians,2016,20260.0,38780.0,40860.0,23650.0,29950.0,50600.0,61200.0
49-3052,Motorcycle Mechanics,2016,16000.0,34720.0,37040.0,22370.0,27590.0,44700.0,56350.0
49-3053,Outdoor Power Equipment and Other Small Engine Mechanics,2016,33020.0,33730.0,35320.0,21680.0,26860.0,42230.0,51360.0
49-3091,Bicycle Repairers,2016,12560.0,27630.0,28520.0,19180.0,22280.0,33790.0,39150.0
49-3092,Recreational Vehicle Service Technicians,2016,13520.0,36430.0,38040.0,23430.0,29370.0,45830.0,56610.0
49-3093,Tire Repairers and Changers,2016,109350.0,25040.0,27150.0,18610.0,20980.0,30940.0,39040.0
49-9011,Mechanical Door Repairers,2016,19840.0,38480.0,40420.0,25960.0,31590.0,47650.0,58000.0
49-9012,"Control and Valve Installers and Repairers, Except Mechanical Door",2016,45740.0,54520.0,56180.0,31180.0,39540.0,71380.0,86420.0
49-9021,"Heating, Air Conditioning, and Refrigeration Mechanics and Installers",2016,294730.0,45910.0,48320.0,28440.0,35440.0,58960.0,73350.0
49-9031,Home Appliance Repairers,2016,33480.0,37570.0,40390.0,22260.0,28530.0,49670.0,62600.0
49-9041,Industrial Machinery Mechanics,2016,334490.0,50040.0,51890.0,32290.0,39730.0,61800.0,76110.0
49-9043,"Maintenance Workers, Machinery",2016,89630.0,44550.0,46000.0,27440.0,34890.0,55900.0,66240.0
49-9044,Millwrights,2016,39670.0,52440.0,53950.0,32680.0,40880.0,65940.0,78390.0
49-9045,"Refractory Materials Repairers, Except Brickmasons",2016,1540.0,45230.0,47000.0,29310.0,36410.0,54620.0,66710.0
49-9051,Electrical Power-Line Installers and Repairers,2016,117670.0,68010.0,67160.0,36610.0,50820.0,82640.0,98190.0
49-9052,Telecommunications Line Installers and Repairers,2016,100080.0,52590.0,54700.0,28010.0,36390.0,72870.0,83260.0
49-9061,Camera and Photographic Equipment Repairers,2016,3760.0,41060.0,43920.0,24730.0,29450.0,55190.0,66150.0
49-9062,Medical Equipment Repairers,2016,43370.0,48070.0,50910.0,29130.0,36160.0,62370.0,78520.0
49-9063,Musical Instrument Repairers and Tuners,2016,7980.0,35010.0,37690.0,20570.0,26340.0,45750.0,59350.0
49-9064,Watch Repairers,2016,1620.0,36740.0,39720.0,20810.0,26530.0,48420.0,61880.0
49-9069,"Precision Instrument and Equipment Repairers, All Other",2016,11640.0,56230.0,56570.0,32650.0,43420.0,66750.0,81310.0
49-9071,"Maintenance and Repair Workers, General",2016,1332480.0,36940.0,39360.0,22010.0,28180.0,48520.0,60660.0
49-9081,Wind Turbine Service Technicians,2016,4580.0,52260.0,54360.0,36970.0,43590.0,62720.0,76250.0
49-9091,"Coin, Vending, and Amusement Machine Servicers and Repairers",2016,33600.0,33070.0,34860.0,20080.0,25200.0,42140.0,51540.0
49-9092,Commercial Divers,2016,3370.0,49090.0,53990.0,30700.0,37510.0,61610.0,83730.0
49-9093,"Fabric Menders, Except Garment",2016,550.0,26920.0,27670.0,20270.0,22630.0,30810.0,37430.0
49-9094,Locksmiths and Safe Repairers,2016,18640.0,40420.0,42180.0,22320.0,30430.0,52310.0,62960.0
49-9095,Manufactured Building and Mobile Home Installers,2016,3200.0,29810.0,31030.0,20330.0,24720.0,36180.0,43400.0
49-9096,Riggers,2016,21020.0,45690.0,49030.0,27820.0,34440.0,58990.0,74750.0
49-9097,Signal and Track Switch Repairers,2016,8680.0,65350.0,62710.0,36110.0,52060.0,76270.0,82800.0
49-9098,"Helpers--Installation, Maintenance, and Repair Workers",2016,118720.0,27510.0,29370.0,18720.0,21800.0,34990.0,43680.0
49-9099,"Installation, Maintenance, and Repair Workers, All Other",2016,146460.0,38480.0,41810.0,22580.0,28820.0,51880.0,64560.0
51-1011,First-Line Supervisors of Production and Operating Workers,2016,610480.0,57780.0,61450.0,34290.0,43970.0,75070.0,95800.0
51-2011,"Aircraft Structure, Surfaces, Rigging, and Systems Assemblers",2016,42010.0,50050.0,52530.0,32460.0,39750.0,65900.0,78150.0
51-2021,"Coil Winders, Tapers, and Finishers",2016,14090.0,33940.0,35340.0,22030.0,26230.0,43040.0,50820.0
51-2022,Electrical and Electronic Equipment Assemblers,2016,218530.0,31310.0,33700.0,20970.0,25170.0,39550.0,49600.0
51-2023,Electromechanical Equipment Assemblers,2016,45540.0,33350.0,35410.0,22320.0,26670.0,41810.0,51080.0
51-2031,Engine and Other Machine Assemblers,2016,38150.0,41210.0,43090.0,26700.0,31880.0,54540.0,61800.0
51-2041,Structural Metal Fabricators and Fitters,2016,77270.0,37730.0,40000.0,25410.0,30780.0,47490.0,58900.0
51-2091,Fiberglass Laminators and Fabricators,2016,19400.0,30870.0,33020.0,21790.0,25680.0,38110.0,47670.0
51-2092,Team Assemblers,2016,1112780.0,30060.0,32550.0,20200.0,23710.0,38550.0,50980.0
51-2093,Timing Device Assemblers and Adjusters,2016,790.0,37040.0,42470.0,24710.0,29240.0,50530.0,74740.0
51-2099,"Assemblers and Fabricators, All Other",2016,230310.0,28550.0,31050.0,19210.0,22240.0,37330.0,47390.0
51-3011,Bakers,2016,180450.0,25090.0,27110.0,18640.0,20980.0,31110.0,39050.0
51-3021,Butchers and Meat Cutters,2016,133880.0,29870.0,31740.0,19750.0,23200.0,38470.0,47960.0
51-3022,"Meat, Poultry, and Fish Cutters and Trimmers",2016,149800.0,24490.0,25510.0,19220.0,21230.0,29050.0,33020.0
51-3023,Slaughterers and Meat Packers,2016,80780.0,26590.0,27040.0,20020.0,22460.0,30680.0,36170.0
51-3091,"Food and Tobacco Roasting, Baking, and Drying Machine Operators and Tenders",2016,20080.0,28570.0,30970.0,19220.0,22420.0,37410.0,48550.0
51-3092,Food Batchmakers,2016,148540.0,27810.0,30130.0,19310.0,22070.0,36430.0,46010.0
51-3093,Food Cooking Machine Operators and Tenders,2016,36520.0,28350.0,30330.0,19210.0,22120.0,36740.0,45830.0
51-3099,"Food Processing Workers, All Other",2016,43070.0,24160.0,25800.0,19160.0,21070.0,29490.0,35420.0
51-4011,"Computer-Controlled Machine Tool Operators, Metal and Plastic",2016,146190.0,37880.0,39590.0,25180.0,30480.0,47570.0,57750.0
51-4012,"Computer Numerically Controlled Machine Tool Programmers, Metal and Plastic",2016,25180.0,50580.0,53560.0,32860.0,40540.0,62690.0,78760.0
51-4021,"Extruding and Drawing Machine Setters, Operators, and Tenders, Metal and Plastic",2016,71960.0,33870.0,35340.0,22440.0,27080.0,42190.0,50260.0
51-4022,"Forging Machine Setters, Operators, and Tenders, Metal and Plastic",2016,19160.0,36930.0,38710.0,22740.0,28600.0,47420.0,57860.0
51-4023,"Rolling Machine Setters, Operators, and Tenders, Metal and Plastic",2016,29060.0,40680.0,41900.0,26040.0,31980.0,50470.0,60750.0
51-4031,"Cutting, Punching, and Press Machine Setters, Operators, and Tenders, Metal and Plastic",2016,192800.0,32370.0,34210.0,21630.0,26060.0,40090.0,50330.0
51-4032,"Drilling and Boring Machine Tool Setters, Operators, and Tenders, Metal and Plastic",2016,12290.0,36410.0,38880.0,23450.0,28440.0,46850.0,57660.0
51-4033,"Grinding, Lapping, Polishing, and Buffing Machine Tool Setters, Operators, and Tenders, Metal and Plastic",2016,74600.0,32890.0,34920.0,21960.0,26240.0,41360.0,50640.0
51-4034,"Lathe and Turning Machine Tool Setters, Operators, and Tenders, Metal and Plastic",2016,33850.0,38480.0,39630.0,24930.0,30940.0,47700.0,56990.0
51-4035,"Milling and Planing Machine Setters, Operators, and Tenders, Metal and Plastic",2016,17560.0,39840.0,41180.0,24370.0,30940.0,49430.0,60930.0
51-4041,Machinists,2016,391120.0,41700.0,43220.0,25900.0,32710.0,52190.0,62590.0
51-4051,Metal-Refining Furnace Operators and Tenders,2016,17730.0,41040.0,41840.0,24700.0,32260.0,50000.0,59980.0
51-4052,"Pourers and Casters, Metal",2016,8560.0,36180.0,37300.0,23570.0,28990.0,44770.0,52590.0
51-4061,"Model Makers, Metal and Plastic",2016,6250.0,48550.0,50360.0,25590.0,34460.0,64840.0,78010.0
51-4062,"Patternmakers, Metal and Plastic",2016,3420.0,44210.0,44490.0,26510.0,33750.0,54880.0,62590.0
51-4071,Foundry Mold and Coremakers,2016,12810.0,34790.0,36030.0,23910.0,28340.0,42330.0,49970.0
51-4072,"Molding, Coremaking, and Casting Machine Setters, Operators, and Tenders, Metal and Plastic",2016,145560.0,30480.0,32660.0,20930.0,24420.0,38640.0,48550.0
51-4081,"Multiple Machine Tool Setters, Operators, and Tenders, Metal and Plastic",2016,117300.0,34340.0,36190.0,22360.0,27320.0,43150.0,53090.0
51-4111,Tool and Die Makers,2016,72210.0,51060.0,51610.0,31790.0,40810.0,62130.0,74230.0
51-4121,"Welders, Cutters, Solderers, and Brazers",2016,382730.0,39390.0,42450.0,26800.0,32590.0,49550.0,62100.0
51-4122,"Welding, Soldering, and Brazing Machine Setters, Operators, and Tenders",2016,46920.0,36980.0,38380.0,25070.0,30090.0,45820.0,54300.0
51-4191,"Heat Treating Equipment Setters, Operators, and Tenders, Metal and Plastic",2016,19780.0,37180.0,39010.0,24580.0,29970.0,46610.0,57290.0
51-4192,"Layout Workers, Metal and Plastic",2016,9070.0,45820.0,47720.0,29260.0,36390.0,56940.0,66010.0
51-4193,"Plating and Coating Machine Setters, Operators, and Tenders, Metal and Plastic",2016,35570.0,31280.0,33690.0,21620.0,25550.0,39380.0,50290.0
51-4194,"Tool Grinders, Filers, and Sharpeners",2016,9550.0,36650.0,38860.0,23320.0,28320.0,46860.0,57590.0
51-4199,"Metal Workers and Plastic Workers, All Other",2016,22930.0,33280.0,35780.0,20810.0,24960.0,44160.0,56490.0
51-5111,Prepress Technicians and Workers,2016,33340.0,38930.0,40640.0,23650.0,30270.0,49680.0,60590.0
51-5112,Printing Press Operators,2016,169910.0,35530.0,37460.0,21120.0,26860.0,46250.0,57610.0
51-5113,Print Binding and Finishing Workers,2016,52730.0,31410.0,33270.0,20610.0,24460.0,40110.0,49320.0
51-6011,Laundry and Dry-Cleaning Workers,2016,207710.0,21510.0,23210.0,17580.0,19020.0,25300.0,31460.0
51-6021,"Pressers, Textile, Garment, and Related Materials",2016,45150.0,21300.0,22270.0,17360.0,18930.0,24710.0,29460.0
51-6031,Sewing Machine Operators,2016,139500.0,23670.0,25830.0,18500.0,20800.0,29730.0,37000.0
51-6041,Shoe and Leather Workers and Repairers,2016,7780.0,23940.0,26040.0,18000.0,19870.0,30030.0,37350.0
51-6042,Shoe Machine Operators and Tenders,2016,3500.0,26150.0,26530.0,17790.0,20580.0,30620.0,36400.0
51-6051,"Sewers, Hand",2016,6540.0,24520.0,25630.0,18760.0,20800.0,29000.0,34460.0
51-6052,"Tailors, Dressmakers, and Custom Sewers",2016,21660.0,28240.0,30670.0,19170.0,22270.0,36560.0,46960.0
51-6061,Textile Bleaching and Dyeing Machine Operators and Tenders,2016,10860.0,27270.0,28480.0,20810.0,22700.0,32710.0,38700.0
51-6062,"Textile Cutting Machine Setters, Operators, and Tenders",2016,15040.0,26090.0,27860.0,19060.0,21410.0,31890.0,39880.0
51-6063,"Textile Knitting and Weaving Machine Setters, Operators, and Tenders",2016,21550.0,27470.0,28380.0,19740.0,22560.0,32580.0,38750.0
51-6064,"Textile Winding, Twisting, and Drawing Out Machine Setters, Operators, and Tenders",2016,30340.0,27500.0,28110.0,20230.0,23400.0,31260.0,37880.0
51-6091,"Extruding and Forming Machine Setters, Operators, and Tenders, Synthetic and Glass Fibers",2016,19340.0,34240.0,35420.0,22310.0,27340.0,41910.0,49810.0
51-6092,Fabric and Apparel Patternmakers,2016,5310.0,39650.0,48460.0,23670.0,30740.0,64840.0,86960.0
51-6093,Upholsterers,2016,32520.0,33050.0,34640.0,20860.0,26030.0,40670.0,51260.0
51-6099,"Textile, Apparel, and Furnishings Workers, All Other",2016,15650.0,25890.0,30830.0,19130.0,21270.0,36880.0,52300.0
51-7011,Cabinetmakers and Bench Carpenters,2016,97980.0,33050.0,34800.0,21280.0,25910.0,41350.0,51470.0
51-7021,Furniture Finishers,2016,17370.0,30550.0,32330.0,20810.0,24970.0,38070.0,47890.0
51-7031,"Model Makers, Wood",2016,1040.0,40890.0,47480.0,23910.0,33530.0,61020.0,76480.0
51-7032,"Patternmakers, Wood",2016,970.0,46510.0,47850.0,27120.0,35260.0,60410.0,72950.0
51-7041,"Sawing Machine Setters, Operators, and Tenders, Wood",2016,50640.0,28380.0,29960.0,19660.0,22850.0,35760.0,43530.0
51-7042,"Woodworking Machine Setters, Operators, and Tenders, Except Sawing",2016,76130.0,28510.0,29850.0,20160.0,23280.0,35350.0,42220.0
51-7099,"Woodworkers, All Other",2016,6750.0,28500.0,31780.0,18930.0,21880.0,39540.0,50540.0
51-8011,Nuclear Power Reactor Operators,2016,7170.0,91170.0,91370.0,66350.0,78640.0,104490.0,121570.0
51-8012,Power Distributors and Dispatchers,2016,11380.0,81900.0,81500.0,52900.0,67580.0,96870.0,110340.0
51-8013,Power Plant Operators,2016,35010.0,74690.0,73800.0,44270.0,59550.0,89390.0,101590.0
51-8021,Stationary Engineers and Boiler Operators,2016,33720.0,59400.0,61410.0,35150.0,46470.0,74550.0,93300.0
51-8031,Water and Wastewater Treatment Plant and System Operators,2016,115840.0,45760.0,47930.0,27550.0,35270.0,58420.0,73120.0
51-8091,Chemical Plant and System Operators,2016,33300.0,59920.0,59430.0,35050.0,46110.0,73210.0,81970.0
51-8092,Gas Plant Operators,2016,17350.0,67580.0,67980.0,44340.0,55510.0,79940.0,95030.0
51-8093,"Petroleum Pump System Operators, Refinery Operators, and Gaugers",2016,41630.0,67400.0,67870.0,41960.0,53430.0,80860.0,96070.0
51-8099,"Plant and System Operators, All Other",2016,11970.0,54930.0,55340.0,31970.0,41740.0,66290.0,78630.0
51-9011,Chemical Equipment Operators and Tenders,2016,73840.0,47780.0,50300.0,27840.0,35450.0,62360.0,77640.0
51-9012,"Separating, Filtering, Clarifying, Precipitating, and Still Machine Setters, Operators, and Tenders",2016,47160.0,38360.0,41450.0,23780.0,29750.0,50200.0,63020.0
51-9021,"Crushing, Grinding, and Polishing Machine Setters, Operators, and Tenders",2016,29830.0,34390.0,36050.0,22060.0,26700.0,43800.0,52060.0
51-9022,"Grinding and Polishing Workers, Hand",2016,26670.0,28720.0,30860.0,20730.0,23340.0,36430.0,45440.0
51-9023,"Mixing and Blending Machine Setters, Operators, and Tenders",2016,130480.0,35680.0,37630.0,22590.0,28000.0,45540.0,55960.0
51-9031,"Cutters and Trimmers, Hand",2016,14250.0,27600.0,29580.0,20060.0,22320.0,34850.0,42450.0
51-9032,"Cutting and Slicing Machine Setters, Operators, and Tenders",2016,61330.0,32870.0,34000.0,21640.0,26340.0,40410.0,48840.0
51-9041,"Extruding, Forming, Pressing, and Compacting Machine Setters, Operators, and Tenders",2016,71260.0,32510.0,34370.0,21580.0,25980.0,41360.0,50330.0
51-9051,"Furnace, Kiln, Oven, Drier, and Kettle Operators and Tenders",2016,19520.0,36040.0,37600.0,22790.0,28310.0,45510.0,56040.0
51-9061,"Inspectors, Testers, Sorters, Samplers, and Weighers",2016,518950.0,36780.0,40340.0,21880.0,27760.0,49250.0,63590.0
51-9071,Jewelers and Precious Stone and Metal Workers,2016,26480.0,38200.0,42310.0,22060.0,27900.0,50410.0,66110.0
51-9081,Dental Laboratory Technicians,2016,37110.0,37680.0,40760.0,22540.0,28760.0,49460.0,61970.0
51-9082,Medical Appliance Technicians,2016,14570.0,35980.0,39880.0,23070.0,28310.0,46910.0,62720.0
51-9083,Ophthalmic Laboratory Technicians,2016,28570.0,30640.0,34220.0,20990.0,25130.0,38850.0,51830.0
51-9111,Packaging and Filling Machine Operators and Tenders,2016,386520.0,28290.0,30910.0,19720.0,22540.0,36970.0,47620.0
51-9121,"Coating, Painting, and Spraying Machine Setters, Operators, and Tenders",2016,85760.0,32790.0,34460.0,22280.0,26590.0,40260.0,49440.0
51-9122,"Painters, Transportation Equipment",2016,54860.0,42150.0,46270.0,26300.0,33000.0,55700.0,70580.0
51-9123,"Painting, Coating, and Decorating Workers",2016,15450.0,30030.0,32040.0,20010.0,23600.0,37930.0,47560.0
51-9141,Semiconductor Processors,2016,24430.0,35660.0,37890.0,25840.0,29580.0,43840.0,53540.0
51-9151,Photographic Process Workers and Processing Machine Operators,2016,26430.0,26470.0,31740.0,19790.0,22100.0,35970.0,48030.0
51-9191,Adhesive Bonding Machine Operators and Tenders,2016,16940.0,32290.0,34610.0,21280.0,25510.0,40910.0,50910.0
51-9192,"Cleaning, Washing, and Metal Pickling Equipment Operators and Tenders",2016,17860.0,28550.0,30590.0,20710.0,23110.0,36320.0,45190.0
51-9193,Cooling and Freezing Equipment Operators and Tenders,2016,8170.0,29190.0,32100.0,20170.0,23730.0,38330.0,50210.0
51-9194,Etchers and Engravers,2016,9520.0,31110.0,34390.0,20820.0,24900.0,40020.0,51270.0
51-9195,"Molders, Shapers, and Casters, Except Metal and Plastic",2016,39450.0,30610.0,32590.0,20810.0,24480.0,38300.0,47720.0
51-9196,"Paper Goods Machine Setters, Operators, and Tenders",2016,93100.0,36990.0,38570.0,22200.0,28240.0,47520.0,58720.0
51-9197,Tire Builders,2016,22280.0,41680.0,42230.0,25460.0,30690.0,54340.0,60690.0
51-9198,Helpers--Production Workers,2016,429890.0,24830.0,26930.0,18510.0,20820.0,31120.0,38750.0
51-9199,"Production Workers, All Other",2016,251670.0,28770.0,32380.0,19450.0,22150.0,38930.0,51470.0
53-1011,Aircraft Cargo Handling Supervisors,2016,7460.0,47360.0,51900.0,30140.0,36020.0,63020.0,81620.0
53-1021,"First-Line Supervisors of Helpers, Laborers, and Material Movers, Hand",2016,183620.0,47230.0,50160.0,29140.0,36050.0,61230.0,77060.0
53-1031,First-Line Supervisors of Transportation and Material-Moving Machine and Vehicle Operators,2016,202760.0,57270.0,59800.0,33760.0,43640.0,72880.0,89670.0
53-2011,"Airline Pilots, Copilots, and Flight Engineers",2016,81520.0,127820.0,152770.0,65000.0,87930.0,195550.0,
53-2012,Commercial Pilots,2016,38980.0,77200.0,86260.0,39430.0,55900.0,105620.0,147240.0
53-2021,Air Traffic Controllers,2016,23240.0,122410.0,118200.0,66390.0,84730.0,149230.0,172680.0
53-2022,Airfield Operations Specialists,2016,8760.0,48910.0,52380.0,23690.0,34240.0,63640.0,90350.0
53-2031,Flight Attendants,2016,113390.0,48500.0,51620.0,26570.0,39860.0,62490.0,78650.0
53-3011,"Ambulance Drivers and Attendants, Except Emergency Medical Technicians",2016,17300.0,23850.0,25600.0,18360.0,20720.0,28910.0,35960.0
53-3021,"Bus Drivers, Transit and Intercity",2016,169680.0,39790.0,41780.0,23840.0,29890.0,51720.0,64290.0
53-3022,"Bus Drivers, School or Special Client",2016,515020.0,30150.0,31110.0,18470.0,22910.0,37940.0,46390.0
53-3031,Driver/Sales Workers,2016,426310.0,22830.0,28440.0,17500.0,18930.0,35330.0,48400.0
53-3032,Heavy and Tractor-Trailer Truck Drivers,2016,1704520.0,41340.0,43590.0,26920.0,33470.0,51760.0,63140.0
53-3033,Light Truck or Delivery Services Drivers,2016,858710.0,30580.0,34790.0,19200.0,22890.0,41370.0,60630.0
53-3041,Taxi Drivers and Chauffeurs,2016,188860.0,24300.0,26790.0,18250.0,20490.0,30450.0,38500.0
53-3099,"Motor Vehicle Operators, All Other",2016,53680.0,27150.0,32930.0,18100.0,20120.0,44210.0,53880.0
53-4011,Locomotive Engineers,2016,39900.0,57670.0,61020.0,41720.0,48640.0,68200.0,85290.0
53-4012,Locomotive Firers,2016,1210.0,58230.0,63750.0,43090.0,49010.0,85220.0,97820.0
53-4013,"Rail Yard Engineers, Dinkey Operators, and Hostlers",2016,4530.0,50470.0,52320.0,25780.0,37380.0,61910.0,87770.0
53-4021,"Railroad Brake, Signal, and Switch Operators",2016,19860.0,56570.0,55320.0,35150.0,45050.0,65440.0,76110.0
53-4031,Railroad Conductors and Yardmasters,2016,42880.0,57480.0,58220.0,39180.0,47190.0,67950.0,79620.0
53-4041,Subway and Streetcar Operators,2016,12350.0,64680.0,62380.0,42870.0,51730.0,75130.0,80910.0
53-4099,"Rail Transportation Workers, All Other",2016,4470.0,60420.0,59480.0,30160.0,41720.0,76710.0,90580.0
53-5011,Sailors and Marine Oilers,2016,32530.0,42060.0,46170.0,22940.0,30100.0,54860.0,72100.0
53-5021,"Captains, Mates, and Pilots of Water Vessels",2016,36720.0,72680.0,81520.0,34950.0,49740.0,102630.0,134390.0
53-5022,Motorboat Operators,2016,3290.0,40210.0,43340.0,19460.0,25000.0,61040.0,72820.0
53-5031,Ship Engineers,2016,9750.0,70570.0,74120.0,37390.0,50060.0,92950.0,119690.0
53-6011,Bridge and Lock Tenders,2016,3510.0,49090.0,46680.0,25420.0,35590.0,56070.0,61740.0
53-6021,Parking Lot Attendants,2016,146350.0,21730.0,23250.0,17820.0,19250.0,25120.0,30910.0
53-6031,Automotive and Watercraft Service Attendants,2016,109790.0,22420.0,24280.0,17900.0,19460.0,27130.0,34410.0
53-6041,Traffic Technicians,2016,6410.0,45150.0,48650.0,27180.0,34620.0,61630.0,76720.0
53-6051,Transportation Inspectors,2016,27430.0,72220.0,72650.0,31170.0,50630.0,93590.0,116990.0
53-6061,"Transportation Attendants, Except Flight Attendants",2016,18410.0,26060.0,31080.0,18220.0,20200.0,36870.0,54450.0
53-6099,"Transportation Workers, All Other",2016,37660.0,35660.0,38740.0,20150.0,24960.0,53620.0,60640.0
53-7011,Conveyor Operators and Tenders,2016,28590.0,31410.0,33870.0,21970.0,26510.0,39570.0,49880.0
53-7021,Crane and Tower Operators,2016,45020.0,52170.0,55280.0,31570.0,39110.0,66910.0,82600.0
53-7031,Dredge Operators,2016,1760.0,42420.0,46530.0,28230.0,34220.0,55920.0,70510.0
53-7032,Excavating and Loading Machine and Dragline Operators,2016,48320.0,41030.0,45230.0,27220.0,33500.0,53490.0,69280.0
53-7033,"Loading Machine Operators, Underground Mining",2016,2550.0,53420.0,51260.0,31470.0,40930.0,61060.0,67100.0
53-7041,Hoist and Winch Operators,2016,2960.0,42530.0,50020.0,26200.0,31850.0,62450.0,91330.0
53-7051,Industrial Truck and Tractor Operators,2016,542750.0,32460.0,34260.0,22570.0,26800.0,39750.0,48850.0
53-7061,Cleaners of Vehicles and Equipment,2016,348770.0,22220.0,24660.0,17700.0,19260.0,27380.0,35630.0
53-7062,"Laborers and Freight, Stock, and Material Movers, Hand",2016,2587900.0,25980.0,28720.0,19000.0,21400.0,33530.0,42690.0
53-7063,Machine Feeders and Offbearers,2016,88070.0,28410.0,30490.0,19880.0,22550.0,37200.0,46140.0
53-7064,"Packers and Packagers, Hand",2016,705660.0,22130.0,24430.0,17810.0,19310.0,27600.0,35410.0
53-7071,Gas Compressor and Gas Pumping Station Operators,2016,3890.0,60470.0,59620.0,38420.0,51860.0,70080.0,78920.0
53-7072,"Pump Operators, Except Wellhead Pumpers",2016,12030.0,42470.0,46270.0,26600.0,32200.0,58560.0,73750.0
53-7073,Wellhead Pumpers,2016,11610.0,49610.0,50730.0,27940.0,36630.0,62500.0,75610.0
53-7081,Refuse and Recyclable Material Collectors,2016,114680.0,35270.0,37690.0,20650.0,26090.0,46650.0,60500.0
53-7111,Mine Shuttle Car Operators,2016,1590.0,56450.0,56370.0,44120.0,49880.0,62200.0,68080.0
53-7121,"Tank Car, Truck, and Ship Loaders",2016,10920.0,35770.0,39590.0,22510.0,27570.0,47380.0,66190.0
53-7199,"Material Moving Workers, All Other",2016,23880.0,28370.0,34540.0,20810.0,22570.0,42950.0,58840.0
11-1011,Chief Executives,2017,210160.0,183270.0,196050.0,68110.0,113470.0,,
11-1021,General and Operations Managers,2017,2212200.0,100410.0,123460.0,44510.0,65590.0,156580.0,
11-1031,Legislators,2017,51380.0,25630.0,46350.0,17480.0,18860.0,70130.0,97510.0
11-2011,Advertising and Promotions Managers,2017,28100.0,106130.0,123880.0,48150.0,71690.0,155760.0,
11-2021,Marketing Managers,2017,218970.0,132230.0,145620.0,68490.0,94110.0,180070.0,
11-2022,Sales Managers,2017,371410.0,121060.0,137650.0,57590.0,82490.0,170790.0,
11-2031,Public Relations and Fundraising Managers,2017,67300.0,111280.0,127690.0,61130.0,81510.0,155830.0,
11-3011,Administrative Services Managers,2017,270100.0,94020.0,103380.0,52750.0,69590.0,125310.0,163480.0
11-3021,Computer and Information Systems Managers,2017,365690.0,139220.0,149730.0,83860.0,107740.0,175890.0,
11-3031,Financial Managers,2017,569380.0,125080.0,143530.0,66480.0,89670.0,173920.0,
11-3051,Industrial Production Managers,2017,171520.0,100580.0,110580.0,61360.0,77970.0,130820.0,168780.0
11-3061,Purchasing Managers,2017,70430.0,115760.0,121810.0,66630.0,86670.0,146780.0,182780.0
11-3071,"Transportation, Storage, and Distribution Managers",2017,118680.0,92460.0,100740.0,54300.0,70380.0,121080.0,156710.0
11-3111,Compensation and Benefits Managers,2017,15520.0,119120.0,130010.0,68510.0,89750.0,158130.0,202590.0
11-3121,Human Resources Managers,2017,136310.0,110120.0,123510.0,65040.0,83230.0,149330.0,197720.0
11-3131,Training and Development Managers,2017,34500.0,108250.0,117690.0,59170.0,79740.0,143920.0,187670.0
11-9013,"Farmers, Ranchers, and Other Agricultural Managers",2017,4610.0,69620.0,80320.0,35360.0,48620.0,99200.0,135900.0
11-9021,Construction Managers,2017,263480.0,91370.0,101000.0,54810.0,69470.0,121570.0,159560.0
11-9031,"Education Administrators, Preschool and Childcare Center/Program",2017,49130.0,46890.0,53550.0,29980.0,36580.0,62360.0,85240.0
11-9032,"Education Administrators, Elementary and Secondary School",2017,250280.0,94390.0,97440.0,60760.0,75010.0,117720.0,140780.0
11-9033,"Education Administrators, Postsecondary",2017,142160.0,92360.0,107670.0,52960.0,68090.0,128480.0,182150.0
11-9039,"Education Administrators, All Other",2017,36190.0,81630.0,88240.0,43660.0,59120.0,108720.0,138160.0
11-9041,Architectural and Engineering Managers,2017,179990.0,137720.0,146290.0,88050.0,110330.0,169620.0,
11-9051,Food Service Managers,2017,208110.0,52030.0,57250.0,29850.0,38770.0,68720.0,90290.0
11-9061,Funeral Service Managers,2017,8350.0,78040.0,93090.0,39940.0,57610.0,111370.0,153340.0
11-9071,Gaming Managers,2017,4420.0,72930.0,83460.0,46040.0,57040.0,95480.0,129520.0
11-9081,Lodging Managers,2017,36610.0,51800.0,59620.0,28930.0,37500.0,71340.0,98370.0
11-9111,Medical and Health Services Managers,2017,346980.0,98350.0,111680.0,58350.0,75340.0,128960.0,176130.0
11-9121,Natural Sciences Managers,2017,56210.0,118970.0,133670.0,62080.0,88920.0,159750.0,
11-9131,Postmasters and Mail Superintendents,2017,13960.0,74840.0,75660.0,62810.0,66510.0,83630.0,92340.0
11-9141,"Property, Real Estate, and Community Association Managers",2017,186720.0,58670.0,72370.0,29500.0,41370.0,85900.0,128630.0
11-9151,Social and Community Service Managers,2017,141830.0,64100.0,70530.0,39730.0,49800.0,84500.0,109990.0
11-9161,Emergency Management Directors,2017,9560.0,72760.0,81140.0,38270.0,51510.0,103340.0,141620.0
11-9199,"Managers, All Other",2017,430120.0,105610.0,113180.0,51770.0,74570.0,139480.0,176800.0
13-1011,"Agents and Business Managers of Artists, Performers, and Athletes",2017,15450.0,64940.0,90870.0,31020.0,43870.0,104010.0,200310.0
13-1020,Buyers and Purchasing Agents,2017,413540.0,62120.0,66960.0,36370.0,47070.0,81830.0,103480.0
13-1031,"Claims Adjusters, Examiners, and Investigators",2017,282030.0,64900.0,66340.0,38930.0,49040.0,80010.0,97080.0
13-1032,"Insurance Appraisers, Auto Damage",2017,16150.0,62100.0,64680.0,42520.0,51280.0,77110.0,93510.0
13-1041,Compliance Officers,2017,287130.0,67870.0,71540.0,38170.0,50290.0,89210.0,107010.0
13-1051,Cost Estimators,2017,210900.0,63110.0,68420.0,37000.0,48710.0,82330.0,106010.0
13-1071,Human Resources Specialists,2017,553950.0,60350.0,66220.0,35810.0,45900.0,79860.0,103570.0
13-1074,Farm Labor Contractors,2017,780.0,35660.0,48890.0,18650.0,21330.0,63650.0,95720.0
13-1075,Labor Relations Specialists,2017,78510.0,63200.0,65540.0,18820.0,35120.0,88270.0,116480.0
13-1081,Logisticians,2017,159800.0,74590.0,78740.0,44820.0,57490.0,96310.0,120120.0
13-1111,Management Analysts,2017,659200.0,82450.0,93440.0,47140.0,61610.0,110600.0,152210.0
13-1121,"Meeting, Convention, and Event Planners",2017,102420.0,48290.0,52630.0,26390.0,35680.0,63800.0,82980.0
13-1131,Fundraisers,2017,72920.0,55640.0,59930.0,33120.0,42500.0,73350.0,94280.0
13-1141,"Compensation, Benefits, and Job Analysis Specialists",2017,80530.0,62680.0,67160.0,38860.0,48490.0,80070.0,101800.0
13-1151,Training and Development Specialists,2017,280340.0,60360.0,64700.0,33150.0,44140.0,80390.0,102340.0
13-1161,Market Research Analysts and Marketing Specialists,2017,596450.0,63230.0,71450.0,34510.0,46460.0,89200.0,122770.0
13-1199,"Business Operations Specialists, All Other",2017,1001420.0,70010.0,75740.0,38050.0,51860.0,93380.0,120460.0
13-2011,Accountants and Auditors,2017,1241000.0,69350.0,77920.0,43020.0,54250.0,91770.0,122220.0
13-2021,Appraisers and Assessors of Real Estate,2017,58880.0,54010.0,60830.0,28440.0,39280.0,76240.0,101710.0
13-2031,Budget Analysts,2017,54550.0,75240.0,78680.0,49540.0,60170.0,94770.0,113740.0
13-2041,Credit Analysts,2017,74850.0,71290.0,82900.0,42010.0,53590.0,99040.0,140880.0
13-2051,Financial Analysts,2017,294110.0,84300.0,99430.0,51780.0,64390.0,114980.0,165580.0
13-2052,Personal Financial Advisors,2017,200920.0,90640.0,124140.0,40800.0,57380.0,162680.0,
13-2053,Insurance Underwriters,2017,89910.0,69760.0,77660.0,41800.0,52880.0,94100.0,123660.0
13-2061,Financial Examiners,2017,52580.0,81690.0,91780.0,47400.0,61090.0,113300.0,153850.0
13-2071,Credit Counselors,2017,35900.0,44710.0,49460.0,29780.0,35670.0,57240.0,76190.0
13-2072,Loan Officers,2017,307240.0,64660.0,77920.0,32670.0,45660.0,94150.0,135590.0
13-2081,"Tax Examiners and Collectors, and Revenue Agents",2017,56660.0,53130.0,59140.0,31730.0,40680.0,73650.0,99990.0
13-2082,Tax Preparers,2017,68720.0,38730.0,47090.0,20170.0,25800.0,60080.0,81740.0
13-2099,"Financial Specialists, All Other",2017,125900.0,69520.0,76630.0,38340.0,51190.0,93240.0,120550.0
15-1111,Computer and Information Research Scientists,2017,27920.0,114520.0,119570.0,65540.0,88760.0,145630.0,176780.0
15-1121,Computer Systems Analysts,2017,581960.0,88270.0,92740.0,53750.0,68260.0,112540.0,139850.0
15-1122,Information Security Analysts,2017,105250.0,95510.0,99690.0,55560.0,72130.0,123180.0,153090.0
15-1131,Computer Programmers,2017,247690.0,82240.0,87530.0,47090.0,62860.0,106580.0,132530.0
15-1132,"Software Developers, Applications",2017,849230.0,101790.0,106710.0,59870.0,77710.0,128960.0,160100.0
15-1133,"Software Developers, Systems Software",2017,394590.0,107600.0,111780.0,65670.0,84290.0,135740.0,164150.0
15-1134,Web Developers,2017,125890.0,67990.0,74110.0,36830.0,49380.0,93670.0,122320.0
15-1141,Database Administrators,2017,113690.0,87020.0,89050.0,48480.0,63850.0,112700.0,132420.0
15-1142,Network and Computer Systems Administrators,2017,375040.0,81100.0,86340.0,49830.0,63020.0,104460.0,130200.0
15-1143,Computer Network Architects,2017,157830.0,104650.0,107870.0,58160.0,78070.0,132460.0,162390.0
15-1151,Computer User Support Specialists,2017,613780.0,50210.0,54150.0,30550.0,38690.0,64590.0,82900.0
15-1152,Computer Network Support Specialists,2017,186230.0,62340.0,67510.0,36960.0,47530.0,82000.0,105230.0
15-1199,"Computer Occupations, All Other",2017,315830.0,88510.0,91080.0,46240.0,65320.0,114180.0,139390.0
15-2011,Actuaries,2017,19210.0,101560.0,114850.0,59950.0,74970.0,140820.0,184770.0
15-2021,Mathematicians,2017,2730.0,103010.0,104700.0,52860.0,70520.0,129480.0,161900.0
15-2031,Operations Research Analysts,2017,106050.0,81390.0,86510.0,45270.0,59780.0,107720.0,134470.0
15-2041,Statisticians,2017,36540.0,84060.0,88980.0,50660.0,64230.0,108500.0,133720.0
15-2090,Miscellaneous Mathematical Science Occupations,2017,2000.0,57890.0,73670.0,28550.0,36160.0,92470.0,165290.0
17-1011,"Architects, Except Landscape and Naval",2017,103110.0,78470.0,87500.0,47480.0,60550.0,102680.0,134610.0
17-1012,Landscape Architects,2017,19040.0,65760.0,70880.0,40480.0,50770.0,85910.0,108470.0
17-1021,Cartographers and Photogrammetrists,2017,11440.0,63990.0,67390.0,40390.0,50290.0,81280.0,100670.0
17-1022,Surveyors,2017,43430.0,61140.0,65300.0,34470.0,45720.0,80480.0,100420.0
17-2011,Aerospace Engineers,2017,65760.0,113030.0,115300.0,70840.0,88240.0,140420.0,162110.0
17-2021,Agricultural Engineers,2017,1770.0,74780.0,77970.0,47280.0,61850.0,91410.0,114880.0
17-2031,Biomedical Engineers,2017,20100.0,88040.0,92970.0,52070.0,67540.0,112990.0,142610.0
17-2041,Chemical Engineers,2017,33500.0,102160.0,112430.0,62230.0,79030.0,131030.0,169080.0
17-2051,Civil Engineers,2017,298910.0,84770.0,91790.0,54150.0,66260.0,109930.0,138110.0
17-2061,Computer Hardware Engineers,2017,66770.0,115120.0,119650.0,66290.0,87910.0,147020.0,176900.0
17-2071,Electrical Engineers,2017,183370.0,95060.0,99580.0,60250.0,74400.0,121060.0,150340.0
17-2072,"Electronics Engineers, Except Computer",2017,134930.0,102180.0,106760.0,64030.0,79490.0,128610.0,160360.0
17-2081,Environmental Engineers,2017,52640.0,86800.0,91180.0,52160.0,65710.0,110680.0,134060.0
17-2111,"Health and Safety Engineers, Except Mining Safety Engineers and Inspectors",2017,26130.0,88510.0,92190.0,51820.0,66660.0,114180.0,139630.0
17-2112,Industrial Engineers,2017,265520.0,85880.0,90340.0,55230.0,68550.0,106970.0,130930.0
17-2121,Marine Engineers and Naval Architects,2017,10960.0,90970.0,96910.0,63980.0,73430.0,115760.0,145550.0
17-2131,Materials Engineers,2017,27200.0,94610.0,98610.0,57080.0,72390.0,122360.0,149860.0
17-2141,Mechanical Engineers,2017,291290.0,85880.0,91500.0,55310.0,68270.0,108580.0,133900.0
17-2151,"Mining and Geological Engineers, Including Mining Safety Engineers",2017,6150.0,94240.0,103710.0,54700.0,71190.0,127120.0,160320.0
17-2161,Nuclear Engineers,2017,16700.0,105810.0,108910.0,66400.0,84800.0,127610.0,159330.0
17-2171,Petroleum Engineers,2017,32010.0,132280.0,154780.0,74400.0,99900.0,190580.0,
17-2199,"Engineers, All Other",2017,131500.0,97250.0,99310.0,50620.0,70270.0,125990.0,154720.0
17-3011,Architectural and Civil Drafters,2017,95960.0,52870.0,55110.0,34070.0,42160.0,64910.0,79790.0
17-3012,Electrical and Electronics Drafters,2017,26060.0,59690.0,63720.0,36140.0,45910.0,77880.0,97970.0
17-3013,Mechanical Drafters,2017,58190.0,55130.0,58150.0,34890.0,43420.0,69430.0,87320.0
17-3019,"Drafters, All Other",2017,15300.0,50290.0,53990.0,32400.0,39650.0,63250.0,80930.0
17-3021,Aerospace Engineering and Operations Technicians,2017,11710.0,67240.0,71340.0,43050.0,53910.0,81730.0,102960.0
17-3022,Civil Engineering Technicians,2017,71430.0,51620.0,53600.0,32220.0,39390.0,63800.0,78660.0
17-3023,Electrical and Electronics Engineering Technicians,2017,128320.0,63660.0,64290.0,37420.0,48940.0,76820.0,93810.0
17-3024,Electro-Mechanical Technicians,2017,13050.0,56740.0,59490.0,36550.0,44980.0,71640.0,87970.0
17-3025,Environmental Engineering Technicians,2017,17590.0,50230.0,53610.0,31360.0,37920.0,64170.0,81360.0
17-3026,Industrial Engineering Technicians,2017,65020.0,54280.0,57810.0,34090.0,42690.0,69210.0,87470.0
17-3027,Mechanical Engineering Technicians,2017,43390.0,55360.0,58180.0,34440.0,43120.0,70000.0,85230.0
17-3029,"Engineering Technicians, Except Drafters, All Other",2017,76630.0,62230.0,64550.0,35030.0,46810.0,79290.0,97270.0
17-3031,Surveying and Mapping Technicians,2017,51890.0,43340.0,46350.0,26670.0,33590.0,56990.0,71440.0
19-1011,Animal Scientists,2017,2550.0,60760.0,68840.0,35510.0,45620.0,81110.0,114800.0
19-1012,Food Scientists and Technologists,2017,15020.0,63660.0,71990.0,38260.0,49390.0,88100.0,120130.0
19-1013,Soil and Plant Scientists,2017,14180.0,62430.0,69170.0,38090.0,47710.0,81360.0,112390.0
19-1021,Biochemists and Biophysicists,2017,27380.0,91190.0,105410.0,48410.0,65440.0,128860.0,177840.0
19-1022,Microbiologists,2017,21870.0,69960.0,78400.0,40540.0,50370.0,102030.0,129560.0
19-1023,Zoologists and Wildlife Biologists,2017,17710.0,62290.0,66250.0,39620.0,49580.0,77540.0,99700.0
19-1029,"Biological Scientists, All Other",2017,37590.0,76690.0,80200.0,42990.0,57120.0,94040.0,121360.0
19-1031,Conservation Scientists,2017,22040.0,61480.0,64850.0,33740.0,46310.0,78780.0,97490.0
19-1032,Foresters,2017,8300.0,60120.0,61710.0,40480.0,48980.0,72250.0,84830.0
19-1041,Epidemiologists,2017,6870.0,69660.0,76230.0,42810.0,55190.0,88960.0,113560.0
19-1042,"Medical Scientists, Except Epidemiologists",2017,111690.0,82090.0,96070.0,45120.0,57820.0,117470.0,160520.0
19-1099,"Life Scientists, All Other",2017,7120.0,74540.0,82270.0,42590.0,54180.0,102210.0,137440.0
19-2011,Astronomers,2017,2020.0,100590.0,109560.0,54110.0,70220.0,145630.0,165280.0
19-2012,Physicists,2017,16710.0,118830.0,123080.0,57430.0,83380.0,155620.0,190540.0
19-2021,Atmospheric and Space Scientists,2017,8940.0,92070.0,93710.0,50180.0,68700.0,112880.0,138250.0
19-2031,Chemists,2017,84400.0,74740.0,81870.0,42960.0,54960.0,101460.0,130560.0
19-2032,Materials Scientists,2017,7470.0,99530.0,101910.0,51250.0,69960.0,128850.0,158660.0
19-2041,"Environmental Scientists and Specialists, Including Health",2017,81920.0,69400.0,76220.0,41580.0,52610.0,92660.0,122510.0
19-2042,"Geoscientists, Except Hydrologists and Geographers",2017,28520.0,89850.0,105830.0,48850.0,63350.0,125450.0,184130.0
19-2043,Hydrologists,2017,6350.0,79990.0,84290.0,50900.0,63030.0,101020.0,122870.0
19-2099,"Physical Scientists, All Other",2017,17320.0,103990.0,107180.0,50300.0,72740.0,132490.0,161900.0
19-3011,Economists,2017,19550.0,102490.0,112650.0,56400.0,75610.0,138500.0,172580.0
19-3022,Survey Researchers,2017,11270.0,54270.0,60700.0,27000.0,38820.0,77280.0,100660.0
19-3031,"Clinical, Counseling, and School Psychologists",2017,108060.0,75090.0,81330.0,42460.0,56560.0,98260.0,123920.0
19-3032,Industrial-Organizational Psychologists,2017,920.0,87100.0,102530.0,50730.0,62280.0,132560.0,184520.0
19-3039,"Psychologists, All Other",2017,12880.0,97740.0,93440.0,40210.0,70410.0,111560.0,126140.0
19-3041,Sociologists,2017,2770.0,79650.0,86130.0,38710.0,57220.0,106060.0,141450.0
19-3051,Urban and Regional Planners,2017,35310.0,71490.0,74350.0,44680.0,55960.0,89760.0,108170.0
19-3091,Anthropologists and Archeologists,2017,6120.0,62280.0,66330.0,36390.0,47970.0,81170.0,99580.0
19-3092,Geographers,2017,1400.0,76860.0,76790.0,48020.0,60080.0,93030.0,104710.0
19-3093,Historians,2017,3060.0,59120.0,64220.0,28540.0,38620.0,84180.0,107330.0
19-3094,Political Scientists,2017,6320.0,115110.0,112030.0,56150.0,82370.0,145620.0,161890.0
19-3099,"Social Scientists and Related Workers, All Other",2017,35490.0,79370.0,83230.0,48580.0,62070.0,102040.0,123230.0
19-4011,Agricultural and Food Science Technicians,2017,21120.0,39910.0,42910.0,26350.0,32070.0,49920.0,62740.0
19-4021,Biological Technicians,2017,74980.0,43800.0,47410.0,29120.0,34720.0,56510.0,70560.0
19-4031,Chemical Technicians,2017,64550.0,47280.0,51010.0,28960.0,36090.0,62190.0,78350.0
19-4041,Geological and Petroleum Technicians,2017,14820.0,54190.0,63450.0,27010.0,37250.0,77930.0,108420.0
19-4051,Nuclear Technicians,2017,6850.0,80370.0,80000.0,48110.0,62410.0,97120.0,112390.0
19-4061,Social Science Research Assistants,2017,31500.0,46000.0,49030.0,23360.0,33980.0,60400.0,77350.0
19-4091,"Environmental Science and Protection Technicians, Including Health",2017,32840.0,45490.0,49310.0,28230.0,35090.0,59820.0,77960.0
19-4092,Forensic Science Technicians,2017,15070.0,57850.0,61220.0,33880.0,43630.0,75190.0,95600.0
19-4093,Forest and Conservation Technicians,2017,30570.0,36130.0,39180.0,26160.0,29360.0,47480.0,56410.0
19-4099,"Life, Physical, and Social Science Technicians, All Other",2017,66890.0,48090.0,51160.0,27990.0,36610.0,61790.0,78840.0
21-1012,"Educational, Guidance, School, and Vocational Counselors",2017,271350.0,55410.0,58620.0,32660.0,42290.0,72240.0,91960.0
21-1013,Marriage and Family Therapists,2017,42880.0,48790.0,53860.0,31390.0,37780.0,63030.0,81760.0
21-1015,Rehabilitation Counselors,2017,103840.0,34860.0,38950.0,22040.0,26820.0,47140.0,62780.0
21-1018,"Substance Abuse, Behavioral Disorder, and Mental Health Counselors",2017,241930.0,43300.0,46560.0,27310.0,33960.0,55850.0,70840.0
21-1019,"Counselors, All Other",2017,27150.0,43370.0,47600.0,25420.0,32800.0,59940.0,75890.0
21-1021,"Child, Family, and School Social Workers",2017,306370.0,44380.0,48430.0,28520.0,35070.0,58050.0,75940.0
21-1022,Healthcare Social Workers,2017,167730.0,54870.0,56810.0,33260.0,42510.0,67850.0,81560.0
21-1023,Mental Health and Substance Abuse Social Workers,2017,112040.0,43250.0,47830.0,27230.0,33610.0,57930.0,76020.0
21-1029,"Social Workers, All Other",2017,58150.0,61980.0,60900.0,34640.0,44360.0,76970.0,86760.0
21-1091,Health Educators,2017,58040.0,53940.0,59010.0,31440.0,39600.0,73530.0,97160.0
21-1092,Probation Officers and Correctional Treatment Specialists,2017,87700.0,51410.0,56630.0,33920.0,40800.0,68900.0,90880.0
21-1093,Social and Human Service Assistants,2017,384080.0,33120.0,35460.0,21480.0,26130.0,41910.0,53380.0
21-1094,Community Health Workers,2017,54760.0,38370.0,42340.0,25150.0,30900.0,50390.0,64500.0
21-1099,"Community and Social Service Specialists, All Other",2017,101230.0,41570.0,44780.0,25530.0,32170.0,54180.0,70130.0
21-2011,Clergy,2017,49850.0,47100.0,50800.0,25430.0,34150.0,61630.0,80060.0
21-2021,"Directors, Religious Activities and Education",2017,21430.0,38980.0,45470.0,20190.0,26160.0,56780.0,82570.0
21-2099,"Religious Workers, All Other",2017,8210.0,29310.0,36380.0,19020.0,21330.0,40470.0,59820.0
23-1011,Lawyers,2017,628370.0,119250.0,141890.0,57430.0,78130.0,178480.0,
23-1012,Judicial Law Clerks,2017,15260.0,51330.0,57920.0,32990.0,40470.0,65970.0,97230.0
23-1021,"Administrative Law Judges, Adjudicators, and Hearing Officers",2017,14480.0,94790.0,98280.0,43010.0,65760.0,126420.0,169050.0
23-1022,"Arbitrators, Mediators, and Conciliators",2017,6110.0,60670.0,73020.0,35800.0,44770.0,91190.0,124570.0
23-1023,"Judges, Magistrate Judges, and Magistrates",2017,28440.0,133840.0,121050.0,35650.0,67380.0,162650.0,192740.0
23-2011,Paralegals and Legal Assistants,2017,290410.0,50410.0,53910.0,31130.0,38630.0,64680.0,81180.0
23-2091,Court Reporters,2017,15220.0,55120.0,60060.0,26160.0,37290.0,77760.0,100270.0
23-2093,"Title Examiners, Abstractors, and Searchers",2017,53040.0,46850.0,51180.0,27600.0,35260.0,60830.0,79120.0
23-2099,"Legal Support Workers, All Other",2017,44440.0,56120.0,67960.0,31410.0,41040.0,88960.0,128950.0
25-1011,"Business Teachers, Postsecondary",2017,84340.0,80300.0,100270.0,37170.0,53150.0,125780.0,191760.0
25-1021,"Computer Science Teachers, Postsecondary",2017,32230.0,78630.0,91590.0,41270.0,56070.0,113930.0,159180.0
25-1022,"Mathematical Science Teachers, Postsecondary",2017,50870.0,70910.0,84710.0,39580.0,51960.0,101270.0,153080.0
25-1031,"Architecture Teachers, Postsecondary",2017,7280.0,80050.0,91000.0,42460.0,57130.0,110980.0,152540.0
25-1032,"Engineering Teachers, Postsecondary",2017,37500.0,98360.0,109830.0,50280.0,71400.0,135370.0,183590.0
25-1041,"Agricultural Sciences Teachers, Postsecondary",2017,10800.0,86140.0,91690.0,42290.0,59300.0,115920.0,149260.0
25-1042,"Biological Science Teachers, Postsecondary",2017,49910.0,78240.0,93010.0,43160.0,56920.0,113270.0,162470.0
25-1043,"Forestry and Conservation Science Teachers, Postsecondary",2017,2000.0,87420.0,93200.0,48260.0,63910.0,116450.0,147740.0
25-1051,"Atmospheric, Earth, Marine, and Space Sciences Teachers, Postsecondary",2017,10730.0,87380.0,98560.0,46570.0,62800.0,123480.0,163860.0
25-1052,"Chemistry Teachers, Postsecondary",2017,21090.0,77190.0,90610.0,43110.0,56720.0,107650.0,157130.0
25-1053,"Environmental Science Teachers, Postsecondary",2017,5990.0,76360.0,87660.0,43970.0,57240.0,108490.0,150070.0
25-1054,"Physics Teachers, Postsecondary",2017,13710.0,87340.0,101190.0,47630.0,62640.0,124060.0,171920.0
25-1061,"Anthropology and Archeology Teachers, Postsecondary",2017,5770.0,81580.0,93500.0,44690.0,59610.0,117480.0,160390.0
25-1062,"Area, Ethnic, and Cultural Studies Teachers, Postsecondary",2017,9850.0,72230.0,83330.0,35640.0,50590.0,101570.0,150830.0
25-1063,"Economics Teachers, Postsecondary",2017,12770.0,98350.0,114820.0,48610.0,68860.0,139400.0,201980.0
25-1064,"Geography Teachers, Postsecondary",2017,3980.0,78040.0,87810.0,42460.0,58450.0,105660.0,147340.0
25-1065,"Political Science Teachers, Postsecondary",2017,16200.0,81430.0,98620.0,43760.0,59590.0,117520.0,177850.0
25-1066,"Psychology Teachers, Postsecondary",2017,37090.0,73770.0,85050.0,38090.0,53890.0,102580.0,148840.0
25-1067,"Sociology Teachers, Postsecondary",2017,13630.0,73080.0,83840.0,40340.0,54550.0,99220.0,139200.0
25-1069,"Social Sciences Teachers, Postsecondary, All Other",2017,16580.0,64480.0,79050.0,21760.0,41890.0,98910.0,164410.0
25-1071,"Health Specialties Teachers, Postsecondary",2017,194610.0,97870.0,122890.0,43200.0,61370.0,161630.0,
25-1072,"Nursing Instructors and Teachers, Postsecondary",2017,55580.0,71260.0,77360.0,40630.0,55080.0,93830.0,124090.0
25-1081,"Education Teachers, Postsecondary",2017,60500.0,64020.0,72410.0,32540.0,46230.0,86960.0,122340.0
25-1082,"Library Science Teachers, Postsecondary",2017,5010.0,70940.0,73680.0,43470.0,56050.0,89260.0,107840.0
25-1111,"Criminal Justice and Law Enforcement Teachers, Postsecondary",2017,14210.0,60400.0,68980.0,36150.0,46920.0,80530.0,110020.0
25-1112,"Law Teachers, Postsecondary",2017,16900.0,104910.0,129840.0,40850.0,58920.0,178290.0,
25-1113,"Social Work Teachers, Postsecondary",2017,12430.0,64370.0,74560.0,33790.0,47850.0,90460.0,131190.0
25-1121,"Art, Drama, and Music Teachers, Postsecondary",2017,95110.0,66930.0,78720.0,35120.0,49660.0,94510.0,134000.0
25-1122,"Communications Teachers, Postsecondary",2017,28770.0,66510.0,75640.0,34760.0,47950.0,91940.0,129480.0
25-1123,"English Language and Literature Teachers, Postsecondary",2017,69140.0,64910.0,77660.0,36770.0,48030.0,92740.0,135630.0
25-1124,"Foreign Language and Literature Teachers, Postsecondary",2017,27240.0,65010.0,75950.0,38060.0,49680.0,90980.0,128980.0
25-1125,"History Teachers, Postsecondary",2017,21120.0,72690.0,82900.0,40170.0,54220.0,98680.0,134870.0
25-1126,"Philosophy and Religion Teachers, Postsecondary",2017,22920.0,69590.0,78790.0,37070.0,51710.0,94800.0,129490.0
25-1191,Graduate Teaching Assistants,2017,136820.0,32460.0,37720.0,17970.0,20180.0,45860.0,58450.0
25-1192,"Home Economics Teachers, Postsecondary",2017,2580.0,71630.0,77220.0,39370.0,53270.0,95970.0,123520.0
25-1193,"Recreation and Fitness Studies Teachers, Postsecondary",2017,16630.0,60150.0,69560.0,31440.0,42720.0,83150.0,123960.0
25-1194,"Vocational Education Teachers, Postsecondary",2017,114020.0,51600.0,56630.0,29780.0,39060.0,68220.0,91020.0
25-1199,"Postsecondary Teachers, All Other",2017,189270.0,64480.0,74630.0,21020.0,43950.0,95640.0,131390.0
25-2011,"Preschool Teachers, Except Special Education",2017,409740.0,28990.0,33590.0,19970.0,23190.0,38520.0,54780.0
25-2012,"Kindergarten Teachers, Except Special Education",2017,140660.0,54230.0,57110.0,34840.0,43240.0,68240.0,83920.0
25-2021,"Elementary School Teachers, Except Special Education",2017,1409140.0,57160.0,60830.0,37340.0,45330.0,73610.0,92770.0
25-2022,"Middle School Teachers, Except Special and Career/Technical Education",2017,622340.0,57720.0,61040.0,38540.0,46090.0,73470.0,91670.0
25-2023,"Career/Technical Education Teachers, Middle School",2017,12040.0,58630.0,61680.0,39050.0,46770.0,73680.0,91150.0
25-2031,"Secondary School Teachers, Except Special and Career/Technical Education",2017,1027230.0,59170.0,62860.0,39080.0,46990.0,75970.0,95380.0
25-2032,"Career/Technical Education Teachers, Secondary School",2017,78840.0,58660.0,61010.0,40180.0,47390.0,73190.0,88460.0
25-2051,"Special Education Teachers, Preschool",2017,28540.0,53640.0,58390.0,33160.0,42710.0,69280.0,92250.0
25-2052,"Special Education Teachers, Kindergarten and Elementary School",2017,184920.0,58600.0,61960.0,38250.0,46630.0,74780.0,93580.0
25-2053,"Special Education Teachers, Middle School",2017,87550.0,59510.0,63250.0,39990.0,47750.0,75950.0,95680.0
25-2054,"Special Education Teachers, Secondary School",2017,135910.0,60180.0,64590.0,39680.0,47790.0,77270.0,97670.0
25-2059,"Special Education Teachers, All Other",2017,37980.0,54800.0,60750.0,34970.0,43550.0,72630.0,96100.0
25-3011,Adult Basic and Secondary Education and Literacy Teachers and Instructors,2017,60670.0,52100.0,56800.0,31310.0,41150.0,69170.0,87160.0
25-3021,Self-Enrichment Education Teachers,2017,238710.0,38440.0,44630.0,20190.0,26610.0,55970.0,77170.0
25-3097,"Teachers and Instructors, All Other, Except Substitute Teachers",2017,294240.0,39710.0,47490.0,20700.0,26440.0,60110.0,81510.0
25-3098,Substitute Teachers,2017,611310.0,28270.0,31510.0,18810.0,22310.0,37110.0,47180.0
25-4011,Archivists,2017,6080.0,51760.0,55470.0,31140.0,37590.0,69380.0,89710.0
25-4012,Curators,2017,11550.0,53770.0,58830.0,29210.0,39590.0,72790.0,94880.0
25-4013,Museum Technicians and Conservators,2017,12290.0,40670.0,44970.0,23520.0,30560.0,54700.0,72240.0
25-4021,Librarians,2017,126800.0,58520.0,60760.0,34300.0,45690.0,73970.0,91620.0
25-4031,Library Technicians,2017,90030.0,33690.0,35510.0,20240.0,25150.0,43940.0,54170.0
25-9011,Audio-Visual and Multimedia Collections Specialists,2017,10430.0,48590.0,51290.0,26920.0,35740.0,64510.0,79950.0
25-9021,Farm and Home Management Advisors,2017,8450.0,49510.0,52220.0,25750.0,36280.0,65370.0,80660.0
25-9031,Instructional Coordinators,2017,157490.0,63750.0,66680.0,35550.0,48450.0,82040.0,101500.0
25-9041,Teacher Assistants,2017,1299800.0,26260.0,27950.0,18460.0,21170.0,33190.0,39780.0
25-9099,"Education, Training, and Library Workers, All Other",2017,99830.0,43140.0,47200.0,21570.0,30100.0,58910.0,78930.0
27-1011,Art Directors,2017,38110.0,92500.0,103510.0,51130.0,67110.0,126390.0,170230.0
27-1012,Craft Artists,2017,4730.0,34940.0,41180.0,20300.0,25740.0,50360.0,71650.0
27-1013,"Fine Artists, Including Painters, Sculptors, and Illustrators",2017,11230.0,49520.0,57520.0,21590.0,32920.0,70120.0,102540.0
27-1014,Multimedia Artists and Animators,2017,29860.0,70530.0,76560.0,39330.0,52410.0,95570.0,123060.0
27-1019,"Artists and Related Workers, All Other",2017,7010.0,63540.0,66590.0,29600.0,40270.0,90350.0,107000.0
27-1021,Commercial and Industrial Designers,2017,31250.0,65970.0,70540.0,36430.0,49400.0,87410.0,106950.0
27-1022,Fashion Designers,2017,18940.0,67420.0,78870.0,33910.0,46650.0,97290.0,135490.0
27-1023,Floral Designers,2017,43470.0,26350.0,28220.0,19080.0,21850.0,33070.0,39540.0
27-1024,Graphic Designers,2017,217170.0,48700.0,53280.0,28560.0,36320.0,64430.0,83140.0
27-1025,Interior Designers,2017,56070.0,51500.0,58210.0,27240.0,37690.0,70720.0,93780.0
27-1026,Merchandise Displayers and Window Trimmers,2017,120870.0,27680.0,30940.0,19890.0,22500.0,35870.0,47450.0
27-1027,Set and Exhibit Designers,2017,11490.0,53090.0,59590.0,29010.0,39710.0,74480.0,98470.0
27-1029,"Designers, All Other",2017,7770.0,55930.0,66400.0,22910.0,34750.0,84990.0,126460.0
27-2011,Actors,2017,43470.0,,,,,,
27-2012,Producers and Directors,2017,117520.0,71620.0,90770.0,33730.0,48170.0,111270.0,164290.0
27-2021,Athletes and Sports Competitors,2017,11150.0,51370.0,88300.0,19220.0,26390.0,102940.0,
27-2022,Coaches and Scouts,2017,235400.0,32270.0,42540.0,18670.0,22180.0,51010.0,75400.0
27-2023,"Umpires, Referees, and Other Sports Officials",2017,18610.0,26800.0,35080.0,18360.0,20440.0,40360.0,56100.0
27-2031,Dancers,2017,9930.0,,,,,,
27-2032,Choreographers,2017,5310.0,48420.0,52970.0,21340.0,31700.0,67000.0,92520.0
27-2041,Music Directors and Composers,2017,15400.0,50590.0,61490.0,21010.0,34290.0,71350.0,109300.0
27-2042,Musicians and Singers,2017,40170.0,,,,,,
27-2099,"Entertainers and Performers, Sports and Related Workers, All Other",2017,11440.0,,,,,,
27-3011,Radio and Television Announcers,2017,28580.0,32450.0,47630.0,18840.0,22710.0,50210.0,83520.0
27-3012,Public Address System and Other Announcers,2017,7920.0,28440.0,41740.0,18330.0,21170.0,47820.0,81410.0
27-3021,Broadcast News Analysts,2017,5700.0,62910.0,88250.0,26510.0,36050.0,103900.0,195520.0
27-3022,Reporters and Correspondents,2017,38790.0,39370.0,51550.0,22970.0,28930.0,62500.0,90540.0
27-3031,Public Relations Specialists,2017,233730.0,59300.0,67990.0,32840.0,43550.0,80940.0,112260.0
27-3041,Editors,2017,96890.0,58770.0,68230.0,30830.0,41930.0,80950.0,114460.0
27-3042,Technical Writers,2017,49960.0,70930.0,74440.0,42410.0,54780.0,91050.0,113810.0
27-3043,Writers and Authors,2017,45300.0,61820.0,72120.0,30520.0,44310.0,84190.0,118760.0
27-3091,Interpreters and Translators,2017,53150.0,47190.0,51790.0,25620.0,34620.0,63180.0,82290.0
27-3099,"Media and Communication Workers, All Other",2017,21510.0,47900.0,53160.0,23940.0,31250.0,67790.0,92890.0
27-4011,Audio and Video Equipment Technicians,2017,72740.0,42190.0,47530.0,24710.0,31800.0,59060.0,78570.0
27-4012,Broadcast Technicians,2017,30390.0,39060.0,46730.0,20570.0,26790.0,61740.0,83760.0
27-4013,Radio Operators,2017,770.0,44330.0,44490.0,21190.0,29640.0,58060.0,67160.0
27-4014,Sound Engineering Technicians,2017,13370.0,55810.0,68180.0,25880.0,36220.0,89160.0,125230.0
27-4021,Photographers,2017,49320.0,32490.0,41940.0,19400.0,23190.0,50820.0,75080.0
27-4031,"Camera Operators, Television, Video, and Motion Picture",2017,20860.0,53550.0,61530.0,25580.0,36530.0,76980.0,102980.0
27-4032,Film and Video Editors,2017,30770.0,61180.0,83950.0,30040.0,41460.0,97340.0,163440.0
27-4099,"Media and Communication Equipment Workers, All Other",2017,19030.0,79500.0,77520.0,32900.0,56270.0,97580.0,116910.0
29-1011,Chiropractors,2017,33630.0,68640.0,83350.0,34550.0,51040.0,98040.0,144730.0
29-1021,"Dentists, General",2017,110400.0,151440.0,174110.0,69210.0,104800.0,,
29-1022,Oral and Maxillofacial Surgeons,2017,4800.0,,242740.0,68070.0,175690.0,,
29-1023,Orthodontists,2017,5080.0,,229380.0,78370.0,147450.0,,
29-1024,Prosthodontists,2017,430.0,185150.0,196960.0,96220.0,118850.0,,
29-1029,"Dentists, All Other Specialists",2017,4590.0,190840.0,199980.0,85810.0,140050.0,,
29-1031,Dietitians and Nutritionists,2017,62980.0,59410.0,60150.0,36910.0,47720.0,72490.0,83070.0
29-1041,Optometrists,2017,37240.0,110300.0,119100.0,53740.0,83460.0,136270.0,190090.0
29-1051,Pharmacists,2017,309330.0,124170.0,121710.0,87420.0,110310.0,142710.0,159410.0
29-1061,Anesthesiologists,2017,30590.0,,265990.0,123580.0,,,
29-1062,Family and General Practitioners,2017,126440.0,198740.0,208560.0,73240.0,138100.0,,
29-1063,"Internists, General",2017,42280.0,192930.0,198370.0,58770.0,109280.0,,
29-1064,Obstetricians and Gynecologists,2017,18880.0,,235240.0,93200.0,167050.0,,
29-1065,"Pediatricians, General",2017,28990.0,172650.0,187540.0,82670.0,131810.0,,
29-1066,Psychiatrists,2017,25250.0,,216090.0,71560.0,143450.0,,
29-1067,Surgeons,2017,38600.0,,251890.0,88360.0,195110.0,,
29-1069,"Physicians and Surgeons, All Other",2017,355460.0,,211390.0,60390.0,125310.0,,
29-1071,Physician Assistants,2017,109220.0,104860.0,104760.0,66590.0,87980.0,124200.0,146260.0
29-1081,Podiatrists,2017,9670.0,127740.0,148470.0,50930.0,83180.0,190400.0,
29-1122,Occupational Therapists,2017,126050.0,83200.0,84640.0,54560.0,67970.0,100320.0,120440.0
29-1123,Physical Therapists,2017,225420.0,86850.0,88080.0,59080.0,71670.0,101790.0,122650.0
29-1124,Radiation Therapists,2017,17250.0,80570.0,85190.0,55530.0,66400.0,101030.0,123020.0
29-1125,Recreational Therapists,2017,18490.0,47680.0,49670.0,29570.0,36970.0,61090.0,74210.0
29-1126,Respiratory Therapists,2017,128250.0,59710.0,61810.0,43120.0,50540.0,72200.0,83030.0
29-1127,Speech-Language Pathologists,2017,142360.0,76610.0,79770.0,48830.0,60200.0,96980.0,118910.0
29-1128,Exercise Physiologists,2017,6300.0,49090.0,54730.0,34250.0,40700.0,61840.0,78410.0
29-1129,"Therapists, All Other",2017,12020.0,53850.0,58290.0,32470.0,39700.0,71540.0,95130.0
29-1131,Veterinarians,2017,69370.0,90420.0,101530.0,53980.0,70810.0,118600.0,159320.0
29-1141,Registered Nurses,2017,2906840.0,70000.0,73550.0,48690.0,57340.0,85960.0,104100.0
29-1151,Nurse Anesthetists,2017,42620.0,165120.0,169450.0,110520.0,140750.0,194990.0,
29-1161,Nurse Midwives,2017,6530.0,100590.0,103640.0,66500.0,86570.0,120830.0,143650.0
29-1171,Nurse Practitioners,2017,166280.0,103880.0,107480.0,74840.0,88810.0,123070.0,145630.0
29-1181,Audiologists,2017,12020.0,75920.0,80040.0,51300.0,62370.0,93590.0,111150.0
29-1199,"Health Diagnosing and Treating Practitioners, All Other",2017,35970.0,73830.0,84210.0,41100.0,55560.0,107610.0,138160.0
29-2010,Clinical Laboratory Technologists and Technicians,2017,322380.0,51770.0,53230.0,29640.0,37910.0,65600.0,79530.0
29-2021,Dental Hygienists,2017,211600.0,74070.0,74680.0,51180.0,61230.0,88820.0,101330.0
29-2031,Cardiovascular Technologists and Technicians,2017,56130.0,55270.0,57250.0,28680.0,37140.0,73610.0,90760.0
29-2032,Diagnostic Medical Sonographers,2017,68750.0,71410.0,73200.0,50760.0,59110.0,84300.0,99840.0
29-2033,Nuclear Medicine Technologists,2017,18930.0,75660.0,77660.0,54410.0,64640.0,90550.0,103660.0
29-2034,Radiologic Technologists,2017,201200.0,58440.0,60320.0,39840.0,47380.0,71810.0,84110.0
29-2035,Magnetic Resonance Imaging Technologists,2017,37490.0,69930.0,70490.0,48600.0,58080.0,81260.0,97460.0
29-2041,Emergency Medical Technicians and Paramedics,2017,251860.0,33380.0,36700.0,21880.0,26470.0,43390.0,56990.0
29-2051,Dietetic Technicians,2017,33370.0,26500.0,29610.0,18990.0,21860.0,34980.0,45970.0
29-2052,Pharmacy Technicians,2017,417720.0,31750.0,33060.0,22000.0,25900.0,38540.0,46980.0
29-2053,Psychiatric Technicians,2017,66930.0,31670.0,36070.0,21930.0,25980.0,42320.0,59600.0
29-2054,Respiratory Therapy Technicians,2017,9600.0,50350.0,50900.0,30990.0,40430.0,61390.0,73330.0
29-2055,Surgical Technologists,2017,106470.0,46310.0,48060.0,32470.0,38020.0,56720.0,67000.0
29-2056,Veterinary Technologists and Technicians,2017,103430.0,33400.0,34710.0,22880.0,27430.0,39860.0,49350.0
29-2057,Ophthalmic Medical Technicians,2017,48060.0,35910.0,37500.0,25050.0,29490.0,44070.0,52200.0
29-2061,Licensed Practical and Licensed Vocational Nurses,2017,702700.0,45030.0,45710.0,32970.0,38010.0,52220.0,61030.0
29-2071,Medical Records and Health Information Technicians,2017,204220.0,39180.0,42820.0,25810.0,30990.0,51350.0,64610.0
29-2081,"Opticians, Dispensing",2017,75450.0,36250.0,39070.0,24040.0,28730.0,47040.0,58750.0
29-2091,Orthotists and Prosthetists,2017,7840.0,66240.0,70970.0,36050.0,49340.0,85500.0,104900.0
29-2092,Hearing Aid Specialists,2017,7380.0,54860.0,57030.0,29060.0,39670.0,70140.0,88920.0
29-2099,"Health Technologists and Technicians, All Other",2017,124390.0,41800.0,46690.0,27560.0,33260.0,56290.0,72390.0
29-9011,Occupational Health and Safety Specialists,2017,81330.0,71780.0,73600.0,41670.0,55080.0,89570.0,105840.0
29-9012,Occupational Health and Safety Technicians,2017,17490.0,49960.0,53930.0,31650.0,38380.0,64220.0,82190.0
29-9091,Athletic Trainers,2017,25010.0,46630.0,48630.0,30740.0,38250.0,57160.0,69530.0
29-9092,Genetic Counselors,2017,2660.0,77480.0,78130.0,51340.0,65310.0,92910.0,104130.0
29-9099,"Healthcare Practitioners and Technical Workers, All Other",2017,34700.0,51530.0,60600.0,26710.0,35440.0,80870.0,107670.0
31-1011,Home Health Aides,2017,820960.0,23210.0,24280.0,18450.0,20640.0,26600.0,31260.0
31-1013,Psychiatric Aides,2017,65770.0,27110.0,29330.0,19520.0,23160.0,34550.0,43270.0
31-1014,Nursing Assistants,2017,1453670.0,27520.0,28540.0,20680.0,23330.0,32220.0,38630.0
31-1015,Orderlies,2017,52630.0,27180.0,28990.0,20240.0,22730.0,33700.0,40610.0
31-2011,Occupational Therapy Assistants,2017,41650.0,59310.0,59470.0,39020.0,48970.0,70770.0,80320.0
31-2012,Occupational Therapy Aides,2017,7740.0,29200.0,33780.0,20730.0,23770.0,37920.0,59100.0
31-2021,Physical Therapist Assistants,2017,90170.0,57430.0,57620.0,35930.0,46780.0,67770.0,79380.0
31-2022,Physical Therapist Aides,2017,49290.0,25730.0,27910.0,19620.0,22120.0,31040.0,38490.0
31-9011,Massage Therapists,2017,103300.0,39990.0,44950.0,20300.0,27640.0,57280.0,77470.0
31-9091,Dental Assistants,2017,337160.0,37630.0,38690.0,26170.0,31160.0,46000.0,53130.0
31-9092,Medical Assistants,2017,646320.0,32480.0,33580.0,23830.0,27580.0,38340.0,45900.0
31-9093,Medical Equipment Preparers,2017,53920.0,35370.0,37060.0,24600.0,28830.0,43570.0,52240.0
31-9094,Medical Transcriptionists,2017,55880.0,35250.0,36400.0,21670.0,26960.0,43610.0,51410.0
31-9095,Pharmacy Aides,2017,35960.0,26120.0,29030.0,19040.0,22000.0,33760.0,44550.0
31-9096,Veterinary Assistants and Laboratory Animal Caretakers,2017,84400.0,26140.0,27570.0,19110.0,21990.0,31170.0,38300.0
31-9097,Phlebotomists,2017,122550.0,33670.0,34710.0,24250.0,28130.0,39760.0,48030.0
31-9099,"Healthcare Support Workers, All Other",2017,92030.0,37220.0,38600.0,22570.0,28310.0,46650.0,55700.0
33-1011,First-Line Supervisors of Correctional Officers,2017,42280.0,62500.0,66880.0,40750.0,47220.0,84190.0,100080.0
33-1012,First-Line Supervisors of Police and Detectives,2017,104860.0,87910.0,91590.0,51200.0,66430.0,112670.0,140320.0
33-1021,First-Line Supervisors of Fire Fighting and Prevention Workers,2017,58690.0,76170.0,79430.0,42540.0,57970.0,98110.0,121090.0
33-1099,"First-Line Supervisors of Protective Service Workers, All Other",2017,74430.0,49430.0,52040.0,27520.0,35270.0,62420.0,80240.0
33-2011,Firefighters,2017,319860.0,49080.0,51930.0,24490.0,33400.0,66610.0,83570.0
33-2021,Fire Inspectors and Investigators,2017,11940.0,59260.0,62260.0,34800.0,44390.0,77210.0,95960.0
33-2022,Forest Fire Inspectors and Prevention Specialists,2017,1960.0,37380.0,45990.0,25570.0,29570.0,57280.0,80160.0
33-3011,Bailiffs,2017,18480.0,42960.0,46190.0,23950.0,32730.0,60370.0,74060.0
33-3012,Correctional Officers and Jailers,2017,428870.0,43540.0,47600.0,29540.0,34830.0,57850.0,74940.0
33-3021,Detectives and Criminal Investigators,2017,105350.0,79970.0,83320.0,42880.0,55830.0,105240.0,135530.0
33-3031,Fish and Game Wardens,2017,6020.0,56410.0,58570.0,39170.0,46230.0,69060.0,79870.0
33-3041,Parking Enforcement Workers,2017,8660.0,39030.0,40840.0,23390.0,29240.0,51540.0,61690.0
33-3051,Police and Sheriff's Patrol Officers,2017,662390.0,61050.0,64490.0,35020.0,44980.0,80230.0,100610.0
33-3052,Transit and Railroad Police,2017,5520.0,70280.0,71280.0,44870.0,57570.0,85380.0,100240.0
33-9011,Animal Control Workers,2017,12700.0,35520.0,37580.0,22050.0,28000.0,45280.0,57350.0
33-9021,Private Detectives and Investigators,2017,30980.0,50700.0,55080.0,28780.0,37390.0,68400.0,86730.0
33-9031,Gaming Surveillance Officers and Gaming Investigators,2017,10290.0,33260.0,36160.0,23010.0,27080.0,42220.0,54480.0
33-9032,Security Guards,2017,1105440.0,26900.0,30730.0,19640.0,22220.0,35720.0,48370.0
33-9091,Crossing Guards,2017,76440.0,27630.0,30170.0,18870.0,21760.0,35380.0,43960.0
33-9092,"Lifeguards, Ski Patrol, and Other Recreational Protective Service Workers",2017,145660.0,21290.0,23570.0,17320.0,18850.0,25110.0,33360.0
33-9093,Transportation Security Screeners,2017,42470.0,40580.0,40960.0,34000.0,37040.0,43390.0,48100.0
33-9099,"Protective Service Workers, All Other",2017,135390.0,30240.0,33930.0,19860.0,22930.0,39840.0,53720.0
35-1011,Chefs and Head Cooks,2017,131430.0,45950.0,49650.0,25020.0,33950.0,61870.0,78570.0
35-1012,First-Line Supervisors of Food Preparation and Serving Workers,2017,927440.0,31960.0,35460.0,21260.0,24960.0,43390.0,55880.0
35-2011,"Cooks, Fast Food",2017,503780.0,21040.0,21610.0,17140.0,18730.0,23910.0,27400.0
35-2012,"Cooks, Institution and Cafeteria",2017,404120.0,25860.0,27450.0,18400.0,21190.0,31810.0,39110.0
35-2013,"Cooks, Private Household",2017,500.0,38280.0,42990.0,22680.0,27400.0,54180.0,63400.0
35-2014,"Cooks, Restaurant",2017,1276510.0,25180.0,26440.0,18810.0,21380.0,30150.0,36440.0
35-2015,"Cooks, Short Order",2017,174230.0,22740.0,24060.0,17870.0,19600.0,26830.0,32240.0
35-2019,"Cooks, All Other",2017,15870.0,27990.0,29900.0,19830.0,22880.0,34900.0,42620.0
35-2021,Food Preparation Workers,2017,832690.0,22730.0,23900.0,17770.0,19580.0,26880.0,32130.0
35-3011,Bartenders,2017,613350.0,21690.0,26260.0,17470.0,18960.0,29420.0,41630.0
35-3021,"Combined Food Preparation and Serving Workers, Including Fast Food",2017,3576220.0,20180.0,21230.0,16980.0,18380.0,23450.0,26740.0
35-3022,"Counter Attendants, Cafeteria, Food Concession, and Coffee Shop",2017,476940.0,21280.0,22530.0,17620.0,19020.0,24420.0,29650.0
35-3031,Waiters and Waitresses,2017,2584220.0,20820.0,25280.0,17200.0,18690.0,27670.0,40210.0
35-3041,"Food Servers, Nonrestaurant",2017,264630.0,22320.0,24150.0,17620.0,19280.0,26370.0,34110.0
35-9011,Dining Room and Cafeteria Attendants and Bartender Helpers,2017,436730.0,21160.0,23050.0,17500.0,18940.0,24510.0,30990.0
35-9021,Dishwashers,2017,503540.0,21500.0,22210.0,17630.0,19240.0,24210.0,27850.0
35-9031,"Hosts and Hostesses, Restaurant, Lounge, and Coffee Shop",2017,414540.0,20930.0,22290.0,17220.0,18740.0,24290.0,29450.0
35-9099,"Food Preparation and Serving Related Workers, All Other",2017,56350.0,22620.0,24380.0,17760.0,19690.0,26250.0,34970.0
37-1011,First-Line Supervisors of Housekeeping and Janitorial Workers,2017,155090.0,39230.0,42380.0,24640.0,30260.0,51320.0,64610.0
37-1012,"First-Line Supervisors of Landscaping, Lawn Service, and Groundskeeping Workers",2017,100320.0,47030.0,50020.0,29390.0,36340.0,60520.0,76440.0
37-2011,"Janitors and Cleaners, Except Maids and Housekeeping Cleaners",2017,2164040.0,24990.0,27900.0,18580.0,20920.0,32280.0,41820.0
37-2012,Maids and Housekeeping Cleaners,2017,922660.0,22860.0,24630.0,17720.0,19580.0,27470.0,35080.0
37-2019,"Building Cleaning Workers, All Other",2017,14970.0,29060.0,31690.0,20290.0,23240.0,37080.0,48440.0
37-2021,Pest Control Workers,2017,75130.0,34370.0,36610.0,22650.0,27570.0,43890.0,55080.0
37-3011,Landscaping and Groundskeeping Workers,2017,912360.0,27670.0,29700.0,19960.0,22840.0,34340.0,42870.0
37-3012,"Pesticide Handlers, Sprayers, and Applicators, Vegetation",2017,25900.0,34830.0,37370.0,23550.0,28410.0,42340.0,53860.0
37-3013,Tree Trimmers and Pruners,2017,41140.0,36460.0,38580.0,23180.0,28730.0,47270.0,58910.0
37-3019,"Grounds Maintenance Workers, All Other",2017,12840.0,30060.0,34850.0,20440.0,23380.0,42480.0,62110.0
39-1010,First-Line Supervisors of Gaming Workers,2017,30670.0,48850.0,49600.0,26430.0,36100.0,61530.0,74150.0
39-1021,First-Line Supervisors of Personal Service Workers,2017,213620.0,37450.0,40550.0,23340.0,28820.0,49090.0,62430.0
39-2011,Animal Trainers,2017,14340.0,28880.0,34760.0,19610.0,22670.0,40250.0,56000.0
39-2021,Nonfarm Animal Caretakers,2017,190520.0,22950.0,25170.0,17880.0,19760.0,27860.0,36630.0
39-3011,Gaming Dealers,2017,94260.0,19820.0,22910.0,16790.0,18180.0,23340.0,34210.0
39-3012,Gaming and Sports Book Writers and Runners,2017,11210.0,24030.0,27550.0,18350.0,20350.0,31740.0,43940.0
39-3019,"Gaming Service Workers, All Other",2017,9660.0,27040.0,29910.0,18890.0,21500.0,34480.0,44710.0
39-3021,Motion Picture Projectionists,2017,5700.0,22050.0,24790.0,17640.0,19200.0,27340.0,36290.0
39-3031,"Ushers, Lobby Attendants, and Ticket Takers",2017,124710.0,20820.0,22580.0,17210.0,18690.0,24330.0,30660.0
39-3091,Amusement and Recreation Attendants,2017,310970.0,21060.0,22760.0,17350.0,18820.0,24460.0,30500.0
39-3092,Costume Attendants,2017,6430.0,42620.0,47700.0,21660.0,30550.0,57830.0,84870.0
39-3093,"Locker Room, Coatroom, and Dressing Room Attendants",2017,17950.0,22830.0,25670.0,17960.0,19490.0,29670.0,38030.0
39-3099,"Entertainment Attendants and Related Workers, All Other",2017,5390.0,24200.0,29010.0,18150.0,20050.0,32080.0,48210.0
39-4011,Embalmers,2017,4200.0,42780.0,45040.0,23600.0,31810.0,55200.0,69900.0
39-4021,Funeral Attendants,2017,34970.0,25050.0,27120.0,18340.0,20740.0,30960.0,39270.0
39-4031,"Morticians, Undertakers, and Funeral Directors",2017,25460.0,51850.0,56300.0,29260.0,38130.0,68670.0,85060.0
39-5011,Barbers,2017,18810.0,25650.0,30480.0,18610.0,21050.0,37490.0,48480.0
39-5012,"Hairdressers, Hairstylists, and Cosmetologists",2017,351910.0,24850.0,30490.0,18170.0,20200.0,35100.0,50670.0
39-5091,"Makeup Artists, Theatrical and Performance",2017,3540.0,59300.0,69310.0,21250.0,29340.0,107290.0,127030.0
39-5092,Manicurists and Pedicurists,2017,104020.0,23230.0,24980.0,19480.0,20730.0,27040.0,33050.0
39-5093,Shampooers,2017,13330.0,20320.0,21650.0,17770.0,18950.0,23680.0,27040.0
39-5094,Skincare Specialists,2017,44940.0,30080.0,35130.0,18650.0,22020.0,42280.0,58810.0
39-6011,Baggage Porters and Bellhops,2017,42620.0,23230.0,26100.0,18160.0,19810.0,29280.0,38250.0
39-6012,Concierges,2017,35750.0,30150.0,32700.0,21160.0,24340.0,38940.0,48580.0
39-7010,Tour and Travel Guides,2017,46140.0,25770.0,29180.0,18530.0,21310.0,34110.0,45370.0
39-9011,Childcare Workers,2017,562420.0,22290.0,23760.0,17490.0,19180.0,26610.0,32780.0
39-9021,Personal Care Aides,2017,2035610.0,23100.0,24100.0,18160.0,20750.0,25850.0,30750.0
39-9031,Fitness Trainers and Aerobics Instructors,2017,280080.0,39210.0,43720.0,19640.0,24970.0,56190.0,74520.0
39-9032,Recreation Workers,2017,352350.0,24540.0,27950.0,18480.0,20470.0,32110.0,42560.0
39-9041,Residential Advisors,2017,110720.0,26830.0,28850.0,18890.0,21900.0,33310.0,41590.0
39-9099,"Personal Care and Service Workers, All Other",2017,56820.0,25900.0,27760.0,19000.0,21390.0,32300.0,38410.0
41-1011,First-Line Supervisors of Retail Sales Workers,2017,1200180.0,38550.0,43580.0,24780.0,30230.0,50790.0,66120.0
41-1012,First-Line Supervisors of Non-Retail Sales Workers,2017,251830.0,71650.0,83370.0,38430.0,52930.0,100170.0,143140.0
41-2011,Cashiers,2017,3564920.0,21030.0,22130.0,17110.0,18650.0,23940.0,29020.0
41-2012,Gaming Change Persons and Booth Cashiers,2017,24050.0,23910.0,25950.0,18720.0,20900.0,29360.0,36800.0
41-2021,Counter and Rental Clerks,2017,445530.0,25820.0,29740.0,18550.0,21150.0,34800.0,46890.0
41-2022,Parts Salespersons,2017,252770.0,29380.0,32920.0,19190.0,22830.0,39190.0,52330.0
41-2031,Retail Salespersons,2017,4442090.0,23210.0,27460.0,17920.0,19930.0,29570.0,41300.0
41-3011,Advertising Sales Agents,2017,136520.0,49680.0,61020.0,24320.0,33730.0,73990.0,108700.0
41-3021,Insurance Sales Agents,2017,386320.0,49710.0,66990.0,27180.0,35400.0,76220.0,125190.0
41-3031,"Securities, Commodities, and Financial Services Sales Agents",2017,389610.0,63780.0,97440.0,33060.0,40670.0,121960.0,
41-3041,Travel Agents,2017,67330.0,36990.0,40840.0,21350.0,27570.0,49300.0,62320.0
41-3099,"Sales Representatives, Services, All Other",2017,1004020.0,52510.0,63050.0,25290.0,35240.0,76850.0,113310.0
41-4011,"Sales Representatives, Wholesale and Manufacturing, Technical and Scientific Products",2017,327190.0,78830.0,92010.0,39660.0,55280.0,115250.0,157490.0
41-4012,"Sales Representatives, Wholesale and Manufacturing, Except Technical and Scientific Products",2017,1391400.0,56970.0,67960.0,27760.0,39480.0,81880.0,120280.0
41-9011,Demonstrators and Product Promoters,2017,84780.0,27060.0,31830.0,19840.0,22410.0,37820.0,49340.0
41-9012,Models,2017,3710.0,22900.0,31870.0,16980.0,19020.0,37250.0,49450.0
41-9021,Real Estate Brokers,2017,40530.0,56730.0,75910.0,24160.0,35290.0,88790.0,151660.0
41-9022,Real Estate Sales Agents,2017,147960.0,45990.0,59630.0,23130.0,31180.0,71950.0,109490.0
41-9031,Sales Engineers,2017,70820.0,98720.0,106950.0,56940.0,73600.0,129940.0,162740.0
41-9041,Telemarketers,2017,189670.0,24460.0,27670.0,18410.0,20710.0,30680.0,40260.0
41-9091,"Door-to-Door Sales Workers, News and Street Vendors, and Related Workers",2017,7520.0,23810.0,28260.0,18810.0,20830.0,30120.0,45560.0
41-9099,"Sales and Related Workers, All Other",2017,93860.0,33890.0,40180.0,20810.0,24110.0,48390.0,67560.0
43-1011,First-Line Supervisors of Office and Administrative Support Workers,2017,1458380.0,55060.0,58540.0,33470.0,42300.0,70270.0,88800.0
43-2011,"Switchboard Operators, Including Answering Service",2017,80380.0,28700.0,30550.0,20610.0,23740.0,35390.0,43500.0
43-2021,Telephone Operators,2017,6310.0,36320.0,38410.0,22580.0,27520.0,49170.0,59150.0
43-2099,"Communications Equipment Operators, All Other",2017,1980.0,41480.0,42910.0,23600.0,31430.0,52920.0,63280.0
43-3011,Bill and Account Collectors,2017,271700.0,35330.0,37650.0,23920.0,28600.0,44140.0,55020.0
43-3021,Billing and Posting Clerks,2017,476010.0,36860.0,38460.0,26090.0,30810.0,45100.0,53780.0
43-3031,"Bookkeeping, Accounting, and Auditing Clerks",2017,1532340.0,39240.0,41110.0,24600.0,31400.0,49360.0,60670.0
43-3041,Gaming Cage Workers,2017,17030.0,26320.0,28210.0,20330.0,22550.0,32730.0,39480.0
43-3051,Payroll and Timekeeping Clerks,2017,152990.0,43890.0,44950.0,28130.0,35160.0,53350.0,63180.0
43-3061,Procurement Clerks,2017,70510.0,41910.0,42320.0,27640.0,34070.0,49690.0,58240.0
43-3071,Tellers,2017,491150.0,28110.0,28880.0,21360.0,24170.0,32410.0,38330.0
43-3099,"Financial Clerks, All Other",2017,32260.0,39970.0,42630.0,26620.0,32620.0,50180.0,61890.0
43-4011,Brokerage Clerks,2017,58930.0,49800.0,52850.0,33520.0,40750.0,61480.0,76460.0
43-4021,Correspondence Clerks,2017,6370.0,36620.0,38100.0,24570.0,29670.0,45550.0,55350.0
43-4031,"Court, Municipal, and License Clerks",2017,133330.0,37300.0,39760.0,24310.0,29670.0,47000.0,58500.0
43-4041,"Credit Authorizers, Checkers, and Clerks",2017,34350.0,37290.0,39670.0,25450.0,30250.0,47160.0,59110.0
43-4051,Customer Service Representatives,2017,2767790.0,32890.0,35650.0,21370.0,25980.0,42040.0,54330.0
43-4061,"Eligibility Interviewers, Government Programs",2017,140590.0,44400.0,44620.0,29970.0,35270.0,53060.0,60390.0
43-4071,File Clerks,2017,118840.0,30120.0,32200.0,20290.0,24120.0,38150.0,48340.0
43-4081,"Hotel, Motel, and Resort Desk Clerks",2017,253540.0,22850.0,24250.0,17670.0,19690.0,26810.0,32810.0
43-4111,"Interviewers, Except Eligibility and Loan",2017,189600.0,33110.0,34570.0,22060.0,26860.0,40320.0,49490.0
43-4121,"Library Assistants, Clerical",2017,94140.0,25810.0,28170.0,18630.0,20910.0,33340.0,41850.0
43-4131,Loan Interviewers and Clerks,2017,227430.0,39060.0,40610.0,24960.0,31540.0,48760.0,58910.0
43-4141,New Accounts Clerks,2017,41680.0,35260.0,36560.0,26250.0,29760.0,41240.0,50010.0
43-4151,Order Clerks,2017,169120.0,33510.0,35330.0,21430.0,26180.0,42370.0,52540.0
43-4161,"Human Resources Assistants, Except Payroll and Timekeeping",2017,134570.0,39480.0,40700.0,26690.0,32840.0,47930.0,57020.0
43-4171,Receptionists and Information Clerks,2017,1014900.0,28390.0,29640.0,20080.0,23300.0,34830.0,40880.0
43-4181,Reservation and Transportation Ticket Agents and Travel Clerks,2017,148220.0,36280.0,39850.0,22440.0,26990.0,54710.0,61460.0
43-4199,"Information and Record Clerks, All Other",2017,161250.0,39860.0,40690.0,25200.0,31200.0,48750.0,57450.0
43-5011,Cargo and Freight Agents,2017,89920.0,41820.0,44980.0,25670.0,33250.0,54180.0,65600.0
43-5021,Couriers and Messengers,2017,76710.0,28250.0,30000.0,20070.0,22900.0,35520.0,43440.0
43-5031,"Police, Fire, and Ambulance Dispatchers",2017,95450.0,39640.0,42020.0,25920.0,31700.0,50370.0,62680.0
43-5032,"Dispatchers, Except Police, Fire, and Ambulance",2017,198520.0,38790.0,42150.0,23880.0,30060.0,50600.0,64940.0
43-5041,"Meter Readers, Utilities",2017,33860.0,39240.0,43410.0,23400.0,29140.0,53400.0,68050.0
43-5051,Postal Service Clerks,2017,82890.0,58550.0,49730.0,34580.0,41150.0,58570.0,59800.0
43-5052,Postal Service Mail Carriers,2017,336900.0,57000.0,50020.0,33420.0,36210.0,59850.0,61110.0
43-5053,"Postal Service Mail Sorters, Processors, and Processing Machine Operators",2017,111960.0,57260.0,50160.0,34310.0,39560.0,58560.0,58570.0
43-5061,"Production, Planning, and Expediting Clerks",2017,336000.0,46670.0,49020.0,28490.0,35800.0,59790.0,74000.0
43-5071,"Shipping, Receiving, and Traffic Clerks",2017,671780.0,31810.0,33790.0,21690.0,25860.0,39490.0,49240.0
43-5081,Stock Clerks and Order Fillers,2017,2046040.0,24470.0,27450.0,18870.0,21140.0,31430.0,40360.0
43-5111,"Weighers, Measurers, Checkers, and Samplers, Recordkeeping",2017,72630.0,30180.0,32330.0,20530.0,23800.0,38540.0,48270.0
43-6011,Executive Secretaries and Executive Administrative Assistants,2017,596080.0,57410.0,59400.0,35720.0,44960.0,72080.0,85280.0
43-6012,Legal Secretaries,2017,185870.0,44730.0,48600.0,27080.0,33800.0,60390.0,76500.0
43-6013,Medical Secretaries,2017,576520.0,34610.0,35870.0,24240.0,28490.0,41460.0,50340.0
43-6014,"Secretaries and Administrative Assistants, Except Legal, Medical, and Executive",2017,2254820.0,35590.0,36920.0,22110.0,27990.0,44950.0,54370.0
43-9011,Computer Operators,2017,40400.0,44270.0,45320.0,25860.0,33760.0,57030.0,64050.0
43-9021,Data Entry Keyers,2017,180100.0,30930.0,32530.0,21570.0,25870.0,37840.0,46260.0
43-9022,Word Processors and Typists,2017,65200.0,39740.0,41070.0,26770.0,32850.0,48420.0,58040.0
43-9031,Desktop Publishers,2017,12000.0,42350.0,45170.0,23300.0,30960.0,56790.0,71280.0
43-9041,Insurance Claims and Policy Processing Clerks,2017,277130.0,38790.0,41090.0,26750.0,32230.0,48340.0,59340.0
43-9051,"Mail Clerks and Mail Machine Operators, Except Postal Service",2017,85800.0,29620.0,31200.0,19800.0,23380.0,37500.0,46100.0
43-9061,"Office Clerks, General",2017,2967620.0,31500.0,33910.0,19870.0,24020.0,40480.0,51590.0
43-9071,"Office Machine Operators, Except Computer",2017,54950.0,31360.0,33190.0,21340.0,25200.0,39060.0,48740.0
43-9081,Proofreaders and Copy Markers,2017,11420.0,37550.0,40410.0,22700.0,28820.0,49580.0,61480.0
43-9111,Statistical Assistants,2017,10110.0,47400.0,49090.0,31310.0,38030.0,58820.0,70850.0
43-9199,"Office and Administrative Support Workers, All Other",2017,209070.0,35590.0,37360.0,21260.0,26350.0,45230.0,56660.0
45-1011,"First-Line Supervisors of Farming, Fishing, and Forestry Workers",2017,20750.0,46570.0,50160.0,27510.0,34550.0,61200.0,77710.0
45-2011,Agricultural Inspectors,2017,13960.0,43390.0,44930.0,27470.0,32860.0,52890.0,65130.0
45-2021,Animal Breeders,2017,1800.0,37560.0,43450.0,25590.0,29030.0,52640.0,69130.0
45-2041,"Graders and Sorters, Agricultural Products",2017,39810.0,23340.0,24620.0,18660.0,21080.0,26210.0,32960.0
45-2091,Agricultural Equipment Operators,2017,26070.0,30110.0,31440.0,20250.0,24540.0,36910.0,44620.0
45-2092,"Farmworkers and Laborers, Crop, Nursery, and Greenhouse",2017,282300.0,23380.0,25070.0,20810.0,21380.0,25930.0,33270.0
45-2093,"Farmworkers, Farm, Ranch, and Aquacultural Animals",2017,35460.0,25470.0,27840.0,18330.0,21050.0,32160.0,40080.0
45-2099,"Agricultural Workers, All Other",2017,5210.0,30600.0,35910.0,19850.0,23840.0,42790.0,58180.0
45-3011,Fishers and Related Fishing Workers,2017,520.0,28310.0,31190.0,17960.0,21030.0,42110.0,48230.0
45-4011,Forest and Conservation Workers,2017,7080.0,27650.0,31320.0,20650.0,21220.0,37870.0,48600.0
45-4021,Fallers,2017,5420.0,40690.0,46930.0,26570.0,32740.0,57350.0,77670.0
45-4022,Logging Equipment Operators,2017,26010.0,38390.0,39820.0,24160.0,30480.0,48030.0,57800.0
45-4023,Log Graders and Scalers,2017,3010.0,37880.0,38710.0,24860.0,29900.0,46480.0,53330.0
45-4029,"Logging Workers, All Other",2017,3290.0,39740.0,40730.0,24000.0,33390.0,47650.0,56520.0
47-1011,First-Line Supervisors of Construction Trades and Extraction Workers,2017,556300.0,64070.0,69200.0,41080.0,51410.0,82620.0,104160.0
47-2011,Boilermakers,2017,15020.0,62260.0,63010.0,38700.0,51160.0,76140.0,87160.0
47-2021,Brickmasons and Blockmasons,2017,64790.0,49770.0,53390.0,30550.0,38680.0,63620.0,82810.0
47-2022,Stonemasons,2017,11990.0,38940.0,42370.0,24090.0,29500.0,50960.0,63600.0
47-2031,Carpenters,2017,693050.0,45170.0,49630.0,27790.0,34740.0,60180.0,80350.0
47-2041,Carpet Installers,2017,26120.0,38830.0,44200.0,21470.0,28320.0,55860.0,74860.0
47-2042,"Floor Layers, Except Carpet, Wood, and Hard Tiles",2017,11860.0,40040.0,44530.0,24980.0,30930.0,55340.0,73440.0
47-2043,Floor Sanders and Finishers,2017,4320.0,36950.0,39260.0,23640.0,29220.0,46900.0,58160.0
47-2044,Tile and Marble Setters,2017,38820.0,41680.0,46370.0,24810.0,31990.0,55720.0,75990.0
47-2051,Cement Masons and Concrete Finishers,2017,178640.0,40650.0,45490.0,27550.0,33170.0,53360.0,72910.0
47-2053,Terrazzo Workers and Finishers,2017,2630.0,40590.0,45520.0,25060.0,32730.0,51460.0,76250.0
47-2061,Construction Laborers,2017,962060.0,34530.0,38890.0,22280.0,27410.0,46260.0,63400.0
47-2071,"Paving, Surfacing, and Tamping Equipment Operators",2017,49760.0,39120.0,43890.0,26730.0,31960.0,50460.0,69620.0
47-2072,Pile-Driver Operators,2017,3710.0,57650.0,63770.0,32700.0,41940.0,87180.0,100800.0
47-2073,Operating Engineers and Other Construction Equipment Operators,2017,365300.0,47040.0,51890.0,30450.0,36500.0,62730.0,82280.0
47-2081,Drywall and Ceiling Tile Installers,2017,96550.0,42860.0,49250.0,27630.0,34270.0,57570.0,83920.0
47-2082,Tapers,2017,18080.0,51620.0,55540.0,29270.0,37560.0,70960.0,92130.0
47-2111,Electricians,2017,631080.0,54110.0,57910.0,32180.0,40320.0,71430.0,92690.0
47-2121,Glaziers,2017,47330.0,42580.0,47480.0,26840.0,33490.0,57410.0,79090.0
47-2131,"Insulation Workers, Floor, Ceiling, and Wall",2017,31100.0,37050.0,40600.0,24460.0,29790.0,47690.0,61730.0
47-2132,"Insulation Workers, Mechanical",2017,24840.0,45550.0,50710.0,29000.0,35310.0,61460.0,83610.0
47-2141,"Painters, Construction and Maintenance",2017,221340.0,37960.0,41840.0,25200.0,30790.0,49920.0,63620.0
47-2142,Paperhangers,2017,2710.0,37030.0,40930.0,25630.0,29700.0,48360.0,62500.0
47-2151,Pipelayers,2017,38690.0,38400.0,43210.0,26360.0,30870.0,52670.0,69180.0
47-2152,"Plumbers, Pipefitters, and Steamfitters",2017,428260.0,52590.0,57070.0,31470.0,39470.0,69710.0,91810.0
47-2161,Plasterers and Stucco Masons,2017,24180.0,40750.0,45410.0,27890.0,33550.0,53430.0,71020.0
47-2171,Reinforcing Iron and Rebar Workers,2017,18480.0,46850.0,54270.0,30770.0,35980.0,69530.0,93070.0
47-2181,Roofers,2017,121170.0,38970.0,42780.0,25590.0,31330.0,50940.0,64860.0
47-2211,Sheet Metal Workers,2017,132920.0,47990.0,52100.0,27330.0,35060.0,64030.0,87120.0
47-2221,Structural Iron and Steel Workers,2017,74420.0,52610.0,56940.0,31260.0,38500.0,72410.0,92310.0
47-2231,Solar Photovoltaic Installers,2017,9000.0,39490.0,43010.0,28760.0,33700.0,49610.0,61580.0
47-3011,"Helpers--Brickmasons, Blockmasons, Stonemasons, and Tile and Marble Setters",2017,24660.0,31710.0,35020.0,22310.0,26650.0,38830.0,52370.0
47-3012,Helpers--Carpenters,2017,33740.0,29860.0,31100.0,20460.0,24230.0,36490.0,43860.0
47-3013,Helpers--Electricians,2017,72580.0,30540.0,32040.0,21240.0,25390.0,37400.0,45810.0
47-3014,"Helpers--Painters, Paperhangers, Plasterers, and Stucco Masons",2017,11000.0,28760.0,30570.0,20830.0,23800.0,35630.0,44050.0
47-3015,"Helpers--Pipelayers, Plumbers, Pipefitters, and Steamfitters",2017,54790.0,29890.0,31830.0,21150.0,25380.0,36790.0,45940.0
47-3016,Helpers--Roofers,2017,9550.0,28500.0,29710.0,20940.0,24360.0,33390.0,39330.0
47-3019,"Helpers, Construction Trades, All Other",2017,23140.0,29660.0,31830.0,20240.0,24170.0,37040.0,46930.0
47-4011,Construction and Building Inspectors,2017,98810.0,59090.0,62020.0,35220.0,45360.0,76260.0,95340.0
47-4021,Elevator Installers and Repairers,2017,24490.0,79480.0,77130.0,38630.0,55400.0,98700.0,115880.0
47-4031,Fence Erectors,2017,21430.0,33320.0,36260.0,22460.0,27190.0,40730.0,54760.0
47-4041,Hazardous Materials Removal Workers,2017,43260.0,41400.0,46330.0,26880.0,32980.0,57600.0,75160.0
47-4051,Highway Maintenance Workers,2017,146580.0,38700.0,40300.0,25220.0,31160.0,48250.0,57990.0
47-4061,Rail-Track Laying and Maintenance Equipment Operators,2017,15070.0,56060.0,56360.0,33280.0,42760.0,68650.0,79230.0
47-4071,Septic Tank Servicers and Sewer Pipe Cleaners,2017,26250.0,37950.0,40590.0,25070.0,30120.0,49080.0,61250.0
47-4090,Miscellaneous Construction and Related Workers,2017,34720.0,38040.0,42220.0,25460.0,30570.0,49510.0,64550.0
47-5011,"Derrick Operators, Oil and Gas",2017,9590.0,46140.0,47510.0,33270.0,38090.0,56030.0,64460.0
47-5012,"Rotary Drill Operators, Oil and Gas",2017,15370.0,53980.0,56180.0,31900.0,41400.0,67040.0,83670.0
47-5013,"Service Unit Operators, Oil, Gas, and Mining",2017,39270.0,48290.0,53370.0,32640.0,38420.0,61840.0,78600.0
47-5021,"Earth Drillers, Except Oil and Gas",2017,17470.0,43850.0,47480.0,29960.0,35270.0,56330.0,71960.0
47-5031,"Explosives Workers, Ordnance Handling Experts, and Blasters",2017,5850.0,49650.0,52790.0,34320.0,40290.0,62790.0,76870.0
47-5041,Continuous Mining Machine Operators,2017,12000.0,54620.0,55040.0,36180.0,44280.0,64040.0,76740.0
47-5042,Mine Cutting and Channeling Machine Operators,2017,5400.0,52270.0,52360.0,31010.0,39230.0,64970.0,76470.0
47-5049,"Mining Machine Operators, All Other",2017,2840.0,48850.0,50670.0,33720.0,40070.0,60210.0,73560.0
47-5051,"Rock Splitters, Quarry",2017,4310.0,34350.0,36050.0,23750.0,27920.0,43260.0,51530.0
47-5061,"Roof Bolters, Mining",2017,3410.0,58450.0,59310.0,44360.0,51390.0,65670.0,77440.0
47-5071,"Roustabouts, Oil and Gas",2017,48140.0,36960.0,39850.0,26580.0,30550.0,47110.0,59050.0
47-5081,Helpers--Extraction Workers,2017,15280.0,35710.0,36870.0,24830.0,29390.0,43870.0,51070.0
47-5099,"Extraction Workers, All Other",2017,4970.0,49230.0,50690.0,26220.0,34430.0,63810.0,76900.0
49-1011,"First-Line Supervisors of Mechanics, Installers, and Repairers",2017,460370.0,64780.0,68120.0,39310.0,50560.0,82220.0,102350.0
49-2011,"Computer, Automated Teller, and Office Machine Repairers",2017,100580.0,37710.0,40140.0,23590.0,29220.0,48730.0,61060.0
49-2021,"Radio, Cellular, and Tower Equipment Installers and Repairers",2017,15310.0,56000.0,57050.0,32690.0,42010.0,71710.0,83340.0
49-2022,"Telecommunications Equipment Installers and Repairers, Except Line Installers",2017,233690.0,53380.0,55030.0,31100.0,39920.0,70350.0,80530.0
49-2091,Avionics Technicians,2017,18620.0,62650.0,63650.0,39960.0,51760.0,76770.0,91390.0
49-2092,"Electric Motor, Power Tool, and Related Repairers",2017,17220.0,42580.0,46230.0,25450.0,33180.0,55650.0,75680.0
49-2093,"Electrical and Electronics Installers and Repairers, Transportation Equipment",2017,12310.0,60840.0,62030.0,36840.0,47820.0,75930.0,92430.0
49-2094,"Electrical and Electronics Repairers, Commercial and Industrial Equipment",2017,64380.0,57190.0,58250.0,35180.0,45340.0,69030.0,82080.0
49-2095,"Electrical and Electronics Repairers, Powerhouse, Substation, and Relay",2017,24430.0,78410.0,77770.0,52440.0,66210.0,92270.0,102550.0
49-2096,"Electronic Equipment Installers and Repairers, Motor Vehicles",2017,11520.0,34530.0,36050.0,22040.0,27440.0,42510.0,52590.0
49-2097,Electronic Home Entertainment Equipment Installers and Repairers,2017,25810.0,37190.0,38980.0,21930.0,28400.0,47850.0,59460.0
49-2098,Security and Fire Alarm Systems Installers,2017,69830.0,45670.0,47100.0,28480.0,35510.0,57760.0,68580.0
49-3011,Aircraft Mechanics and Service Technicians,2017,131500.0,61020.0,62540.0,36030.0,48680.0,75880.0,92080.0
49-3021,Automotive Body and Related Repairers,2017,144320.0,41970.0,45630.0,25470.0,32530.0,55930.0,70670.0
49-3022,Automotive Glass Installers and Repairers,2017,20190.0,34170.0,35830.0,23040.0,27620.0,42660.0,50690.0
49-3023,Automotive Service Technicians and Mechanics,2017,639700.0,39550.0,42660.0,22610.0,29370.0,53590.0,65430.0
49-3031,Bus and Truck Mechanics and Diesel Engine Specialists,2017,260380.0,46360.0,48000.0,30400.0,36900.0,58110.0,69870.0
49-3041,Farm Equipment Mechanics and Service Technicians,2017,34410.0,39340.0,40880.0,26040.0,31920.0,49160.0,59350.0
49-3042,"Mobile Heavy Equipment Mechanics, Except Engines",2017,131590.0,50860.0,52370.0,33260.0,40850.0,61810.0,75360.0
49-3043,Rail Car Repairers,2017,24090.0,57460.0,56380.0,33030.0,43530.0,69340.0,78070.0
49-3051,Motorboat Mechanics and Service Technicians,2017,21160.0,38960.0,41350.0,23860.0,30650.0,50680.0,61940.0
49-3052,Motorcycle Mechanics,2017,15850.0,35680.0,38270.0,23140.0,28430.0,46280.0,58270.0
49-3053,Outdoor Power Equipment and Other Small Engine Mechanics,2017,31300.0,34370.0,36020.0,22130.0,27210.0,43000.0,52640.0
49-3091,Bicycle Repairers,2017,12720.0,28390.0,29370.0,20050.0,23280.0,34580.0,39810.0
49-3092,Recreational Vehicle Service Technicians,2017,14780.0,37200.0,39160.0,24720.0,30390.0,47340.0,58100.0
49-3093,Tire Repairers and Changers,2017,114690.0,26710.0,28510.0,19560.0,22330.0,32690.0,39730.0
49-9011,Mechanical Door Repairers,2017,21010.0,39510.0,41460.0,26660.0,32380.0,48940.0,59570.0
49-9012,"Control and Valve Installers and Repairers, Except Mechanical Door",2017,47700.0,55850.0,57660.0,31800.0,40640.0,73380.0,89600.0
49-9021,"Heating, Air Conditioning, and Refrigeration Mechanics and Installers",2017,307060.0,47080.0,49530.0,29120.0,36150.0,60270.0,75330.0
49-9031,Home Appliance Repairers,2017,32250.0,38160.0,40790.0,23170.0,29710.0,49820.0,61660.0
49-9041,Industrial Machinery Mechanics,2017,341260.0,51360.0,53110.0,33030.0,40770.0,62940.0,77540.0
49-9043,"Maintenance Workers, Machinery",2017,83520.0,45540.0,47240.0,28200.0,35650.0,57420.0,69500.0
49-9044,Millwrights,2017,41360.0,53980.0,55290.0,33350.0,41670.0,67820.0,80090.0
49-9045,"Refractory Materials Repairers, Except Brickmasons",2017,1310.0,48570.0,50080.0,29650.0,37630.0,58740.0,69030.0
49-9051,Electrical Power-Line Installers and Repairers,2017,116650.0,69380.0,68710.0,37600.0,52070.0,85370.0,99860.0
49-9052,Telecommunications Line Installers and Repairers,2017,107090.0,55060.0,56340.0,29060.0,37350.0,74440.0,85500.0
49-9061,Camera and Photographic Equipment Repairers,2017,3650.0,40770.0,42510.0,23840.0,29540.0,53320.0,63030.0
49-9062,Medical Equipment Repairers,2017,43670.0,48820.0,52260.0,29570.0,36680.0,63740.0,80460.0
49-9063,Musical Instrument Repairers and Tuners,2017,8240.0,36530.0,39040.0,22110.0,28020.0,47660.0,59310.0
49-9064,Watch Repairers,2017,2130.0,35770.0,39530.0,21340.0,25400.0,50840.0,62410.0
49-9069,"Precision Instrument and Equipment Repairers, All Other",2017,12010.0,56940.0,57850.0,33590.0,44050.0,68130.0,83570.0
49-9071,"Maintenance and Repair Workers, General",2017,1351210.0,37670.0,40280.0,22820.0,28930.0,49410.0,61720.0
49-9081,Wind Turbine Service Technicians,2017,4390.0,53880.0,56680.0,37850.0,44550.0,66330.0,80170.0
49-9091,"Coin, Vending, and Amusement Machine Servicers and Repairers",2017,34010.0,33690.0,35290.0,20280.0,25520.0,42720.0,52140.0
49-9092,Commercial Divers,2017,3280.0,47210.0,55270.0,30130.0,36940.0,63590.0,96850.0
49-9093,"Fabric Menders, Except Garment",2017,390.0,28640.0,29530.0,21390.0,25000.0,32330.0,39160.0
49-9094,Locksmiths and Safe Repairers,2017,17500.0,40680.0,42730.0,22940.0,30340.0,53700.0,63860.0
49-9095,Manufactured Building and Mobile Home Installers,2017,2750.0,30960.0,31810.0,21490.0,25540.0,37140.0,43800.0
49-9096,Riggers,2017,21000.0,48580.0,50270.0,28930.0,36460.0,60980.0,75340.0
49-9097,Signal and Track Switch Repairers,2017,8300.0,68400.0,65750.0,36370.0,56190.0,77140.0,87420.0
49-9098,"Helpers--Installation, Maintenance, and Repair Workers",2017,112080.0,28490.0,30430.0,19410.0,22810.0,36090.0,45390.0
49-9099,"Installation, Maintenance, and Repair Workers, All Other",2017,153850.0,38800.0,42500.0,23440.0,29610.0,52530.0,64980.0
51-1011,First-Line Supervisors of Production and Operating Workers,2017,611800.0,58870.0,62660.0,35020.0,44910.0,76370.0,97380.0
51-2011,"Aircraft Structure, Surfaces, Rigging, and Systems Assemblers",2017,41130.0,53510.0,55400.0,32600.0,40700.0,69850.0,80820.0
51-2021,"Coil Winders, Tapers, and Finishers",2017,13300.0,33310.0,35080.0,22060.0,26030.0,41830.0,51130.0
51-2028,"Electrical, Electronic, and Electromechanical Assemblers, Except Coil Winders, Tapers, and Finishers",2017,263040.0,32530.0,34900.0,22060.0,26300.0,40780.0,50900.0
51-2031,Engine and Other Machine Assemblers,2017,37770.0,43390.0,44520.0,27270.0,33270.0,56220.0,62940.0
51-2041,Structural Metal Fabricators and Fitters,2017,77600.0,38450.0,40490.0,25940.0,31370.0,47880.0,59040.0
51-2091,Fiberglass Laminators and Fabricators,2017,20040.0,32290.0,34960.0,22520.0,26590.0,39240.0,50640.0
51-2093,Timing Device Assemblers and Adjusters,2017,680.0,34800.0,37310.0,24470.0,28120.0,42210.0,53650.0
51-2098,"Assemblers and Fabricators, All Other, Including Team Assemblers",2017,1306150.0,30690.0,33180.0,20820.0,24350.0,39150.0,50730.0
51-3011,Bakers,2017,182890.0,25690.0,27920.0,19230.0,21730.0,31870.0,39830.0
51-3021,Butchers and Meat Cutters,2017,131530.0,30890.0,32570.0,20370.0,23940.0,39300.0,48550.0
51-3022,"Meat, Poultry, and Fish Cutters and Trimmers",2017,153280.0,25250.0,26430.0,19630.0,21860.0,30160.0,35690.0
51-3023,Slaughterers and Meat Packers,2017,77570.0,27530.0,27830.0,20300.0,23180.0,31570.0,37150.0
51-3091,"Food and Tobacco Roasting, Baking, and Drying Machine Operators and Tenders",2017,21130.0,29410.0,31680.0,19980.0,23190.0,38080.0,48790.0
51-3092,Food Batchmakers,2017,151950.0,28500.0,30880.0,20080.0,22960.0,37380.0,47060.0
51-3093,Food Cooking Machine Operators and Tenders,2017,33340.0,28420.0,30240.0,19740.0,22990.0,36010.0,44690.0
51-3099,"Food Processing Workers, All Other",2017,43540.0,24460.0,26390.0,20050.0,21770.0,29750.0,36370.0
51-4011,"Computer-Controlled Machine Tool Operators, Metal and Plastic",2017,144660.0,39230.0,41010.0,26270.0,31860.0,48910.0,59420.0
51-4012,"Computer Numerically Controlled Machine Tool Programmers, Metal and Plastic",2017,23790.0,52550.0,55770.0,33640.0,42020.0,65060.0,81960.0
51-4021,"Extruding and Drawing Machine Setters, Operators, and Tenders, Metal and Plastic",2017,73530.0,34600.0,36050.0,22930.0,27580.0,43360.0,51290.0
51-4022,"Forging Machine Setters, Operators, and Tenders, Metal and Plastic",2017,18300.0,38650.0,40340.0,24150.0,30270.0,49070.0,59790.0
51-4023,"Rolling Machine Setters, Operators, and Tenders, Metal and Plastic",2017,25610.0,37860.0,39840.0,25610.0,30200.0,48530.0,58720.0
51-4031,"Cutting, Punching, and Press Machine Setters, Operators, and Tenders, Metal and Plastic",2017,188520.0,33060.0,34770.0,22310.0,26710.0,40640.0,50670.0
51-4032,"Drilling and Boring Machine Tool Setters, Operators, and Tenders, Metal and Plastic",2017,11030.0,37270.0,40870.0,24770.0,29200.0,48880.0,61850.0
51-4033,"Grinding, Lapping, Polishing, and Buffing Machine Tool Setters, Operators, and Tenders, Metal and Plastic",2017,74600.0,33480.0,35520.0,22550.0,26920.0,42130.0,51270.0
51-4034,"Lathe and Turning Machine Tool Setters, Operators, and Tenders, Metal and Plastic",2017,29620.0,38580.0,40310.0,25550.0,31220.0,48260.0,58630.0
51-4035,"Milling and Planing Machine Setters, Operators, and Tenders, Metal and Plastic",2017,17820.0,42650.0,43330.0,25760.0,32970.0,52210.0,61840.0
51-4041,Machinists,2017,378320.0,42600.0,44160.0,26430.0,33410.0,53540.0,63790.0
51-4051,Metal-Refining Furnace Operators and Tenders,2017,17610.0,41300.0,41770.0,24890.0,32140.0,50210.0,60080.0
51-4052,"Pourers and Casters, Metal",2017,7600.0,38210.0,39930.0,25780.0,31040.0,47730.0,58160.0
51-4061,"Model Makers, Metal and Plastic",2017,5820.0,53670.0,54820.0,30610.0,39910.0,68180.0,81110.0
51-4062,"Patternmakers, Metal and Plastic",2017,3200.0,45030.0,45880.0,27660.0,34510.0,56850.0,64450.0
51-4071,Foundry Mold and Coremakers,2017,13960.0,35140.0,36440.0,24360.0,28550.0,43510.0,50860.0
51-4072,"Molding, Coremaking, and Casting Machine Setters, Operators, and Tenders, Metal and Plastic",2017,154860.0,31090.0,33570.0,21470.0,25130.0,39550.0,49920.0
51-4081,"Multiple Machine Tool Setters, Operators, and Tenders, Metal and Plastic",2017,121160.0,34800.0,36650.0,22770.0,27610.0,43890.0,53680.0
51-4111,Tool and Die Makers,2017,73510.0,52480.0,53260.0,32530.0,41510.0,63260.0,76450.0
51-4121,"Welders, Cutters, Solderers, and Brazers",2017,377250.0,40240.0,43410.0,27460.0,33260.0,50450.0,63170.0
51-4122,"Welding, Soldering, and Brazing Machine Setters, Operators, and Tenders",2017,38750.0,37190.0,38880.0,25260.0,30250.0,46220.0,56010.0
51-4191,"Heat Treating Equipment Setters, Operators, and Tenders, Metal and Plastic",2017,19340.0,37300.0,38720.0,25140.0,30110.0,46250.0,54970.0
51-4192,"Layout Workers, Metal and Plastic",2017,8550.0,46310.0,46890.0,28340.0,35960.0,56740.0,65300.0
51-4193,"Plating and Coating Machine Setters, Operators, and Tenders, Metal and Plastic",2017,37200.0,31920.0,34430.0,22240.0,25950.0,40100.0,50750.0
51-4194,"Tool Grinders, Filers, and Sharpeners",2017,8060.0,36390.0,38800.0,23300.0,28410.0,47310.0,58330.0
51-4199,"Metal Workers and Plastic Workers, All Other",2017,22470.0,35820.0,37440.0,21400.0,26710.0,46660.0,57610.0
51-5111,Prepress Technicians and Workers,2017,31500.0,39910.0,41770.0,24630.0,31160.0,50700.0,61900.0
51-5112,Printing Press Operators,2017,171130.0,35760.0,37860.0,21820.0,27240.0,46630.0,58090.0
51-5113,Print Binding and Finishing Workers,2017,48680.0,32040.0,34040.0,21210.0,25140.0,40930.0,50160.0
51-6011,Laundry and Dry-Cleaning Workers,2017,209350.0,22370.0,23770.0,17830.0,19550.0,25930.0,31840.0
51-6021,"Pressers, Textile, Garment, and Related Materials",2017,42830.0,22440.0,23080.0,17700.0,19620.0,25510.0,30110.0
51-6031,Sewing Machine Operators,2017,136530.0,24320.0,26250.0,18770.0,21220.0,30000.0,37090.0
51-6041,Shoe and Leather Workers and Repairers,2017,7180.0,25610.0,27550.0,18750.0,20850.0,31680.0,38680.0
51-6042,Shoe Machine Operators and Tenders,2017,3500.0,27420.0,27530.0,18320.0,20720.0,32250.0,37660.0
51-6051,"Sewers, Hand",2017,6190.0,26230.0,27540.0,19970.0,21930.0,31140.0,37860.0
51-6052,"Tailors, Dressmakers, and Custom Sewers",2017,20440.0,28600.0,32150.0,19960.0,22830.0,38710.0,50450.0
51-6061,Textile Bleaching and Dyeing Machine Operators and Tenders,2017,9800.0,28280.0,29150.0,21390.0,23850.0,33160.0,38510.0
51-6062,"Textile Cutting Machine Setters, Operators, and Tenders",2017,14150.0,26890.0,28400.0,19590.0,22060.0,33100.0,39960.0
51-6063,"Textile Knitting and Weaving Machine Setters, Operators, and Tenders",2017,20920.0,27960.0,29100.0,20380.0,23100.0,33950.0,39660.0
51-6064,"Textile Winding, Twisting, and Drawing Out Machine Setters, Operators, and Tenders",2017,30940.0,28270.0,28920.0,21290.0,24790.0,31840.0,38130.0
51-6091,"Extruding and Forming Machine Setters, Operators, and Tenders, Synthetic and Glass Fibers",2017,18880.0,33470.0,34720.0,22740.0,27010.0,40980.0,49690.0
51-6092,Fabric and Apparel Patternmakers,2017,4810.0,40460.0,49690.0,24060.0,31120.0,65410.0,90470.0
51-6093,Upholsterers,2017,32500.0,33660.0,35060.0,21160.0,26530.0,41100.0,51260.0
51-6099,"Textile, Apparel, and Furnishings Workers, All Other",2017,14610.0,26670.0,31280.0,19410.0,22210.0,36600.0,52770.0
51-7011,Cabinetmakers and Bench Carpenters,2017,97820.0,33920.0,35740.0,22020.0,26830.0,42710.0,52580.0
51-7021,Furniture Finishers,2017,17530.0,31300.0,33170.0,21530.0,25760.0,38720.0,48610.0
51-7031,"Model Makers, Wood",2017,850.0,50150.0,52000.0,32150.0,36680.0,66460.0,79220.0
51-7032,"Patternmakers, Wood",2017,770.0,52380.0,51760.0,28060.0,36840.0,65440.0,76860.0
51-7041,"Sawing Machine Setters, Operators, and Tenders, Wood",2017,51950.0,29080.0,30670.0,20560.0,23760.0,36310.0,44190.0
51-7042,"Woodworking Machine Setters, Operators, and Tenders, Except Sawing",2017,79650.0,29110.0,30370.0,20500.0,23930.0,35890.0,42880.0
51-7099,"Woodworkers, All Other",2017,6490.0,30680.0,33650.0,19750.0,23140.0,42700.0,52540.0
51-8011,Nuclear Power Reactor Operators,2017,6010.0,93370.0,94350.0,67590.0,80420.0,109540.0,126380.0
51-8012,Power Distributors and Dispatchers,2017,12110.0,82510.0,82310.0,54090.0,68070.0,97840.0,111250.0
51-8013,Power Plant Operators,2017,34170.0,77180.0,75970.0,45230.0,60870.0,92740.0,103880.0
51-8021,Stationary Engineers and Boiler Operators,2017,32790.0,59890.0,62710.0,36420.0,47040.0,75530.0,95110.0
51-8031,Water and Wastewater Treatment Plant and System Operators,2017,117450.0,46150.0,48290.0,27910.0,35560.0,58930.0,73410.0
51-8091,Chemical Plant and System Operators,2017,30290.0,62170.0,61620.0,35290.0,47440.0,76280.0,87060.0
51-8092,Gas Plant Operators,2017,14890.0,69030.0,69600.0,45850.0,56700.0,80990.0,97260.0
51-8093,"Petroleum Pump System Operators, Refinery Operators, and Gaugers",2017,38700.0,67770.0,68190.0,42020.0,52180.0,82090.0,97640.0
51-8099,"Plant and System Operators, All Other",2017,12360.0,56330.0,57150.0,33130.0,42920.0,69010.0,80680.0
51-9011,Chemical Equipment Operators and Tenders,2017,77870.0,47800.0,50690.0,27860.0,35530.0,63200.0,78460.0
51-9012,"Separating, Filtering, Clarifying, Precipitating, and Still Machine Setters, Operators, and Tenders",2017,48450.0,39040.0,42540.0,24510.0,30470.0,51570.0,64900.0
51-9021,"Crushing, Grinding, and Polishing Machine Setters, Operators, and Tenders",2017,31390.0,35380.0,37220.0,23220.0,27880.0,45110.0,53850.0
51-9022,"Grinding and Polishing Workers, Hand",2017,30320.0,28830.0,30840.0,20870.0,23750.0,36090.0,44750.0
51-9023,"Mixing and Blending Machine Setters, Operators, and Tenders",2017,129490.0,36600.0,38730.0,23470.0,28890.0,46550.0,57560.0
51-9031,"Cutters and Trimmers, Hand",2017,12230.0,28210.0,30360.0,20330.0,22940.0,35640.0,44010.0
51-9032,"Cutting and Slicing Machine Setters, Operators, and Tenders",2017,60460.0,33610.0,34630.0,22440.0,27050.0,41100.0,49180.0
51-9041,"Extruding, Forming, Pressing, and Compacting Machine Setters, Operators, and Tenders",2017,76120.0,33680.0,35430.0,22950.0,27290.0,42190.0,51090.0
51-9051,"Furnace, Kiln, Oven, Drier, and Kettle Operators and Tenders",2017,18030.0,37580.0,39280.0,24570.0,30000.0,47870.0,57920.0
51-9061,"Inspectors, Testers, Sorters, Samplers, and Weighers",2017,537500.0,37340.0,41040.0,22560.0,28370.0,49810.0,64450.0
51-9071,Jewelers and Precious Stone and Metal Workers,2017,25710.0,37960.0,42180.0,22240.0,27790.0,50560.0,65140.0
51-9081,Dental Laboratory Technicians,2017,35630.0,38670.0,41990.0,23350.0,29570.0,50890.0,63480.0
51-9082,Medical Appliance Technicians,2017,13640.0,37190.0,40460.0,23460.0,29060.0,48350.0,61170.0
51-9083,Ophthalmic Laboratory Technicians,2017,30100.0,30960.0,34030.0,21810.0,25680.0,39130.0,50360.0
51-9111,Packaging and Filling Machine Operators and Tenders,2017,392910.0,29350.0,31990.0,20430.0,23530.0,38090.0,48550.0
51-9121,"Coating, Painting, and Spraying Machine Setters, Operators, and Tenders",2017,86270.0,33820.0,35670.0,23000.0,27340.0,41990.0,51400.0
51-9122,"Painters, Transportation Equipment",2017,52880.0,41850.0,46380.0,26730.0,33170.0,54780.0,71880.0
51-9123,"Painting, Coating, and Decorating Workers",2017,13360.0,30820.0,33090.0,21130.0,24840.0,38780.0,48690.0
51-9141,Semiconductor Processors,2017,23540.0,36580.0,38860.0,25910.0,29830.0,45700.0,56490.0
51-9151,Photographic Process Workers and Processing Machine Operators,2017,22450.0,27480.0,32870.0,20500.0,22900.0,36860.0,49870.0
51-9191,Adhesive Bonding Machine Operators and Tenders,2017,15860.0,32710.0,34630.0,21670.0,26330.0,41400.0,50070.0
51-9192,"Cleaning, Washing, and Metal Pickling Equipment Operators and Tenders",2017,17410.0,29950.0,32270.0,21290.0,24190.0,37740.0,47830.0
51-9193,Cooling and Freezing Equipment Operators and Tenders,2017,8630.0,30860.0,33590.0,21170.0,25000.0,40040.0,50640.0
51-9194,Etchers and Engravers,2017,8620.0,30890.0,33860.0,20910.0,24870.0,38600.0,48910.0
51-9195,"Molders, Shapers, and Casters, Except Metal and Plastic",2017,41320.0,31950.0,33810.0,21860.0,25830.0,39380.0,49140.0
51-9196,"Paper Goods Machine Setters, Operators, and Tenders",2017,94620.0,37890.0,39770.0,22970.0,28730.0,48880.0,60790.0
51-9197,Tire Builders,2017,21910.0,40230.0,41980.0,25610.0,30400.0,54520.0,61440.0
51-9198,Helpers--Production Workers,2017,402140.0,26070.0,28070.0,19090.0,21830.0,32730.0,39680.0
51-9199,"Production Workers, All Other",2017,256050.0,28890.0,32910.0,19820.0,22780.0,39340.0,52510.0
53-1011,Aircraft Cargo Handling Supervisors,2017,8270.0,48150.0,52970.0,31730.0,37280.0,63940.0,81790.0
53-1048,"First-Line Supervisors of Transportation and Material Moving Workers, Except Aircraft Cargo Handling Supervisors",2017,395350.0,53810.0,56400.0,32210.0,39990.0,69070.0,84780.0
53-2011,"Airline Pilots, Copilots, and Flight Engineers",2017,84070.0,137330.0,161280.0,68230.0,92500.0,,
53-2012,Commercial Pilots,2017,38490.0,78740.0,89350.0,43570.0,58910.0,106990.0,152180.0
53-2021,Air Traffic Controllers,2017,22790.0,124540.0,120260.0,67440.0,86610.0,151620.0,175800.0
53-2022,Airfield Operations Specialists,2017,9590.0,52360.0,56060.0,27410.0,37340.0,67370.0,93090.0
53-2031,Flight Attendants,2017,119000.0,50500.0,52660.0,26860.0,41040.0,63090.0,79520.0
53-3011,"Ambulance Drivers and Attendants, Except Emergency Medical Technicians",2017,15310.0,24260.0,26740.0,18810.0,21090.0,29860.0,39140.0
53-3021,"Bus Drivers, Transit and Intercity",2017,176140.0,40780.0,43290.0,24830.0,30890.0,53570.0,67860.0
53-3022,"Bus Drivers, School or Special Client",2017,507340.0,31060.0,32130.0,18790.0,23780.0,38950.0,47860.0
53-3031,Driver/Sales Workers,2017,426870.0,24040.0,29090.0,17660.0,19290.0,35980.0,48730.0
53-3032,Heavy and Tractor-Trailer Truck Drivers,2017,1748140.0,42480.0,44500.0,27510.0,34210.0,53030.0,64000.0
53-3033,Light Truck or Delivery Services Drivers,2017,877670.0,31450.0,35610.0,19610.0,23550.0,43370.0,61120.0
53-3041,Taxi Drivers and Chauffeurs,2017,198470.0,24880.0,27480.0,18750.0,21130.0,31210.0,39380.0
53-3099,"Motor Vehicle Operators, All Other",2017,56950.0,26640.0,32690.0,18330.0,20450.0,42960.0,54050.0
53-4011,Locomotive Engineers,2017,35680.0,60990.0,65980.0,45260.0,53060.0,79900.0,95540.0
53-4012,Locomotive Firers,2017,670.0,60360.0,62220.0,40040.0,54480.0,70450.0,92400.0
53-4013,"Rail Yard Engineers, Dinkey Operators, and Hostlers",2017,6140.0,50150.0,51930.0,26320.0,38020.0,61150.0,85870.0
53-4021,"Railroad Brake, Signal, and Switch Operators",2017,14190.0,57260.0,58500.0,34310.0,44800.0,73110.0,83900.0
53-4031,Railroad Conductors and Yardmasters,2017,44490.0,60300.0,63370.0,42950.0,51370.0,76050.0,91630.0
53-4041,Subway and Streetcar Operators,2017,12070.0,66420.0,63950.0,44470.0,55890.0,74680.0,79970.0
53-4099,"Rail Transportation Workers, All Other",2017,4690.0,58690.0,59950.0,31220.0,42880.0,77710.0,92720.0
53-5011,Sailors and Marine Oilers,2017,30940.0,40730.0,46560.0,23850.0,29600.0,56110.0,73870.0
53-5021,"Captains, Mates, and Pilots of Water Vessels",2017,35780.0,70920.0,80970.0,35640.0,49340.0,101510.0,138620.0
53-5022,Motorboat Operators,2017,2510.0,44600.0,45870.0,20860.0,28770.0,62520.0,73680.0
53-5031,Ship Engineers,2017,7890.0,73110.0,77970.0,41230.0,53050.0,96950.0,126340.0
53-6011,Bridge and Lock Tenders,2017,3240.0,50240.0,47280.0,25250.0,37090.0,57090.0,62420.0
53-6021,Parking Lot Attendants,2017,145400.0,22810.0,24330.0,18320.0,20140.0,26270.0,32420.0
53-6031,Automotive and Watercraft Service Attendants,2017,118850.0,23390.0,25100.0,18620.0,20300.0,28000.0,35160.0
53-6041,Traffic Technicians,2017,6980.0,45670.0,49290.0,27880.0,35330.0,61940.0,76430.0
53-6051,Transportation Inspectors,2017,30030.0,72140.0,73720.0,30160.0,50820.0,96090.0,120340.0
53-6061,"Transportation Attendants, Except Flight Attendants",2017,24360.0,27830.0,31800.0,18820.0,21300.0,37590.0,52980.0
53-6099,"Transportation Workers, All Other",2017,38460.0,36760.0,40050.0,21100.0,26220.0,55140.0,62240.0
53-7011,Conveyor Operators and Tenders,2017,26570.0,32300.0,34480.0,22930.0,27130.0,39890.0,50340.0
53-7021,Crane and Tower Operators,2017,43660.0,52200.0,55690.0,30910.0,38840.0,68160.0,84290.0
53-7031,Dredge Operators,2017,1410.0,43230.0,46340.0,29270.0,35150.0,53380.0,65580.0
53-7032,Excavating and Loading Machine and Dragline Operators,2017,45450.0,42500.0,46780.0,28360.0,34470.0,55070.0,71860.0
53-7033,"Loading Machine Operators, Underground Mining",2017,2340.0,52420.0,51780.0,32730.0,39990.0,61970.0,72650.0
53-7041,Hoist and Winch Operators,2017,3080.0,43210.0,54910.0,27930.0,33320.0,66640.0,111290.0
53-7051,Industrial Truck and Tractor Operators,2017,570300.0,33630.0,35370.0,23680.0,27760.0,40960.0,50010.0
53-7061,Cleaners of Vehicles and Equipment,2017,373290.0,23360.0,25770.0,18130.0,20160.0,28790.0,37170.0
53-7062,"Laborers and Freight, Stock, and Material Movers, Hand",2017,2711320.0,27040.0,29690.0,19870.0,22450.0,34730.0,44030.0
53-7063,Machine Feeders and Offbearers,2017,74350.0,28510.0,30710.0,20340.0,23140.0,36820.0,45810.0
53-7064,"Packers and Packagers, Hand",2017,700560.0,23430.0,25410.0,18320.0,20190.0,28660.0,36470.0
53-7071,Gas Compressor and Gas Pumping Station Operators,2017,3560.0,62810.0,61960.0,42000.0,52820.0,72960.0,80430.0
53-7072,"Pump Operators, Except Wellhead Pumpers",2017,11500.0,43500.0,47040.0,27780.0,33420.0,59020.0,73770.0
53-7073,Wellhead Pumpers,2017,11200.0,52260.0,53120.0,30570.0,38040.0,65420.0,79110.0
53-7081,Refuse and Recyclable Material Collectors,2017,115130.0,36160.0,38920.0,21420.0,27300.0,47640.0,62720.0
53-7111,Mine Shuttle Car Operators,2017,1550.0,56890.0,56510.0,44260.0,50410.0,62390.0,66890.0
53-7121,"Tank Car, Truck, and Ship Loaders",2017,10300.0,36860.0,40290.0,23700.0,28770.0,47690.0,66180.0
53-7199,"Material Moving Workers, All Other",2017,25990.0,29610.0,35620.0,21540.0,23880.0,43980.0,59050.0
11-1011,Chief Executives,2018,195530.0,189600.0,200140.0,68360.0,115960.0,,
11-1021,General and Operations Managers,2018,2289770.0,100930.0,123880.0,44710.0,65650.0,157120.0,
11-1031,Legislators,2018,50330.0,24670.0,47620.0,17510.0,18840.0,72800.0,98890.0
11-2011,Advertising and Promotions Managers,2018,25260.0,117130.0,133090.0,57150.0,82200.0,163370.0,
11-2021,Marketing Managers,2018,240440.0,134290.0,147240.0,69840.0,95770.0,181780.0,
11-2022,Sales Managers,2018,379050.0,124220.0,140320.0,58940.0,84790.0,173510.0,
11-2031,Public Relations and Fundraising Managers,2018,72460.0,114800.0,131570.0,64250.0,84120.0,158760.0,
11-3011,Administrative Services Managers,2018,283570.0,96180.0,106050.0,55000.0,71850.0,127100.0,165470.0
11-3021,Computer and Information Systems Managers,2018,391430.0,142530.0,152860.0,85380.0,110110.0,180190.0,
11-3031,Financial Managers,2018,608120.0,127990.0,146830.0,67620.0,91420.0,178840.0,
11-3051,Industrial Production Managers,2018,181310.0,103380.0,113370.0,63470.0,80530.0,134060.0,172150.0
11-3061,Purchasing Managers,2018,69490.0,118940.0,125630.0,69860.0,90460.0,149960.0,187060.0
11-3071,"Transportation, Storage, and Distribution Managers",2018,124810.0,94730.0,102850.0,56050.0,72340.0,123550.0,158370.0
11-3111,Compensation and Benefits Managers,2018,15660.0,121010.0,132860.0,70560.0,91480.0,160450.0,205470.0
11-3121,Human Resources Managers,2018,143580.0,113300.0,126700.0,66870.0,85750.0,152760.0,201380.0
11-3131,Training and Development Managers,2018,35690.0,111340.0,121730.0,63600.0,83160.0,149010.0,192970.0
11-9013,"Farmers, Ranchers, and Other Agricultural Managers",2018,4770.0,67950.0,79940.0,35440.0,50130.0,100070.0,136940.0
11-9021,Construction Managers,2018,278460.0,93370.0,103110.0,55240.0,70670.0,123720.0,161510.0
11-9031,"Education Administrators, Preschool and Childcare Center/Program",2018,50650.0,47940.0,53990.0,30900.0,37610.0,62500.0,83730.0
11-9032,"Education Administrators, Elementary and Secondary School",2018,263120.0,95310.0,98750.0,61490.0,75680.0,119540.0,144950.0
11-9033,"Education Administrators, Postsecondary",2018,143430.0,94340.0,111210.0,54680.0,69600.0,132350.0,190600.0
11-9039,"Education Administrators, All Other",2018,41000.0,82850.0,89570.0,44130.0,59310.0,111550.0,141000.0
11-9041,Architectural and Engineering Managers,2018,188290.0,140760.0,148970.0,89620.0,112400.0,173180.0,
11-9051,Food Service Managers,2018,219160.0,54240.0,58960.0,31580.0,40650.0,71200.0,92410.0
11-9061,Funeral Service Managers,2018,8400.0,79180.0,93820.0,41410.0,59970.0,110870.0,151680.0
11-9071,Gaming Managers,2018,4300.0,74700.0,85260.0,47150.0,58980.0,97770.0,134490.0
11-9081,Lodging Managers,2018,37050.0,53390.0,62270.0,30860.0,39270.0,74350.0,102410.0
11-9111,Medical and Health Services Managers,2018,372670.0,99730.0,113730.0,58680.0,76050.0,130820.0,182600.0
11-9121,Natural Sciences Managers,2018,60260.0,123860.0,139680.0,65000.0,92430.0,165900.0,
11-9131,Postmasters and Mail Superintendents,2018,13770.0,75970.0,77040.0,64220.0,68410.0,84810.0,93630.0
11-9141,"Property, Real Estate, and Community Association Managers",2018,202550.0,58340.0,71730.0,29700.0,41210.0,85120.0,126200.0
11-9151,Social and Community Service Managers,2018,149870.0,65320.0,71670.0,40720.0,51100.0,86170.0,111150.0
11-9161,Emergency Management Directors,2018,9550.0,74420.0,82570.0,40460.0,53580.0,104800.0,141130.0
11-9199,"Managers, All Other",2018,462840.0,107480.0,115590.0,52550.0,75460.0,143230.0,183430.0
13-1011,"Agents and Business Managers of Artists, Performers, and Athletes",2018,14830.0,66040.0,90930.0,33440.0,45340.0,107720.0,187600.0
13-1020,Buyers and Purchasing Agents,2018,407410.0,62750.0,67530.0,37080.0,47900.0,82430.0,104190.0
13-1031,"Claims Adjusters, Examiners, and Investigators",2018,287730.0,65900.0,67540.0,39620.0,50020.0,81390.0,98660.0
13-1032,"Insurance Appraisers, Auto Damage",2018,15200.0,62520.0,65510.0,43170.0,52200.0,77410.0,94060.0
13-1041,Compliance Officers,2018,300900.0,68860.0,72520.0,38320.0,50620.0,90980.0,109650.0
13-1051,Cost Estimators,2018,211600.0,64040.0,69710.0,38060.0,49850.0,84000.0,107940.0
13-1071,Human Resources Specialists,2018,593790.0,60880.0,66790.0,36270.0,46460.0,80120.0,104390.0
13-1074,Farm Labor Contractors,2018,200.0,46150.0,52930.0,23560.0,32800.0,73630.0,91160.0
13-1075,Labor Relations Specialists,2018,77140.0,67790.0,70730.0,19270.0,43560.0,93530.0,123340.0
13-1081,Logisticians,2018,169820.0,74600.0,78730.0,44440.0,57450.0,95980.0,119950.0
13-1111,Management Analysts,2018,684470.0,83610.0,94390.0,48360.0,62500.0,112140.0,152760.0
13-1121,"Meeting, Convention, and Event Planners",2018,110120.0,49370.0,53730.0,27560.0,36720.0,64910.0,84900.0
13-1131,Fundraisers,2018,75700.0,56950.0,61610.0,33810.0,43540.0,74860.0,97380.0
13-1141,"Compensation, Benefits, and Job Analysis Specialists",2018,83550.0,63000.0,67910.0,39270.0,48830.0,80590.0,102400.0
13-1151,Training and Development Specialists,2018,291380.0,60870.0,65120.0,32950.0,44480.0,80870.0,102740.0
13-1161,Market Research Analysts and Marketing Specialists,2018,638200.0,63120.0,70960.0,34310.0,46360.0,88680.0,121080.0
13-1199,"Business Operations Specialists, All Other",2018,1060580.0,70530.0,76960.0,38420.0,52200.0,94890.0,123000.0
13-2011,Accountants and Auditors,2018,1259930.0,70500.0,78820.0,43650.0,55070.0,92910.0,122840.0
13-2021,Appraisers and Assessors of Real Estate,2018,57900.0,54980.0,61870.0,29690.0,40310.0,77290.0,102590.0
13-2031,Budget Analysts,2018,52810.0,76220.0,79830.0,49860.0,60720.0,96250.0,116300.0
13-2041,Credit Analysts,2018,74820.0,71520.0,82300.0,43100.0,54540.0,98180.0,137610.0
13-2051,Financial Analysts,2018,306200.0,85660.0,100990.0,52540.0,65350.0,116360.0,167420.0
13-2052,Personal Financial Advisors,2018,200260.0,88890.0,121770.0,41590.0,57290.0,157710.0,
13-2053,Insurance Underwriters,2018,96040.0,69380.0,76880.0,42260.0,53200.0,93550.0,122840.0
13-2061,Financial Examiners,2018,58590.0,80180.0,90310.0,42150.0,57910.0,111080.0,154590.0
13-2071,Credit Counselors,2018,35740.0,45180.0,49820.0,30440.0,36230.0,57800.0,76690.0
13-2072,Loan Officers,2018,304950.0,63040.0,76270.0,31870.0,44500.0,92240.0,132080.0
13-2081,"Tax Examiners and Collectors, and Revenue Agents",2018,54550.0,54440.0,60500.0,32500.0,41420.0,75820.0,101120.0
13-2082,Tax Preparers,2018,68090.0,39390.0,46860.0,20550.0,26280.0,60120.0,81720.0
13-2099,"Financial Specialists, All Other",2018,128760.0,70280.0,77580.0,38030.0,51100.0,94580.0,123360.0
15-1111,Computer and Information Research Scientists,2018,30070.0,118370.0,123850.0,69230.0,91650.0,149470.0,183820.0
15-1121,Computer Systems Analysts,2018,587970.0,88740.0,93610.0,54360.0,68730.0,113460.0,142220.0
15-1122,Information Security Analysts,2018,108060.0,98350.0,102470.0,56750.0,73890.0,126870.0,156580.0
15-1131,Computer Programmers,2018,230470.0,84280.0,89580.0,48790.0,64410.0,109120.0,134630.0
15-1132,"Software Developers, Applications",2018,903160.0,103620.0,108080.0,61660.0,79340.0,130460.0,161290.0
15-1133,"Software Developers, Systems Software",2018,405330.0,110000.0,114000.0,66740.0,85610.0,139550.0,166960.0
15-1134,Web Developers,2018,127300.0,69430.0,75580.0,37930.0,50990.0,95020.0,124480.0
15-1141,Database Administrators,2018,110090.0,90070.0,92030.0,50340.0,66200.0,116060.0,138320.0
15-1142,Network and Computer Systems Administrators,2018,366250.0,82050.0,87070.0,50990.0,64010.0,104970.0,130720.0
15-1143,Computer Network Architects,2018,152670.0,109020.0,111130.0,60310.0,81960.0,137820.0,164280.0
15-1151,Computer User Support Specialists,2018,630700.0,50980.0,55050.0,31220.0,39310.0,65640.0,84510.0
15-1152,Computer Network Support Specialists,2018,181360.0,62770.0,68050.0,38270.0,48160.0,82290.0,105770.0
15-1199,"Computer Occupations, All Other",2018,381380.0,90270.0,93350.0,47350.0,66410.0,117070.0,144820.0
15-2011,Actuaries,2018,20760.0,102880.0,116250.0,61140.0,76720.0,141760.0,186110.0
15-2021,Mathematicians,2018,2580.0,101900.0,104870.0,57150.0,73490.0,126070.0,160550.0
15-2031,Operations Research Analysts,2018,104200.0,83390.0,88350.0,46810.0,61280.0,109670.0,136250.0
15-2041,Statisticians,2018,39920.0,87780.0,92600.0,53000.0,67440.0,113670.0,139350.0
15-2090,Miscellaneous Mathematical Science Occupations,2018,2010.0,57190.0,72390.0,30460.0,37570.0,89030.0,147670.0
17-1011,"Architects, Except Landscape and Naval",2018,104360.0,79380.0,88860.0,48020.0,61280.0,104510.0,138120.0
17-1012,Landscape Architects,2018,18660.0,68230.0,73160.0,40710.0,53080.0,89450.0,113340.0
17-1021,Cartographers and Photogrammetrists,2018,11050.0,64430.0,68340.0,40960.0,51180.0,82810.0,101400.0
17-1022,Surveyors,2018,45310.0,62580.0,66440.0,35160.0,46590.0,82140.0,102220.0
17-2011,Aerospace Engineers,2018,63960.0,115220.0,117100.0,71640.0,89830.0,143340.0,164210.0
17-2021,Agricultural Engineers,2018,1630.0,77110.0,79090.0,46500.0,59940.0,95110.0,116850.0
17-2031,Biomedical Engineers,2018,18970.0,88550.0,95090.0,51890.0,67830.0,114930.0,144350.0
17-2041,Chemical Engineers,2018,32060.0,104910.0,114470.0,64890.0,81900.0,133320.0,169770.0
17-2051,Civil Engineers,2018,306030.0,86640.0,93720.0,54780.0,67430.0,112850.0,142560.0
17-2061,Computer Hardware Engineers,2018,60750.0,114600.0,117840.0,66700.0,86760.0,146020.0,172630.0
17-2071,Electrical Engineers,2018,186490.0,96640.0,101600.0,61190.0,75430.0,123160.0,153240.0
17-2072,"Electronics Engineers, Except Computer",2018,134110.0,102700.0,107930.0,64840.0,79640.0,130150.0,162200.0
17-2081,Environmental Engineers,2018,53070.0,87620.0,92640.0,53180.0,66590.0,112230.0,137090.0
17-2111,"Health and Safety Engineers, Except Mining Safety Engineers and Inspectors",2018,26230.0,89130.0,93630.0,53170.0,67420.0,116220.0,142970.0
17-2112,Industrial Engineers,2018,279550.0,87040.0,91630.0,56470.0,69690.0,108560.0,132340.0
17-2121,Marine Engineers and Naval Architects,2018,11350.0,92560.0,98970.0,65090.0,74670.0,118980.0,148950.0
17-2131,Materials Engineers,2018,26930.0,92390.0,96930.0,57110.0,71960.0,119360.0,148110.0
17-2141,Mechanical Engineers,2018,303440.0,87370.0,92800.0,56270.0,69410.0,110520.0,136550.0
17-2151,"Mining and Geological Engineers, Including Mining Safety Engineers",2018,5780.0,92250.0,98420.0,54550.0,70290.0,122020.0,151030.0
17-2161,Nuclear Engineers,2018,15980.0,107600.0,110790.0,68560.0,85840.0,129000.0,162360.0
17-2171,Petroleum Engineers,2018,32510.0,137170.0,156370.0,74270.0,103610.0,191780.0,
17-2199,"Engineers, All Other",2018,142030.0,96980.0,99410.0,50750.0,69890.0,126200.0,155650.0
17-3011,Architectural and Civil Drafters,2018,97610.0,54920.0,56700.0,35020.0,43660.0,67120.0,80880.0
17-3012,Electrical and Electronics Drafters,2018,24900.0,60070.0,64400.0,36660.0,46330.0,78200.0,99240.0
17-3013,Mechanical Drafters,2018,56170.0,55920.0,59010.0,35720.0,44230.0,70190.0,88280.0
17-3019,"Drafters, All Other",2018,14580.0,51850.0,54240.0,33000.0,40310.0,63740.0,79980.0
17-3021,Aerospace Engineering and Operations Technicians,2018,10110.0,67010.0,68970.0,42610.0,53180.0,81030.0,100310.0
17-3022,Civil Engineering Technicians,2018,71150.0,52580.0,54670.0,33290.0,40160.0,65370.0,79600.0
17-3023,Electrical and Electronics Engineering Technicians,2018,126950.0,64330.0,65050.0,38110.0,49630.0,77660.0,95140.0
17-3024,Electro-Mechanical Technicians,2018,13520.0,57790.0,60240.0,37090.0,45720.0,72560.0,88860.0
17-3025,Environmental Engineering Technicians,2018,17310.0,50560.0,54800.0,32380.0,38510.0,65460.0,82800.0
17-3026,Industrial Engineering Technicians,2018,66540.0,55460.0,58860.0,34920.0,43690.0,70380.0,88340.0
17-3027,Mechanical Engineering Technicians,2018,41460.0,56250.0,58240.0,34900.0,43800.0,70630.0,85430.0
17-3029,"Engineering Technicians, Except Drafters, All Other",2018,83360.0,63200.0,65720.0,36120.0,47500.0,80670.0,98720.0
17-3031,Surveying and Mapping Technicians,2018,52300.0,44380.0,47690.0,27360.0,34300.0,58250.0,74110.0
19-1011,Animal Scientists,2018,2530.0,58380.0,67690.0,36270.0,45350.0,78230.0,113430.0
19-1012,Food Scientists and Technologists,2018,13330.0,65300.0,72570.0,39510.0,50660.0,89150.0,118630.0
19-1013,Soil and Plant Scientists,2018,15010.0,63950.0,70630.0,38570.0,48910.0,84060.0,115400.0
19-1021,Biochemists and Biophysicists,2018,28500.0,93280.0,105940.0,49230.0,64230.0,129950.0,177680.0
19-1022,Microbiologists,2018,20030.0,71650.0,81150.0,41820.0,51740.0,105890.0,133550.0
19-1023,Zoologists and Wildlife Biologists,2018,17860.0,63420.0,67760.0,40290.0,50460.0,79070.0,102830.0
19-1029,"Biological Scientists, All Other",2018,42640.0,79590.0,83600.0,45030.0,60250.0,98040.0,126390.0
19-1031,Conservation Scientists,2018,22200.0,61310.0,65320.0,34020.0,46210.0,79600.0,98450.0
19-1032,Foresters,2018,8410.0,61410.0,63150.0,41350.0,50400.0,73550.0,86870.0
19-1041,Epidemiologists,2018,7060.0,69660.0,75690.0,42240.0,54930.0,89950.0,112600.0
19-1042,"Medical Scientists, Except Epidemiologists",2018,120320.0,84810.0,96420.0,46810.0,59580.0,118040.0,156980.0
19-1099,"Life Scientists, All Other",2018,6850.0,78190.0,89150.0,43390.0,56500.0,109060.0,149930.0
19-2011,Astronomers,2018,2160.0,105680.0,111090.0,57490.0,74300.0,147710.0,165770.0
19-2012,Physicists,2018,17620.0,120950.0,125280.0,59300.0,85090.0,158350.0,193280.0
19-2021,Atmospheric and Space Scientists,2018,9310.0,94110.0,95580.0,50040.0,69380.0,116090.0,142500.0
19-2031,Chemists,2018,84560.0,76890.0,83850.0,43920.0,56290.0,103820.0,133180.0
19-2032,Materials Scientists,2018,7730.0,99800.0,102450.0,52560.0,70400.0,129470.0,159970.0
19-2041,"Environmental Scientists and Specialists, Including Health",2018,80480.0,71130.0,77580.0,42520.0,53580.0,94590.0,124620.0
19-2042,"Geoscientists, Except Hydrologists and Geographers",2018,29260.0,91130.0,107800.0,49430.0,64390.0,128580.0,187990.0
19-2043,Hydrologists,2018,6290.0,79370.0,82790.0,48820.0,61280.0,100090.0,122890.0
19-2099,"Physical Scientists, All Other",2018,17380.0,107230.0,110090.0,51730.0,75830.0,136930.0,164210.0
19-3011,Economists,2018,18650.0,104340.0,116020.0,58130.0,77270.0,141780.0,182560.0
19-3022,Survey Researchers,2018,11690.0,57700.0,63240.0,29620.0,41200.0,78360.0,103400.0
19-3031,"Clinical, Counseling, and School Psychologists",2018,110490.0,76990.0,85340.0,44040.0,58220.0,100760.0,129310.0
19-3032,Industrial-Organizational Psychologists,2018,780.0,97260.0,109030.0,51350.0,61950.0,138180.0,192150.0
19-3039,"Psychologists, All Other",2018,13480.0,100770.0,95610.0,41220.0,72540.0,113440.0,127510.0
19-3041,Sociologists,2018,2710.0,82050.0,90290.0,46170.0,63610.0,110680.0,140430.0
19-3051,Urban and Regional Planners,2018,37840.0,73050.0,76240.0,45180.0,56970.0,92180.0,114170.0
19-3091,Anthropologists and Archeologists,2018,6020.0,62410.0,65310.0,36840.0,48020.0,80230.0,97170.0
19-3092,Geographers,2018,1390.0,80300.0,80530.0,50720.0,63270.0,96980.0,109900.0
19-3093,Historians,2018,3040.0,61140.0,66380.0,29270.0,40670.0,85700.0,110670.0
19-3094,Political Scientists,2018,5660.0,117570.0,115300.0,59300.0,86220.0,148950.0,164200.0
19-3099,"Social Scientists and Related Workers, All Other",2018,35530.0,81340.0,85750.0,50610.0,64090.0,103880.0,126060.0
19-4011,Agricultural and Food Science Technicians,2018,21290.0,40860.0,44170.0,26980.0,33050.0,51170.0,64020.0
19-4021,Biological Technicians,2018,77450.0,44500.0,48060.0,29330.0,35190.0,57400.0,71440.0
19-4031,Chemical Technicians,2018,65500.0,48160.0,51670.0,29920.0,36900.0,62860.0,79100.0
19-4041,Geological and Petroleum Technicians,2018,15060.0,53300.0,62890.0,28020.0,36990.0,78220.0,108110.0
19-4051,Nuclear Technicians,2018,7230.0,79140.0,79970.0,49820.0,61090.0,97120.0,114670.0
19-4061,Social Science Research Assistants,2018,34550.0,46640.0,50420.0,25370.0,35450.0,60830.0,78470.0
19-4091,"Environmental Science and Protection Technicians, Including Health",2018,32600.0,46170.0,50350.0,28530.0,35420.0,61240.0,80130.0
19-4092,Forensic Science Technicians,2018,15970.0,58230.0,62490.0,34600.0,44340.0,76440.0,97200.0
19-4093,Forest and Conservation Technicians,2018,30220.0,37180.0,40110.0,26600.0,29840.0,48460.0,57700.0
19-4099,"Life, Physical, and Social Science Technicians, All Other",2018,65220.0,49670.0,52940.0,29830.0,37940.0,63340.0,80370.0
21-1012,"Educational, Guidance, School, and Vocational Counselors",2018,285460.0,56310.0,60160.0,33610.0,43210.0,73740.0,94690.0
21-1013,Marriage and Family Therapists,2018,48520.0,50090.0,54150.0,31850.0,38170.0,63300.0,82240.0
21-1015,Rehabilitation Counselors,2018,106860.0,35630.0,39930.0,22990.0,27490.0,48420.0,63820.0
21-1018,"Substance Abuse, Behavioral Disorder, and Mental Health Counselors",2018,267730.0,44630.0,47920.0,28240.0,34950.0,57580.0,72990.0
21-1019,"Counselors, All Other",2018,26530.0,42130.0,47740.0,26100.0,32490.0,59340.0,77310.0
21-1021,"Child, Family, and School Social Workers",2018,320170.0,46270.0,49760.0,29550.0,36140.0,59400.0,76750.0
21-1022,Healthcare Social Workers,2018,168190.0,56200.0,58470.0,34210.0,43530.0,70280.0,84870.0
21-1023,Mental Health and Substance Abuse Social Workers,2018,116750.0,44840.0,49630.0,28310.0,34600.0,60300.0,78910.0
21-1029,"Social Workers, All Other",2018,57440.0,63140.0,62660.0,35310.0,45380.0,78680.0,90490.0
21-1091,Health Educators,2018,58780.0,54220.0,59660.0,32030.0,39800.0,74660.0,98530.0
21-1092,Probation Officers and Correctional Treatment Specialists,2018,87660.0,53020.0,58790.0,34630.0,41950.0,71240.0,94770.0
21-1093,Social and Human Service Assistants,2018,392300.0,33750.0,35830.0,22430.0,26960.0,42050.0,52420.0
21-1094,Community Health Workers,2018,56130.0,39540.0,43480.0,26070.0,32280.0,51650.0,65890.0
21-1099,"Community and Social Service Specialists, All Other",2018,98170.0,42620.0,46050.0,25780.0,33040.0,55790.0,72210.0
21-2011,Clergy,2018,50960.0,48990.0,53290.0,26160.0,35480.0,63930.0,85040.0
21-2021,"Directors, Religious Activities and Education",2018,21700.0,40810.0,46980.0,21650.0,27890.0,59090.0,82110.0
21-2099,"Religious Workers, All Other",2018,8460.0,29820.0,35860.0,19400.0,22620.0,40680.0,58320.0
23-1011,Lawyers,2018,642750.0,120910.0,144230.0,58220.0,79160.0,182490.0,
23-1012,Judicial Law Clerks,2018,16350.0,53540.0,59540.0,33890.0,41740.0,70800.0,95530.0
23-1021,"Administrative Law Judges, Adjudicators, and Hearing Officers",2018,14280.0,99850.0,101210.0,45120.0,67400.0,133850.0,169640.0
23-1022,"Arbitrators, Mediators, and Conciliators",2018,6240.0,62270.0,72760.0,36590.0,45380.0,91430.0,124480.0
23-1023,"Judges, Magistrate Judges, and Magistrates",2018,28520.0,133920.0,121130.0,34790.0,71430.0,163050.0,193330.0
23-2011,Paralegals and Legal Assistants,2018,309940.0,50940.0,54500.0,31400.0,38860.0,65080.0,82050.0
23-2091,Court Reporters,2018,14490.0,57150.0,62390.0,28150.0,40460.0,81460.0,104460.0
23-2093,"Title Examiners, Abstractors, and Searchers",2018,52180.0,47130.0,51380.0,28610.0,36040.0,61550.0,80150.0
23-2099,"Legal Support Workers, All Other",2018,43150.0,58930.0,71420.0,33200.0,44700.0,93630.0,134700.0
25-1011,"Business Teachers, Postsecondary",2018,84230.0,83960.0,103330.0,37890.0,55220.0,130800.0,195120.0
25-1021,"Computer Science Teachers, Postsecondary",2018,32430.0,82220.0,96200.0,41820.0,58250.0,119690.0,166710.0
25-1022,"Mathematical Science Teachers, Postsecondary",2018,51250.0,73230.0,87140.0,39970.0,53030.0,104810.0,158360.0
25-1031,"Architecture Teachers, Postsecondary",2018,6880.0,86980.0,99320.0,42540.0,62440.0,125020.0,174300.0
25-1032,"Engineering Teachers, Postsecondary",2018,37530.0,101720.0,113680.0,52440.0,74810.0,140030.0,189390.0
25-1041,"Agricultural Sciences Teachers, Postsecondary",2018,10810.0,84640.0,90890.0,42240.0,59390.0,115460.0,149720.0
25-1042,"Biological Science Teachers, Postsecondary",2018,51770.0,82550.0,97340.0,44550.0,59510.0,119400.0,169290.0
25-1043,"Forestry and Conservation Science Teachers, Postsecondary",2018,2070.0,86900.0,92550.0,47820.0,64830.0,114890.0,146550.0
25-1051,"Atmospheric, Earth, Marine, and Space Sciences Teachers, Postsecondary",2018,11020.0,90860.0,101890.0,47820.0,65400.0,126110.0,170200.0
25-1052,"Chemistry Teachers, Postsecondary",2018,21370.0,79550.0,92360.0,44970.0,58700.0,111180.0,158830.0
25-1053,"Environmental Science Teachers, Postsecondary",2018,6040.0,79910.0,91330.0,42930.0,58240.0,113460.0,158230.0
25-1054,"Physics Teachers, Postsecondary",2018,13730.0,90800.0,103830.0,49260.0,65360.0,126910.0,174490.0
25-1061,"Anthropology and Archeology Teachers, Postsecondary",2018,5890.0,83940.0,94080.0,45330.0,61610.0,118390.0,159390.0
25-1062,"Area, Ethnic, and Cultural Studies Teachers, Postsecondary",2018,9850.0,74440.0,85450.0,36380.0,51780.0,103140.0,153790.0
25-1063,"Economics Teachers, Postsecondary",2018,12750.0,101480.0,117180.0,51070.0,72430.0,141690.0,202460.0
25-1064,"Geography Teachers, Postsecondary",2018,3960.0,80350.0,88950.0,42480.0,60070.0,106810.0,148550.0
25-1065,"Political Science Teachers, Postsecondary",2018,15890.0,83370.0,99480.0,43310.0,60980.0,117590.0,177360.0
25-1066,"Psychology Teachers, Postsecondary",2018,37630.0,76710.0,88490.0,39350.0,55880.0,107700.0,155710.0
25-1067,"Sociology Teachers, Postsecondary",2018,13870.0,74140.0,83310.0,38440.0,54350.0,100020.0,138500.0
25-1069,"Social Sciences Teachers, Postsecondary, All Other",2018,17670.0,71600.0,87950.0,31350.0,48220.0,107870.0,178500.0
25-1071,"Health Specialties Teachers, Postsecondary",2018,199480.0,97370.0,122320.0,43370.0,61280.0,160580.0,
25-1072,"Nursing Instructors and Teachers, Postsecondary",2018,55710.0,73490.0,81350.0,40370.0,55620.0,97390.0,129070.0
25-1081,"Education Teachers, Postsecondary",2018,60930.0,64780.0,73680.0,32680.0,47350.0,89300.0,124580.0
25-1082,"Library Science Teachers, Postsecondary",2018,4650.0,71560.0,75450.0,45010.0,56550.0,90550.0,111230.0
25-1111,"Criminal Justice and Law Enforcement Teachers, Postsecondary",2018,14890.0,61900.0,72390.0,35910.0,46910.0,87620.0,124180.0
25-1112,"Law Teachers, Postsecondary",2018,16990.0,111140.0,130710.0,36000.0,59250.0,179140.0,
25-1113,"Social Work Teachers, Postsecondary",2018,12620.0,68300.0,77520.0,34940.0,51320.0,93900.0,134740.0
25-1121,"Art, Drama, and Music Teachers, Postsecondary",2018,94310.0,69960.0,82560.0,36360.0,51550.0,98690.0,146290.0
25-1122,"Communications Teachers, Postsecondary",2018,29100.0,68910.0,78090.0,35870.0,49570.0,95250.0,133570.0
25-1123,"English Language and Literature Teachers, Postsecondary",2018,68360.0,66590.0,78150.0,37180.0,48860.0,94790.0,135020.0
25-1124,"Foreign Language and Literature Teachers, Postsecondary",2018,25590.0,67640.0,79160.0,38910.0,50890.0,96850.0,137860.0
25-1125,"History Teachers, Postsecondary",2018,20510.0,74590.0,83990.0,40600.0,55410.0,99860.0,134170.0
25-1126,"Philosophy and Religion Teachers, Postsecondary",2018,23100.0,71890.0,82420.0,38860.0,53410.0,98160.0,135170.0
25-1191,Graduate Teaching Assistants,2018,131490.0,33700.0,36390.0,18320.0,21640.0,46670.0,59290.0
25-1192,"Home Economics Teachers, Postsecondary",2018,2080.0,71380.0,77170.0,38770.0,52930.0,96460.0,123010.0
25-1193,"Recreation and Fitness Studies Teachers, Postsecondary",2018,16490.0,62620.0,72190.0,32620.0,44890.0,89610.0,127970.0
25-1194,"Vocational Education Teachers, Postsecondary",2018,110400.0,53120.0,58520.0,32520.0,40880.0,70340.0,94100.0
25-1199,"Postsecondary Teachers, All Other",2018,183750.0,65660.0,76990.0,27490.0,46150.0,97640.0,136490.0
25-2011,"Preschool Teachers, Except Special Education",2018,424520.0,29780.0,34410.0,20610.0,24040.0,39060.0,55350.0
25-2012,"Kindergarten Teachers, Except Special Education",2018,131160.0,55470.0,58370.0,35680.0,44310.0,69420.0,86310.0
25-2021,"Elementary School Teachers, Except Special Education",2018,1410970.0,58230.0,62200.0,37780.0,46120.0,75330.0,95270.0
25-2022,"Middle School Teachers, Except Special and Career/Technical Education",2018,609970.0,58600.0,62030.0,39090.0,46840.0,74600.0,93180.0
25-2023,"Career/Technical Education Teachers, Middle School",2018,11940.0,59230.0,62570.0,39890.0,47770.0,74770.0,92550.0
25-2031,"Secondary School Teachers, Except Special and Career/Technical Education",2018,1051570.0,60320.0,64340.0,39740.0,47980.0,77720.0,97500.0
25-2032,"Career/Technical Education Teachers, Secondary School",2018,77460.0,60250.0,62810.0,41250.0,49220.0,74930.0,91190.0
25-2051,"Special Education Teachers, Preschool",2018,23480.0,55840.0,61610.0,34300.0,44020.0,72570.0,100160.0
25-2052,"Special Education Teachers, Kindergarten and Elementary School",2018,185190.0,59390.0,63110.0,38980.0,47520.0,75940.0,95730.0
25-2053,"Special Education Teachers, Middle School",2018,87870.0,60250.0,64390.0,40690.0,48820.0,77080.0,97290.0
25-2054,"Special Education Teachers, Secondary School",2018,142360.0,60600.0,65320.0,40560.0,48630.0,77820.0,98290.0
25-2059,"Special Education Teachers, All Other",2018,36800.0,56680.0,62500.0,34580.0,44030.0,76110.0,98730.0
25-3011,Adult Basic and Secondary Education and Literacy Teachers and Instructors,2018,57750.0,53630.0,58110.0,32370.0,42200.0,71010.0,89710.0
25-3021,Self-Enrichment Education Teachers,2018,243080.0,38720.0,44960.0,20820.0,26760.0,56390.0,77770.0
25-3097,"Teachers and Instructors, All Other, Except Substitute Teachers",2018,315510.0,39540.0,48040.0,21090.0,26680.0,60520.0,83680.0
25-3098,Substitute Teachers,2018,587240.0,28680.0,32360.0,18850.0,22510.0,37340.0,48540.0
25-4011,Archivists,2018,6370.0,52240.0,56400.0,30440.0,38090.0,71250.0,90830.0
25-4012,Curators,2018,12280.0,53780.0,58490.0,29010.0,39580.0,72830.0,94330.0
25-4013,Museum Technicians and Conservators,2018,13100.0,43020.0,46870.0,25430.0,32580.0,56730.0,74840.0
25-4021,Librarians,2018,125750.0,59050.0,61530.0,34630.0,46130.0,74740.0,93050.0
25-4031,Library Technicians,2018,88690.0,34040.0,36080.0,21350.0,25550.0,44670.0,54910.0
25-9011,Audio-Visual and Multimedia Collections Specialists,2018,9540.0,49600.0,52270.0,26690.0,35410.0,66630.0,81540.0
25-9021,Farm and Home Management Advisors,2018,8020.0,49840.0,52700.0,27050.0,37110.0,65250.0,81360.0
25-9031,Instructional Coordinators,2018,163900.0,64450.0,67490.0,36360.0,49280.0,82860.0,102200.0
25-9041,Teacher Assistants,2018,1331560.0,26970.0,28750.0,18670.0,21940.0,34190.0,41020.0
25-9099,"Education, Training, and Library Workers, All Other",2018,106590.0,42080.0,46680.0,20550.0,28030.0,58860.0,79640.0
27-1011,Art Directors,2018,40210.0,92780.0,104590.0,52160.0,67930.0,126500.0,172570.0
27-1012,Craft Artists,2018,3980.0,34240.0,40490.0,21310.0,25990.0,48720.0,69110.0
27-1013,"Fine Artists, Including Painters, Sculptors, and Illustrators",2018,11620.0,49380.0,58370.0,20020.0,31750.0,70190.0,97710.0
27-1014,Multimedia Artists and Animators,2018,28560.0,72520.0,78230.0,40870.0,54400.0,97100.0,124310.0
27-1019,"Artists and Related Workers, All Other",2018,6620.0,65390.0,67700.0,28680.0,38620.0,93940.0,109900.0
27-1021,Commercial and Industrial Designers,2018,33200.0,66590.0,71430.0,38630.0,51670.0,87620.0,108040.0
27-1022,Fashion Designers,2018,19750.0,72720.0,87610.0,36420.0,50710.0,100780.0,155470.0
27-1023,Floral Designers,2018,43360.0,27200.0,28900.0,19350.0,22560.0,33760.0,40140.0
27-1024,Graphic Designers,2018,217810.0,50370.0,54680.0,29610.0,37550.0,66300.0,85760.0
27-1025,Interior Designers,2018,57070.0,53370.0,59120.0,29970.0,40080.0,71430.0,94130.0
27-1026,Merchandise Displayers and Window Trimmers,2018,128960.0,28450.0,31850.0,20720.0,23500.0,36520.0,48210.0
27-1027,Set and Exhibit Designers,2018,10590.0,54270.0,61020.0,29810.0,39650.0,74830.0,103480.0
27-1029,"Designers, All Other",2018,8450.0,60570.0,68610.0,25960.0,39500.0,87400.0,123020.0
27-2011,Actors,2018,47430.0,,,,,,
27-2012,Producers and Directors,2018,118630.0,71680.0,89840.0,34450.0,48520.0,110350.0,163540.0
27-2021,Athletes and Sports Competitors,2018,10800.0,50650.0,87030.0,19040.0,25500.0,103130.0,
27-2022,Coaches and Scouts,2018,236970.0,33780.0,43870.0,18970.0,23180.0,52760.0,77880.0
27-2023,"Umpires, Referees, and Other Sports Officials",2018,19090.0,27020.0,36440.0,18220.0,21220.0,41880.0,59240.0
27-2031,Dancers,2018,9720.0,,,,,,
27-2032,Choreographers,2018,5090.0,47800.0,53560.0,21340.0,30970.0,68760.0,97620.0
27-2041,Music Directors and Composers,2018,12160.0,49630.0,59790.0,21640.0,30950.0,69770.0,112820.0
27-2042,Musicians and Singers,2018,41680.0,,,,,,
27-2099,"Entertainers and Performers, Sports and Related Workers, All Other",2018,13740.0,,,,,,
27-3011,Radio and Television Announcers,2018,27780.0,33220.0,51630.0,19120.0,23470.0,52140.0,94450.0
27-3012,Public Address System and Other Announcers,2018,7480.0,27720.0,39040.0,18250.0,21850.0,44170.0,63760.0
27-3021,Broadcast News Analysts,2018,5890.0,66880.0,91990.0,27370.0,37970.0,111610.0,200180.0
27-3022,Reporters and Correspondents,2018,37140.0,41260.0,55530.0,23490.0,29730.0,66680.0,100930.0
27-3031,Public Relations Specialists,2018,239030.0,60000.0,68440.0,33690.0,44490.0,81550.0,112310.0
27-3041,Editors,2018,95750.0,59480.0,69480.0,31500.0,42690.0,82160.0,117810.0
27-3042,Technical Writers,2018,50350.0,71850.0,75500.0,43110.0,55500.0,92070.0,114930.0
27-3043,Writers and Authors,2018,45210.0,62170.0,73090.0,31700.0,44890.0,85580.0,121670.0
27-3091,Interpreters and Translators,2018,57140.0,49930.0,55230.0,27230.0,36470.0,67660.0,90610.0
27-3099,"Media and Communication Workers, All Other",2018,20420.0,48330.0,52430.0,23680.0,31840.0,65930.0,88240.0
27-4011,Audio and Video Equipment Technicians,2018,75940.0,43770.0,48940.0,25590.0,32770.0,60290.0,80130.0
27-4012,Broadcast Technicians,2018,31580.0,40080.0,46770.0,21130.0,27200.0,60920.0,82580.0
27-4013,Radio Operators,2018,870.0,42220.0,44710.0,21850.0,29480.0,57510.0,71470.0
27-4014,Sound Engineering Technicians,2018,13510.0,52390.0,63500.0,25680.0,33260.0,79770.0,117600.0
27-4021,Photographers,2018,49560.0,34000.0,42770.0,19850.0,23970.0,53520.0,76360.0
27-4031,"Camera Operators, Television, Video, and Motion Picture",2018,21080.0,54570.0,61750.0,25790.0,36520.0,77290.0,102470.0
27-4032,Film and Video Editors,2018,28160.0,62650.0,86830.0,31940.0,43230.0,100020.0,170040.0
27-4099,"Media and Communication Equipment Workers, All Other",2018,18790.0,79580.0,77080.0,31760.0,51300.0,97780.0,117300.0
29-1011,Chiropractors,2018,34740.0,71410.0,85870.0,34990.0,51890.0,99290.0,149170.0
29-1021,"Dentists, General",2018,113000.0,151850.0,175840.0,72810.0,107440.0,,
29-1022,Oral and Maxillofacial Surgeons,2018,4830.0,,242370.0,61570.0,177650.0,,
29-1023,Orthodontists,2018,5350.0,,225760.0,72780.0,142470.0,,
29-1024,Prosthodontists,2018,380.0,176540.0,191400.0,103240.0,118390.0,,
29-1029,"Dentists, All Other Specialists",2018,4490.0,146970.0,178800.0,87250.0,111110.0,,
29-1031,Dietitians and Nutritionists,2018,64670.0,60370.0,61210.0,38460.0,48880.0,73740.0,84610.0
29-1041,Optometrists,2018,37220.0,111790.0,119980.0,57480.0,86260.0,135660.0,188160.0
29-1051,Pharmacists,2018,309550.0,126120.0,123670.0,87790.0,111340.0,145870.0,161250.0
29-1061,Anesthesiologists,2018,31060.0,,267020.0,133080.0,,,
29-1062,Family and General Practitioners,2018,114130.0,201100.0,211780.0,79600.0,142960.0,,
29-1063,"Internists, General",2018,37820.0,194500.0,196490.0,57420.0,88630.0,,
29-1064,Obstetricians and Gynecologists,2018,18590.0,,238320.0,92040.0,172130.0,,
29-1065,"Pediatricians, General",2018,28490.0,170560.0,183240.0,68860.0,126690.0,,
29-1066,Psychiatrists,2018,25630.0,,220380.0,75590.0,149900.0,,
29-1067,Surgeons,2018,34390.0,,255110.0,94960.0,199920.0,,
29-1069,"Physicians and Surgeons, All Other",2018,389180.0,200890.0,203880.0,60280.0,111440.0,,
29-1071,Physician Assistants,2018,114710.0,108610.0,108430.0,69120.0,90150.0,127220.0,151850.0
29-1081,Podiatrists,2018,9500.0,129550.0,148220.0,52060.0,87980.0,182690.0,
29-1122,Occupational Therapists,2018,126900.0,84270.0,85350.0,55490.0,68760.0,100890.0,120750.0
29-1123,Physical Therapists,2018,228600.0,87930.0,88880.0,60390.0,72680.0,102530.0,123350.0
29-1124,Radiation Therapists,2018,18260.0,82330.0,86730.0,56360.0,67490.0,102380.0,124320.0
29-1125,Recreational Therapists,2018,18840.0,47860.0,50640.0,29590.0,37220.0,61630.0,77050.0
29-1126,Respiratory Therapists,2018,129600.0,60280.0,62500.0,43750.0,51430.0,72760.0,83520.0
29-1127,Speech-Language Pathologists,2018,146900.0,77510.0,80700.0,48690.0,60570.0,97770.0,120060.0
29-1128,Exercise Physiologists,2018,6740.0,49270.0,54760.0,34410.0,40770.0,61950.0,78810.0
29-1129,"Therapists, All Other",2018,11950.0,50980.0,57680.0,32600.0,39720.0,70000.0,95650.0
29-1131,Veterinarians,2018,71060.0,93830.0,105240.0,56540.0,73580.0,122180.0,162450.0
29-1141,Registered Nurses,2018,2951960.0,71730.0,75510.0,50800.0,58770.0,88350.0,106530.0
29-1151,Nurse Anesthetists,2018,43520.0,167950.0,174790.0,116820.0,143870.0,198470.0,
29-1161,Nurse Midwives,2018,6250.0,103770.0,106910.0,70100.0,87070.0,124240.0,151070.0
29-1171,Nurse Practitioners,2018,179650.0,107030.0,110030.0,78300.0,90760.0,125440.0,150320.0
29-1181,Audiologists,2018,13300.0,75920.0,82210.0,52300.0,63400.0,94900.0,117910.0
29-1199,"Health Diagnosing and Treating Practitioners, All Other",2018,36680.0,73960.0,85600.0,40910.0,56180.0,109610.0,141330.0
29-2010,Clinical Laboratory Technologists and Technicians,2018,321220.0,52330.0,53880.0,29910.0,38310.0,66920.0,80330.0
29-2021,Dental Hygienists,2018,215150.0,74820.0,75500.0,51930.0,62490.0,89610.0,101820.0
29-2031,Cardiovascular Technologists and Technicians,2018,56560.0,56850.0,58730.0,29340.0,38170.0,75240.0,93100.0
29-2032,Diagnostic Medical Sonographers,2018,71130.0,72510.0,73860.0,51430.0,60060.0,86190.0,100480.0
29-2033,Nuclear Medicine Technologists,2018,18810.0,76820.0,78870.0,55330.0,65720.0,92080.0,104730.0
29-2034,Radiologic Technologists,2018,205590.0,59520.0,61540.0,40630.0,48400.0,73200.0,86350.0
29-2035,Magnetic Resonance Imaging Technologists,2018,38540.0,71670.0,72230.0,50220.0,59460.0,83460.0,99180.0
29-2041,Emergency Medical Technicians and Paramedics,2018,257210.0,34320.0,37760.0,22760.0,27300.0,44640.0,58640.0
29-2051,Dietetic Technicians,2018,33540.0,27140.0,30130.0,19410.0,22450.0,35110.0,46100.0
29-2052,Pharmacy Technicians,2018,417860.0,32700.0,34020.0,22740.0,26750.0,39290.0,48010.0
29-2053,Psychiatric Technicians,2018,71360.0,32870.0,37760.0,22800.0,26940.0,43680.0,64430.0
29-2054,Respiratory Therapy Technicians,2018,9090.0,51210.0,51380.0,31240.0,40810.0,61910.0,73530.0
29-2055,Surgical Technologists,2018,110160.0,47300.0,49040.0,32870.0,38910.0,58040.0,69170.0
29-2056,Veterinary Technologists and Technicians,2018,106680.0,34420.0,35560.0,23490.0,28210.0,40710.0,50010.0
29-2057,Ophthalmic Medical Technicians,2018,52890.0,36530.0,38220.0,24770.0,29530.0,45530.0,54830.0
29-2061,Licensed Practical and Licensed Vocational Nurses,2018,701690.0,46240.0,47050.0,33680.0,39470.0,54110.0,62160.0
29-2071,Medical Records and Health Information Technicians,2018,208650.0,40350.0,44010.0,26550.0,32070.0,52730.0,66260.0
29-2081,"Opticians, Dispensing",2018,72250.0,37010.0,39930.0,24670.0,29190.0,48160.0,60030.0
29-2091,Orthotists and Prosthetists,2018,8830.0,69120.0,73860.0,40090.0,52790.0,88010.0,108780.0
29-2092,Hearing Aid Specialists,2018,7680.0,52770.0,55650.0,28410.0,38380.0,67090.0,88590.0
29-2099,"Health Technologists and Technicians, All Other",2018,125270.0,42920.0,47450.0,28130.0,33980.0,56780.0,72720.0
29-9011,Occupational Health and Safety Specialists,2018,88390.0,73020.0,74940.0,42450.0,56060.0,91030.0,108520.0
29-9012,Occupational Health and Safety Technicians,2018,18020.0,50780.0,55270.0,32080.0,39390.0,66300.0,84400.0
29-9091,Athletic Trainers,2018,26890.0,47510.0,49280.0,31010.0,39140.0,58320.0,70750.0
29-9092,Genetic Counselors,2018,2640.0,80370.0,80860.0,52750.0,68030.0,96060.0,107450.0
29-9099,"Healthcare Practitioners and Technical Workers, All Other",2018,32680.0,54620.0,63340.0,28500.0,37070.0,84850.0,111740.0
31-1011,Home Health Aides,2018,797670.0,24200.0,25330.0,19060.0,21750.0,28030.0,32180.0
31-1013,Psychiatric Aides,2018,56910.0,29180.0,31090.0,19830.0,23470.0,37230.0,46490.0
31-1014,Nursing Assistants,2018,1450960.0,28540.0,29580.0,21290.0,24340.0,33580.0,39560.0
31-1015,Orderlies,2018,50100.0,28060.0,29840.0,21010.0,23570.0,34610.0,41460.0
31-2011,Occupational Therapy Assistants,2018,42660.0,60220.0,60410.0,39620.0,50510.0,71820.0,80980.0
31-2012,Occupational Therapy Aides,2018,7700.0,28160.0,32580.0,18260.0,21590.0,37290.0,58660.0
31-2021,Physical Therapist Assistants,2018,94250.0,58040.0,57750.0,33780.0,46800.0,68700.0,79810.0
31-2022,Physical Therapist Aides,2018,47260.0,26240.0,28500.0,20040.0,22690.0,31570.0,39230.0
31-9011,Massage Therapists,2018,105160.0,41420.0,45880.0,21340.0,28450.0,57730.0,78280.0
31-9091,Dental Assistants,2018,341060.0,38660.0,39770.0,26940.0,32200.0,47070.0,54800.0
31-9092,Medical Assistants,2018,673660.0,33610.0,34540.0,24790.0,28400.0,39190.0,47250.0
31-9093,Medical Equipment Preparers,2018,55610.0,36240.0,37990.0,25350.0,29590.0,44750.0,53540.0
31-9094,Medical Transcriptionists,2018,53730.0,34770.0,36350.0,21840.0,26410.0,43490.0,51780.0
31-9095,Pharmacy Aides,2018,36970.0,26450.0,29190.0,19370.0,22510.0,33280.0,44450.0
31-9096,Veterinary Assistants and Laboratory Animal Caretakers,2018,89480.0,27540.0,28690.0,19950.0,23060.0,32730.0,38890.0
31-9097,Phlebotomists,2018,125280.0,34480.0,35560.0,25020.0,28830.0,40500.0,49060.0
31-9099,"Healthcare Support Workers, All Other",2018,88990.0,37830.0,39110.0,23210.0,29060.0,47330.0,56230.0
33-1011,First-Line Supervisors of Correctional Officers,2018,43760.0,63340.0,68350.0,41710.0,47860.0,86590.0,103090.0
33-1012,First-Line Supervisors of Police and Detectives,2018,116660.0,89030.0,93100.0,51390.0,66920.0,116300.0,144190.0
33-1021,First-Line Supervisors of Fire Fighting and Prevention Workers,2018,65920.0,76330.0,80310.0,42320.0,57940.0,98970.0,122910.0
33-1099,"First-Line Supervisors of Protective Service Workers, All Other",2018,78610.0,49640.0,52730.0,27940.0,35710.0,63280.0,81660.0
33-2011,Firefighters,2018,321570.0,49620.0,53240.0,25170.0,33720.0,67100.0,88920.0
33-2021,Fire Inspectors and Investigators,2018,12530.0,62510.0,64140.0,36400.0,46440.0,77480.0,95330.0
33-2022,Forest Fire Inspectors and Prevention Specialists,2018,2130.0,39600.0,49610.0,26660.0,32310.0,64400.0,83810.0
33-3011,Bailiffs,2018,18900.0,45760.0,49870.0,24620.0,34180.0,64830.0,78290.0
33-3012,Correctional Officers and Jailers,2018,415000.0,44330.0,49300.0,31140.0,36180.0,59550.0,76760.0
33-3021,Detectives and Criminal Investigators,2018,103450.0,81920.0,85020.0,43800.0,57560.0,107000.0,138860.0
33-3031,Fish and Game Wardens,2018,6040.0,57710.0,59260.0,40090.0,47080.0,69900.0,80140.0
33-3041,Parking Enforcement Workers,2018,8070.0,39840.0,42200.0,25260.0,30890.0,51970.0,62970.0
33-3051,Police and Sheriff's Patrol Officers,2018,661330.0,61380.0,65400.0,35750.0,45740.0,81730.0,101620.0
33-3052,Transit and Railroad Police,2018,4470.0,74030.0,74450.0,49380.0,61020.0,90010.0,101470.0
33-9011,Animal Control Workers,2018,12080.0,36330.0,38490.0,23160.0,29020.0,46130.0,58220.0
33-9021,Private Detectives and Investigators,2018,30990.0,50090.0,56810.0,29310.0,37060.0,68400.0,89200.0
33-9031,Gaming Surveillance Officers and Gaming Investigators,2018,10230.0,32680.0,36200.0,23090.0,26910.0,41420.0,55520.0
33-9032,Security Guards,2018,1114380.0,28490.0,32050.0,20290.0,23400.0,37060.0,49650.0
33-9091,Crossing Guards,2018,79880.0,28960.0,31970.0,19320.0,23330.0,37260.0,47810.0
33-9092,"Lifeguards, Ski Patrol, and Other Recreational Protective Service Workers",2018,144370.0,22410.0,24420.0,17560.0,19320.0,25990.0,34400.0
33-9093,Transportation Security Screeners,2018,45250.0,41490.0,41860.0,34650.0,37820.0,44260.0,49200.0
33-9099,"Protective Service Workers, All Other",2018,141790.0,30720.0,34650.0,20530.0,23730.0,40460.0,54130.0
35-1011,Chefs and Head Cooks,2018,128600.0,48460.0,52160.0,26320.0,35570.0,64500.0,81150.0
35-1012,First-Line Supervisors of Food Preparation and Serving Workers,2018,964400.0,32450.0,36190.0,21800.0,25690.0,44050.0,57290.0
35-2011,"Cooks, Fast Food",2018,487510.0,22330.0,22650.0,17390.0,19180.0,25110.0,29290.0
35-2012,"Cooks, Institution and Cafeteria",2018,400320.0,26860.0,28290.0,18840.0,22000.0,32860.0,39880.0
35-2013,"Cooks, Private Household",2018,460.0,37590.0,41240.0,25610.0,29170.0,50870.0,62600.0
35-2014,"Cooks, Restaurant",2018,1340810.0,26530.0,27580.0,19420.0,22460.0,31240.0,37630.0
35-2015,"Cooks, Short Order",2018,155840.0,23800.0,25140.0,18190.0,20190.0,28500.0,34370.0
35-2019,"Cooks, All Other",2018,18570.0,28650.0,30360.0,19420.0,23500.0,35470.0,42700.0
35-2021,Food Preparation Workers,2018,814600.0,23730.0,24830.0,18040.0,20160.0,28270.0,33670.0
35-3011,Bartenders,2018,631480.0,22550.0,26780.0,17610.0,19180.0,29980.0,42230.0
35-3021,"Combined Food Preparation and Serving Workers, Including Fast Food",2018,3676180.0,21250.0,22140.0,17210.0,18700.0,24460.0,28640.0
35-3022,"Counter Attendants, Cafeteria, Food Concession, and Coffee Shop",2018,473860.0,22330.0,23240.0,17790.0,19320.0,25280.0,30500.0
35-3031,Waiters and Waitresses,2018,2582410.0,21780.0,25830.0,17330.0,18820.0,28280.0,40780.0
35-3041,"Food Servers, Nonrestaurant",2018,266190.0,23290.0,24980.0,18030.0,19930.0,27630.0,35150.0
35-9011,Dining Room and Cafeteria Attendants and Bartender Helpers,2018,455700.0,22270.0,23950.0,17700.0,19290.0,25370.0,32240.0
35-9021,Dishwashers,2018,504770.0,22730.0,23190.0,17920.0,19750.0,25160.0,29430.0
35-9031,"Hosts and Hostesses, Restaurant, Lounge, and Coffee Shop",2018,416950.0,22160.0,23260.0,17410.0,19090.0,25280.0,30590.0
35-9099,"Food Preparation and Serving Related Workers, All Other",2018,55980.0,23850.0,25430.0,18340.0,21220.0,28060.0,35550.0
37-1011,First-Line Supervisors of Housekeeping and Janitorial Workers,2018,154180.0,39940.0,43150.0,25450.0,31020.0,52280.0,65320.0
37-1012,"First-Line Supervisors of Landscaping, Lawn Service, and Groundskeeping Workers",2018,101390.0,48220.0,51280.0,31150.0,37690.0,61750.0,77500.0
37-2011,"Janitors and Cleaners, Except Maids and Housekeeping Cleaners",2018,2156270.0,26110.0,28950.0,19060.0,21990.0,33490.0,43340.0
37-2012,Maids and Housekeeping Cleaners,2018,924290.0,23770.0,25570.0,18140.0,20340.0,28630.0,36190.0
37-2019,"Building Cleaning Workers, All Other",2018,13650.0,29260.0,32710.0,21230.0,23840.0,38070.0,51030.0
37-2021,Pest Control Workers,2018,77300.0,35610.0,37950.0,23230.0,28400.0,45830.0,57400.0
37-3011,Landscaping and Groundskeeping Workers,2018,913480.0,29000.0,30940.0,20760.0,24020.0,35910.0,44670.0
37-3012,"Pesticide Handlers, Sprayers, and Applicators, Vegetation",2018,24500.0,35320.0,38210.0,23890.0,28740.0,42630.0,56370.0
37-3013,Tree Trimmers and Pruners,2018,42440.0,38190.0,40510.0,24330.0,30300.0,49680.0,61310.0
37-3019,"Grounds Maintenance Workers, All Other",2018,14470.0,30420.0,35710.0,20590.0,25660.0,43240.0,63020.0
39-1010,First-Line Supervisors of Gaming Workers,2018,30330.0,49420.0,50250.0,26610.0,36650.0,62240.0,75290.0
39-1021,First-Line Supervisors of Personal Service Workers,2018,228620.0,38400.0,41710.0,24360.0,29830.0,50260.0,63710.0
39-2011,Animal Trainers,2018,14830.0,29290.0,35260.0,20270.0,23310.0,40710.0,55760.0
39-2021,Nonfarm Animal Caretakers,2018,199850.0,23760.0,25890.0,18160.0,20400.0,28780.0,37250.0
39-3011,Gaming Dealers,2018,92530.0,20120.0,23070.0,16910.0,18310.0,23800.0,33830.0
39-3012,Gaming and Sports Book Writers and Runners,2018,11150.0,24430.0,27640.0,19020.0,21610.0,31100.0,42770.0
39-3019,"Gaming Service Workers, All Other",2018,9950.0,27550.0,31260.0,18910.0,22360.0,36200.0,49210.0
39-3021,Motion Picture Projectionists,2018,4840.0,22760.0,25820.0,17890.0,19530.0,28170.0,38890.0
39-3031,"Ushers, Lobby Attendants, and Ticket Takers",2018,133970.0,22260.0,23610.0,17470.0,19120.0,25510.0,32140.0
39-3091,Amusement and Recreation Attendants,2018,319890.0,22260.0,23460.0,17570.0,19230.0,25350.0,31100.0
39-3092,Costume Attendants,2018,6460.0,41190.0,46010.0,20430.0,28880.0,52550.0,77630.0
39-3093,"Locker Room, Coatroom, and Dressing Room Attendants",2018,17610.0,24030.0,26720.0,18350.0,20340.0,31030.0,38480.0
39-3099,"Entertainment Attendants and Related Workers, All Other",2018,5480.0,24290.0,29690.0,18340.0,21220.0,33370.0,50210.0
39-4011,Embalmers,2018,4070.0,44250.0,46640.0,25260.0,33970.0,56740.0,71920.0
39-4021,Funeral Attendants,2018,35340.0,26400.0,28480.0,18900.0,21650.0,32740.0,40860.0
39-4031,"Morticians, Undertakers, and Funeral Directors",2018,25740.0,52650.0,57620.0,29050.0,38770.0,70500.0,89050.0
39-5011,Barbers,2018,20130.0,27960.0,33220.0,19280.0,22370.0,40350.0,52600.0
39-5012,"Hairdressers, Hairstylists, and Cosmetologists",2018,377210.0,24730.0,30190.0,17980.0,20130.0,34910.0,50110.0
39-5091,"Makeup Artists, Theatrical and Performance",2018,3140.0,64250.0,72030.0,22460.0,32620.0,104040.0,130710.0
39-5092,Manicurists and Pedicurists,2018,110170.0,24330.0,25860.0,19700.0,21940.0,28260.0,33490.0
39-5093,Shampooers,2018,13720.0,21640.0,22160.0,17690.0,19230.0,24380.0,28350.0
39-5094,Skincare Specialists,2018,50740.0,31290.0,36350.0,19330.0,23210.0,44580.0,59790.0
39-6011,Baggage Porters and Bellhops,2018,42350.0,24210.0,26990.0,18340.0,20600.0,30240.0,38560.0
39-6012,Concierges,2018,37490.0,30400.0,33550.0,21850.0,25170.0,39250.0,50380.0
39-7010,Tour and Travel Guides,2018,49740.0,26570.0,29630.0,18990.0,22090.0,34570.0,44550.0
39-9011,Childcare Workers,2018,564630.0,23240.0,24610.0,17750.0,19640.0,27900.0,34430.0
39-9021,Personal Care Aides,2018,2211950.0,24020.0,25090.0,18740.0,21810.0,27490.0,31650.0
39-9031,Fitness Trainers and Aerobics Instructors,2018,308470.0,39820.0,44580.0,20160.0,25780.0,56760.0,76090.0
39-9032,Recreation Workers,2018,353570.0,25060.0,28310.0,18470.0,21060.0,32510.0,42670.0
39-9041,Residential Advisors,2018,108380.0,27860.0,29970.0,19470.0,22800.0,34930.0,44100.0
39-9099,"Personal Care and Service Workers, All Other",2018,58970.0,26180.0,28270.0,19140.0,22120.0,32760.0,38880.0
41-1011,First-Line Supervisors of Retail Sales Workers,2018,1181530.0,39630.0,45080.0,25720.0,31210.0,53060.0,69290.0
41-1012,First-Line Supervisors of Non-Retail Sales Workers,2018,247570.0,73390.0,84600.0,40310.0,54670.0,101920.0,143690.0
41-2011,Cashiers,2018,3635550.0,22430.0,23240.0,17660.0,19430.0,24990.0,30110.0
41-2012,Gaming Change Persons and Booth Cashiers,2018,22020.0,24880.0,27220.0,19130.0,21840.0,30640.0,38580.0
41-2021,Counter and Rental Clerks,2018,426700.0,27290.0,31200.0,19130.0,22430.0,36520.0,49270.0
41-2022,Parts Salespersons,2018,254870.0,30430.0,34080.0,19880.0,23840.0,40430.0,54640.0
41-2031,Retail Salespersons,2018,4448120.0,24200.0,28310.0,18400.0,20910.0,30350.0,41530.0
41-3011,Advertising Sales Agents,2018,133110.0,51740.0,63360.0,24670.0,34700.0,76840.0,114810.0
41-3021,Insurance Sales Agents,2018,393830.0,50600.0,67890.0,27500.0,36040.0,77930.0,125610.0
41-3031,"Securities, Commodities, and Financial Services Sales Agents",2018,415890.0,64120.0,98770.0,34360.0,42650.0,123320.0,
41-3041,Travel Agents,2018,69480.0,38700.0,42720.0,22370.0,28730.0,51950.0,66080.0
41-3099,"Sales Representatives, Services, All Other",2018,1033820.0,54550.0,64860.0,26300.0,36610.0,78890.0,116090.0
41-4011,"Sales Representatives, Wholesale and Manufacturing, Technical and Scientific Products",2018,312980.0,79680.0,91830.0,39960.0,55630.0,115900.0,156630.0
41-4012,"Sales Representatives, Wholesale and Manufacturing, Except Technical and Scientific Products",2018,1350180.0,58510.0,69480.0,29140.0,40770.0,83980.0,122770.0
41-9011,Demonstrators and Product Promoters,2018,81250.0,28960.0,33260.0,20610.0,23610.0,39720.0,51180.0
41-9012,Models,2018,3310.0,23770.0,31570.0,18320.0,21230.0,36390.0,49140.0
41-9021,Real Estate Brokers,2018,40320.0,58210.0,78940.0,22750.0,36580.0,92790.0,163540.0
41-9022,Real Estate Sales Agents,2018,156760.0,48690.0,61720.0,24650.0,33020.0,74530.0,112610.0
41-9031,Sales Engineers,2018,65720.0,101420.0,108610.0,58430.0,75410.0,133340.0,165350.0
41-9041,Telemarketers,2018,164160.0,25250.0,28550.0,18680.0,21440.0,31900.0,41740.0
41-9091,"Door-to-Door Sales Workers, News and Street Vendors, and Related Workers",2018,9430.0,26430.0,34120.0,19580.0,22370.0,39520.0,59570.0
41-9099,"Sales and Related Workers, All Other",2018,95690.0,33220.0,40480.0,21410.0,24460.0,48800.0,68670.0
43-1011,First-Line Supervisors of Office and Administrative Support Workers,2018,1477560.0,55810.0,59340.0,33850.0,42750.0,71550.0,90320.0
43-2011,"Switchboard Operators, Including Answering Service",2018,71600.0,29420.0,31290.0,21040.0,24450.0,36260.0,44640.0
43-2021,Telephone Operators,2018,5160.0,37240.0,39360.0,23160.0,28290.0,49520.0,60610.0
43-2099,"Communications Equipment Operators, All Other",2018,2100.0,41050.0,43410.0,24260.0,31860.0,51800.0,67330.0
43-3011,Bill and Account Collectors,2018,251330.0,36020.0,38220.0,24620.0,29420.0,44710.0,55360.0
43-3021,Billing and Posting Clerks,2018,469250.0,37800.0,39520.0,26840.0,31870.0,46350.0,55500.0
43-3031,"Bookkeeping, Accounting, and Auditing Clerks",2018,1530430.0,40240.0,42110.0,25260.0,32220.0,50480.0,61650.0
43-3041,Gaming Cage Workers,2018,16020.0,27490.0,28980.0,20800.0,23380.0,33500.0,39940.0
43-3051,Payroll and Timekeeping Clerks,2018,144030.0,45050.0,46110.0,29170.0,36000.0,55320.0,64420.0
43-3061,Procurement Clerks,2018,68100.0,42670.0,43180.0,28310.0,34700.0,50590.0,59180.0
43-3071,Tellers,2018,468470.0,29450.0,30140.0,22250.0,25540.0,34360.0,39110.0
43-3099,"Financial Clerks, All Other",2018,31010.0,41020.0,43670.0,28340.0,33740.0,50590.0,62100.0
43-4011,Brokerage Clerks,2018,55100.0,51400.0,53940.0,34670.0,42180.0,62610.0,76550.0
43-4021,Correspondence Clerks,2018,5460.0,37290.0,38990.0,24460.0,30330.0,46680.0,56550.0
43-4031,"Court, Municipal, and License Clerks",2018,142350.0,38450.0,41100.0,25150.0,30660.0,48560.0,60330.0
43-4041,"Credit Authorizers, Checkers, and Clerks",2018,29980.0,38750.0,40670.0,26540.0,31670.0,48430.0,59270.0
43-4051,Customer Service Representatives,2018,2871400.0,33750.0,36470.0,22140.0,26730.0,42970.0,55310.0
43-4061,"Eligibility Interviewers, Government Programs",2018,137830.0,46020.0,46480.0,31550.0,36970.0,55180.0,62180.0
43-4071,File Clerks,2018,110020.0,31700.0,33810.0,21390.0,25420.0,39670.0,50230.0
43-4081,"Hotel, Motel, and Resort Desk Clerks",2018,260780.0,23700.0,25130.0,18090.0,20430.0,28090.0,34040.0
43-4111,"Interviewers, Except Eligibility and Loan",2018,192820.0,34060.0,35520.0,22700.0,27510.0,41690.0,50560.0
43-4121,"Library Assistants, Clerical",2018,88970.0,26500.0,28960.0,18810.0,21670.0,34500.0,43430.0
43-4131,Loan Interviewers and Clerks,2018,222620.0,39890.0,41310.0,25600.0,32370.0,49510.0,59710.0
43-4141,New Accounts Clerks,2018,41500.0,35800.0,37000.0,26460.0,30300.0,42050.0,50100.0
43-4151,Order Clerks,2018,159210.0,33460.0,35790.0,22280.0,26520.0,42760.0,53240.0
43-4161,"Human Resources Assistants, Except Payroll and Timekeeping",2018,124600.0,40390.0,41620.0,27610.0,33550.0,48680.0,58200.0
43-4171,Receptionists and Information Clerks,2018,1043630.0,29140.0,30350.0,20600.0,24120.0,35660.0,41660.0
43-4181,Reservation and Transportation Ticket Agents and Travel Clerks,2018,132050.0,37220.0,41730.0,23350.0,27910.0,57000.0,64780.0
43-4199,"Information and Record Clerks, All Other",2018,155220.0,40950.0,41900.0,25960.0,31970.0,49950.0,59460.0
43-5011,Cargo and Freight Agents,2018,92280.0,43210.0,46070.0,25970.0,33870.0,55430.0,66920.0
43-5021,Couriers and Messengers,2018,75720.0,28720.0,30620.0,20390.0,23700.0,35780.0,44400.0
43-5031,"Police, Fire, and Ambulance Dispatchers",2018,95020.0,40660.0,43290.0,26590.0,32710.0,51480.0,63930.0
43-5032,"Dispatchers, Except Police, Fire, and Ambulance",2018,199880.0,39470.0,42940.0,24560.0,30790.0,51270.0,65660.0
43-5041,"Meter Readers, Utilities",2018,33570.0,40360.0,44640.0,24600.0,30010.0,55820.0,71040.0
43-5051,Postal Service Clerks,2018,78830.0,55280.0,50860.0,35770.0,42770.0,60110.0,61330.0
43-5052,Postal Service Mail Carriers,2018,342410.0,55210.0,51780.0,36990.0,37000.0,62500.0,63970.0
43-5053,"Postal Service Mail Sorters, Processors, and Processing Machine Operators",2018,103830.0,58770.0,51250.0,35230.0,38180.0,60100.0,60110.0
43-5061,"Production, Planning, and Expediting Clerks",2018,350150.0,47580.0,50020.0,29610.0,36740.0,61010.0,75110.0
43-5071,"Shipping, Receiving, and Traffic Clerks",2018,655590.0,33030.0,34980.0,22900.0,27040.0,40580.0,50380.0
43-5081,Stock Clerks and Order Fillers,2018,2056030.0,25700.0,28520.0,19580.0,22220.0,32490.0,41150.0
43-5111,"Weighers, Measurers, Checkers, and Samplers, Recordkeeping",2018,65830.0,32310.0,34100.0,21850.0,25490.0,40360.0,49570.0
43-6011,Executive Secretaries and Executive Administrative Assistants,2018,570530.0,59340.0,61550.0,36950.0,46530.0,74460.0,89310.0
43-6012,Legal Secretaries,2018,176880.0,46360.0,50040.0,27920.0,35000.0,62060.0,78280.0
43-6013,Medical Secretaries,2018,585410.0,35760.0,37090.0,25390.0,29580.0,43200.0,51890.0
43-6014,"Secretaries and Administrative Assistants, Except Legal, Medical, and Executive",2018,2165310.0,36630.0,38030.0,23060.0,28930.0,46230.0,56010.0
43-9011,Computer Operators,2018,34700.0,45840.0,46750.0,27490.0,35260.0,58150.0,65130.0
43-9021,Data Entry Keyers,2018,174930.0,32170.0,33740.0,22460.0,26830.0,38910.0,48010.0
43-9022,Word Processors and Typists,2018,53130.0,39750.0,41160.0,27070.0,32810.0,48210.0,58090.0
43-9031,Desktop Publishers,2018,10740.0,42910.0,46750.0,22770.0,31290.0,58500.0,75120.0
43-9041,Insurance Claims and Policy Processing Clerks,2018,274560.0,39660.0,42150.0,27540.0,33250.0,49330.0,60500.0
43-9051,"Mail Clerks and Mail Machine Operators, Except Postal Service",2018,86150.0,30430.0,32040.0,20510.0,24550.0,38120.0,46760.0
43-9061,"Office Clerks, General",2018,2972930.0,32730.0,35200.0,20470.0,25090.0,42050.0,53510.0
43-9071,"Office Machine Operators, Except Computer",2018,48580.0,32790.0,34530.0,22350.0,26520.0,40170.0,49920.0
43-9081,Proofreaders and Copy Markers,2018,9820.0,39140.0,41950.0,23220.0,29910.0,51130.0,63080.0
43-9111,Statistical Assistants,2018,11010.0,48330.0,50110.0,31470.0,38660.0,59810.0,72860.0
43-9199,"Office and Administrative Support Workers, All Other",2018,196570.0,34850.0,37480.0,21910.0,24920.0,46310.0,57940.0
45-1011,"First-Line Supervisors of Farming, Fishing, and Forestry Workers",2018,21800.0,46960.0,50790.0,28420.0,35570.0,62470.0,78920.0
45-2011,Agricultural Inspectors,2018,13240.0,44140.0,45970.0,27930.0,33810.0,53780.0,67400.0
45-2021,Animal Breeders,2018,2160.0,37060.0,43080.0,25220.0,28930.0,52550.0,67180.0
45-2041,"Graders and Sorters, Agricultural Products",2018,38210.0,24430.0,26510.0,19190.0,22140.0,28130.0,33390.0
45-2091,Agricultural Equipment Operators,2018,26060.0,31190.0,32620.0,20890.0,25510.0,38100.0,46550.0
45-2092,"Farmworkers and Laborers, Crop, Nursery, and Greenhouse",2018,287420.0,24320.0,26450.0,21900.0,22720.0,28210.0,35200.0
45-2093,"Farmworkers, Farm, Ranch, and Aquacultural Animals",2018,37780.0,26560.0,28840.0,18410.0,21610.0,33760.0,41840.0
45-2099,"Agricultural Workers, All Other",2018,6600.0,29480.0,34340.0,19110.0,23500.0,40980.0,56090.0
45-4011,Forest and Conservation Workers,2018,7510.0,27460.0,31320.0,21940.0,22170.0,37200.0,48220.0
45-4021,Fallers,2018,4680.0,44080.0,48520.0,27080.0,34800.0,58610.0,78500.0
45-4022,Logging Equipment Operators,2018,25730.0,40510.0,41840.0,25750.0,32260.0,49980.0,60320.0
45-4023,Log Graders and Scalers,2018,3330.0,38220.0,39060.0,24610.0,29760.0,46930.0,53230.0
45-4029,"Logging Workers, All Other",2018,3670.0,39750.0,40940.0,24150.0,32640.0,48920.0,58600.0
47-1011,First-Line Supervisors of Construction Trades and Extraction Workers,2018,598210.0,65230.0,70540.0,41820.0,52380.0,84240.0,105720.0
47-2011,Boilermakers,2018,13870.0,62150.0,63240.0,37610.0,51070.0,76870.0,89940.0
47-2021,Brickmasons and Blockmasons,2018,63930.0,50950.0,54430.0,31400.0,39710.0,64140.0,84270.0
47-2022,Stonemasons,2018,12310.0,41220.0,44370.0,26400.0,32230.0,53900.0,66690.0
47-2031,Carpenters,2018,718730.0,46590.0,51120.0,28860.0,35820.0,61530.0,82750.0
47-2041,Carpet Installers,2018,26100.0,39340.0,44550.0,22560.0,29560.0,55640.0,74390.0
47-2042,"Floor Layers, Except Carpet, Wood, and Hard Tiles",2018,14050.0,42760.0,46760.0,25720.0,32060.0,57800.0,74990.0
47-2043,Floor Sanders and Finishers,2018,4460.0,37510.0,39890.0,25380.0,30930.0,46820.0,56850.0
47-2044,Tile and Marble Setters,2018,39130.0,41840.0,45950.0,24920.0,31930.0,55450.0,72490.0
47-2051,Cement Masons and Concrete Finishers,2018,186400.0,43000.0,47350.0,28780.0,34550.0,56230.0,75220.0
47-2053,Terrazzo Workers and Finishers,2018,2730.0,42500.0,47230.0,27410.0,34260.0,56330.0,77690.0
47-2061,Construction Laborers,2018,1001470.0,35800.0,40350.0,23460.0,28520.0,47910.0,65590.0
47-2071,"Paving, Surfacing, and Tamping Equipment Operators",2018,46760.0,39780.0,44360.0,27260.0,32570.0,51320.0,70710.0
47-2072,Pile-Driver Operators,2018,3450.0,58680.0,64360.0,33810.0,43440.0,85520.0,100350.0
47-2073,Operating Engineers and Other Construction Equipment Operators,2018,383480.0,47810.0,53030.0,31320.0,37230.0,63540.0,84160.0
47-2081,Drywall and Ceiling Tile Installers,2018,101900.0,43730.0,49170.0,27490.0,34580.0,58350.0,83010.0
47-2082,Tapers,2018,18320.0,55080.0,57340.0,31020.0,40930.0,71660.0,91070.0
47-2111,Electricians,2018,655840.0,55190.0,59190.0,32940.0,41260.0,72780.0,94620.0
47-2121,Glaziers,2018,50940.0,43550.0,48620.0,26910.0,33810.0,58870.0,81950.0
47-2131,"Insulation Workers, Floor, Ceiling, and Wall",2018,31840.0,38480.0,42070.0,25050.0,31020.0,49400.0,63050.0
47-2132,"Insulation Workers, Mechanical",2018,24610.0,47740.0,53180.0,30380.0,36860.0,64070.0,88770.0
47-2141,"Painters, Construction and Maintenance",2018,228420.0,38940.0,43050.0,25970.0,31790.0,51530.0,64790.0
47-2142,Paperhangers,2018,2780.0,38090.0,40840.0,26700.0,31330.0,47170.0,58570.0
47-2151,Pipelayers,2018,38070.0,38560.0,43500.0,26870.0,31610.0,52590.0,68930.0
47-2152,"Plumbers, Pipefitters, and Steamfitters",2018,438070.0,53910.0,58150.0,32100.0,40250.0,71140.0,93700.0
47-2161,Plasterers and Stucco Masons,2018,24870.0,43540.0,47610.0,28360.0,34720.0,57210.0,75590.0
47-2171,Reinforcing Iron and Rebar Workers,2018,18360.0,48320.0,54670.0,32590.0,37600.0,67760.0,91400.0
47-2181,Roofers,2018,128680.0,39970.0,43870.0,25540.0,31910.0,52140.0,66510.0
47-2211,Sheet Metal Workers,2018,131570.0,48460.0,52710.0,27780.0,35390.0,64970.0,86290.0
47-2221,Structural Iron and Steel Workers,2018,77410.0,53970.0,58170.0,32240.0,39390.0,74120.0,93760.0
47-2231,Solar Photovoltaic Installers,2018,8950.0,42680.0,46010.0,30180.0,35310.0,52410.0,63580.0
47-3011,"Helpers--Brickmasons, Blockmasons, Stonemasons, and Tile and Marble Setters",2018,24340.0,33380.0,36390.0,23400.0,27700.0,40070.0,55520.0
47-3012,Helpers--Carpenters,2018,33020.0,30880.0,31850.0,21010.0,25180.0,37160.0,44260.0
47-3013,Helpers--Electricians,2018,75970.0,31410.0,32960.0,22010.0,26120.0,38200.0,47080.0
47-3014,"Helpers--Painters, Paperhangers, Plasterers, and Stucco Masons",2018,10600.0,29960.0,31720.0,21140.0,25010.0,37160.0,46060.0
47-3015,"Helpers--Pipelayers, Plumbers, Pipefitters, and Steamfitters",2018,54710.0,30980.0,32570.0,21860.0,26390.0,37620.0,46200.0
47-3016,Helpers--Roofers,2018,8630.0,30390.0,31740.0,21720.0,25830.0,36550.0,43310.0
47-3019,"Helpers, Construction Trades, All Other",2018,26320.0,30510.0,32370.0,20650.0,25120.0,37550.0,46780.0
47-4011,Construction and Building Inspectors,2018,104090.0,59700.0,63150.0,35440.0,45920.0,77400.0,97310.0
47-4021,Elevator Installers and Repairers,2018,26830.0,79780.0,79370.0,40850.0,57290.0,100680.0,121200.0
47-4031,Fence Erectors,2018,23530.0,34800.0,37650.0,23740.0,28330.0,42870.0,56450.0
47-4041,Hazardous Materials Removal Workers,2018,44000.0,42030.0,47050.0,27910.0,33880.0,57230.0,75840.0
47-4051,Highway Maintenance Workers,2018,149260.0,39690.0,41440.0,26030.0,32250.0,49330.0,59420.0
47-4061,Rail-Track Laying and Maintenance Equipment Operators,2018,14410.0,56930.0,57120.0,33970.0,44210.0,69460.0,79900.0
47-4071,Septic Tank Servicers and Sewer Pipe Cleaners,2018,27090.0,38970.0,41530.0,25900.0,31410.0,50050.0,61320.0
47-4090,Miscellaneous Construction and Related Workers,2018,33340.0,38860.0,43000.0,26440.0,31850.0,50500.0,65350.0
47-5011,"Derrick Operators, Oil and Gas",2018,11310.0,46120.0,47630.0,33290.0,38580.0,55420.0,64960.0
47-5012,"Rotary Drill Operators, Oil and Gas",2018,18010.0,53800.0,56740.0,32110.0,41090.0,68250.0,87790.0
47-5013,"Service Unit Operators, Oil, Gas, and Mining",2018,49710.0,47860.0,52780.0,32430.0,37990.0,61630.0,78840.0
47-5021,"Earth Drillers, Except Oil and Gas",2018,18270.0,44430.0,47570.0,30810.0,35960.0,56230.0,69940.0
47-5031,"Explosives Workers, Ordnance Handling Experts, and Blasters",2018,5640.0,49860.0,52780.0,34500.0,41190.0,62050.0,76070.0
47-5041,Continuous Mining Machine Operators,2018,14710.0,54520.0,54470.0,36310.0,44090.0,64710.0,74800.0
47-5042,Mine Cutting and Channeling Machine Operators,2018,4920.0,47170.0,49080.0,28680.0,35940.0,61830.0,74250.0
47-5049,"Mining Machine Operators, All Other",2018,3280.0,51490.0,52920.0,35220.0,41210.0,63020.0,75910.0
47-5051,"Rock Splitters, Quarry",2018,4870.0,34750.0,35760.0,25120.0,29040.0,40830.0,49760.0
47-5061,"Roof Bolters, Mining",2018,3250.0,58650.0,59090.0,43330.0,50370.0,67580.0,77690.0
47-5071,"Roustabouts, Oil and Gas",2018,54810.0,37580.0,40220.0,27110.0,31500.0,47200.0,58880.0
47-5081,Helpers--Extraction Workers,2018,15930.0,36350.0,37660.0,24990.0,29850.0,44720.0,52990.0
47-5099,"Extraction Workers, All Other",2018,6110.0,54840.0,54300.0,31000.0,40800.0,65450.0,78520.0
49-1011,"First-Line Supervisors of Mechanics, Installers, and Repairers",2018,471820.0,66140.0,69320.0,39910.0,51430.0,83980.0,104020.0
49-2011,"Computer, Automated Teller, and Office Machine Repairers",2018,102810.0,38480.0,40880.0,24800.0,30200.0,49380.0,61520.0
49-2021,"Radio, Cellular, and Tower Equipment Installers and Repairers",2018,13930.0,54890.0,56340.0,31520.0,40600.0,70590.0,86350.0
49-2022,"Telecommunications Equipment Installers and Repairers, Except Line Installers",2018,229890.0,56100.0,57080.0,32440.0,42400.0,71780.0,82860.0
49-2091,Avionics Technicians,2018,18860.0,64140.0,65330.0,39940.0,52790.0,79270.0,94710.0
49-2092,"Electric Motor, Power Tool, and Related Repairers",2018,15800.0,42840.0,45770.0,26560.0,33760.0,54950.0,70280.0
49-2093,"Electrical and Electronics Installers and Repairers, Transportation Equipment",2018,11680.0,60340.0,61460.0,37070.0,47930.0,74480.0,88980.0
49-2094,"Electrical and Electronics Repairers, Commercial and Industrial Equipment",2018,59520.0,58110.0,59210.0,35820.0,46190.0,69950.0,82900.0
49-2095,"Electrical and Electronics Repairers, Powerhouse, Substation, and Relay",2018,22980.0,80200.0,80040.0,54360.0,67480.0,94770.0,105060.0
49-2096,"Electronic Equipment Installers and Repairers, Motor Vehicles",2018,10880.0,35590.0,36750.0,22230.0,28390.0,43980.0,52120.0
49-2097,Electronic Home Entertainment Equipment Installers and Repairers,2018,26070.0,38160.0,39800.0,22870.0,29760.0,49120.0,59530.0
49-2098,Security and Fire Alarm Systems Installers,2018,70900.0,47190.0,48540.0,29560.0,36450.0,59370.0,71310.0
49-3011,Aircraft Mechanics and Service Technicians,2018,131690.0,62920.0,65230.0,36760.0,49900.0,80410.0,97820.0
49-3021,Automotive Body and Related Repairers,2018,142060.0,42730.0,46460.0,25960.0,33090.0,56480.0,71970.0
49-3022,Automotive Glass Installers and Repairers,2018,19640.0,34170.0,36370.0,23790.0,27760.0,43260.0,51530.0
49-3023,Automotive Service Technicians and Mechanics,2018,648050.0,40710.0,43730.0,23420.0,30220.0,54720.0,66950.0
49-3031,Bus and Truck Mechanics and Diesel Engine Specialists,2018,264860.0,47350.0,49150.0,31200.0,37710.0,59210.0,72180.0
49-3041,Farm Equipment Mechanics and Service Technicians,2018,34300.0,40630.0,42190.0,26790.0,32800.0,50410.0,60590.0
49-3042,"Mobile Heavy Equipment Mechanics, Except Engines",2018,140260.0,51920.0,53370.0,33910.0,41700.0,62830.0,76600.0
49-3043,Rail Car Repairers,2018,24720.0,56220.0,56020.0,33700.0,42710.0,69240.0,78420.0
49-3051,Motorboat Mechanics and Service Technicians,2018,22280.0,40180.0,42330.0,24280.0,31490.0,51760.0,62460.0
49-3052,Motorcycle Mechanics,2018,15090.0,36790.0,39260.0,23620.0,29220.0,47640.0,59640.0
49-3053,Outdoor Power Equipment and Other Small Engine Mechanics,2018,31760.0,35400.0,36940.0,22670.0,27960.0,44520.0,54210.0
49-3091,Bicycle Repairers,2018,12200.0,28960.0,30290.0,20870.0,24140.0,35320.0,41260.0
49-3092,Recreational Vehicle Service Technicians,2018,15560.0,38160.0,40090.0,25670.0,31320.0,48280.0,58750.0
49-3093,Tire Repairers and Changers,2018,111620.0,27890.0,29530.0,20350.0,23330.0,34020.0,40460.0
49-9011,Mechanical Door Repairers,2018,22670.0,41010.0,43350.0,27250.0,33280.0,50750.0,62530.0
49-9012,"Control and Valve Installers and Repairers, Except Mechanical Door",2018,51730.0,56070.0,57890.0,30820.0,39990.0,74410.0,90990.0
49-9021,"Heating, Air Conditioning, and Refrigeration Mechanics and Installers",2018,324310.0,47610.0,50160.0,29460.0,36520.0,60900.0,76230.0
49-9031,Home Appliance Repairers,2018,31130.0,39270.0,41020.0,23150.0,30410.0,50100.0,60930.0
49-9041,Industrial Machinery Mechanics,2018,362440.0,52340.0,54000.0,33670.0,41610.0,63740.0,78190.0
49-9043,"Maintenance Workers, Machinery",2018,80270.0,47060.0,48720.0,29170.0,36810.0,59010.0,71960.0
49-9044,Millwrights,2018,43810.0,55060.0,56250.0,34090.0,42550.0,68760.0,80660.0
49-9045,"Refractory Materials Repairers, Except Brickmasons",2018,1120.0,52190.0,52510.0,32670.0,40870.0,61400.0,72370.0
49-9051,Electrical Power-Line Installers and Repairers,2018,114800.0,70910.0,70240.0,38200.0,52340.0,87990.0,101560.0
49-9052,Telecommunications Line Installers and Repairers,2018,118200.0,58280.0,59000.0,30950.0,38460.0,77820.0,92440.0
49-9061,Camera and Photographic Equipment Repairers,2018,3690.0,40620.0,42540.0,24710.0,30360.0,50670.0,62300.0
49-9062,Medical Equipment Repairers,2018,46320.0,49210.0,52710.0,29310.0,36520.0,64630.0,81970.0
49-9063,Musical Instrument Repairers and Tuners,2018,8450.0,36330.0,39110.0,22700.0,28000.0,47500.0,59020.0
49-9064,Watch Repairers,2018,2610.0,39910.0,44830.0,23240.0,29600.0,55950.0,68500.0
49-9069,"Precision Instrument and Equipment Repairers, All Other",2018,10930.0,57610.0,58060.0,34950.0,45390.0,68420.0,80970.0
49-9071,"Maintenance and Repair Workers, General",2018,1384240.0,38300.0,41020.0,23540.0,29560.0,50100.0,62400.0
49-9081,Wind Turbine Service Technicians,2018,5580.0,54370.0,58000.0,37780.0,44430.0,69550.0,83560.0
49-9091,"Coin, Vending, and Amusement Machine Servicers and Repairers",2018,32920.0,34560.0,36390.0,20760.0,26180.0,44290.0,55580.0
49-9092,Commercial Divers,2018,3380.0,49140.0,59470.0,30810.0,37840.0,66570.0,108170.0
49-9093,"Fabric Menders, Except Garment",2018,400.0,30730.0,33550.0,22250.0,25820.0,37860.0,50350.0
49-9094,Locksmiths and Safe Repairers,2018,16970.0,41450.0,43740.0,24270.0,30910.0,55140.0,65870.0
49-9095,Manufactured Building and Mobile Home Installers,2018,2920.0,32040.0,32910.0,22100.0,26010.0,38490.0,45950.0
49-9096,Riggers,2018,20970.0,50370.0,51330.0,29990.0,37420.0,61810.0,75930.0
49-9097,Signal and Track Switch Repairers,2018,7730.0,70490.0,67800.0,36680.0,57530.0,79170.0,91760.0
49-9098,"Helpers--Installation, Maintenance, and Repair Workers",2018,105040.0,29450.0,31390.0,19940.0,23780.0,37030.0,46630.0
49-9099,"Installation, Maintenance, and Repair Workers, All Other",2018,157030.0,39320.0,43050.0,24630.0,30550.0,52830.0,65120.0
51-1011,First-Line Supervisors of Production and Operating Workers,2018,622790.0,60420.0,64340.0,36020.0,46290.0,78060.0,99500.0
51-2011,"Aircraft Structure, Surfaces, Rigging, and Systems Assemblers",2018,43150.0,53340.0,55530.0,32250.0,40570.0,70010.0,82390.0
51-2021,"Coil Winders, Tapers, and Finishers",2018,12190.0,34400.0,36610.0,23340.0,27350.0,44180.0,53530.0
51-2028,"Electrical, Electronic, and Electromechanical Assemblers, Except Coil Winders, Tapers, and Finishers",2018,275450.0,33660.0,35880.0,22880.0,27100.0,41930.0,51930.0
51-2031,Engine and Other Machine Assemblers,2018,48200.0,44380.0,45330.0,28590.0,34350.0,56340.0,63170.0
51-2041,Structural Metal Fabricators and Fitters,2018,76090.0,39290.0,41640.0,26530.0,32160.0,48870.0,60150.0
51-2091,Fiberglass Laminators and Fabricators,2018,21190.0,34500.0,36170.0,23590.0,28390.0,40810.0,49900.0
51-2093,Timing Device Assemblers and Adjusters,2018,780.0,34650.0,37460.0,26120.0,28790.0,43950.0,54320.0
51-2098,"Assemblers and Fabricators, All Other, Including Team Assemblers",2018,1354150.0,31540.0,34270.0,21610.0,25320.0,40060.0,52200.0
51-3011,Bakers,2018,180010.0,26520.0,28660.0,19880.0,22610.0,32690.0,40350.0
51-3021,Butchers and Meat Cutters,2018,133670.0,31580.0,33210.0,20900.0,24670.0,40080.0,49110.0
51-3022,"Meat, Poultry, and Fish Cutters and Trimmers",2018,156440.0,26950.0,27790.0,20540.0,23110.0,31610.0,37410.0
51-3023,Slaughterers and Meat Packers,2018,75550.0,28260.0,28450.0,20810.0,23900.0,32220.0,37480.0
51-3091,"Food and Tobacco Roasting, Baking, and Drying Machine Operators and Tenders",2018,21060.0,30840.0,32730.0,20310.0,24120.0,38970.0,49030.0
51-3092,Food Batchmakers,2018,160160.0,29720.0,32090.0,21050.0,24180.0,38610.0,47940.0
51-3093,Food Cooking Machine Operators and Tenders,2018,32260.0,30120.0,31690.0,21230.0,24730.0,37310.0,45400.0
51-3099,"Food Processing Workers, All Other",2018,42620.0,25870.0,27590.0,20770.0,22760.0,30840.0,37390.0
51-4011,"Computer-Controlled Machine Tool Operators, Metal and Plastic",2018,148150.0,40070.0,41960.0,26890.0,32690.0,49900.0,60650.0
51-4012,"Computer Numerically Controlled Machine Tool Programmers, Metal and Plastic",2018,23770.0,53190.0,56300.0,33870.0,42100.0,66280.0,83330.0
51-4021,"Extruding and Drawing Machine Setters, Operators, and Tenders, Metal and Plastic",2018,75610.0,35150.0,36620.0,23840.0,28290.0,44050.0,52060.0
51-4022,"Forging Machine Setters, Operators, and Tenders, Metal and Plastic",2018,18330.0,38900.0,40770.0,25100.0,31170.0,49590.0,60310.0
51-4023,"Rolling Machine Setters, Operators, and Tenders, Metal and Plastic",2018,26700.0,38650.0,40790.0,25720.0,30650.0,49760.0,60640.0
51-4031,"Cutting, Punching, and Press Machine Setters, Operators, and Tenders, Metal and Plastic",2018,186640.0,34460.0,36180.0,23440.0,27900.0,42440.0,52270.0
51-4032,"Drilling and Boring Machine Tool Setters, Operators, and Tenders, Metal and Plastic",2018,11400.0,38020.0,41490.0,24960.0,29860.0,49930.0,62680.0
51-4033,"Grinding, Lapping, Polishing, and Buffing Machine Tool Setters, Operators, and Tenders, Metal and Plastic",2018,71870.0,34850.0,36690.0,23960.0,28260.0,43440.0,52170.0
51-4034,"Lathe and Turning Machine Tool Setters, Operators, and Tenders, Metal and Plastic",2018,29510.0,39180.0,41090.0,26000.0,31270.0,48970.0,59960.0
51-4035,"Milling and Planing Machine Setters, Operators, and Tenders, Metal and Plastic",2018,19440.0,43590.0,44490.0,26210.0,33380.0,54090.0,63400.0
51-4041,Machinists,2018,384350.0,43630.0,45250.0,27050.0,34130.0,54830.0,65360.0
51-4051,Metal-Refining Furnace Operators and Tenders,2018,17670.0,41220.0,41810.0,25240.0,31820.0,50670.0,60820.0
51-4052,"Pourers and Casters, Metal",2018,7850.0,37730.0,39670.0,26480.0,31080.0,47170.0,56900.0
51-4061,"Model Makers, Metal and Plastic",2018,5210.0,56130.0,56920.0,31410.0,40920.0,71350.0,84250.0
51-4062,"Patternmakers, Metal and Plastic",2018,2880.0,45840.0,47130.0,28890.0,35920.0,57510.0,67250.0
51-4071,Foundry Mold and Coremakers,2018,15600.0,35430.0,36820.0,24660.0,28860.0,43860.0,51780.0
51-4072,"Molding, Coremaking, and Casting Machine Setters, Operators, and Tenders, Metal and Plastic",2018,164110.0,31480.0,33950.0,22020.0,25760.0,39810.0,50240.0
51-4081,"Multiple Machine Tool Setters, Operators, and Tenders, Metal and Plastic",2018,133840.0,35390.0,37510.0,23440.0,28210.0,44800.0,55680.0
51-4111,Tool and Die Makers,2018,72700.0,52750.0,53650.0,32660.0,41370.0,63820.0,76900.0
51-4121,"Welders, Cutters, Solderers, and Brazers",2018,389190.0,41380.0,44360.0,28560.0,34180.0,51430.0,63740.0
51-4122,"Welding, Soldering, and Brazing Machine Setters, Operators, and Tenders",2018,35080.0,37670.0,39160.0,26200.0,31050.0,46160.0,54400.0
51-4191,"Heat Treating Equipment Setters, Operators, and Tenders, Metal and Plastic",2018,19690.0,37520.0,39050.0,25580.0,30260.0,46750.0,55340.0
51-4192,"Layout Workers, Metal and Plastic",2018,8170.0,47900.0,47380.0,28860.0,36480.0,57380.0,64280.0
51-4193,"Plating and Coating Machine Setters, Operators, and Tenders, Metal and Plastic",2018,40070.0,32420.0,34830.0,22980.0,26710.0,40330.0,50740.0
51-4194,"Tool Grinders, Filers, and Sharpeners",2018,7070.0,38140.0,40890.0,25090.0,30700.0,49270.0,60740.0
51-4199,"Metal Workers and Plastic Workers, All Other",2018,25470.0,35920.0,38140.0,23040.0,27810.0,46620.0,57950.0
51-5111,Prepress Technicians and Workers,2018,29990.0,40410.0,42240.0,24940.0,31560.0,51010.0,62420.0
51-5112,Printing Press Operators,2018,173470.0,36220.0,38470.0,22690.0,28010.0,46980.0,58710.0
51-5113,Print Binding and Finishing Workers,2018,45690.0,32890.0,34850.0,21890.0,25910.0,41990.0,50910.0
51-6011,Laundry and Dry-Cleaning Workers,2018,213350.0,23210.0,24480.0,18120.0,20130.0,27010.0,32530.0
51-6021,"Pressers, Textile, Garment, and Related Materials",2018,38320.0,23350.0,24060.0,18000.0,20260.0,26940.0,31100.0
51-6031,Sewing Machine Operators,2018,136450.0,25030.0,26990.0,19040.0,21970.0,30590.0,37880.0
51-6041,Shoe and Leather Workers and Repairers,2018,8640.0,28840.0,29800.0,19440.0,22770.0,35380.0,39790.0
51-6042,Shoe Machine Operators and Tenders,2018,3810.0,30430.0,30110.0,19020.0,22740.0,36240.0,40410.0
51-6051,"Sewers, Hand",2018,5350.0,28650.0,29510.0,20900.0,23540.0,33590.0,39410.0
51-6052,"Tailors, Dressmakers, and Custom Sewers",2018,21150.0,31000.0,34330.0,20720.0,24390.0,41600.0,53990.0
51-6061,Textile Bleaching and Dyeing Machine Operators and Tenders,2018,9330.0,28780.0,29930.0,21670.0,24140.0,34960.0,39990.0
51-6062,"Textile Cutting Machine Setters, Operators, and Tenders",2018,13310.0,28220.0,29440.0,20070.0,23200.0,34770.0,40370.0
51-6063,"Textile Knitting and Weaving Machine Setters, Operators, and Tenders",2018,21190.0,29160.0,30470.0,21260.0,24170.0,35810.0,42280.0
51-6064,"Textile Winding, Twisting, and Drawing Out Machine Setters, Operators, and Tenders",2018,31650.0,28920.0,29660.0,21760.0,25530.0,32900.0,38730.0
51-6091,"Extruding and Forming Machine Setters, Operators, and Tenders, Synthetic and Glass Fibers",2018,18130.0,34200.0,35500.0,24240.0,28010.0,41730.0,50100.0
51-6092,Fabric and Apparel Patternmakers,2018,5220.0,40560.0,49180.0,23360.0,29990.0,65230.0,87820.0
51-6093,Upholsterers,2018,32870.0,34480.0,35920.0,21860.0,27240.0,42360.0,52450.0
51-6099,"Textile, Apparel, and Furnishings Workers, All Other",2018,15360.0,27750.0,31070.0,19980.0,22930.0,35930.0,49580.0
51-7011,Cabinetmakers and Bench Carpenters,2018,102100.0,34740.0,36580.0,22830.0,27590.0,43650.0,54140.0
51-7021,Furniture Finishers,2018,17250.0,31950.0,33850.0,22600.0,26700.0,38930.0,48720.0
51-7031,"Model Makers, Wood",2018,740.0,53100.0,52590.0,31850.0,37400.0,63750.0,78010.0
51-7032,"Patternmakers, Wood",2018,530.0,60940.0,59650.0,34930.0,46870.0,73330.0,82630.0
51-7041,"Sawing Machine Setters, Operators, and Tenders, Wood",2018,52260.0,29500.0,31200.0,20670.0,24440.0,36790.0,45410.0
51-7042,"Woodworking Machine Setters, Operators, and Tenders, Except Sawing",2018,78980.0,29730.0,31110.0,20870.0,24520.0,36710.0,44420.0
51-7099,"Woodworkers, All Other",2018,5970.0,31170.0,34530.0,20990.0,23930.0,44110.0,54200.0
51-8011,Nuclear Power Reactor Operators,2018,6280.0,94350.0,95310.0,68200.0,80290.0,111070.0,127370.0
51-8012,Power Distributors and Dispatchers,2018,11620.0,86410.0,85340.0,54670.0,69440.0,100810.0,117860.0
51-8013,Power Plant Operators,2018,33920.0,79610.0,78030.0,45590.0,62330.0,95330.0,106650.0
51-8021,Stationary Engineers and Boiler Operators,2018,31710.0,60440.0,63690.0,36550.0,47780.0,76550.0,96660.0
51-8031,Water and Wastewater Treatment Plant and System Operators,2018,123650.0,46780.0,49490.0,28300.0,35980.0,60080.0,76200.0
51-8091,Chemical Plant and System Operators,2018,28190.0,62060.0,61570.0,34830.0,46450.0,76630.0,88630.0
51-8092,Gas Plant Operators,2018,14620.0,71070.0,71470.0,45830.0,58070.0,83210.0,100410.0
51-8093,"Petroleum Pump System Operators, Refinery Operators, and Gaugers",2018,38930.0,70860.0,70630.0,44000.0,54910.0,86060.0,98480.0
51-8099,"Plant and System Operators, All Other",2018,12270.0,57100.0,58300.0,34580.0,44450.0,69790.0,81750.0
51-9011,Chemical Equipment Operators and Tenders,2018,82880.0,48770.0,51070.0,29050.0,36750.0,63380.0,77660.0
51-9012,"Separating, Filtering, Clarifying, Precipitating, and Still Machine Setters, Operators, and Tenders",2018,49770.0,40810.0,44140.0,26070.0,32060.0,53790.0,67630.0
51-9021,"Crushing, Grinding, and Polishing Machine Setters, Operators, and Tenders",2018,31890.0,36400.0,38060.0,24310.0,29020.0,45700.0,53650.0
51-9022,"Grinding and Polishing Workers, Hand",2018,30280.0,29550.0,31900.0,21500.0,24450.0,37170.0,46980.0
51-9023,"Mixing and Blending Machine Setters, Operators, and Tenders",2018,128600.0,37210.0,39360.0,24600.0,29740.0,47190.0,58550.0
51-9031,"Cutters and Trimmers, Hand",2018,10580.0,29390.0,31600.0,20740.0,24140.0,36860.0,46790.0
51-9032,"Cutting and Slicing Machine Setters, Operators, and Tenders",2018,60840.0,34620.0,35700.0,23570.0,27990.0,42450.0,50250.0
51-9041,"Extruding, Forming, Pressing, and Compacting Machine Setters, Operators, and Tenders",2018,72870.0,35120.0,36800.0,24070.0,28310.0,44460.0,52840.0
51-9051,"Furnace, Kiln, Oven, Drier, and Kettle Operators and Tenders",2018,17730.0,39160.0,40610.0,25950.0,31470.0,48870.0,58890.0
51-9061,"Inspectors, Testers, Sorters, Samplers, and Weighers",2018,557510.0,38250.0,42010.0,23550.0,29390.0,50980.0,65510.0
51-9071,Jewelers and Precious Stone and Metal Workers,2018,25910.0,39440.0,43570.0,23530.0,29860.0,52210.0,67250.0
51-9081,Dental Laboratory Technicians,2018,34480.0,40440.0,43180.0,25320.0,31080.0,52100.0,64180.0
51-9082,Medical Appliance Technicians,2018,14670.0,39190.0,42180.0,24090.0,30280.0,50370.0,63130.0
51-9083,Ophthalmic Laboratory Technicians,2018,27960.0,31830.0,34490.0,22360.0,26120.0,39660.0,50200.0
51-9111,Packaging and Filling Machine Operators and Tenders,2018,395330.0,30160.0,32740.0,21260.0,24570.0,38730.0,48890.0
51-9121,"Coating, Painting, and Spraying Machine Setters, Operators, and Tenders",2018,88560.0,34800.0,36510.0,23860.0,28160.0,43210.0,52240.0
51-9122,"Painters, Transportation Equipment",2018,55710.0,42280.0,46460.0,27320.0,33460.0,54610.0,70840.0
51-9123,"Painting, Coating, and Decorating Workers",2018,12200.0,31050.0,33960.0,21620.0,25180.0,39870.0,50440.0
51-9141,Semiconductor Processors,2018,25730.0,37270.0,39810.0,26130.0,30390.0,46960.0,58590.0
51-9151,Photographic Process Workers and Processing Machine Operators,2018,16680.0,29180.0,34910.0,21050.0,23900.0,39580.0,53200.0
51-9191,Adhesive Bonding Machine Operators and Tenders,2018,16310.0,33820.0,35850.0,22870.0,27260.0,43300.0,51460.0
51-9192,"Cleaning, Washing, and Metal Pickling Equipment Operators and Tenders",2018,17630.0,30790.0,33090.0,21990.0,25250.0,38300.0,48210.0
51-9193,Cooling and Freezing Equipment Operators and Tenders,2018,8820.0,32410.0,34520.0,22140.0,26390.0,41700.0,49740.0
51-9194,Etchers and Engravers,2018,8600.0,31330.0,34550.0,20520.0,24620.0,39790.0,51720.0
51-9195,"Molders, Shapers, and Casters, Except Metal and Plastic",2018,42500.0,33340.0,35190.0,22910.0,27000.0,41090.0,51010.0
51-9196,"Paper Goods Machine Setters, Operators, and Tenders",2018,97960.0,38730.0,40320.0,23820.0,29510.0,49200.0,60790.0
51-9197,Tire Builders,2018,23920.0,46630.0,45530.0,27610.0,34550.0,57270.0,62520.0
51-9198,Helpers--Production Workers,2018,350410.0,27730.0,29380.0,19930.0,23000.0,34540.0,41060.0
51-9199,"Production Workers, All Other",2018,230760.0,30170.0,34490.0,20140.0,23860.0,40840.0,55910.0
53-1011,Aircraft Cargo Handling Supervisors,2018,8920.0,48610.0,55110.0,33280.0,38260.0,68290.0,85460.0
53-1048,"First-Line Supervisors of Transportation and Material Moving Workers, Except Aircraft Cargo Handling Supervisors",2018,411060.0,55600.0,58140.0,33280.0,41260.0,71280.0,87750.0
53-2011,"Airline Pilots, Copilots, and Flight Engineers",2018,82890.0,140340.0,169560.0,65690.0,94380.0,,
53-2012,Commercial Pilots,2018,37870.0,82240.0,96530.0,44660.0,61950.0,115280.0,160480.0
53-2021,Air Traffic Controllers,2018,22390.0,124540.0,120830.0,68090.0,86900.0,152830.0,178650.0
53-2022,Airfield Operations Specialists,2018,9960.0,52200.0,56760.0,27760.0,37310.0,69720.0,91730.0
53-2031,Flight Attendants,2018,118770.0,56000.0,56630.0,28950.0,42320.0,68850.0,80870.0
53-3011,"Ambulance Drivers and Attendants, Except Emergency Medical Technicians",2018,15380.0,25750.0,29010.0,19350.0,21870.0,32000.0,42590.0
53-3021,"Bus Drivers, Transit and Intercity",2018,174110.0,42080.0,44650.0,25550.0,31870.0,56680.0,69070.0
53-3022,"Bus Drivers, School or Special Client",2018,504150.0,32420.0,33390.0,19000.0,24670.0,40540.0,49430.0
53-3031,Driver/Sales Workers,2018,414860.0,24700.0,29610.0,17810.0,19540.0,36770.0,48880.0
53-3032,Heavy and Tractor-Trailer Truck Drivers,2018,1800330.0,43680.0,45570.0,28160.0,35040.0,54400.0,65260.0
53-3033,Light Truck or Delivery Services Drivers,2018,915310.0,32810.0,36920.0,20260.0,24520.0,45610.0,62690.0
53-3041,Taxi Drivers and Chauffeurs,2018,207920.0,25980.0,28450.0,19240.0,22150.0,32180.0,40360.0
53-3099,"Motor Vehicle Operators, All Other",2018,56810.0,30360.0,35640.0,19410.0,22910.0,46650.0,58110.0
53-4011,Locomotive Engineers,2018,34850.0,62100.0,66920.0,46200.0,54630.0,79460.0,97890.0
53-4012,Locomotive Firers,2018,560.0,63820.0,69030.0,53180.0,57570.0,82720.0,99630.0
53-4013,"Rail Yard Engineers, Dinkey Operators, and Hostlers",2018,5690.0,52630.0,54640.0,33280.0,42080.0,63220.0,81380.0
53-4021,"Railroad Brake, Signal, and Switch Operators",2018,14270.0,57260.0,58890.0,34610.0,45170.0,72620.0,85590.0
53-4031,Railroad Conductors and Yardmasters,2018,42360.0,62930.0,66080.0,44690.0,53490.0,78640.0,95330.0
53-4041,Subway and Streetcar Operators,2018,8850.0,68170.0,62970.0,37310.0,50510.0,76670.0,82100.0
53-4099,"Rail Transportation Workers, All Other",2018,2890.0,55410.0,58490.0,32020.0,41330.0,73770.0,96310.0
53-5011,Sailors and Marine Oilers,2018,32220.0,40900.0,46180.0,23880.0,29790.0,54860.0,72510.0
53-5021,"Captains, Mates, and Pilots of Water Vessels",2018,36390.0,69180.0,82380.0,35410.0,48190.0,100730.0,144690.0
53-5022,Motorboat Operators,2018,2510.0,50290.0,50350.0,23830.0,32180.0,68100.0,78120.0
53-5031,Ship Engineers,2018,8740.0,71130.0,75710.0,40330.0,51540.0,92870.0,123670.0
53-6011,Bridge and Lock Tenders,2018,3170.0,50320.0,47660.0,24490.0,36210.0,57920.0,63620.0
53-6021,Parking Lot Attendants,2018,145900.0,23870.0,25130.0,18490.0,20690.0,27970.0,33490.0
53-6031,Automotive and Watercraft Service Attendants,2018,113760.0,24200.0,25940.0,19160.0,21260.0,29010.0,36000.0
53-6041,Traffic Technicians,2018,7290.0,46570.0,50700.0,29750.0,35860.0,62270.0,79070.0
53-6051,Transportation Inspectors,2018,29990.0,73780.0,75330.0,28870.0,50610.0,98970.0,123980.0
53-6061,"Transportation Attendants, Except Flight Attendants",2018,25460.0,26760.0,30640.0,19690.0,22310.0,36880.0,46060.0
53-6099,"Transportation Workers, All Other",2018,37560.0,37490.0,42870.0,22150.0,27000.0,60170.0,70910.0
53-7011,Conveyor Operators and Tenders,2018,23390.0,32980.0,35110.0,23960.0,27780.0,40230.0,49890.0
53-7021,Crane and Tower Operators,2018,44410.0,54140.0,58160.0,31250.0,39750.0,70940.0,87330.0
53-7031,Dredge Operators,2018,1190.0,45260.0,47500.0,30760.0,36630.0,55100.0,66040.0
53-7032,Excavating and Loading Machine and Dragline Operators,2018,46090.0,44270.0,48680.0,29580.0,35580.0,56810.0,74460.0
53-7033,"Loading Machine Operators, Underground Mining",2018,2500.0,51160.0,51450.0,32920.0,39160.0,61080.0,69890.0
53-7041,Hoist and Winch Operators,2018,3180.0,45490.0,56390.0,28420.0,34190.0,74840.0,110430.0
53-7051,Industrial Truck and Tractor Operators,2018,604130.0,34750.0,36480.0,24910.0,28710.0,42360.0,51620.0
53-7061,Cleaners of Vehicles and Equipment,2018,378850.0,24530.0,26900.0,18630.0,21230.0,30040.0,38280.0
53-7062,"Laborers and Freight, Stock, and Material Movers, Hand",2018,2893180.0,28260.0,30890.0,20700.0,23520.0,35960.0,45700.0
53-7063,Machine Feeders and Offbearers,2018,66380.0,29560.0,31710.0,21470.0,24400.0,37670.0,46870.0
53-7064,"Packers and Packagers, Hand",2018,663970.0,24580.0,26490.0,18870.0,21380.0,29760.0,37560.0
53-7071,Gas Compressor and Gas Pumping Station Operators,2018,3460.0,65210.0,62900.0,40220.0,50620.0,75660.0,82450.0
53-7072,"Pump Operators, Except Wellhead Pumpers",2018,10820.0,44380.0,47510.0,28930.0,34740.0,58000.0,73010.0
53-7073,Wellhead Pumpers,2018,13280.0,53490.0,53870.0,31280.0,38700.0,66500.0,79930.0
53-7081,Refuse and Recyclable Material Collectors,2018,118520.0,37260.0,40560.0,22290.0,28280.0,49260.0,66020.0
53-7111,Mine Shuttle Car Operators,2018,1690.0,56340.0,56150.0,44030.0,49560.0,61920.0,66270.0
53-7121,"Tank Car, Truck, and Ship Loaders",2018,9000.0,38220.0,42330.0,25210.0,29930.0,50340.0,70690.0
53-7199,"Material Moving Workers, All Other",2018,27010.0,29410.0,35000.0,22380.0,24450.0,40960.0,58140.0
11-1011,Chief Executives,2019,205890.0,184460.0,193850.0,62290.0,112790.0,,
11-1021,General and Operations Managers,2019,2400280.0,100780.0,123030.0,45050.0,65660.0,157430.0,
11-1031,Legislators,2019,52280.0,29270.0,49440.0,17690.0,19070.0,75520.0,100470.0
11-2011,Advertising and Promotions Managers,2019,25100.0,125510.0,141890.0,61930.0,86330.0,175940.0,
11-2021,Marketing Managers,2019,263680.0,136850.0,149200.0,71010.0,97710.0,185320.0,
11-2022,Sales Managers,2019,402600.0,126640.0,141690.0,59810.0,85150.0,177830.0,
11-2030,Public Relations and Fundraising Managers,2019,79160.0,116180.0,132630.0,64790.0,84780.0,161230.0,
11-3010,Administrative Services and Facilities Managers,2019,307280.0,96940.0,106550.0,55210.0,72220.0,128230.0,166330.0
11-3021,Computer and Information Systems Managers,2019,433960.0,146360.0,156390.0,87480.0,113110.0,185610.0,
11-3031,Financial Managers,2019,654790.0,129890.0,147530.0,68370.0,92310.0,181980.0,
11-3051,Industrial Production Managers,2019,185790.0,105480.0,115110.0,65050.0,82400.0,136880.0,176070.0
11-3061,Purchasing Managers,2019,72100.0,121110.0,128400.0,71450.0,92560.0,152890.0,193400.0
11-3071,"Transportation, Storage, and Distribution Managers",2019,132040.0,94560.0,103320.0,55850.0,72050.0,124460.0,160500.0
11-3111,Compensation and Benefits Managers,2019,16900.0,122270.0,134210.0,69870.0,91430.0,163980.0,
11-3121,Human Resources Managers,2019,154800.0,116720.0,129570.0,68300.0,88150.0,156560.0,205720.0
11-3131,Training and Development Managers,2019,38510.0,113350.0,123470.0,64720.0,84720.0,152340.0,196070.0
11-9013,"Farmers, Ranchers, and Other Agricultural Managers",2019,5060.0,71160.0,80360.0,37530.0,53870.0,99260.0,132760.0
11-9021,Construction Managers,2019,293380.0,95260.0,105000.0,56140.0,71900.0,126040.0,164790.0
11-9031,"Education and Childcare Administrators, Preschool and Daycare",2019,52360.0,48210.0,53690.0,30850.0,37420.0,62090.0,82590.0
11-9032,"Education Administrators, Kindergarten through Secondary",2019,271020.0,96400.0,100340.0,63070.0,76650.0,121500.0,148630.0
11-9033,"Education Administrators, Postsecondary",2019,144880.0,95410.0,112400.0,55320.0,70490.0,135070.0,194090.0
11-9039,"Education Administrators, All Other",2019,44550.0,85450.0,92150.0,46110.0,61280.0,115990.0,146190.0
11-9041,Architectural and Engineering Managers,2019,194250.0,144830.0,152930.0,92510.0,115670.0,179220.0,
11-9051,Food Service Managers,2019,235470.0,55320.0,59820.0,33210.0,42260.0,71270.0,93040.0
11-9071,Gambling Managers,2019,4450.0,74970.0,84700.0,47160.0,58840.0,97770.0,136650.0
11-9081,Lodging Managers,2019,38340.0,54430.0,63570.0,31380.0,40010.0,75130.0,105720.0
11-9111,Medical and Health Services Managers,2019,394910.0,100980.0,115160.0,58820.0,76770.0,133520.0,189000.0
11-9121,Natural Sciences Managers,2019,67720.0,129100.0,145450.0,66050.0,94940.0,176510.0,
11-9131,Postmasters and Mail Superintendents,2019,13850.0,76900.0,78220.0,65370.0,70160.0,86300.0,94880.0
11-9141,"Property, Real Estate, and Community Association Managers",2019,220750.0,58760.0,71720.0,31030.0,41630.0,84430.0,129160.0
11-9151,Social and Community Service Managers,2019,156460.0,67150.0,72900.0,41220.0,52480.0,88180.0,112480.0
11-9161,Emergency Management Directors,2019,10060.0,74590.0,82530.0,40430.0,54050.0,103330.0,141230.0
11-9171,Funeral Home Managers,2019,9400.0,76350.0,95220.0,44120.0,57020.0,111310.0,161870.0
11-9198,"Personal Service Managers, All Other; Entertainment and Recreation Managers, Except Gambling; and Managers, All Other",2019,472060.0,110630.0,118710.0,53380.0,77100.0,147660.0,191340.0
13-1011,"Agents and Business Managers of Artists, Performers, and Athletes",2019,17060.0,73740.0,97170.0,37300.0,50590.0,120430.0,189420.0
13-1020,Buyers and Purchasing Agents,2019,421280.0,64380.0,69680.0,38230.0,49280.0,84630.0,107510.0
13-1031,"Claims Adjusters, Examiners, and Investigators",2019,287960.0,66790.0,68940.0,41100.0,51030.0,83050.0,100400.0
13-1032,"Insurance Appraisers, Auto Damage",2019,13750.0,63270.0,66240.0,44430.0,53430.0,77810.0,93720.0
13-1041,Compliance Officers,2019,317600.0,69050.0,72850.0,38920.0,51050.0,91260.0,109950.0
13-1051,Cost Estimators,2019,210000.0,65250.0,71350.0,39380.0,51300.0,86080.0,111350.0
13-1071,Human Resources Specialists,2019,633040.0,61920.0,67760.0,37180.0,47450.0,81430.0,105930.0
13-1074,Farm Labor Contractors,2019,160.0,61910.0,62060.0,33900.0,38640.0,81330.0,95990.0
13-1075,Labor Relations Specialists,2019,75580.0,69020.0,71870.0,19230.0,44920.0,94740.0,124380.0
13-1081,Logisticians,2019,182050.0,74750.0,78680.0,44020.0,57080.0,96240.0,120400.0
13-1111,Management Analysts,2019,709750.0,85260.0,95560.0,49700.0,64060.0,113770.0,154310.0
13-1121,"Meeting, Convention, and Event Planners",2019,117610.0,50600.0,54880.0,28590.0,37640.0,65860.0,86390.0
13-1131,Fundraisers,2019,81660.0,57970.0,62830.0,33530.0,43940.0,76620.0,100410.0
13-1141,"Compensation, Benefits, and Job Analysis Specialists",2019,89300.0,64560.0,69840.0,40140.0,50000.0,82920.0,105600.0
13-1151,Training and Development Specialists,2019,312450.0,61210.0,65640.0,32680.0,44680.0,81290.0,104200.0
13-1161,Market Research Analysts and Marketing Specialists,2019,678500.0,63790.0,71570.0,34350.0,46800.0,89580.0,122630.0
13-1198,"Project Management Specialists and Business Operations Specialists, All Other",2019,1279390.0,73570.0,80220.0,39930.0,54110.0,99150.0,128420.0
13-2011,Accountants and Auditors,2019,1280700.0,71550.0,79520.0,44480.0,55900.0,94340.0,124450.0
13-2020,Property Appraisers and Assessors,2019,56320.0,57010.0,63610.0,31160.0,41980.0,78670.0,104540.0
13-2031,Budget Analysts,2019,51460.0,76540.0,80300.0,50230.0,61040.0,96780.0,116510.0
13-2041,Credit Analysts,2019,73930.0,73650.0,84930.0,43430.0,55320.0,101860.0,145840.0
13-2052,Personal Financial Advisors,2019,210190.0,87850.0,119290.0,42950.0,57780.0,154480.0,
13-2053,Insurance Underwriters,2019,100050.0,70020.0,77640.0,42360.0,53510.0,94390.0,124320.0
13-2061,Financial Examiners,2019,64550.0,81090.0,92330.0,43500.0,58860.0,114030.0,158200.0
13-2071,Credit Counselors,2019,32110.0,45950.0,50230.0,31670.0,37250.0,58470.0,76740.0
13-2072,Loan Officers,2019,308370.0,63270.0,76200.0,32560.0,44840.0,92960.0,132680.0
13-2081,"Tax Examiners and Collectors, and Revenue Agents",2019,53760.0,54890.0,60960.0,33090.0,41700.0,76850.0,101780.0
13-2082,Tax Preparers,2019,66670.0,43080.0,49550.0,21750.0,28450.0,63070.0,87060.0
13-2098,"Financial and Investment Analysts, Financial Risk Specialists, and Financial Specialists, All Other",2019,458510.0,81590.0,94160.0,47230.0,61850.0,109330.0,156150.0
15-1211,Computer Systems Analysts,2019,589060.0,90920.0,96160.0,55180.0,70000.0,117120.0,147670.0
15-1212,Information Security Analysts,2019,125570.0,99730.0,104210.0,57810.0,75450.0,128640.0,158860.0
15-1221,Computer and Information Research Scientists,2019,30780.0,122840.0,127460.0,69990.0,93290.0,154020.0,189780.0
15-1231,Computer Network Support Specialists,2019,185430.0,63460.0,68860.0,38990.0,49160.0,83230.0,106420.0
15-1232,Computer User Support Specialists,2019,647330.0,52270.0,56550.0,32330.0,40340.0,68060.0,88470.0
15-1241,Computer Network Architects,2019,152420.0,112690.0,115110.0,64770.0,85290.0,142610.0,168390.0
15-1244,Network and Computer Systems Administrators,2019,354450.0,83510.0,88410.0,52370.0,65460.0,106310.0,132520.0
15-1245,Database Administrators and Architects,2019,125460.0,93750.0,96110.0,51800.0,68340.0,120880.0,148060.0
15-1251,Computer Programmers,2019,199540.0,86550.0,92610.0,50150.0,65760.0,112120.0,140250.0
15-1256,Software Developers and Software Quality Assurance Analysts and Testers,2019,1406870.0,107510.0,111620.0,64240.0,82430.0,136320.0,164590.0
15-1257,Web Developers and Digital Interface Designers,2019,148340.0,73760.0,82370.0,39550.0,53520.0,102900.0,142080.0
15-1299,"Computer Occupations, All Other",2019,393160.0,88550.0,92410.0,43780.0,62620.0,117260.0,146440.0
15-2011,Actuaries,2019,22260.0,108350.0,120970.0,64860.0,81210.0,148720.0,193600.0
15-2021,Mathematicians,2019,2630.0,105030.0,107280.0,58100.0,76170.0,127860.0,162060.0
15-2031,Operations Research Analysts,2019,99680.0,84810.0,90600.0,48670.0,62780.0,112680.0,140790.0
15-2041,Statisticians,2019,39090.0,91160.0,95680.0,52690.0,68480.0,118790.0,146770.0
15-2098,"Data Scientists and Mathematical Science Occupations, All Other",2019,30810.0,94280.0,100560.0,52720.0,70090.0,125140.0,158060.0
17-1011,"Architects, Except Landscape and Naval",2019,105850.0,80750.0,89560.0,48700.0,62600.0,105600.0,137620.0
17-1012,Landscape Architects,2019,20280.0,69360.0,73970.0,42320.0,54600.0,90090.0,112290.0
17-1021,Cartographers and Photogrammetrists,2019,11300.0,65470.0,69790.0,41670.0,52340.0,85050.0,103380.0
17-1022,Surveyors,2019,45220.0,63420.0,67920.0,36110.0,47750.0,84120.0,104850.0
17-2011,Aerospace Engineers,2019,63200.0,116500.0,119220.0,72450.0,91240.0,145530.0,166620.0
17-2021,Agricultural Engineers,2019,1550.0,80720.0,98290.0,47330.0,61140.0,103210.0,160950.0
17-2031,Bioengineers and Biomedical Engineers,2019,19780.0,91410.0,97090.0,55280.0,70990.0,118020.0,148210.0
17-2041,Chemical Engineers,2019,30120.0,108770.0,117090.0,66810.0,84720.0,137860.0,176090.0
17-2051,Civil Engineers,2019,310850.0,87060.0,94360.0,55380.0,68130.0,113580.0,144560.0
17-2061,Computer Hardware Engineers,2019,67880.0,117220.0,123030.0,68460.0,88800.0,150840.0,185240.0
17-2071,Electrical Engineers,2019,185570.0,98530.0,103480.0,63020.0,77080.0,125520.0,155880.0
17-2072,"Electronics Engineers, Except Computer",2019,128800.0,105570.0,110210.0,66620.0,82420.0,133050.0,164210.0
17-2081,Environmental Engineers,2019,53150.0,88860.0,94220.0,54330.0,68000.0,114250.0,142070.0
17-2111,"Health and Safety Engineers, Except Mining Safety Engineers and Inspectors",2019,25860.0,91410.0,94810.0,53650.0,68940.0,118440.0,143880.0
17-2112,Industrial Engineers,2019,291710.0,88020.0,92660.0,57290.0,70540.0,110160.0,134070.0
17-2121,Marine Engineers and Naval Architects,2019,11360.0,92400.0,98730.0,65440.0,75500.0,116770.0,147710.0
17-2131,Materials Engineers,2019,26820.0,93360.0,97890.0,57340.0,72420.0,120180.0,148960.0
17-2141,Mechanical Engineers,2019,306990.0,88430.0,93540.0,57130.0,70280.0,111980.0,138020.0
17-2151,"Mining and Geological Engineers, Including Mining Safety Engineers",2019,6280.0,91160.0,96990.0,52160.0,68240.0,120890.0,151230.0
17-2161,Nuclear Engineers,2019,15850.0,113460.0,120700.0,71860.0,90170.0,138330.0,179430.0
17-2171,Petroleum Engineers,2019,32620.0,137720.0,156780.0,79270.0,107020.0,193430.0,
17-2199,"Engineers, All Other",2019,152340.0,99040.0,102460.0,53730.0,72180.0,128780.0,158830.0
17-3011,Architectural and Civil Drafters,2019,98800.0,56340.0,58080.0,35890.0,44920.0,69050.0,82230.0
17-3012,Electrical and Electronics Drafters,2019,24140.0,61530.0,65720.0,37770.0,47880.0,79100.0,100650.0
17-3013,Mechanical Drafters,2019,55210.0,57060.0,60500.0,36350.0,45050.0,72460.0,92010.0
17-3019,"Drafters, All Other",2019,14600.0,52830.0,54840.0,33450.0,40530.0,64590.0,80430.0
17-3021,Aerospace Engineering and Operations Technologists and Technicians,2019,11540.0,66020.0,68340.0,41680.0,52130.0,80520.0,99970.0
17-3022,Civil Engineering Technologists and Technicians,2019,68870.0,53410.0,55480.0,33880.0,40590.0,67070.0,80650.0
17-3023,Electrical and Electronic Engineering Technologists and Technicians,2019,122550.0,65260.0,66240.0,39190.0,50790.0,78910.0,96690.0
17-3024,Electro-Mechanical and Mechatronics Technologists and Technicians,2019,14290.0,58350.0,61420.0,36520.0,45390.0,74600.0,93450.0
17-3025,Environmental Engineering Technologists and Technicians,2019,18010.0,50620.0,54740.0,32610.0,38780.0,64890.0,82930.0
17-3026,Industrial Engineering Technologists and Technicians,2019,67110.0,56550.0,59400.0,35850.0,44440.0,71220.0,87790.0
17-3027,Mechanical Engineering Technologists and Technicians,2019,42820.0,56980.0,59160.0,35140.0,44170.0,72140.0,88640.0
17-3031,Surveying and Mapping Technicians,2019,53030.0,45010.0,48500.0,28410.0,34960.0,59070.0,75190.0
17-3098,"Calibration Technologists and Technicians and Engineering Technologists and Technicians, Except Drafters, All Other",2019,88330.0,62990.0,65940.0,35960.0,47370.0,80660.0,99790.0
19-1011,Animal Scientists,2019,2690.0,60300.0,68570.0,38260.0,47130.0,80830.0,111740.0
19-1012,Food Scientists and Technologists,2019,13460.0,68970.0,76190.0,40360.0,52790.0,94800.0,124660.0
19-1013,Soil and Plant Scientists,2019,14150.0,63200.0,69860.0,38410.0,49630.0,82420.0,111480.0
19-1021,Biochemists and Biophysicists,2019,31360.0,94490.0,108180.0,50620.0,66550.0,132200.0,182870.0
19-1022,Microbiologists,2019,18270.0,75650.0,82760.0,43500.0,54760.0,108390.0,133280.0
19-1023,Zoologists and Wildlife Biologists,2019,19250.0,63270.0,67200.0,38880.0,49860.0,79000.0,101780.0
19-1029,"Biological Scientists, All Other",2019,40100.0,82220.0,87590.0,48670.0,63360.0,101000.0,133080.0
19-1031,Conservation Scientists,2019,22070.0,62660.0,67040.0,39270.0,49480.0,79630.0,98060.0
19-1032,Foresters,2019,9510.0,61790.0,63270.0,38890.0,49300.0,74400.0,90080.0
19-1041,Epidemiologists,2019,7410.0,70990.0,78290.0,44000.0,56220.0,92600.0,119290.0
19-1042,"Medical Scientists, Except Epidemiologists",2019,127180.0,88790.0,98770.0,49020.0,61920.0,121850.0,159680.0
19-1099,"Life Scientists, All Other",2019,6450.0,75910.0,85890.0,39380.0,53780.0,104340.0,145510.0
19-2011,Astronomers,2019,2070.0,114590.0,122270.0,59420.0,79010.0,160650.0,185780.0
19-2012,Physicists,2019,16730.0,122850.0,131080.0,62470.0,88670.0,164210.0,201990.0
19-2021,Atmospheric and Space Scientists,2019,9290.0,95380.0,97160.0,49700.0,70050.0,119110.0,147160.0
19-2031,Chemists,2019,83530.0,77630.0,84150.0,44460.0,57090.0,104670.0,133690.0
19-2032,Materials Scientists,2019,6710.0,96810.0,100430.0,51950.0,69060.0,126310.0,157780.0
19-2041,"Environmental Scientists and Specialists, Including Health",2019,84290.0,71360.0,77940.0,42810.0,54100.0,95140.0,124760.0
19-2042,"Geoscientists, Except Hydrologists and Geographers",2019,29200.0,92040.0,108350.0,51000.0,65180.0,130870.0,187910.0
19-2043,Hydrologists,2019,6440.0,81270.0,86330.0,51220.0,63650.0,104280.0,127400.0
19-2099,"Physical Scientists, All Other",2019,17550.0,109910.0,112070.0,51680.0,77460.0,139300.0,165270.0
19-3011,Economists,2019,19000.0,105020.0,116630.0,59450.0,78800.0,143620.0,185020.0
19-3022,Survey Researchers,2019,9930.0,59170.0,65760.0,32150.0,43030.0,79920.0,108860.0
19-3031,"Clinical, Counseling, and School Psychologists",2019,113270.0,78200.0,87450.0,45240.0,59590.0,102470.0,132670.0
19-3032,Industrial-Organizational Psychologists,2019,630.0,92880.0,111150.0,51080.0,61380.0,148170.0,197700.0
19-3039,"Psychologists, All Other",2019,14220.0,101790.0,98230.0,46100.0,75740.0,114870.0,129530.0
19-3041,Sociologists,2019,2630.0,83420.0,90590.0,46920.0,62460.0,108500.0,141770.0
19-3051,Urban and Regional Planners,2019,38560.0,74350.0,77750.0,45850.0,57960.0,94000.0,116280.0
19-3091,Anthropologists and Archeologists,2019,6720.0,63670.0,66810.0,39460.0,49760.0,81480.0,97950.0
19-3092,Geographers,2019,1400.0,81540.0,81970.0,52280.0,63300.0,97620.0,113140.0
19-3093,Historians,2019,3040.0,63680.0,68690.0,29760.0,41880.0,89550.0,114810.0
19-3094,Political Scientists,2019,6010.0,122220.0,120260.0,60960.0,87990.0,148960.0,164210.0
19-3099,"Social Scientists and Related Workers, All Other",2019,33690.0,83330.0,87690.0,52820.0,66480.0,105320.0,126070.0
19-4010,Agricultural and Food Science Technicians,2019,21870.0,41230.0,44440.0,28030.0,33820.0,51360.0,64180.0
19-4021,Biological Technicians,2019,79530.0,45860.0,49110.0,29540.0,35870.0,59210.0,73350.0
19-4031,Chemical Technicians,2019,65760.0,49260.0,52910.0,31110.0,37700.0,64200.0,80350.0
19-4042,"Environmental Science and Protection Technicians, Including Health",2019,32620.0,46540.0,50760.0,29040.0,35910.0,61030.0,80710.0
19-4045,Geological and Hydrologic Technicians,2019,17110.0,51130.0,60800.0,28530.0,36470.0,74320.0,104660.0
19-4051,Nuclear Technicians,2019,6420.0,82080.0,82710.0,52860.0,64140.0,98430.0,117480.0
19-4061,Social Science Research Assistants,2019,35580.0,47510.0,51340.0,28190.0,36840.0,61050.0,78800.0
19-4071,Forest and Conservation Technicians,2019,19060.0,45500.0,45860.0,29830.0,36160.0,53790.0,61370.0
19-4092,Forensic Science Technicians,2019,16520.0,59150.0,63170.0,35620.0,45180.0,77200.0,97350.0
19-4099,"Life, Physical, and Social Science Technicians, All Other",2019,64260.0,50550.0,53670.0,30050.0,38010.0,63940.0,81710.0
19-5011,Occupational Health and Safety Specialists,2019,92780.0,74100.0,76290.0,43630.0,57400.0,92470.0,111130.0
19-5012,Occupational Health and Safety Technicians,2019,20580.0,51550.0,56470.0,32830.0,40090.0,68940.0,89720.0
21-1012,"Educational, Guidance, and Career Counselors and Advisors",2019,296460.0,57040.0,61000.0,34380.0,44010.0,74430.0,96090.0
21-1013,Marriage and Family Therapists,2019,59050.0,49610.0,54590.0,32070.0,37740.0,64630.0,87700.0
21-1015,Rehabilitation Counselors,2019,109040.0,35950.0,40160.0,23820.0,28140.0,48110.0,63790.0
21-1018,"Substance Abuse, Behavioral Disorder, and Mental Health Counselors",2019,283540.0,46240.0,49950.0,29520.0,35960.0,59650.0,76080.0
21-1019,"Counselors, All Other",2019,25420.0,42930.0,48800.0,27030.0,33690.0,59170.0,77590.0
21-1021,"Child, Family, and School Social Workers",2019,327710.0,47390.0,51030.0,30870.0,37320.0,60600.0,78230.0
21-1022,Healthcare Social Workers,2019,174890.0,56750.0,59300.0,35000.0,44200.0,71000.0,86130.0
21-1023,Mental Health and Substance Abuse Social Workers,2019,117770.0,46650.0,51670.0,29540.0,35790.0,61930.0,80900.0
21-1029,"Social Workers, All Other",2019,58410.0,61230.0,61750.0,34210.0,43570.0,78720.0,90800.0
21-1091,Health Education Specialists,2019,58590.0,55220.0,60500.0,32890.0,40970.0,75050.0,98680.0
21-1092,Probation Officers and Correctional Treatment Specialists,2019,88120.0,54290.0,59910.0,36370.0,43040.0,72450.0,94860.0
21-1093,Social and Human Service Assistants,2019,404450.0,35060.0,37050.0,23750.0,28190.0,43800.0,54230.0
21-1094,Community Health Workers,2019,58950.0,40360.0,44390.0,26660.0,32850.0,52850.0,68350.0
21-1099,"Community and Social Service Specialists, All Other",2019,97480.0,43790.0,46900.0,26030.0,33680.0,57320.0,73220.0
21-2011,Clergy,2019,53180.0,50400.0,55190.0,26810.0,36810.0,65320.0,86970.0
21-2021,"Directors, Religious Activities and Education",2019,21820.0,43860.0,50490.0,23540.0,30580.0,62240.0,90870.0
21-2099,"Religious Workers, All Other",2019,9450.0,31630.0,39830.0,20740.0,24780.0,46640.0,65630.0
23-1011,Lawyers,2019,657170.0,122960.0,145300.0,59670.0,80950.0,186350.0,
23-1012,Judicial Law Clerks,2019,16630.0,54010.0,59890.0,33910.0,41640.0,72160.0,96990.0
23-1021,"Administrative Law Judges, Adjudicators, and Hearing Officers",2019,14380.0,97870.0,100230.0,45970.0,65130.0,129880.0,172010.0
23-1022,"Arbitrators, Mediators, and Conciliators",2019,6090.0,63930.0,73720.0,37420.0,46460.0,94230.0,123730.0
23-1023,"Judges, Magistrate Judges, and Magistrates",2019,28670.0,136910.0,128550.0,39110.0,77910.0,165320.0,204200.0
23-2011,Paralegals and Legal Assistants,2019,329870.0,51740.0,55020.0,32160.0,39500.0,65610.0,82500.0
23-2093,"Title Examiners, Abstractors, and Searchers",2019,52890.0,48180.0,52050.0,29060.0,36700.0,62090.0,79920.0
23-2099,"Legal Support Workers, All Other",2019,45080.0,58400.0,70840.0,32070.0,43950.0,93050.0,134710.0
25-1011,"Business Teachers, Postsecondary",2019,83920.0,87200.0,105440.0,39470.0,57680.0,133160.0,196980.0
25-1021,"Computer Science Teachers, Postsecondary",2019,31800.0,85180.0,98430.0,42750.0,59550.0,123720.0,169980.0
25-1022,"Mathematical Science Teachers, Postsecondary",2019,51150.0,73690.0,86330.0,38790.0,53170.0,106460.0,154320.0
25-1031,"Architecture Teachers, Postsecondary",2019,6780.0,87900.0,98980.0,43000.0,63450.0,124060.0,175390.0
25-1032,"Engineering Teachers, Postsecondary",2019,36080.0,101010.0,112110.0,53030.0,74510.0,136400.0,185720.0
25-1041,"Agricultural Sciences Teachers, Postsecondary",2019,9470.0,83260.0,89320.0,40750.0,57770.0,113790.0,149700.0
25-1042,"Biological Science Teachers, Postsecondary",2019,53090.0,83300.0,98700.0,44750.0,59710.0,122410.0,173930.0
25-1043,"Forestry and Conservation Science Teachers, Postsecondary",2019,1770.0,85450.0,90940.0,49210.0,63810.0,112470.0,138950.0
25-1051,"Atmospheric, Earth, Marine, and Space Sciences Teachers, Postsecondary",2019,11020.0,92040.0,102690.0,47660.0,65900.0,127210.0,173140.0
25-1052,"Chemistry Teachers, Postsecondary",2019,21380.0,79550.0,92650.0,45940.0,59100.0,112340.0,159160.0
25-1053,"Environmental Science Teachers, Postsecondary",2019,6060.0,82430.0,93450.0,44760.0,59920.0,115350.0,158030.0
25-1054,"Physics Teachers, Postsecondary",2019,13780.0,89590.0,101110.0,49690.0,64660.0,124880.0,168900.0
25-1061,"Anthropology and Archeology Teachers, Postsecondary",2019,5850.0,86220.0,95140.0,46700.0,63600.0,117210.0,157840.0
25-1062,"Area, Ethnic, and Cultural Studies Teachers, Postsecondary",2019,10600.0,77070.0,88410.0,38610.0,54920.0,105140.0,157030.0
25-1063,"Economics Teachers, Postsecondary",2019,13270.0,104370.0,119160.0,51090.0,73330.0,146270.0,206150.0
25-1064,"Geography Teachers, Postsecondary",2019,3970.0,80520.0,86540.0,43740.0,62170.0,105300.0,137690.0
25-1065,"Political Science Teachers, Postsecondary",2019,15750.0,85930.0,102290.0,44340.0,61590.0,122800.0,184340.0
25-1066,"Psychology Teachers, Postsecondary",2019,37480.0,76620.0,87530.0,41010.0,56180.0,105830.0,151030.0
25-1067,"Sociology Teachers, Postsecondary",2019,13850.0,75290.0,85240.0,39920.0,54980.0,103300.0,147930.0
25-1069,"Social Sciences Teachers, Postsecondary, All Other",2019,16830.0,71530.0,85390.0,30880.0,49260.0,107530.0,164920.0
25-1071,"Health Specialties Teachers, Postsecondary",2019,201920.0,97320.0,121620.0,44350.0,62350.0,159950.0,
25-1072,"Nursing Instructors and Teachers, Postsecondary",2019,59680.0,74600.0,83160.0,41130.0,56260.0,99640.0,133460.0
25-1081,"Education Teachers, Postsecondary",2019,61300.0,65510.0,74560.0,31730.0,47980.0,91270.0,128140.0
25-1082,"Library Science Teachers, Postsecondary",2019,4390.0,71410.0,77170.0,46230.0,56750.0,91160.0,118330.0
25-1111,"Criminal Justice and Law Enforcement Teachers, Postsecondary",2019,14070.0,62860.0,72980.0,35650.0,48350.0,88510.0,125680.0
25-1112,"Law Teachers, Postsecondary",2019,16180.0,113530.0,129950.0,37600.0,59160.0,179230.0,
25-1113,"Social Work Teachers, Postsecondary",2019,13640.0,72070.0,77910.0,34900.0,53320.0,96050.0,128350.0
25-1121,"Art, Drama, and Music Teachers, Postsecondary",2019,94060.0,69530.0,83220.0,35180.0,50030.0,100620.0,149560.0
25-1122,"Communications Teachers, Postsecondary",2019,29120.0,70630.0,79830.0,38160.0,51470.0,97920.0,137830.0
25-1123,"English Language and Literature Teachers, Postsecondary",2019,67930.0,68490.0,80180.0,37960.0,50150.0,99180.0,140890.0
25-1124,"Foreign Language and Literature Teachers, Postsecondary",2019,24860.0,69990.0,80170.0,40530.0,53040.0,99090.0,135430.0
25-1125,"History Teachers, Postsecondary",2019,21030.0,75170.0,84210.0,39580.0,55520.0,101530.0,139140.0
25-1126,"Philosophy and Religion Teachers, Postsecondary",2019,23490.0,75240.0,88970.0,41540.0,55570.0,103960.0,151180.0
25-1192,"Family and Consumer Sciences Teachers, Postsecondary",2019,2150.0,76480.0,85270.0,36430.0,54540.0,101880.0,137050.0
25-1193,"Recreation and Fitness Studies Teachers, Postsecondary",2019,15880.0,64380.0,73720.0,33740.0,47790.0,92350.0,127910.0
25-1194,"Career/Technical Education Teachers, Postsecondary",2019,112210.0,54620.0,60420.0,32840.0,41970.0,72460.0,99230.0
25-1199,"Postsecondary Teachers, All Other",2019,201320.0,68970.0,80720.0,31570.0,50610.0,104240.0,144210.0
25-2011,"Preschool Teachers, Except Special Education",2019,431350.0,30520.0,34650.0,21140.0,24830.0,39720.0,55050.0
25-2012,"Kindergarten Teachers, Except Special Education",2019,124290.0,56850.0,60210.0,37420.0,45720.0,71470.0,90180.0
25-2021,"Elementary School Teachers, Except Special Education",2019,1430480.0,59670.0,63930.0,39020.0,47300.0,77440.0,97900.0
25-2022,"Middle School Teachers, Except Special and Career/Technical Education",2019,622330.0,59660.0,63550.0,39990.0,47850.0,76430.0,96280.0
25-2023,"Career/Technical Education Teachers, Middle School",2019,11860.0,60800.0,64900.0,40770.0,50500.0,77460.0,97050.0
25-2031,"Secondary School Teachers, Except Special and Career/Technical Education",2019,1035850.0,61660.0,65930.0,40540.0,49060.0,79820.0,99660.0
25-2032,"Career/Technical Education Teachers, Secondary School",2019,74520.0,61710.0,64800.0,42620.0,51240.0,76730.0,94050.0
25-2051,"Special Education Teachers, Preschool",2019,22340.0,60000.0,67060.0,35110.0,45990.0,79910.0,115260.0
25-2052,"Special Education Teachers, Kindergarten and Elementary School",2019,193830.0,60460.0,64420.0,40560.0,48800.0,77420.0,97210.0
25-2057,"Special Education Teachers, Middle School",2019,85840.0,61440.0,65740.0,41370.0,50010.0,79030.0,98610.0
25-2058,"Special Education Teachers, Secondary School",2019,143170.0,61710.0,65710.0,41170.0,49820.0,79150.0,98890.0
25-2059,"Special Education Teachers, All Other",2019,35600.0,61190.0,65350.0,34180.0,45730.0,81510.0,100890.0
25-3011,"Adult Basic Education, Adult Secondary Education, and English as a Second Language Instructors",2019,51950.0,54350.0,58980.0,32580.0,42640.0,71700.0,93760.0
25-3021,Self-Enrichment Teachers,2019,252780.0,39190.0,46120.0,21400.0,27540.0,57160.0,80330.0
25-3031,"Substitute Teachers, Short-Term",2019,587120.0,28790.0,32460.0,18880.0,22860.0,37340.0,49200.0
25-3097,"Tutors and Teachers and Instructors, All Other",2019,320250.0,39350.0,48700.0,21500.0,27260.0,61490.0,87290.0
25-4011,Archivists,2019,6560.0,53950.0,57500.0,31870.0,39530.0,72560.0,91350.0
25-4012,Curators,2019,12890.0,54570.0,59130.0,30740.0,40980.0,73370.0,94750.0
25-4013,Museum Technicians and Conservators,2019,13190.0,44430.0,48030.0,26110.0,33530.0,58470.0,76330.0
25-4022,Librarians and Media Collections Specialists,2019,135690.0,59500.0,61920.0,33820.0,46030.0,75700.0,94520.0
25-4031,Library Technicians,2019,88720.0,34900.0,36950.0,22010.0,26470.0,45560.0,56170.0
25-9021,Farm and Home Management Educators,2019,8720.0,49710.0,52720.0,27370.0,36640.0,65050.0,82210.0
25-9031,Instructional Coordinators,2019,176690.0,66290.0,69180.0,38260.0,50930.0,85090.0,103790.0
25-9044,"Teaching Assistants, Postsecondary",2019,137500.0,32080.0,36460.0,18950.0,24570.0,47370.0,59480.0
25-9045,"Teaching Assistants, Except Postsecondary",2019,1346910.0,27920.0,29640.0,18940.0,22920.0,35300.0,43040.0
25-9099,"Educational Instruction and Library Workers, All Other",2019,129040.0,40310.0,45970.0,18840.0,25500.0,58740.0,81360.0
27-1011,Art Directors,2019,42890.0,94220.0,109600.0,53240.0,69110.0,130330.0,188750.0
27-1012,Craft Artists,2019,4640.0,34710.0,38740.0,20710.0,26030.0,46250.0,62960.0
27-1013,"Fine Artists, Including Painters, Sculptors, and Illustrators",2019,12350.0,50550.0,63030.0,20070.0,32400.0,74110.0,112970.0
27-1014,Special Effects Artists and Animators,2019,29340.0,75270.0,84780.0,40250.0,55390.0,103330.0,139940.0
27-1019,"Artists and Related Workers, All Other",2019,7550.0,64490.0,67750.0,27950.0,38440.0,93010.0,109900.0
27-1021,Commercial and Industrial Designers,2019,32770.0,68890.0,73820.0,39860.0,53270.0,90980.0,114950.0
27-1022,Fashion Designers,2019,22030.0,73790.0,86110.0,37260.0,52410.0,100830.0,149010.0
27-1023,Floral Designers,2019,41770.0,28040.0,29760.0,19710.0,23280.0,34870.0,41400.0
27-1024,Graphic Designers,2019,215930.0,52110.0,56510.0,30810.0,39000.0,68920.0,89210.0
27-1025,Interior Designers,2019,60650.0,56040.0,60990.0,31970.0,42260.0,73490.0,96470.0
27-1026,Merchandise Displayers and Window Trimmers,2019,140850.0,29460.0,32940.0,21630.0,24710.0,37330.0,49410.0
27-1027,Set and Exhibit Designers,2019,12040.0,54600.0,62480.0,30910.0,38500.0,78560.0,105990.0
27-1029,"Designers, All Other",2019,10610.0,64620.0,73510.0,30130.0,45140.0,90630.0,132610.0
27-2011,Actors,2019,52620.0,,,,,,
27-2012,Producers and Directors,2019,129210.0,74420.0,93940.0,35480.0,50840.0,114530.0,173680.0
27-2021,Athletes and Sports Competitors,2019,11330.0,51370.0,93140.0,19280.0,25770.0,109920.0,
27-2022,Coaches and Scouts,2019,241390.0,34840.0,44910.0,19040.0,23950.0,53980.0,78890.0
27-2023,"Umpires, Referees, and Other Sports Officials",2019,20120.0,28550.0,38810.0,18310.0,21580.0,44750.0,62490.0
27-2031,Dancers,2019,9690.0,,,,,,
27-2032,Choreographers,2019,4630.0,46330.0,53590.0,21800.0,31820.0,66040.0,101710.0
27-2041,Music Directors and Composers,2019,10580.0,51670.0,64670.0,23100.0,33290.0,75010.0,125200.0
27-2042,Musicians and Singers,2019,41130.0,,,,,,
27-2090,"Miscellaneous Entertainers and Performers, Sports and Related Workers",2019,15840.0,,,,,,
27-3011,Broadcast Announcers and Radio Disc Jockeys,2019,29230.0,34630.0,53580.0,19330.0,24010.0,56060.0,105180.0
27-3023,"News Analysts, Reporters, and Journalists",2019,44100.0,46270.0,62400.0,24520.0,31450.0,75920.0,117170.0
27-3031,Public Relations Specialists,2019,244730.0,61150.0,70190.0,34590.0,45480.0,83170.0,115430.0
27-3041,Editors,2019,95970.0,61370.0,71910.0,32620.0,44190.0,85730.0,122280.0
27-3042,Technical Writers,2019,50760.0,72850.0,76860.0,44320.0,56570.0,93590.0,117250.0
27-3043,Writers and Authors,2019,45860.0,63200.0,73860.0,33660.0,46640.0,87110.0,122450.0
27-3091,Interpreters and Translators,2019,58870.0,51830.0,57000.0,28170.0,37740.0,71590.0,94370.0
27-3092,Court Reporters and Simultaneous Captioners,2019,14530.0,60130.0,64990.0,31570.0,44120.0,85400.0,106210.0
27-3099,"Media and Communication Workers, All Other",2019,25160.0,47580.0,53060.0,22820.0,30790.0,67790.0,92660.0
27-4011,Audio and Video Technicians,2019,73960.0,45910.0,51260.0,26690.0,34270.0,62610.0,83170.0
27-4012,Broadcast Technicians,2019,28650.0,40570.0,46800.0,21620.0,27320.0,60520.0,82080.0
27-4014,Sound Engineering Technicians,2019,12890.0,54740.0,67090.0,25990.0,35270.0,79130.0,121320.0
27-4021,Photographers,2019,50620.0,36280.0,45440.0,20630.0,25150.0,57250.0,79440.0
27-4031,"Camera Operators, Television, Video, and Film",2019,21500.0,55160.0,64960.0,26560.0,37180.0,78120.0,110790.0
27-4032,Film and Video Editors,2019,27570.0,63780.0,87300.0,32750.0,45310.0,99220.0,168320.0
27-4098,"Lighting Technicians and Media and Communication Equipment Workers, All Other",2019,23440.0,73460.0,73700.0,29360.0,45080.0,96980.0,116740.0
29-1011,Chiropractors,2019,35010.0,70340.0,85010.0,35290.0,52800.0,97760.0,147480.0
29-1021,"Dentists, General",2019,110730.0,155600.0,178260.0,80850.0,113060.0,,
29-1022,Oral and Maxillofacial Surgeons,2019,4650.0,,237570.0,65360.0,173470.0,,
29-1023,Orthodontists,2019,5990.0,,230830.0,73490.0,139330.0,,
29-1024,Prosthodontists,2019,490.0,,220840.0,96060.0,127690.0,,
29-1029,"Dentists, All Other Specialists",2019,5330.0,147220.0,178040.0,94240.0,113830.0,,
29-1031,Dietitians and Nutritionists,2019,67670.0,61270.0,62330.0,38890.0,50220.0,74900.0,87360.0
29-1041,Optometrists,2019,39420.0,115250.0,122980.0,59200.0,87780.0,142790.0,194100.0
29-1051,Pharmacists,2019,311200.0,128090.0,125510.0,88400.0,112140.0,148660.0,162900.0
29-1071,Physician Assistants,2019,120090.0,112260.0,112410.0,72720.0,92800.0,130530.0,157120.0
29-1081,Podiatrists,2019,9770.0,126240.0,142680.0,54150.0,85090.0,178960.0,
29-1122,Occupational Therapists,2019,133570.0,84950.0,86210.0,56800.0,69710.0,101590.0,121490.0
29-1123,Physical Therapists,2019,233350.0,89440.0,90170.0,62120.0,73940.0,104210.0,124740.0
29-1124,Radiation Therapists,2019,17860.0,85560.0,91620.0,59280.0,70170.0,105830.0,128630.0
29-1125,Recreational Therapists,2019,19070.0,48220.0,51130.0,30880.0,37840.0,61960.0,77970.0
29-1126,Respiratory Therapists,2019,132090.0,61330.0,63950.0,44850.0,52820.0,74160.0,86980.0
29-1127,Speech-Language Pathologists,2019,154360.0,79120.0,82000.0,49840.0,61940.0,99380.0,121260.0
29-1128,Exercise Physiologists,2019,7280.0,49170.0,54750.0,34990.0,41530.0,61650.0,78310.0
29-1129,"Therapists, All Other",2019,12170.0,52650.0,58600.0,31090.0,41070.0,71500.0,95340.0
29-1131,Veterinarians,2019,74540.0,95460.0,104820.0,58080.0,75580.0,122590.0,160780.0
29-1141,Registered Nurses,2019,2982280.0,73300.0,77460.0,52080.0,60110.0,90760.0,111220.0
29-1151,Nurse Anesthetists,2019,43570.0,174790.0,181040.0,127480.0,148110.0,203730.0,
29-1161,Nurse Midwives,2019,6930.0,105030.0,108810.0,69000.0,86990.0,127110.0,158990.0
29-1171,Nurse Practitioners,2019,200600.0,109820.0,111840.0,81410.0,92790.0,127030.0,152160.0
29-1181,Audiologists,2019,13590.0,77600.0,83900.0,54010.0,66030.0,96610.0,120750.0
29-1211,Anesthesiologists,2019,31010.0,,261730.0,124080.0,,,
29-1215,Family Medicine Physicians,2019,109370.0,205590.0,213270.0,85590.0,147030.0,,
29-1216,General Internal Medicine Physicians,2019,44610.0,201590.0,201440.0,60970.0,107250.0,,
29-1218,Obstetricians and Gynecologists,2019,18620.0,,233610.0,81200.0,171780.0,,
29-1221,"Pediatricians, General",2019,29740.0,175310.0,184410.0,69940.0,127610.0,,
29-1223,Psychiatrists,2019,25530.0,,220430.0,74530.0,149440.0,,
29-1228,"Physicians, All Other; and Ophthalmologists, Except Pediatric",2019,390680.0,206500.0,203450.0,60910.0,112210.0,,
29-1248,"Surgeons, Except Ophthalmologists",2019,36270.0,,252040.0,83740.0,207720.0,,
29-1292,Dental Hygienists,2019,221560.0,76220.0,77230.0,53130.0,64260.0,91560.0,103340.0
29-1298,"Acupuncturists and Healthcare Diagnosing or Treating Practitioners, All Other",2019,36500.0,75640.0,89060.0,42120.0,56840.0,115010.0,148950.0
29-2010,Clinical Laboratory Technologists and Technicians,2019,326020.0,53120.0,54780.0,30920.0,39030.0,68100.0,81530.0
29-2031,Cardiovascular Technologists and Technicians,2019,56110.0,57720.0,59600.0,29710.0,38770.0,76190.0,94370.0
29-2032,Diagnostic Medical Sonographers,2019,72790.0,74320.0,75780.0,52770.0,61830.0,89130.0,102060.0
29-2033,Nuclear Medicine Technologists,2019,18110.0,77950.0,80240.0,56560.0,66880.0,93370.0,105690.0
29-2034,Radiologic Technologists and Technicians,2019,207360.0,60510.0,63120.0,41480.0,49580.0,74660.0,89760.0
29-2035,Magnetic Resonance Imaging Technologists,2019,37900.0,73410.0,74270.0,51150.0,61030.0,87280.0,101580.0
29-2040,Emergency Medical Technicians and Paramedics,2019,260600.0,35400.0,38830.0,23490.0,28130.0,46090.0,59860.0
29-2051,Dietetic Technicians,2019,29230.0,28400.0,31180.0,20190.0,23670.0,36360.0,47040.0
29-2052,Pharmacy Technicians,2019,417780.0,33950.0,35250.0,24120.0,27980.0,40440.0,49130.0
29-2053,Psychiatric Technicians,2019,78470.0,33780.0,37550.0,23440.0,27440.0,43200.0,62120.0
29-2055,Surgical Technologists,2019,109000.0,48300.0,50110.0,33420.0,39760.0,59320.0,71400.0
29-2056,Veterinary Technologists and Technicians,2019,110650.0,35320.0,36670.0,24530.0,29080.0,42540.0,51230.0
29-2057,Ophthalmic Medical Technicians,2019,58600.0,36940.0,38760.0,24980.0,29940.0,46320.0,56370.0
29-2061,Licensed Practical and Licensed Vocational Nurses,2019,697510.0,47480.0,48500.0,34560.0,40810.0,56040.0,63360.0
29-2081,"Opticians, Dispensing",2019,72330.0,37840.0,40730.0,25640.0,30050.0,49170.0,60840.0
29-2091,Orthotists and Prosthetists,2019,9830.0,68410.0,72810.0,41360.0,52120.0,86580.0,108130.0
29-2092,Hearing Aid Specialists,2019,8210.0,53420.0,55360.0,29020.0,38640.0,64780.0,85260.0
29-2098,"Medical Dosimetrists, Medical Records Specialists, and Health Technologists and Technicians, All Other",2019,331790.0,42630.0,46590.0,27820.0,33760.0,56000.0,71150.0
29-9091,Athletic Trainers,2019,28600.0,48440.0,50540.0,31300.0,39860.0,59430.0,73470.0
29-9092,Genetic Counselors,2019,2390.0,81880.0,84310.0,61310.0,70740.0,98110.0,114750.0
29-9098,"Health Information Technologists, Medical Registrars, Surgical Assistants, and Healthcare Practitioners and Technical Workers, All Other",2019,54350.0,49850.0,58600.0,27670.0,35170.0,76020.0,103430.0
31-1120,Home Health and Personal Care Aides,2019,3161500.0,25280.0,26440.0,19430.0,22680.0,29460.0,34180.0
31-1131,Nursing Assistants,2019,1419920.0,29660.0,30720.0,21960.0,25460.0,35260.0,40620.0
31-1132,Orderlies,2019,46990.0,28980.0,30710.0,21590.0,24480.0,35460.0,42860.0
31-1133,Psychiatric Aides,2019,55020.0,31110.0,32590.0,21440.0,24820.0,38520.0,47690.0
31-2011,Occupational Therapy Assistants,2019,44990.0,61510.0,61880.0,41730.0,52150.0,73190.0,82210.0
31-2012,Occupational Therapy Aides,2019,7560.0,29230.0,34310.0,18960.0,21920.0,39330.0,62120.0
31-2021,Physical Therapist Assistants,2019,96840.0,58790.0,58520.0,33450.0,47690.0,69880.0,80840.0
31-2022,Physical Therapist Aides,2019,49270.0,27000.0,29180.0,20310.0,23320.0,32310.0,39740.0
31-9011,Massage Therapists,2019,107240.0,42820.0,47180.0,21810.0,29420.0,59370.0,80630.0
31-9091,Dental Assistants,2019,351470.0,40080.0,41170.0,27980.0,33440.0,48550.0,56930.0
31-9092,Medical Assistants,2019,712430.0,34800.0,35720.0,25820.0,29460.0,40270.0,48720.0
31-9093,Medical Equipment Preparers,2019,56900.0,37440.0,39530.0,26530.0,30910.0,46630.0,56910.0
31-9094,Medical Transcriptionists,2019,55780.0,33380.0,35210.0,22160.0,25690.0,42460.0,51260.0
31-9095,Pharmacy Aides,2019,37280.0,27850.0,30490.0,20300.0,23560.0,34970.0,46500.0
31-9096,Veterinary Assistants and Laboratory Animal Caretakers,2019,97030.0,28590.0,29690.0,20790.0,24080.0,34220.0,39800.0
31-9097,Phlebotomists,2019,128290.0,35510.0,36480.0,26000.0,29860.0,41490.0,49750.0
31-9099,"Healthcare Support Workers, All Other",2019,93270.0,38460.0,40010.0,23790.0,29460.0,48440.0,58500.0
33-1011,First-Line Supervisors of Correctional Officers,2019,46430.0,63730.0,69000.0,41850.0,47710.0,86670.0,105780.0
33-1012,First-Line Supervisors of Police and Detectives,2019,121340.0,91090.0,94950.0,52320.0,68170.0,118970.0,146580.0
33-1021,First-Line Supervisors of Firefighting and Prevention Workers,2019,69590.0,77800.0,82010.0,43150.0,58540.0,101430.0,126720.0
33-1090,"Miscellaneous First-Line Supervisors, Protective Service Workers",2019,82590.0,50490.0,53210.0,29180.0,36770.0,63690.0,81380.0
33-2011,Firefighters,2019,324620.0,50850.0,54650.0,25550.0,34470.0,69040.0,92020.0
33-2021,Fire Inspectors and Investigators,2019,13710.0,61660.0,64730.0,38090.0,48060.0,78180.0,96400.0
33-2022,Forest Fire Inspectors and Prevention Specialists,2019,2160.0,45270.0,53350.0,28090.0,33760.0,69080.0,89710.0
33-3011,Bailiffs,2019,19650.0,47830.0,51840.0,24620.0,34530.0,67180.0,82900.0
33-3012,Correctional Officers and Jailers,2019,423050.0,45180.0,50130.0,31740.0,37110.0,60110.0,78090.0
33-3021,Detectives and Criminal Investigators,2019,105620.0,83170.0,86030.0,44860.0,58890.0,107050.0,139180.0
33-3031,Fish and Game Wardens,2019,6800.0,57500.0,57690.0,33930.0,45740.0,70050.0,80540.0
33-3041,Parking Enforcement Workers,2019,7650.0,40920.0,43420.0,26610.0,32200.0,53040.0,64210.0
33-3051,Police and Sheriff's Patrol Officers,2019,665280.0,63150.0,67600.0,36960.0,47190.0,84440.0,105230.0
33-3052,Transit and Railroad Police,2019,4690.0,71820.0,71120.0,43220.0,57780.0,83200.0,99320.0
33-9011,Animal Control Workers,2019,11980.0,37590.0,39710.0,24280.0,30440.0,47370.0,59610.0
33-9021,Private Detectives and Investigators,2019,35000.0,50510.0,57000.0,30390.0,37030.0,67940.0,89760.0
33-9031,Gambling Surveillance Officers and Gambling Investigators,2019,10280.0,34190.0,38030.0,24490.0,28050.0,43680.0,57700.0
33-9032,Security Guards,2019,1126370.0,29680.0,33030.0,21150.0,24650.0,37950.0,50310.0
33-9091,Crossing Guards and Flaggers,2019,84920.0,29760.0,32920.0,20060.0,24410.0,38510.0,49710.0
33-9092,"Lifeguards, Ski Patrol, and Other Recreational Protective Service Workers",2019,143940.0,23420.0,25380.0,17830.0,19720.0,27620.0,35930.0
33-9093,Transportation Security Screeners,2019,46730.0,41770.0,42310.0,34640.0,38010.0,45180.0,50240.0
33-9098,"School Bus Monitors and Protective Service Workers, All Other",2019,146390.0,30990.0,34880.0,20560.0,24740.0,40390.0,54110.0
35-1011,Chefs and Head Cooks,2019,128190.0,51530.0,56310.0,28370.0,37380.0,68500.0,86990.0
35-1012,First-Line Supervisors of Food Preparation and Serving Workers,2019,1011100.0,33400.0,36960.0,22420.0,26610.0,44910.0,57990.0
35-2011,"Cooks, Fast Food",2019,527220.0,23510.0,23530.0,17540.0,19450.0,26410.0,30490.0
35-2012,"Cooks, Institution and Cafeteria",2019,402480.0,27750.0,29030.0,19200.0,22710.0,33940.0,40570.0
35-2013,"Cooks, Private Household",2019,390.0,37870.0,45600.0,27390.0,30520.0,49100.0,81670.0
35-2014,"Cooks, Restaurant",2019,1401890.0,27790.0,28700.0,19970.0,23520.0,32600.0,38740.0
35-2015,"Cooks, Short Order",2019,152670.0,25150.0,26240.0,18700.0,21130.0,30120.0,36070.0
35-2019,"Cooks, All Other",2019,19340.0,30760.0,32240.0,20050.0,24940.0,37890.0,45860.0
35-2021,Food Preparation Workers,2019,863740.0,24800.0,25820.0,18220.0,20800.0,29650.0,35500.0
35-3011,Bartenders,2019,646850.0,23680.0,28000.0,17780.0,19390.0,31390.0,46140.0
35-3023,Fast Food and Counter Workers,2019,3996820.0,22740.0,23250.0,17580.0,19210.0,25780.0,30410.0
35-3031,Waiters and Waitresses,2019,2579020.0,22890.0,26800.0,17420.0,18950.0,29620.0,42950.0
35-3041,"Food Servers, Nonrestaurant",2019,277580.0,24430.0,26080.0,18510.0,20800.0,29280.0,36530.0
35-9011,Dining Room and Cafeteria Attendants and Bartender Helpers,2019,477270.0,23470.0,25020.0,17870.0,19590.0,27140.0,34600.0
35-9021,Dishwashers,2019,514330.0,23970.0,24410.0,18360.0,20580.0,26760.0,30950.0
35-9031,"Hosts and Hostesses, Restaurant, Lounge, and Coffee Shop",2019,423380.0,23090.0,24010.0,17600.0,19290.0,26350.0,31560.0
35-9099,"Food Preparation and Serving Related Workers, All Other",2019,72300.0,24970.0,26510.0,18480.0,21910.0,29890.0,36620.0
37-1011,First-Line Supervisors of Housekeeping and Janitorial Workers,2019,155550.0,40780.0,44160.0,26240.0,31900.0,53890.0,67340.0
37-1012,"First-Line Supervisors of Landscaping, Lawn Service, and Groundskeeping Workers",2019,103580.0,49370.0,52340.0,32380.0,38850.0,62520.0,78220.0
37-2011,"Janitors and Cleaners, Except Maids and Housekeeping Cleaners",2019,2145450.0,27430.0,30010.0,19620.0,23050.0,34950.0,44880.0
37-2012,Maids and Housekeeping Cleaners,2019,926960.0,24850.0,26810.0,18680.0,21290.0,30080.0,37900.0
37-2019,"Building Cleaning Workers, All Other",2019,18150.0,31230.0,35270.0,21770.0,24920.0,40660.0,56390.0
37-2021,Pest Control Workers,2019,79450.0,37330.0,39910.0,24920.0,30120.0,48150.0,60320.0
37-3011,Landscaping and Groundskeeping Workers,2019,912660.0,30440.0,32360.0,21710.0,25450.0,37480.0,46530.0
37-3012,"Pesticide Handlers, Sprayers, and Applicators, Vegetation",2019,25780.0,35840.0,39230.0,25020.0,29570.0,43310.0,57350.0
37-3013,Tree Trimmers and Pruners,2019,47210.0,39980.0,42510.0,26450.0,32160.0,50800.0,62390.0
37-3019,"Grounds Maintenance Workers, All Other",2019,14310.0,32090.0,37870.0,22630.0,27220.0,46430.0,65440.0
39-1013,First-Line Supervisors of Gambling Services Workers,2019,29420.0,50710.0,51850.0,28280.0,38970.0,63170.0,77510.0
39-1098,"First-Line Supervisors of Personal Service and Entertainment and Recreation Workers, Except Gambling Services",2019,217680.0,39800.0,43400.0,25210.0,31010.0,52520.0,66150.0
39-2011,Animal Trainers,2019,16530.0,30430.0,36240.0,20810.0,24120.0,42080.0,59110.0
39-2021,Animal Caretakers,2019,212450.0,24780.0,27060.0,18630.0,21200.0,30070.0,38630.0
39-3011,Gambling Dealers,2019,98890.0,21260.0,23980.0,17040.0,18570.0,24720.0,36370.0
39-3012,Gambling and Sports Book Writers and Runners,2019,9970.0,24750.0,27830.0,19350.0,21850.0,31030.0,43030.0
39-3019,"Gambling Service Workers, All Other",2019,10470.0,28300.0,32000.0,18650.0,22920.0,37080.0,51860.0
39-3021,Motion Picture Projectionists,2019,4540.0,25150.0,29890.0,18260.0,20560.0,34200.0,52980.0
39-3031,"Ushers, Lobby Attendants, and Ticket Takers",2019,138160.0,23500.0,24870.0,17680.0,19460.0,27840.0,35170.0
39-3091,Amusement and Recreation Attendants,2019,338110.0,23370.0,24330.0,17820.0,19560.0,26680.0,32130.0
39-3092,Costume Attendants,2019,7460.0,41410.0,48970.0,24370.0,29800.0,55530.0,87780.0
39-3093,"Locker Room, Coatroom, and Dressing Room Attendants",2019,15990.0,25110.0,28230.0,18700.0,21210.0,32030.0,39540.0
39-3099,"Entertainment Attendants and Related Workers, All Other",2019,4500.0,26460.0,31790.0,18320.0,22120.0,37330.0,51230.0
39-4011,Embalmers,2019,3890.0,47760.0,50100.0,26090.0,36090.0,60760.0,76110.0
39-4021,Funeral Attendants,2019,34370.0,27930.0,29830.0,19390.0,22720.0,34860.0,43710.0
39-4031,"Morticians, Undertakers, and Funeral Arrangers",2019,25440.0,54150.0,58360.0,29370.0,40050.0,71530.0,89880.0
39-5011,Barbers,2019,20030.0,30150.0,35190.0,20300.0,23880.0,42210.0,56630.0
39-5012,"Hairdressers, Hairstylists, and Cosmetologists",2019,385960.0,26090.0,31530.0,18420.0,20900.0,36730.0,51870.0
39-5091,"Makeup Artists, Theatrical and Performance",2019,3400.0,75730.0,81600.0,23920.0,38250.0,118560.0,145420.0
39-5092,Manicurists and Pedicurists,2019,111780.0,25770.0,27390.0,20230.0,23420.0,30200.0,36730.0
39-5093,Shampooers,2019,12120.0,22550.0,22910.0,17920.0,19450.0,25340.0,29230.0
39-5094,Skincare Specialists,2019,56660.0,34090.0,38970.0,20500.0,25220.0,46770.0,62540.0
39-6011,Baggage Porters and Bellhops,2019,39790.0,25580.0,28230.0,18690.0,21580.0,31550.0,39510.0
39-6012,Concierges,2019,41670.0,31390.0,34290.0,22250.0,26090.0,39640.0,51270.0
39-7010,Tour and Travel Guides,2019,48710.0,27600.0,30670.0,19500.0,22970.0,35780.0,45850.0
39-9011,Childcare Workers,2019,561520.0,24230.0,25510.0,18000.0,20210.0,29220.0,35800.0
39-9031,Exercise Trainers and Group Fitness Instructors,2019,325500.0,40390.0,45110.0,21110.0,26910.0,57470.0,75400.0
39-9032,Recreation Workers,2019,358750.0,26350.0,29330.0,18860.0,22170.0,33630.0,44000.0
39-9041,Residential Advisors,2019,107930.0,29450.0,31610.0,20600.0,24310.0,36980.0,46640.0
39-9098,"Crematory Operators and Personal Care and Service Workers, All Other",2019,61510.0,27130.0,29190.0,19180.0,22840.0,33540.0,39310.0
41-1011,First-Line Supervisors of Retail Sales Workers,2019,1171900.0,40350.0,45830.0,26290.0,31960.0,54290.0,70060.0
41-1012,First-Line Supervisors of Non-Retail Sales Workers,2019,249090.0,74760.0,86180.0,41780.0,55860.0,103830.0,146740.0
41-2011,Cashiers,2019,3596630.0,23650.0,24370.0,18150.0,20320.0,26550.0,31270.0
41-2012,Gambling Change Persons and Booth Cashiers,2019,21290.0,25690.0,28010.0,19430.0,22470.0,31460.0,38960.0
41-2021,Counter and Rental Clerks,2019,411560.0,28820.0,32600.0,19620.0,23630.0,37910.0,50860.0
41-2022,Parts Salespersons,2019,256170.0,31710.0,35220.0,20570.0,24840.0,41980.0,56090.0
41-2031,Retail Salespersons,2019,4317950.0,25250.0,29360.0,18900.0,21780.0,31480.0,42780.0
41-3011,Advertising Sales Agents,2019,129740.0,53310.0,64660.0,25390.0,35250.0,79010.0,118300.0
41-3021,Insurance Sales Agents,2019,410050.0,50940.0,67780.0,28000.0,36520.0,77460.0,125500.0
41-3031,"Securities, Commodities, and Financial Services Sales Agents",2019,437880.0,62270.0,93090.0,35320.0,43510.0,112770.0,204130.0
41-3041,Travel Agents,2019,66670.0,40660.0,44690.0,23660.0,30400.0,54710.0,69420.0
41-3091,"Sales Representatives of Services, Except Advertising, Insurance, Financial Services, and Travel",2019,1039670.0,56130.0,66760.0,27320.0,37550.0,80790.0,120460.0
41-4011,"Sales Representatives, Wholesale and Manufacturing, Technical and Scientific Products",2019,306980.0,81020.0,92980.0,41080.0,57050.0,117560.0,158580.0
41-4012,"Sales Representatives, Wholesale and Manufacturing, Except Technical and Scientific Products",2019,1344530.0,59930.0,71110.0,30530.0,42070.0,85730.0,125300.0
41-9011,Demonstrators and Product Promoters,2019,77760.0,30930.0,35320.0,21750.0,25230.0,41880.0,54490.0
41-9012,Models,2019,2320.0,28350.0,36430.0,21930.0,23530.0,39620.0,55630.0
41-9021,Real Estate Brokers,2019,42730.0,59720.0,81450.0,23600.0,35940.0,95790.0,178720.0
41-9022,Real Estate Sales Agents,2019,162330.0,48930.0,62060.0,24930.0,33600.0,75340.0,111800.0
41-9031,Sales Engineers,2019,63550.0,103900.0,112780.0,59180.0,76350.0,139620.0,174270.0
41-9041,Telemarketers,2019,134800.0,26290.0,29770.0,19170.0,22170.0,33960.0,44480.0
41-9091,"Door-to-Door Sales Workers, News and Street Vendors, and Related Workers",2019,8930.0,27420.0,35150.0,19550.0,23020.0,39670.0,61580.0
41-9099,"Sales and Related Workers, All Other",2019,118910.0,31820.0,40620.0,21650.0,24740.0,47530.0,69940.0
43-1011,First-Line Supervisors of Office and Administrative Support Workers,2019,1487870.0,56620.0,60130.0,34290.0,43360.0,72480.0,91570.0
43-2011,"Switchboard Operators, Including Answering Service",2019,68050.0,30610.0,33030.0,21870.0,25670.0,37790.0,47970.0
43-2021,Telephone Operators,2019,4740.0,35750.0,37940.0,23360.0,27700.0,47630.0,57620.0
43-2099,"Communications Equipment Operators, All Other",2019,3240.0,42790.0,46050.0,23510.0,33520.0,58230.0,72840.0
43-3011,Bill and Account Collectors,2019,235870.0,37000.0,39300.0,25800.0,30740.0,45840.0,56860.0
43-3021,Billing and Posting Clerks,2019,466450.0,38740.0,40620.0,27650.0,32940.0,47580.0,57300.0
43-3031,"Bookkeeping, Accounting, and Auditing Clerks",2019,1512660.0,41230.0,42960.0,25870.0,33020.0,51370.0,62410.0
43-3041,Gambling Cage Workers,2019,14330.0,28040.0,29600.0,20970.0,24040.0,33950.0,40550.0
43-3051,Payroll and Timekeeping Clerks,2019,142700.0,46180.0,47390.0,30320.0,37000.0,57030.0,66210.0
43-3061,Procurement Clerks,2019,66030.0,43310.0,43980.0,29450.0,35530.0,51290.0,59920.0
43-3071,Tellers,2019,442120.0,31230.0,31660.0,23330.0,26920.0,36390.0,40230.0
43-3099,"Financial Clerks, All Other",2019,30500.0,42420.0,44740.0,28650.0,34700.0,52370.0,63710.0
43-4011,Brokerage Clerks,2019,47990.0,52750.0,55190.0,35600.0,43490.0,63770.0,78160.0
43-4021,Correspondence Clerks,2019,6250.0,38140.0,39570.0,26540.0,32330.0,46090.0,55050.0
43-4031,"Court, Municipal, and License Clerks",2019,154020.0,39380.0,42030.0,25990.0,31860.0,49380.0,61100.0
43-4041,"Credit Authorizers, Checkers, and Clerks",2019,26700.0,40100.0,41880.0,26950.0,32780.0,49360.0,60570.0
43-4051,Customer Service Representatives,2019,2919230.0,34710.0,37320.0,22980.0,27630.0,43980.0,56380.0
43-4061,"Eligibility Interviewers, Government Programs",2019,139780.0,46590.0,47110.0,32180.0,37160.0,55960.0,62840.0
43-4071,File Clerks,2019,102300.0,32710.0,34610.0,22150.0,26370.0,40280.0,50740.0
43-4081,"Hotel, Motel, and Resort Desk Clerks",2019,267940.0,24470.0,25950.0,18340.0,20940.0,29160.0,35550.0
43-4111,"Interviewers, Except Eligibility and Loan",2019,188570.0,34970.0,36390.0,23710.0,28310.0,42820.0,51360.0
43-4121,"Library Assistants, Clerical",2019,85910.0,27490.0,29820.0,19030.0,22490.0,35730.0,44970.0
43-4131,Loan Interviewers and Clerks,2019,208530.0,40640.0,41960.0,26610.0,33230.0,50010.0,60090.0
43-4141,New Accounts Clerks,2019,43420.0,36550.0,38490.0,26820.0,31060.0,43600.0,51310.0
43-4151,Order Clerks,2019,137180.0,34240.0,36600.0,23260.0,27300.0,43660.0,54050.0
43-4161,"Human Resources Assistants, Except Payroll and Timekeeping",2019,117340.0,41430.0,42620.0,28760.0,34470.0,49640.0,59320.0
43-4171,Receptionists and Information Clerks,2019,1057370.0,30050.0,31250.0,21130.0,25050.0,36680.0,43380.0
43-4181,Reservation and Transportation Ticket Agents and Travel Clerks,2019,123660.0,38380.0,44390.0,24750.0,29260.0,61340.0,72630.0
43-4199,"Information and Record Clerks, All Other",2019,153850.0,41360.0,42410.0,25770.0,32290.0,50530.0,59830.0
43-5011,Cargo and Freight Agents,2019,95810.0,43740.0,46770.0,26780.0,34080.0,55940.0,69040.0
43-5021,Couriers and Messengers,2019,74720.0,29690.0,31640.0,20990.0,24760.0,36570.0,46080.0
43-5031,Public Safety Telecommunicators,2019,95320.0,41910.0,44310.0,27190.0,33650.0,52650.0,64950.0
43-5032,"Dispatchers, Except Police, Fire, and Ambulance",2019,199360.0,40190.0,44100.0,25260.0,31640.0,52740.0,67850.0
43-5041,"Meter Readers, Utilities",2019,30450.0,42280.0,46250.0,25810.0,31720.0,57760.0,72420.0
43-5051,Postal Service Clerks,2019,81170.0,48330.0,50610.0,35770.0,43170.0,60750.0,61980.0
43-5052,Postal Service Mail Carriers,2019,339650.0,51310.0,52180.0,36990.0,38050.0,64410.0,65620.0
43-5053,"Postal Service Mail Sorters, Processors, and Processing Machine Operators",2019,102390.0,60140.0,51190.0,35760.0,39030.0,60750.0,61270.0
43-5061,"Production, Planning, and Expediting Clerks",2019,370380.0,48260.0,50640.0,30190.0,37180.0,61650.0,76100.0
43-5071,"Shipping, Receiving, and Inventory Clerks",2019,704910.0,34190.0,36030.0,23940.0,28030.0,41760.0,51560.0
43-5111,"Weighers, Measurers, Checkers, and Samplers, Recordkeeping",2019,60920.0,35040.0,36650.0,23980.0,28190.0,43320.0,51540.0
43-6011,Executive Secretaries and Executive Administrative Assistants,2019,542690.0,60890.0,62920.0,37890.0,48020.0,75820.0,91330.0
43-6012,Legal Secretaries and Administrative Assistants,2019,168140.0,47300.0,50900.0,28760.0,35780.0,63480.0,79610.0
43-6013,Medical Secretaries and Administrative Assistants,2019,604780.0,36580.0,38090.0,26180.0,30590.0,44650.0,53230.0
43-6014,"Secretaries and Administrative Assistants, Except Legal, Medical, and Executive",2019,2038340.0,37690.0,39180.0,24250.0,30100.0,47510.0,57570.0
43-9021,Data Entry Keyers,2019,159930.0,33490.0,34820.0,23380.0,27700.0,39850.0,49190.0
43-9022,Word Processors and Typists,2019,47460.0,40340.0,41880.0,27850.0,33550.0,48710.0,58860.0
43-9031,Desktop Publishers,2019,8740.0,45390.0,48740.0,23850.0,33060.0,60720.0,78190.0
43-9041,Insurance Claims and Policy Processing Clerks,2019,257000.0,40750.0,43280.0,28380.0,34030.0,50550.0,61910.0
43-9051,"Mail Clerks and Mail Machine Operators, Except Postal Service",2019,83580.0,30960.0,32620.0,21380.0,25420.0,38470.0,47110.0
43-9061,"Office Clerks, General",2019,2956060.0,34040.0,36360.0,21140.0,26220.0,43590.0,55300.0
43-9071,"Office Machine Operators, Except Computer",2019,45960.0,33450.0,35150.0,23120.0,27300.0,40600.0,50490.0
43-9081,Proofreaders and Copy Markers,2019,7730.0,40630.0,43200.0,24630.0,31660.0,54120.0,63920.0
43-9111,Statistical Assistants,2019,9810.0,49870.0,51640.0,31980.0,39090.0,61990.0,75650.0
43-9199,"Office and Administrative Support Workers, All Other",2019,188360.0,35470.0,38290.0,22390.0,25420.0,47350.0,59700.0
45-1011,"First-Line Supervisors of Farming, Fishing, and Forestry Workers",2019,22560.0,48280.0,52520.0,30130.0,36940.0,64000.0,80950.0
45-2011,Agricultural Inspectors,2019,13760.0,45490.0,47160.0,28100.0,33960.0,56340.0,70320.0
45-2021,Animal Breeders,2019,1610.0,42920.0,46420.0,26030.0,31730.0,56750.0,69550.0
45-2041,"Graders and Sorters, Agricultural Products",2019,34340.0,25670.0,27570.0,19530.0,23390.0,29370.0,33250.0
45-2091,Agricultural Equipment Operators,2019,26990.0,31950.0,33300.0,21720.0,26410.0,38730.0,47150.0
45-2092,"Farmworkers and Laborers, Crop, Nursery, and Greenhouse",2019,295520.0,25440.0,27780.0,23010.0,23920.0,29780.0,36910.0
45-2093,"Farmworkers, Farm, Ranch, and Aquacultural Animals",2019,36630.0,27830.0,29880.0,18930.0,22580.0,35420.0,43700.0
45-2099,"Agricultural Workers, All Other",2019,6540.0,29590.0,33930.0,19200.0,23910.0,39820.0,54890.0
45-4011,Forest and Conservation Workers,2019,6760.0,31770.0,32790.0,22770.0,25430.0,36420.0,46870.0
45-4021,Fallers,2019,4890.0,44650.0,49670.0,30820.0,35350.0,61820.0,78950.0
45-4022,Logging Equipment Operators,2019,26030.0,41440.0,42060.0,25430.0,32070.0,51170.0,60930.0
45-4023,Log Graders and Scalers,2019,3300.0,37280.0,39110.0,25100.0,29600.0,46960.0,55400.0
45-4029,"Logging Workers, All Other",2019,3750.0,39780.0,40390.0,24610.0,32470.0,48970.0,57580.0
47-1011,First-Line Supervisors of Construction Trades and Extraction Workers,2019,626180.0,66210.0,71440.0,42730.0,53400.0,85540.0,106900.0
47-2011,Boilermakers,2019,15820.0,63100.0,65040.0,39840.0,52570.0,77870.0,94440.0
47-2021,Brickmasons and Blockmasons,2019,60650.0,53100.0,56470.0,32980.0,41520.0,66360.0,87360.0
47-2022,Stonemasons,2019,12390.0,43280.0,48070.0,27510.0,33910.0,57720.0,75140.0
47-2031,Carpenters,2019,734170.0,48330.0,52850.0,30170.0,37140.0,63050.0,84690.0
47-2041,Carpet Installers,2019,26010.0,40090.0,45320.0,24570.0,30990.0,56180.0,74240.0
47-2042,"Floor Layers, Except Carpet, Wood, and Hard Tiles",2019,16290.0,44240.0,48610.0,26740.0,33170.0,60600.0,78370.0
47-2043,Floor Sanders and Finishers,2019,4940.0,39610.0,42300.0,26940.0,32500.0,48500.0,60590.0
47-2044,Tile and Stone Setters,2019,40470.0,43050.0,47300.0,26030.0,33270.0,56600.0,74350.0
47-2051,Cement Masons and Concrete Finishers,2019,196120.0,44810.0,48330.0,29750.0,35710.0,57600.0,74950.0
47-2053,Terrazzo Workers and Finishers,2019,2970.0,52180.0,56340.0,31590.0,36960.0,76430.0,92200.0
47-2061,Construction Laborers,2019,1020350.0,36860.0,41730.0,24880.0,29700.0,49160.0,67910.0
47-2071,"Paving, Surfacing, and Tamping Equipment Operators",2019,45770.0,40130.0,44630.0,27870.0,33240.0,51460.0,69680.0
47-2072,Pile Driver Operators,2019,3540.0,62600.0,70230.0,36160.0,46110.0,94360.0,113820.0
47-2073,Operating Engineers and Other Construction Equipment Operators,2019,405750.0,48980.0,54210.0,32300.0,38350.0,64370.0,85640.0
47-2081,Drywall and Ceiling Tile Installers,2019,102850.0,45700.0,50560.0,28490.0,35600.0,60190.0,85090.0
47-2082,Tapers,2019,17970.0,59070.0,61550.0,34190.0,45260.0,77250.0,95950.0
47-2111,Electricians,2019,688620.0,56180.0,60370.0,33410.0,42180.0,73940.0,96580.0
47-2121,Glaziers,2019,52400.0,44630.0,49810.0,27860.0,34680.0,60190.0,83780.0
47-2131,"Insulation Workers, Floor, Ceiling, and Wall",2019,33550.0,40380.0,45100.0,25860.0,32400.0,52800.0,68860.0
47-2132,"Insulation Workers, Mechanical",2019,26670.0,48690.0,54120.0,31880.0,38130.0,63240.0,89350.0
47-2141,"Painters, Construction and Maintenance",2019,232760.0,40280.0,44640.0,27130.0,33120.0,53290.0,67560.0
47-2142,Paperhangers,2019,3380.0,40520.0,44470.0,26450.0,33180.0,49630.0,71100.0
47-2151,Pipelayers,2019,36270.0,38820.0,43600.0,27470.0,32430.0,51960.0,68030.0
47-2152,"Plumbers, Pipefitters, and Steamfitters",2019,442870.0,55160.0,59800.0,32690.0,41230.0,73380.0,97170.0
47-2161,Plasterers and Stucco Masons,2019,27360.0,45440.0,49710.0,29360.0,35920.0,60140.0,78980.0
47-2171,Reinforcing Iron and Rebar Workers,2019,18870.0,49100.0,54650.0,32930.0,39130.0,64550.0,89790.0
47-2181,Roofers,2019,129690.0,42100.0,45820.0,26540.0,33160.0,55440.0,70920.0
47-2211,Sheet Metal Workers,2019,131300.0,50400.0,54480.0,29260.0,37020.0,66770.0,88070.0
47-2221,Structural Iron and Steel Workers,2019,76570.0,55040.0,59170.0,32790.0,40660.0,75520.0,95650.0
47-2231,Solar Photovoltaic Installers,2019,11080.0,44890.0,46850.0,31600.0,36310.0,55680.0,63880.0
47-3011,"Helpers--Brickmasons, Blockmasons, Stonemasons, and Tile and Marble Setters",2019,23480.0,35410.0,38440.0,24980.0,29290.0,43750.0,59690.0
47-3012,Helpers--Carpenters,2019,32920.0,33060.0,33830.0,22640.0,26940.0,38900.0,47580.0
47-3013,Helpers--Electricians,2019,79260.0,32830.0,34300.0,23200.0,27230.0,39320.0,48810.0
47-3014,"Helpers--Painters, Paperhangers, Plasterers, and Stucco Masons",2019,10850.0,31340.0,32930.0,22190.0,26170.0,38170.0,47240.0
47-3015,"Helpers--Pipelayers, Plumbers, Pipefitters, and Steamfitters",2019,58400.0,32100.0,33750.0,23290.0,27320.0,38600.0,47800.0
47-3016,Helpers--Roofers,2019,8960.0,32110.0,33350.0,22980.0,27100.0,38420.0,47000.0
47-3019,"Helpers, Construction Trades, All Other",2019,28530.0,31910.0,33400.0,21350.0,26130.0,38850.0,48070.0
47-4011,Construction and Building Inspectors,2019,110420.0,60710.0,64390.0,36440.0,47110.0,78570.0,98820.0
47-4021,Elevator and Escalator Installers and Repairers,2019,28350.0,84990.0,83250.0,44620.0,60480.0,104730.0,124150.0
47-4031,Fence Erectors,2019,25900.0,35800.0,38600.0,25160.0,29160.0,44840.0,55860.0
47-4041,Hazardous Materials Removal Workers,2019,44240.0,43900.0,47740.0,29100.0,35070.0,57860.0,74650.0
47-4051,Highway Maintenance Workers,2019,150860.0,40730.0,42410.0,26840.0,33180.0,50390.0,60520.0
47-4061,Rail-Track Laying and Maintenance Equipment Operators,2019,16180.0,56100.0,57160.0,34770.0,43530.0,70910.0,81380.0
47-4071,Septic Tank Servicers and Sewer Pipe Cleaners,2019,29750.0,39870.0,42760.0,26550.0,32320.0,51080.0,62640.0
47-4090,Miscellaneous Construction and Related Workers,2019,32040.0,39720.0,44030.0,26780.0,32610.0,51610.0,67560.0
47-5011,"Derrick Operators, Oil and Gas",2019,12110.0,46990.0,48030.0,33800.0,39290.0,56120.0,63390.0
47-5012,"Rotary Drill Operators, Oil and Gas",2019,21010.0,54980.0,57070.0,32670.0,42470.0,69480.0,83570.0
47-5013,"Service Unit Operators, Oil and Gas",2019,51760.0,46740.0,51390.0,31930.0,37190.0,60490.0,77850.0
47-5022,"Excavating and Loading Machine and Dragline Operators, Surface Mining",2019,44090.0,44800.0,48580.0,30950.0,36160.0,56800.0,72480.0
47-5041,Continuous Mining Machine Operators,2019,14630.0,55280.0,56530.0,38240.0,45290.0,67730.0,77540.0
47-5043,"Roof Bolters, Mining",2019,3140.0,59090.0,59560.0,44140.0,51970.0,67130.0,77770.0
47-5044,"Loading and Moving Machine Operators, Underground Mining",2019,4200.0,54210.0,53730.0,36170.0,45030.0,61380.0,69290.0
47-5051,"Rock Splitters, Quarry",2019,5080.0,36070.0,37390.0,26340.0,30540.0,43240.0,51990.0
47-5071,"Roustabouts, Oil and Gas",2019,58930.0,38910.0,41280.0,28270.0,32930.0,48040.0,58950.0
47-5081,Helpers--Extraction Workers,2019,16700.0,37120.0,38390.0,26300.0,31130.0,45260.0,54230.0
47-5097,"Earth Drillers, Except Oil and Gas; and Explosives Workers, Ordnance Handling Experts, and Blasters",2019,24940.0,46250.0,48890.0,32020.0,37560.0,57810.0,71730.0
47-5098,"Underground Mining Machine Operators and Extraction Workers, All Other",2019,13790.0,50160.0,52280.0,31740.0,39250.0,64440.0,77510.0
49-1011,"First-Line Supervisors of Mechanics, Installers, and Repairers",2019,485700.0,67460.0,70550.0,40880.0,52300.0,85960.0,105810.0
49-2011,"Computer, Automated Teller, and Office Machine Repairers",2019,98260.0,39530.0,42070.0,25610.0,31380.0,50430.0,62350.0
49-2021,"Radio, Cellular, and Tower Equipment Installers and Repairers",2019,14370.0,55380.0,57820.0,32150.0,41100.0,73240.0,91530.0
49-2022,"Telecommunications Equipment Installers and Repairers, Except Line Installers",2019,208480.0,57910.0,58560.0,33090.0,43570.0,73480.0,85620.0
49-2091,Avionics Technicians,2019,21750.0,65700.0,66970.0,40350.0,53650.0,80840.0,97150.0
49-2092,"Electric Motor, Power Tool, and Related Repairers",2019,15890.0,44070.0,46620.0,27650.0,34760.0,56530.0,70090.0
49-2093,"Electrical and Electronics Installers and Repairers, Transportation Equipment",2019,9790.0,62530.0,63670.0,38530.0,50700.0,76630.0,91600.0
49-2094,"Electrical and Electronics Repairers, Commercial and Industrial Equipment",2019,58930.0,59300.0,60360.0,36960.0,47640.0,71430.0,83480.0
49-2095,"Electrical and Electronics Repairers, Powerhouse, Substation, and Relay",2019,22650.0,82780.0,81280.0,54230.0,68040.0,96160.0,106610.0
49-2096,"Electronic Equipment Installers and Repairers, Motor Vehicles",2019,10310.0,37380.0,38910.0,24280.0,30970.0,46260.0,55530.0
49-2097,Audiovisual Equipment Installers and Repairers,2019,25590.0,39510.0,42130.0,24200.0,31710.0,51750.0,62730.0
49-2098,Security and Fire Alarm Systems Installers,2019,71600.0,48970.0,50210.0,31180.0,37630.0,60890.0,73920.0
49-3011,Aircraft Mechanics and Service Technicians,2019,133310.0,64090.0,67110.0,37890.0,50190.0,84330.0,101070.0
49-3021,Automotive Body and Related Repairers,2019,144180.0,43580.0,47390.0,26710.0,33870.0,57370.0,73470.0
49-3022,Automotive Glass Installers and Repairers,2019,19410.0,35790.0,37440.0,24660.0,28730.0,44760.0,52710.0
49-3023,Automotive Service Technicians and Mechanics,2019,655330.0,42090.0,44890.0,24400.0,31250.0,56140.0,68880.0
49-3031,Bus and Truck Mechanics and Diesel Engine Specialists,2019,266330.0,48500.0,50360.0,31990.0,38810.0,60160.0,74090.0
49-3041,Farm Equipment Mechanics and Service Technicians,2019,36290.0,42200.0,43630.0,27630.0,33780.0,52150.0,61960.0
49-3042,"Mobile Heavy Equipment Mechanics, Except Engines",2019,147800.0,53370.0,54840.0,34900.0,42940.0,64080.0,77990.0
49-3043,Rail Car Repairers,2019,25930.0,56390.0,56810.0,35150.0,43890.0,70070.0,79510.0
49-3051,Motorboat Mechanics and Service Technicians,2019,22940.0,41330.0,43440.0,25740.0,32470.0,53380.0,63350.0
49-3052,Motorcycle Mechanics,2019,15590.0,37600.0,39970.0,24490.0,29950.0,48530.0,60060.0
49-3053,Outdoor Power Equipment and Other Small Engine Mechanics,2019,32160.0,36100.0,37670.0,23160.0,28690.0,45530.0,55870.0
49-3091,Bicycle Repairers,2019,13190.0,30330.0,31360.0,22430.0,25290.0,36550.0,42630.0
49-3092,Recreational Vehicle Service Technicians,2019,15580.0,38570.0,41660.0,26100.0,31710.0,49480.0,60250.0
49-3093,Tire Repairers and Changers,2019,110880.0,28640.0,30350.0,21210.0,24270.0,34800.0,41010.0
49-9011,Mechanical Door Repairers,2019,23050.0,41570.0,43740.0,27480.0,33670.0,51460.0,62820.0
49-9012,"Control and Valve Installers and Repairers, Except Mechanical Door",2019,52270.0,58100.0,59920.0,31530.0,41140.0,77700.0,94630.0
49-9021,"Heating, Air Conditioning, and Refrigeration Mechanics and Installers",2019,342040.0,48730.0,51420.0,30610.0,37660.0,62070.0,77920.0
49-9031,Home Appliance Repairers,2019,31100.0,40260.0,42400.0,24500.0,31450.0,51450.0,62770.0
49-9041,Industrial Machinery Mechanics,2019,387630.0,53590.0,55320.0,34410.0,42660.0,65190.0,79660.0
49-9043,"Maintenance Workers, Machinery",2019,72890.0,47520.0,49450.0,30070.0,37290.0,59410.0,72460.0
49-9044,Millwrights,2019,47320.0,55560.0,57050.0,35030.0,43450.0,69190.0,81080.0
49-9045,"Refractory Materials Repairers, Except Brickmasons",2019,820.0,53990.0,55750.0,35110.0,43300.0,63510.0,78480.0
49-9051,Electrical Power-Line Installers and Repairers,2019,111660.0,72520.0,71960.0,38810.0,53550.0,90870.0,103500.0
49-9052,Telecommunications Line Installers and Repairers,2019,120900.0,56750.0,59670.0,32590.0,39270.0,79340.0,94880.0
49-9061,Camera and Photographic Equipment Repairers,2019,3620.0,38880.0,40720.0,23590.0,29830.0,49560.0,60460.0
49-9062,Medical Equipment Repairers,2019,46370.0,49280.0,53130.0,29630.0,36630.0,65430.0,82500.0
49-9063,Musical Instrument Repairers and Tuners,2019,8020.0,36650.0,39750.0,23590.0,28750.0,48670.0,60140.0
49-9064,Watch and Clock Repairers,2019,2780.0,42520.0,45280.0,22360.0,30380.0,56210.0,68670.0
49-9069,"Precision Instrument and Equipment Repairers, All Other",2019,10570.0,58720.0,59940.0,36340.0,46960.0,71170.0,85160.0
49-9071,"Maintenance and Repair Workers, General",2019,1418990.0,39080.0,41960.0,24600.0,30590.0,51030.0,63140.0
49-9081,Wind Turbine Service Technicians,2019,5960.0,52910.0,56700.0,39820.0,44810.0,65200.0,80150.0
49-9091,"Coin, Vending, and Amusement Machine Servicers and Repairers",2019,31370.0,35420.0,37380.0,21670.0,27270.0,45500.0,57310.0
49-9092,Commercial Divers,2019,3420.0,49980.0,67100.0,32470.0,40490.0,69020.0,119830.0
49-9094,Locksmiths and Safe Repairers,2019,17010.0,41940.0,44460.0,25240.0,32160.0,55630.0,67540.0
49-9095,Manufactured Building and Mobile Home Installers,2019,2810.0,33890.0,34300.0,22610.0,27020.0,40010.0,48120.0
49-9096,Riggers,2019,23000.0,50860.0,52420.0,32110.0,38210.0,62030.0,77240.0
49-9097,Signal and Track Switch Repairers,2019,6860.0,73890.0,72690.0,51580.0,65500.0,81640.0,94440.0
49-9098,"Helpers--Installation, Maintenance, and Repair Workers",2019,99460.0,30530.0,32570.0,20790.0,25020.0,38020.0,48200.0
49-9099,"Installation, Maintenance, and Repair Workers, All Other",2019,161290.0,39830.0,43800.0,25440.0,31380.0,53670.0,65800.0
51-1011,First-Line Supervisors of Production and Operating Workers,2019,631100.0,61310.0,65220.0,36740.0,47230.0,78830.0,100200.0
51-2011,"Aircraft Structure, Surfaces, Rigging, and Systems Assemblers",2019,42940.0,54210.0,56460.0,32370.0,40150.0,72240.0,84870.0
51-2021,"Coil Winders, Tapers, and Finishers",2019,12690.0,36520.0,38760.0,24810.0,29200.0,46020.0,57240.0
51-2028,"Electrical, Electronic, and Electromechanical Assemblers, Except Coil Winders, Tapers, and Finishers",2019,285190.0,34810.0,36930.0,24030.0,28200.0,43320.0,53450.0
51-2031,Engine and Other Machine Assemblers,2019,45980.0,45660.0,46570.0,30550.0,35690.0,57570.0,64450.0
51-2041,Structural Metal Fabricators and Fitters,2019,76890.0,40390.0,43000.0,27530.0,33290.0,50130.0,61500.0
51-2051,Fiberglass Laminators and Fabricators,2019,20010.0,35480.0,36970.0,24420.0,29050.0,42140.0,50710.0
51-2061,Timing Device Assemblers and Adjusters,2019,1260.0,35080.0,38110.0,26310.0,28870.0,46010.0,56770.0
51-2090,Miscellaneous Assemblers and Fabricators,2019,1371920.0,32350.0,34800.0,22420.0,26350.0,40320.0,51430.0
51-3011,Bakers,2019,184990.0,27700.0,29630.0,20310.0,23480.0,34120.0,41640.0
51-3021,Butchers and Meat Cutters,2019,136770.0,32500.0,34010.0,21780.0,25680.0,40660.0,49630.0
51-3022,"Meat, Poultry, and Fish Cutters and Trimmers",2019,153990.0,28100.0,28810.0,20910.0,24020.0,32910.0,38420.0
51-3023,Slaughterers and Meat Packers,2019,73390.0,29230.0,29600.0,21470.0,25100.0,34090.0,38690.0
51-3091,"Food and Tobacco Roasting, Baking, and Drying Machine Operators and Tenders",2019,20830.0,31590.0,33880.0,21310.0,25490.0,39990.0,50760.0
51-3092,Food Batchmakers,2019,159390.0,30790.0,33120.0,21720.0,25340.0,39380.0,48790.0
51-3093,Food Cooking Machine Operators and Tenders,2019,30030.0,31110.0,32320.0,22200.0,25910.0,37750.0,45050.0
51-3099,"Food Processing Workers, All Other",2019,42890.0,27550.0,28820.0,21410.0,23820.0,32230.0,38390.0
51-4021,"Extruding and Drawing Machine Setters, Operators, and Tenders, Metal and Plastic",2019,76940.0,36320.0,37770.0,25010.0,29460.0,45350.0,53770.0
51-4022,"Forging Machine Setters, Operators, and Tenders, Metal and Plastic",2019,16320.0,39670.0,41200.0,26830.0,32460.0,49320.0,58840.0
51-4023,"Rolling Machine Setters, Operators, and Tenders, Metal and Plastic",2019,32470.0,40490.0,41920.0,26660.0,31990.0,50460.0,60650.0
51-4031,"Cutting, Punching, and Press Machine Setters, Operators, and Tenders, Metal and Plastic",2019,195040.0,35610.0,37310.0,24920.0,29030.0,44150.0,53520.0
51-4032,"Drilling and Boring Machine Tool Setters, Operators, and Tenders, Metal and Plastic",2019,10870.0,38910.0,42630.0,26240.0,31290.0,50420.0,63660.0
51-4033,"Grinding, Lapping, Polishing, and Buffing Machine Tool Setters, Operators, and Tenders, Metal and Plastic",2019,76810.0,36100.0,37860.0,25180.0,29360.0,44810.0,53660.0
51-4034,"Lathe and Turning Machine Tool Setters, Operators, and Tenders, Metal and Plastic",2019,28070.0,40100.0,41990.0,26980.0,32480.0,49630.0,60420.0
51-4035,"Milling and Planing Machine Setters, Operators, and Tenders, Metal and Plastic",2019,18730.0,43210.0,44820.0,27320.0,33870.0,54090.0,63960.0
51-4041,Machinists,2019,383470.0,44420.0,46120.0,27940.0,34820.0,55910.0,66610.0
51-4051,Metal-Refining Furnace Operators and Tenders,2019,17150.0,42250.0,43280.0,27900.0,33870.0,51770.0,61400.0
51-4052,"Pourers and Casters, Metal",2019,8010.0,38620.0,40850.0,27270.0,32260.0,48480.0,59020.0
51-4061,"Model Makers, Metal and Plastic",2019,4300.0,57020.0,57420.0,32060.0,41890.0,71890.0,84400.0
51-4062,"Patternmakers, Metal and Plastic",2019,3010.0,46910.0,48050.0,28930.0,35710.0,59150.0,70440.0
51-4071,Foundry Mold and Coremakers,2019,17590.0,35590.0,36920.0,24400.0,28980.0,44250.0,52570.0
51-4072,"Molding, Coremaking, and Casting Machine Setters, Operators, and Tenders, Metal and Plastic",2019,172520.0,32130.0,34670.0,22450.0,26400.0,40490.0,50840.0
51-4081,"Multiple Machine Tool Setters, Operators, and Tenders, Metal and Plastic",2019,146950.0,36330.0,38410.0,24520.0,29200.0,46150.0,57080.0
51-4111,Tool and Die Makers,2019,70770.0,53920.0,54980.0,33820.0,42460.0,65110.0,77940.0
51-4121,"Welders, Cutters, Solderers, and Brazers",2019,410750.0,42490.0,45190.0,29470.0,34930.0,52350.0,64240.0
51-4122,"Welding, Soldering, and Brazing Machine Setters, Operators, and Tenders",2019,35110.0,38310.0,40240.0,26890.0,31540.0,47510.0,57410.0
51-4191,"Heat Treating Equipment Setters, Operators, and Tenders, Metal and Plastic",2019,19560.0,38250.0,39840.0,26390.0,31210.0,47200.0,56630.0
51-4192,"Layout Workers, Metal and Plastic",2019,8150.0,49940.0,48900.0,30090.0,38240.0,59050.0,65200.0
51-4193,"Plating Machine Setters, Operators, and Tenders, Metal and Plastic",2019,41810.0,33500.0,35640.0,23600.0,27450.0,41400.0,51290.0
51-4194,"Tool Grinders, Filers, and Sharpeners",2019,6440.0,39330.0,41970.0,25000.0,31400.0,51130.0,61870.0
51-4199,"Metal Workers and Plastic Workers, All Other",2019,24340.0,34830.0,37790.0,23790.0,27800.0,45420.0,57660.0
51-5111,Prepress Technicians and Workers,2019,30270.0,40510.0,42540.0,25500.0,31850.0,51100.0,62590.0
51-5112,Printing Press Operators,2019,173430.0,36910.0,39100.0,23830.0,28840.0,47400.0,58740.0
51-5113,Print Binding and Finishing Workers,2019,45600.0,33040.0,35130.0,22460.0,26640.0,41970.0,51130.0
51-6011,Laundry and Dry-Cleaning Workers,2019,209330.0,24220.0,25420.0,18500.0,20920.0,28540.0,33970.0
51-6021,"Pressers, Textile, Garment, and Related Materials",2019,38070.0,24190.0,24820.0,18410.0,21050.0,27980.0,31440.0
51-6031,Sewing Machine Operators,2019,133410.0,26420.0,28000.0,19530.0,23060.0,31750.0,38500.0
51-6041,Shoe and Leather Workers and Repairers,2019,8760.0,29560.0,30580.0,20110.0,24050.0,36120.0,40420.0
51-6042,Shoe Machine Operators and Tenders,2019,5020.0,30570.0,30540.0,18920.0,24250.0,36820.0,41880.0
51-6051,"Sewers, Hand",2019,4770.0,29950.0,31020.0,21140.0,24390.0,36890.0,42600.0
51-6052,"Tailors, Dressmakers, and Custom Sewers",2019,24110.0,31520.0,34530.0,20870.0,24900.0,41490.0,54740.0
51-6061,Textile Bleaching and Dyeing Machine Operators and Tenders,2019,8690.0,29460.0,30810.0,22200.0,24980.0,35860.0,41060.0
51-6062,"Textile Cutting Machine Setters, Operators, and Tenders",2019,13210.0,28730.0,29660.0,20560.0,23910.0,35040.0,39990.0
51-6063,"Textile Knitting and Weaving Machine Setters, Operators, and Tenders",2019,21130.0,29980.0,31300.0,21590.0,24860.0,36610.0,43860.0
51-6064,"Textile Winding, Twisting, and Drawing Out Machine Setters, Operators, and Tenders",2019,31190.0,29790.0,30740.0,22460.0,26170.0,34680.0,39520.0
51-6091,"Extruding and Forming Machine Setters, Operators, and Tenders, Synthetic and Glass Fibers",2019,18230.0,36110.0,37760.0,26010.0,29980.0,44790.0,54270.0
51-6092,Fabric and Apparel Patternmakers,2019,5870.0,45070.0,52740.0,23480.0,30650.0,69860.0,94980.0
51-6093,Upholsterers,2019,29420.0,35130.0,36640.0,22610.0,28020.0,43110.0,53450.0
51-6099,"Textile, Apparel, and Furnishings Workers, All Other",2019,18060.0,27970.0,30710.0,20180.0,23360.0,35010.0,46500.0
51-7011,Cabinetmakers and Bench Carpenters,2019,99400.0,35790.0,37620.0,23860.0,28580.0,44950.0,55570.0
51-7021,Furniture Finishers,2019,16220.0,32480.0,34350.0,23310.0,27130.0,39250.0,49080.0
51-7031,"Model Makers, Wood",2019,810.0,59260.0,57320.0,33390.0,41700.0,70910.0,78530.0
51-7032,"Patternmakers, Wood",2019,370.0,64880.0,63490.0,38540.0,50660.0,76940.0,87990.0
51-7041,"Sawing Machine Setters, Operators, and Tenders, Wood",2019,50730.0,30410.0,32150.0,21150.0,25310.0,37780.0,46670.0
51-7042,"Woodworking Machine Setters, Operators, and Tenders, Except Sawing",2019,78850.0,30990.0,32180.0,21430.0,25440.0,37780.0,45880.0
51-7099,"Woodworkers, All Other",2019,6700.0,33110.0,35270.0,21800.0,24970.0,43800.0,53680.0
51-8011,Nuclear Power Reactor Operators,2019,5050.0,100530.0,100990.0,74520.0,87250.0,116880.0,128810.0
51-8012,Power Distributors and Dispatchers,2019,10770.0,90700.0,88910.0,56360.0,72540.0,104140.0,122380.0
51-8013,Power Plant Operators,2019,33620.0,81990.0,79370.0,45970.0,63110.0,96940.0,108380.0
51-8021,Stationary Engineers and Boiler Operators,2019,32520.0,62150.0,65970.0,39050.0,50040.0,78960.0,100080.0
51-8031,Water and Wastewater Treatment Plant and System Operators,2019,123730.0,47760.0,50490.0,28850.0,36740.0,61220.0,77600.0
51-8091,Chemical Plant and System Operators,2019,28840.0,62550.0,62710.0,35330.0,46600.0,78360.0,93250.0
51-8092,Gas Plant Operators,2019,14410.0,70710.0,71050.0,44080.0,56800.0,83130.0,101320.0
51-8093,"Petroleum Pump System Operators, Refinery Operators, and Gaugers",2019,40370.0,74180.0,73830.0,47380.0,58370.0,90060.0,100070.0
51-8099,"Plant and System Operators, All Other",2019,12950.0,58390.0,59500.0,34350.0,44720.0,71600.0,84460.0
51-9011,Chemical Equipment Operators and Tenders,2019,87120.0,49130.0,51540.0,29210.0,36960.0,64070.0,78650.0
51-9012,"Separating, Filtering, Clarifying, Precipitating, and Still Machine Setters, Operators, and Tenders",2019,51160.0,41330.0,45370.0,26710.0,32870.0,55190.0,70800.0
51-9021,"Crushing, Grinding, and Polishing Machine Setters, Operators, and Tenders",2019,33360.0,37560.0,39270.0,24990.0,30050.0,47260.0,57030.0
51-9022,"Grinding and Polishing Workers, Hand",2019,29170.0,30600.0,33060.0,22400.0,25660.0,38110.0,48290.0
51-9023,"Mixing and Blending Machine Setters, Operators, and Tenders",2019,125340.0,37780.0,39920.0,25440.0,30510.0,47740.0,58680.0
51-9031,"Cutters and Trimmers, Hand",2019,9670.0,30200.0,32340.0,20850.0,24870.0,37370.0,47720.0
51-9032,"Cutting and Slicing Machine Setters, Operators, and Tenders",2019,57960.0,35600.0,36750.0,24640.0,28880.0,43920.0,51470.0
51-9041,"Extruding, Forming, Pressing, and Compacting Machine Setters, Operators, and Tenders",2019,71850.0,35480.0,37240.0,24970.0,29020.0,44280.0,53510.0
51-9051,"Furnace, Kiln, Oven, Drier, and Kettle Operators and Tenders",2019,18970.0,40090.0,41350.0,27050.0,32510.0,49180.0,58920.0
51-9061,"Inspectors, Testers, Sorters, Samplers, and Weighers",2019,576950.0,39140.0,43000.0,24660.0,30390.0,51990.0,66260.0
51-9071,Jewelers and Precious Stone and Metal Workers,2019,23590.0,40870.0,45950.0,24520.0,30720.0,55630.0,73420.0
51-9081,Dental Laboratory Technicians,2019,34460.0,41340.0,44330.0,25660.0,31790.0,53950.0,65820.0
51-9082,Medical Appliance Technicians,2019,14130.0,40690.0,44200.0,25320.0,32160.0,53000.0,66860.0
51-9083,Ophthalmic Laboratory Technicians,2019,29150.0,32620.0,34800.0,23140.0,26810.0,40060.0,49850.0
51-9111,Packaging and Filling Machine Operators and Tenders,2019,390540.0,30990.0,33590.0,22090.0,25580.0,39250.0,49570.0
51-9123,"Painting, Coating, and Decorating Workers",2019,12430.0,32950.0,35600.0,23070.0,26820.0,41190.0,51540.0
51-9124,"Coating, Painting, and Spraying Machine Setters, Operators, and Tenders",2019,146350.0,38150.0,41260.0,25760.0,30870.0,48540.0,61220.0
51-9141,Semiconductor Processing Technicians,2019,27680.0,38060.0,41950.0,26910.0,31390.0,49710.0,64190.0
51-9151,Photographic Process Workers and Processing Machine Operators,2019,11940.0,32280.0,36890.0,22300.0,26190.0,44650.0,59100.0
51-9161,Computer Numerically Controlled Tool Operators,2019,151700.0,41200.0,43170.0,27730.0,33540.0,50940.0,61980.0
51-9162,Computer Numerically Controlled Tool Programmers,2019,25570.0,56450.0,59730.0,36280.0,44680.0,70750.0,89170.0
51-9191,Adhesive Bonding Machine Operators and Tenders,2019,13890.0,34340.0,36010.0,24160.0,28150.0,42680.0,50280.0
51-9192,"Cleaning, Washing, and Metal Pickling Equipment Operators and Tenders",2019,16410.0,31850.0,34230.0,22730.0,26490.0,39350.0,49470.0
51-9193,Cooling and Freezing Equipment Operators and Tenders,2019,8740.0,35290.0,37010.0,23430.0,27710.0,45320.0,54050.0
51-9194,Etchers and Engravers,2019,10310.0,30620.0,33770.0,20620.0,24250.0,40280.0,52660.0
51-9195,"Molders, Shapers, and Casters, Except Metal and Plastic",2019,44890.0,34030.0,36000.0,24280.0,28080.0,41500.0,51920.0
51-9196,"Paper Goods Machine Setters, Operators, and Tenders",2019,100290.0,39210.0,40980.0,25000.0,30530.0,49460.0,61430.0
51-9197,Tire Builders,2019,20790.0,46010.0,45010.0,28440.0,34760.0,56230.0,61470.0
51-9198,Helpers--Production Workers,2019,303030.0,29100.0,30540.0,20590.0,24120.0,36030.0,42600.0
51-9199,"Production Workers, All Other",2019,222230.0,29800.0,33830.0,20320.0,24120.0,39330.0,52820.0
53-1041,Aircraft Cargo Handling Supervisors,2019,9500.0,53850.0,57960.0,35090.0,41260.0,73300.0,83650.0
53-1047,"First-Line Supervisors of Transportation and Material Moving Workers, Except Aircraft Cargo Handling Supervisors",2019,455390.0,55060.0,57840.0,33540.0,41070.0,70800.0,87310.0
53-2011,"Airline Pilots, Copilots, and Flight Engineers",2019,84520.0,147220.0,174870.0,74100.0,99090.0,,
53-2012,Commercial Pilots,2019,37830.0,86080.0,102870.0,45480.0,63040.0,123070.0,179440.0
53-2021,Air Traffic Controllers,2019,22090.0,122990.0,120140.0,68330.0,85770.0,151350.0,176320.0
53-2022,Airfield Operations Specialists,2019,10680.0,52650.0,57620.0,28500.0,37320.0,71810.0,92290.0
53-2031,Flight Attendants,2019,120840.0,56640.0,56230.0,29270.0,41070.0,67040.0,80940.0
53-3011,"Ambulance Drivers and Attendants, Except Emergency Medical Technicians",2019,14740.0,25890.0,29600.0,19460.0,22150.0,32190.0,43570.0
53-3031,Driver/Sales Workers,2019,444660.0,25860.0,30230.0,18060.0,20040.0,37500.0,48970.0
53-3032,Heavy and Tractor-Trailer Truck Drivers,2019,1856130.0,45260.0,46850.0,29130.0,36250.0,55850.0,66840.0
53-3033,Light Truck Drivers,2019,923050.0,34730.0,38520.0,21060.0,25730.0,47700.0,65400.0
53-3052,"Bus Drivers, Transit and Intercity",2019,179510.0,43030.0,45830.0,26710.0,33070.0,57920.0,70810.0
53-3058,"Passenger Vehicle Drivers, Except Bus Drivers, Transit and Intercity",2019,700030.0,31340.0,33210.0,19320.0,24250.0,39950.0,49500.0
53-3099,"Motor Vehicle Operators, All Other",2019,56590.0,32910.0,37300.0,19990.0,24110.0,48700.0,59800.0
53-4011,Locomotive Engineers,2019,35520.0,67090.0,71570.0,47190.0,56950.0,88530.0,101060.0
53-4013,"Rail Yard Engineers, Dinkey Operators, and Hostlers",2019,5400.0,49330.0,52690.0,33110.0,39110.0,61670.0,79720.0
53-4022,"Railroad Brake, Signal, and Switch Operators and Locomotive Firers",2019,11080.0,60260.0,62380.0,37150.0,46760.0,75700.0,94640.0
53-4031,Railroad Conductors and Yardmasters,2019,45710.0,65990.0,68350.0,45850.0,55390.0,80040.0,98110.0
53-4041,Subway and Streetcar Operators,2019,10730.0,67880.0,63770.0,38530.0,51940.0,78530.0,84860.0
53-4099,"Rail Transportation Workers, All Other",2019,2650.0,51600.0,54170.0,31590.0,37990.0,65210.0,81600.0
53-5011,Sailors and Marine Oilers,2019,31290.0,43480.0,53250.0,25190.0,31710.0,58650.0,75520.0
53-5021,"Captains, Mates, and Pilots of Water Vessels",2019,33370.0,72340.0,87420.0,37270.0,50020.0,105330.0,153700.0
53-5022,Motorboat Operators,2019,2120.0,48260.0,49030.0,25250.0,32830.0,62370.0,74180.0
53-5031,Ship Engineers,2019,8410.0,74610.0,79540.0,41730.0,53690.0,99050.0,130540.0
53-6011,Bridge and Lock Tenders,2019,3150.0,50110.0,47880.0,27270.0,37680.0,57920.0,63740.0
53-6021,Parking Attendants,2019,147390.0,25140.0,26450.0,18850.0,21620.0,29900.0,36000.0
53-6031,Automotive and Watercraft Service Attendants,2019,117670.0,25200.0,26860.0,19600.0,22160.0,30060.0,36960.0
53-6041,Traffic Technicians,2019,7470.0,47480.0,52590.0,30820.0,37170.0,64510.0,82230.0
53-6051,Transportation Inspectors,2019,30020.0,75820.0,77530.0,33330.0,52670.0,100940.0,125310.0
53-6061,Passenger Attendants,2019,28200.0,26570.0,29420.0,19480.0,22900.0,34490.0,40800.0
53-6098,"Aircraft Service Attendants and Transportation Workers, All Other",2019,34940.0,37000.0,42940.0,22710.0,27830.0,58620.0,74380.0
53-7011,Conveyor Operators and Tenders,2019,24050.0,34660.0,36150.0,24990.0,28840.0,41570.0,49890.0
53-7021,Crane and Tower Operators,2019,45480.0,56690.0,60530.0,32250.0,41680.0,73060.0,91840.0
53-7031,Dredge Operators,2019,1550.0,47040.0,51340.0,32170.0,38090.0,65590.0,77940.0
53-7041,Hoist and Winch Operators,2019,4800.0,59720.0,62690.0,30680.0,39500.0,80240.0,101550.0
53-7051,Industrial Truck and Tractor Operators,2019,629270.0,36200.0,37930.0,26090.0,30050.0,44350.0,53270.0
53-7061,Cleaners of Vehicles and Equipment,2019,382670.0,25800.0,27940.0,19150.0,22360.0,31210.0,39010.0
53-7062,"Laborers and Freight, Stock, and Material Movers, Hand",2019,2953170.0,29510.0,32130.0,21410.0,24570.0,37150.0,47140.0
53-7063,Machine Feeders and Offbearers,2019,63280.0,31180.0,33010.0,22610.0,26060.0,38600.0,47610.0
53-7064,"Packers and Packagers, Hand",2019,633640.0,25910.0,27680.0,19510.0,22800.0,31120.0,38320.0
53-7065,Stockers and Order Fillers,2019,2135850.0,27380.0,29660.0,20520.0,23480.0,33910.0,42080.0
53-7071,Gas Compressor and Gas Pumping Station Operators,2019,3440.0,66160.0,62710.0,37790.0,49940.0,76460.0,83130.0
53-7072,"Pump Operators, Except Wellhead Pumpers",2019,10000.0,45040.0,49120.0,29000.0,35190.0,59720.0,77860.0
53-7073,Wellhead Pumpers,2019,12970.0,55040.0,55080.0,33300.0,40500.0,67930.0,80280.0
53-7081,Refuse and Recyclable Material Collectors,2019,121330.0,37840.0,41400.0,22780.0,28880.0,50240.0,67370.0
53-7121,"Tank Car, Truck, and Ship Loaders",2019,11620.0,42360.0,47580.0,28090.0,33760.0,60800.0,76050.0
53-7199,"Material Moving Workers, All Other",2019,28240.0,31770.0,36530.0,23620.0,26170.0,43730.0,57960.0
11-1011,Chief Executives,2020,202360.0,185950.0,197840.0,62780.0,114530.0,,
11-1021,General and Operations Managers,2020,2347420.0,103650.0,125740.0,45850.0,67450.0,161190.0,
11-1031,Legislators,2020,51290.0,33200.0,53560.0,18120.0,19790.0,83780.0,105100.0
11-2011,Advertising and Promotions Managers,2020,22490.0,133460.0,147560.0,68940.0,91910.0,181800.0,
11-2021,Marketing Managers,2020,270200.0,142170.0,154470.0,74620.0,101690.0,191760.0,
11-2022,Sales Managers,2020,390170.0,132290.0,147580.0,63170.0,89720.0,185200.0,
11-2030,Public Relations and Fundraising Managers,2020,81110.0,118430.0,135580.0,66740.0,86440.0,165340.0,
11-3010,Administrative Services and Facilities Managers,2020,307620.0,98890.0,108120.0,56080.0,73650.0,130930.0,169930.0
11-3021,Computer and Information Systems Managers,2020,457290.0,151150.0,161730.0,90430.0,116990.0,191470.0,
11-3031,Financial Managers,2020,653080.0,134180.0,151510.0,70830.0,95770.0,186030.0,
11-3051,Industrial Production Managers,2020,179570.0,108790.0,118190.0,67100.0,84990.0,141290.0,181220.0
11-3061,Purchasing Managers,2020,70960.0,125940.0,132660.0,74570.0,96400.0,158160.0,197630.0
11-3071,"Transportation, Storage, and Distribution Managers",2020,132210.0,96390.0,105100.0,56970.0,73700.0,126560.0,164140.0
11-3111,Compensation and Benefits Managers,2020,16340.0,125130.0,137160.0,70920.0,93510.0,168500.0,
11-3121,Human Resources Managers,2020,156600.0,121220.0,134580.0,71180.0,91730.0,162720.0,
11-3131,Training and Development Managers,2020,38710.0,115640.0,125920.0,66270.0,86820.0,155120.0,200210.0
11-9013,"Farmers, Ranchers, and Other Agricultural Managers",2020,5670.0,68090.0,76810.0,35090.0,42850.0,96980.0,130760.0
11-9021,Construction Managers,2020,285640.0,97180.0,107260.0,56880.0,73460.0,128860.0,169070.0
11-9031,"Education and Childcare Administrators, Preschool and Daycare",2020,46410.0,49160.0,54940.0,31380.0,38000.0,63520.0,86040.0
11-9032,"Education Administrators, Kindergarten through Secondary",2020,262480.0,98490.0,103010.0,65150.0,78560.0,124380.0,152500.0
11-9033,"Education Administrators, Postsecondary",2020,140880.0,97500.0,115200.0,56310.0,72030.0,139220.0,199400.0
11-9039,"Education Administrators, All Other",2020,43580.0,87580.0,93830.0,47710.0,63090.0,117670.0,146820.0
11-9041,Architectural and Engineering Managers,2020,195900.0,149530.0,158100.0,95310.0,119310.0,185270.0,
11-9051,Food Service Managers,2020,197010.0,56590.0,61000.0,33880.0,43580.0,73330.0,94770.0
11-9071,Gambling Managers,2020,3240.0,75470.0,85440.0,46540.0,58640.0,99350.0,139680.0
11-9081,Lodging Managers,2020,31790.0,56670.0,65270.0,32980.0,42430.0,76660.0,108060.0
11-9111,Medical and Health Services Managers,2020,402540.0,104280.0,118800.0,59980.0,78820.0,139650.0,195630.0
11-9121,Natural Sciences Managers,2020,75870.0,137940.0,154930.0,71400.0,101750.0,190000.0,
11-9131,Postmasters and Mail Superintendents,2020,13880.0,78060.0,79660.0,66360.0,71690.0,88040.0,96350.0
11-9141,"Property, Real Estate, and Community Association Managers",2020,219800.0,59660.0,73210.0,31330.0,42330.0,86320.0,134570.0
11-9151,Social and Community Service Managers,2020,155800.0,69600.0,75140.0,42230.0,53880.0,90630.0,115800.0
11-9161,Emergency Management Directors,2020,10210.0,76250.0,84310.0,42230.0,55660.0,104880.0,142870.0
11-9171,Funeral Home Managers,2020,10010.0,74200.0,91530.0,42990.0,55400.0,106260.0,156940.0
11-9198,"Personal Service Managers, All Other; Entertainment and Recreation Managers, Except Gambling; and Managers, All Other",2020,469160.0,116350.0,123980.0,56330.0,81410.0,153670.0,197270.0
13-1011,"Agents and Business Managers of Artists, Performers, and Athletes",2020,16240.0,75420.0,98070.0,35840.0,53130.0,122010.0,190500.0
13-1020,Buyers and Purchasing Agents,2020,419920.0,66690.0,72370.0,39810.0,50840.0,88600.0,112170.0
13-1031,"Claims Adjusters, Examiners, and Investigators",2020,287150.0,68270.0,70650.0,41950.0,52160.0,85820.0,103610.0
13-1032,"Insurance Appraisers, Auto Damage",2020,13220.0,65550.0,68540.0,46410.0,55680.0,80030.0,95630.0
13-1041,Compliance Officers,2020,327360.0,71100.0,75620.0,40160.0,52670.0,95330.0,115220.0
13-1051,Cost Estimators,2020,199360.0,66610.0,72960.0,40380.0,51980.0,88460.0,114360.0
13-1071,Human Resources Specialists,2020,647810.0,63490.0,69430.0,37710.0,48190.0,83940.0,109350.0
13-1074,Farm Labor Contractors,2020,,47780.0,50300.0,36440.0,43260.0,52280.0,71620.0
13-1075,Labor Relations Specialists,2020,70050.0,73240.0,74870.0,19520.0,46440.0,99940.0,128600.0
13-1081,Logisticians,2020,184230.0,76270.0,79830.0,44190.0,57810.0,98400.0,122580.0
13-1111,Management Analysts,2020,734000.0,87660.0,97580.0,50990.0,66080.0,116710.0,156840.0
13-1121,"Meeting, Convention, and Event Planners",2020,109800.0,51560.0,55890.0,29240.0,38460.0,67250.0,88360.0
13-1131,Fundraisers,2020,82140.0,59610.0,64550.0,34320.0,45170.0,78990.0,103320.0
13-1141,"Compensation, Benefits, and Job Analysis Specialists",2020,87870.0,67190.0,72610.0,41490.0,52010.0,86590.0,111930.0
13-1151,Training and Development Specialists,2020,318040.0,62700.0,67440.0,33900.0,45870.0,83510.0,107060.0
13-1161,Market Research Analysts and Marketing Specialists,2020,690160.0,65810.0,73970.0,35380.0,48040.0,93030.0,127410.0
13-1198,"Project Management Specialists and Business Operations Specialists, All Other",2020,1444420.0,77420.0,84290.0,42180.0,56790.0,104410.0,135220.0
13-2011,Accountants and Auditors,2020,1274620.0,73560.0,81660.0,45220.0,57110.0,97530.0,128680.0
13-2020,Property Appraisers and Assessors,2020,55990.0,58650.0,65630.0,32990.0,43400.0,80790.0,107090.0
13-2031,Budget Analysts,2020,49260.0,78970.0,82690.0,51220.0,62540.0,100060.0,121360.0
13-2041,Credit Analysts,2020,72090.0,74970.0,86170.0,44250.0,56120.0,103840.0,146690.0
13-2052,Personal Financial Advisors,2020,218050.0,89330.0,122490.0,44100.0,59450.0,157020.0,
13-2053,Insurance Underwriters,2020,101790.0,71790.0,80390.0,43210.0,54850.0,97820.0,129550.0
13-2061,Financial Examiners,2020,68210.0,81430.0,92730.0,43890.0,59050.0,113170.0,159120.0
13-2071,Credit Counselors,2020,30770.0,46170.0,49940.0,32160.0,37640.0,57220.0,74410.0
13-2072,Loan Officers,2020,308700.0,63960.0,76930.0,33650.0,45540.0,93490.0,133850.0
13-2081,"Tax Examiners and Collectors, and Revenue Agents",2020,53150.0,55640.0,62040.0,33180.0,42040.0,77540.0,105430.0
13-2082,Tax Preparers,2020,62600.0,44300.0,52710.0,22090.0,29310.0,65960.0,93540.0
13-2098,"Financial and Investment Analysts, Financial Risk Specialists, and Financial Specialists, All Other",2020,460250.0,83660.0,96630.0,48760.0,63670.0,112460.0,159560.0
15-1211,Computer Systems Analysts,2020,574450.0,93730.0,99020.0,56510.0,72030.0,120890.0,152060.0
15-1212,Information Security Analysts,2020,138000.0,103590.0,107580.0,60060.0,78440.0,132890.0,163300.0
15-1221,Computer and Information Research Scientists,2020,30220.0,126830.0,130890.0,72210.0,95340.0,157720.0,194430.0
15-1231,Computer Network Support Specialists,2020,184220.0,65450.0,71040.0,40620.0,50730.0,85930.0,110450.0
15-1232,Computer User Support Specialists,2020,634820.0,52690.0,57000.0,32830.0,40730.0,68500.0,88940.0
15-1241,Computer Network Architects,2020,159350.0,116780.0,119230.0,67190.0,88120.0,147480.0,175570.0
15-1244,Network and Computer Systems Administrators,2020,339560.0,84810.0,89460.0,52830.0,66340.0,107610.0,134970.0
15-1245,Database Administrators and Architects,2020,133630.0,98860.0,101090.0,54070.0,71900.0,126890.0,155660.0
15-1251,Computer Programmers,2020,178140.0,89190.0,95640.0,51440.0,67370.0,116220.0,146050.0
15-1256,Software Developers and Software Quality Assurance Analysts and Testers,2020,1476800.0,110140.0,114270.0,65210.0,84020.0,140470.0,170100.0
15-1257,Web Developers and Digital Interface Designers,2020,156220.0,77200.0,85490.0,40750.0,55390.0,107620.0,146430.0
15-1299,"Computer Occupations, All Other",2020,362580.0,92870.0,96740.0,45760.0,65630.0,122360.0,152730.0
15-2011,Actuaries,2020,22480.0,111030.0,123180.0,66030.0,83550.0,151060.0,196010.0
15-2021,Mathematicians,2020,2460.0,110860.0,112530.0,61130.0,79280.0,134680.0,170150.0
15-2031,Operations Research Analysts,2020,96220.0,86200.0,92280.0,48050.0,63070.0,115080.0,144330.0
15-2041,Statisticians,2020,38860.0,92270.0,97170.0,52700.0,68810.0,121800.0,150840.0
15-2098,"Data Scientists and Mathematical Science Occupations, All Other",2020,59680.0,98230.0,103930.0,52950.0,71790.0,130370.0,165230.0
17-1011,"Architects, Except Landscape and Naval",2020,103900.0,82320.0,89470.0,49950.0,63420.0,106680.0,136310.0
17-1012,Landscape Architects,2020,20730.0,70630.0,75440.0,42500.0,54790.0,92670.0,115660.0
17-1021,Cartographers and Photogrammetrists,2020,12600.0,68380.0,72420.0,42980.0,54110.0,88620.0,108890.0
17-1022,Surveyors,2020,43710.0,65590.0,70260.0,37690.0,49250.0,87480.0,109010.0
17-2011,Aerospace Engineers,2020,60630.0,118610.0,121110.0,72770.0,91480.0,148570.0,171220.0
17-2021,Agricultural Engineers,2020,1440.0,84410.0,101620.0,51160.0,62700.0,106000.0,166620.0
17-2031,Bioengineers and Biomedical Engineers,2020,18660.0,92620.0,98340.0,56590.0,71830.0,118930.0,149440.0
17-2041,Chemical Engineers,2020,25770.0,108540.0,114820.0,68430.0,84890.0,136360.0,168960.0
17-2051,Civil Engineers,2020,300850.0,88570.0,95440.0,56160.0,69100.0,115110.0,144810.0
17-2061,Computer Hardware Engineers,2020,64710.0,119560.0,126140.0,70100.0,90310.0,153450.0,192110.0
17-2071,Electrical Engineers,2020,185220.0,100830.0,105990.0,64870.0,79010.0,128680.0,159520.0
17-2072,"Electronics Engineers, Except Computer",2020,122320.0,107540.0,112320.0,69210.0,84400.0,135290.0,167410.0
17-2081,Environmental Engineers,2020,50260.0,92120.0,96890.0,55450.0,70260.0,118960.0,144670.0
17-2111,"Health and Safety Engineers, Except Mining Safety Engineers and Inspectors",2020,23780.0,94240.0,97330.0,55390.0,71460.0,120890.0,144800.0
17-2112,Industrial Engineers,2020,290190.0,88950.0,93610.0,57950.0,71630.0,111360.0,136930.0
17-2121,Marine Engineers and Naval Architects,2020,8700.0,95440.0,99590.0,62610.0,76750.0,118790.0,148580.0
17-2131,Materials Engineers,2020,24740.0,95640.0,100550.0,57970.0,73950.0,123590.0,154340.0
17-2141,Mechanical Engineers,2020,293960.0,90160.0,95560.0,58410.0,71880.0,114380.0,141060.0
17-2151,"Mining and Geological Engineers, Including Mining Safety Engineers",2020,6270.0,93800.0,100140.0,57040.0,71990.0,121670.0,156270.0
17-2161,Nuclear Engineers,2020,15700.0,116140.0,125130.0,74800.0,92440.0,143000.0,185550.0
17-2171,Petroleum Engineers,2020,27850.0,137330.0,154330.0,78620.0,108130.0,189030.0,
17-2199,"Engineers, All Other",2020,152380.0,103380.0,107060.0,55360.0,75380.0,134480.0,166050.0
17-3011,Architectural and Civil Drafters,2020,99180.0,57500.0,59120.0,36590.0,45770.0,70170.0,83740.0
17-3012,Electrical and Electronics Drafters,2020,23020.0,62100.0,65720.0,37020.0,47980.0,79740.0,101130.0
17-3013,Mechanical Drafters,2020,51620.0,58270.0,61490.0,37100.0,46150.0,73700.0,92410.0
17-3019,"Drafters, All Other",2020,13850.0,54500.0,56530.0,34100.0,41570.0,67300.0,83170.0
17-3021,Aerospace Engineering and Operations Technologists and Technicians,2020,11900.0,68570.0,70680.0,43400.0,53790.0,84580.0,103450.0
17-3022,Civil Engineering Technologists and Technicians,2020,67270.0,54080.0,56590.0,34230.0,40850.0,68350.0,82960.0
17-3023,Electrical and Electronic Engineering Technologists and Technicians,2020,115270.0,67550.0,68310.0,40170.0,52520.0,81430.0,99810.0
17-3024,Electro-Mechanical and Mechatronics Technologists and Technicians,2020,13160.0,59800.0,62800.0,37350.0,46640.0,76270.0,95340.0
17-3025,Environmental Engineering Technologists and Technicians,2020,17070.0,51630.0,56570.0,32850.0,39330.0,67100.0,87730.0
17-3026,Industrial Engineering Technologists and Technicians,2020,62980.0,57320.0,59920.0,36550.0,45040.0,71990.0,86900.0
17-3027,Mechanical Engineering Technologists and Technicians,2020,39880.0,58230.0,60880.0,36200.0,45430.0,73800.0,91320.0
17-3031,Surveying and Mapping Technicians,2020,53370.0,46200.0,49770.0,29110.0,35760.0,60430.0,77480.0
17-3098,"Calibration Technologists and Technicians and Engineering Technologists and Technicians, Except Drafters, All Other",2020,92100.0,64190.0,67640.0,37200.0,48430.0,82910.0,102790.0
19-1011,Animal Scientists,2020,2680.0,63490.0,74540.0,40720.0,50260.0,87080.0,125250.0
19-1012,Food Scientists and Technologists,2020,13080.0,73450.0,80190.0,41240.0,54300.0,99870.0,130430.0
19-1013,Soil and Plant Scientists,2020,13950.0,66120.0,73040.0,39650.0,51420.0,87560.0,117450.0
19-1021,Biochemists and Biophysicists,2020,32010.0,94270.0,104810.0,52640.0,67710.0,127980.0,169860.0
19-1022,Microbiologists,2020,19710.0,84400.0,91840.0,45690.0,58800.0,119770.0,156360.0
19-1023,Zoologists and Wildlife Biologists,2020,17200.0,66350.0,70510.0,41720.0,52630.0,82670.0,106320.0
19-1029,"Biological Scientists, All Other",2020,41680.0,85290.0,89910.0,49060.0,64720.0,105140.0,137030.0
19-1031,Conservation Scientists,2020,22020.0,64020.0,69020.0,39230.0,49930.0,82740.0,100350.0
19-1032,Foresters,2020,9360.0,63980.0,66000.0,42500.0,51890.0,77010.0,93060.0
19-1041,Epidemiologists,2020,7500.0,74560.0,83620.0,49140.0,59380.0,97270.0,126040.0
19-1042,"Medical Scientists, Except Epidemiologists",2020,126110.0,91510.0,101800.0,50240.0,63400.0,126270.0,164650.0
19-1099,"Life Scientists, All Other",2020,6540.0,82000.0,92170.0,41840.0,57440.0,111380.0,154850.0
19-2011,Astronomers,2020,1910.0,119730.0,126250.0,62410.0,79930.0,166710.0,189690.0
19-2012,Physicists,2020,16160.0,129850.0,137700.0,67450.0,95020.0,170810.0,
19-2021,Atmospheric and Space Scientists,2020,10210.0,99740.0,100550.0,52350.0,72570.0,123930.0,153150.0
19-2031,Chemists,2020,82940.0,79300.0,86410.0,44970.0,58070.0,108390.0,139650.0
19-2032,Materials Scientists,2020,6930.0,99460.0,104450.0,54810.0,73130.0,130890.0,165290.0
19-2041,"Environmental Scientists and Specialists, Including Health",2020,84610.0,73230.0,80090.0,42960.0,55210.0,98120.0,129450.0
19-2042,"Geoscientists, Except Hydrologists and Geographers",2020,27890.0,93580.0,112110.0,51890.0,66500.0,136020.0,201150.0
19-2043,Hydrologists,2020,6170.0,84040.0,90150.0,52900.0,65080.0,106620.0,130030.0
19-2099,"Physical Scientists, All Other",2020,19050.0,107210.0,110100.0,49800.0,72310.0,140140.0,170800.0
19-3011,Economists,2020,17520.0,108350.0,120880.0,59220.0,79860.0,151210.0,198230.0
19-3022,Survey Researchers,2020,10350.0,59870.0,66960.0,33970.0,44680.0,81830.0,110910.0
19-3031,"Clinical, Counseling, and School Psychologists",2020,111320.0,79820.0,89290.0,46410.0,60750.0,104860.0,138550.0
19-3032,Industrial-Organizational Psychologists,2020,780.0,96270.0,112690.0,57440.0,69780.0,137930.0,192800.0
19-3039,"Psychologists, All Other",2020,14960.0,105780.0,100130.0,44500.0,76730.0,119460.0,133470.0
19-3041,Sociologists,2020,2470.0,86110.0,93420.0,52640.0,65680.0,111910.0,143020.0
19-3051,Urban and Regional Planners,2020,38190.0,75950.0,79410.0,46830.0,59130.0,96380.0,118280.0
19-3091,Anthropologists and Archeologists,2020,7180.0,66130.0,69960.0,40800.0,51170.0,84560.0,102770.0
19-3092,Geographers,2020,1450.0,85430.0,85620.0,53630.0,66130.0,102660.0,117100.0
19-3093,Historians,2020,2770.0,63100.0,68400.0,29540.0,40920.0,90130.0,116340.0
19-3094,Political Scientists,2020,6010.0,125350.0,124100.0,62840.0,90780.0,157710.0,170800.0
19-3099,"Social Scientists and Related Workers, All Other",2020,34570.0,87260.0,91280.0,54550.0,68760.0,110010.0,133440.0
19-4010,Agricultural and Food Science Technicians,2020,21940.0,41970.0,45920.0,28650.0,34550.0,53250.0,66620.0
19-4021,Biological Technicians,2020,80640.0,46340.0,49490.0,30440.0,36280.0,60130.0,74600.0
19-4031,Chemical Technicians,2020,63490.0,49820.0,53700.0,31720.0,38380.0,64700.0,81260.0
19-4042,"Environmental Science and Protection Technicians, Including Health",2020,31860.0,46850.0,50960.0,29280.0,35900.0,60960.0,80530.0
19-4045,Geological and Hydrologic Technicians,2020,15580.0,50630.0,61130.0,28210.0,35450.0,76650.0,109300.0
19-4051,Nuclear Technicians,2020,6160.0,84190.0,83810.0,53570.0,65650.0,100260.0,116680.0
19-4061,Social Science Research Assistants,2020,35330.0,49210.0,53560.0,31090.0,39250.0,62420.0,81280.0
19-4071,Forest and Conservation Technicians,2020,30150.0,38940.0,42780.0,27970.0,31510.0,51240.0,60910.0
19-4092,Forensic Science Technicians,2020,16640.0,60590.0,64890.0,36630.0,46460.0,79330.0,100910.0
19-4099,"Life, Physical, and Social Science Technicians, All Other",2020,62080.0,52460.0,56830.0,30800.0,39140.0,66720.0,86050.0
19-5011,Occupational Health and Safety Specialists,2020,95960.0,76340.0,78110.0,44710.0,58820.0,95190.0,112850.0
19-5012,Occupational Health and Safety Technicians,2020,20950.0,53340.0,57870.0,33330.0,41600.0,71320.0,89780.0
21-1012,"Educational, Guidance, and Career Counselors and Advisors",2020,292230.0,58120.0,62320.0,35620.0,45080.0,75920.0,97910.0
21-1013,Marriage and Family Therapists,2020,60850.0,51340.0,56890.0,33140.0,39130.0,68020.0,92930.0
21-1015,Rehabilitation Counselors,2020,100260.0,37530.0,42080.0,25660.0,29800.0,50040.0,66180.0
21-1018,"Substance Abuse, Behavioral Disorder, and Mental Health Counselors",2020,293620.0,47660.0,51550.0,30590.0,36950.0,61760.0,78700.0
21-1019,"Counselors, All Other",2020,27310.0,45760.0,50800.0,29120.0,35190.0,61700.0,79030.0
21-1021,"Child, Family, and School Social Workers",2020,328120.0,48430.0,52370.0,32300.0,38350.0,62080.0,80290.0
21-1022,Healthcare Social Workers,2020,176110.0,57630.0,60470.0,36110.0,45280.0,72120.0,87150.0
21-1023,Mental Health and Substance Abuse Social Workers,2020,116780.0,48720.0,54540.0,30770.0,37220.0,65210.0,87420.0
21-1029,"Social Workers, All Other",2020,60390.0,64210.0,64940.0,36070.0,45130.0,83200.0,96140.0
21-1091,Health Education Specialists,2020,57920.0,56500.0,62120.0,33720.0,41870.0,77300.0,101890.0
21-1092,Probation Officers and Correctional Treatment Specialists,2020,90070.0,55690.0,61900.0,36990.0,43720.0,75030.0,98510.0
21-1093,Social and Human Service Assistants,2020,399920.0,35960.0,38230.0,24950.0,29220.0,45100.0,56080.0
21-1094,Community Health Workers,2020,58670.0,42000.0,46000.0,28010.0,33960.0,54320.0,70790.0
21-1099,"Community and Social Service Specialists, All Other",2020,87800.0,46770.0,49600.0,28390.0,35970.0,60470.0,76430.0
21-2011,Clergy,2020,52260.0,51940.0,56560.0,28410.0,38110.0,66980.0,89510.0
21-2021,"Directors, Religious Activities and Education",2020,19860.0,45110.0,52660.0,25340.0,32830.0,63630.0,93990.0
21-2099,"Religious Workers, All Other",2020,8900.0,33530.0,40070.0,22880.0,26870.0,48430.0,65830.0
23-1011,Lawyers,2020,658120.0,126930.0,148910.0,61490.0,84450.0,189520.0,
23-1012,Judicial Law Clerks,2020,14690.0,57510.0,63860.0,34220.0,43400.0,76140.0,105620.0
23-1021,"Administrative Law Judges, Adjudicators, and Hearing Officers",2020,14570.0,97520.0,102050.0,47580.0,65260.0,131790.0,180910.0
23-1022,"Arbitrators, Mediators, and Conciliators",2020,5810.0,66130.0,76440.0,38330.0,47440.0,99870.0,131210.0
23-1023,"Judges, Magistrate Judges, and Magistrates",2020,28550.0,141080.0,131850.0,40270.0,81100.0,174050.0,
23-2011,Paralegals and Legal Assistants,2020,332720.0,52920.0,56610.0,32900.0,40640.0,67080.0,85160.0
23-2093,"Title Examiners, Abstractors, and Searchers",2020,54960.0,48820.0,52950.0,30320.0,37330.0,63360.0,82180.0
23-2099,"Legal Support Workers, All Other",2020,45310.0,59540.0,73320.0,32640.0,44330.0,96820.0,140520.0
25-1011,"Business Teachers, Postsecondary",2020,79810.0,88010.0,107270.0,39720.0,58350.0,137730.0,202080.0
25-1021,"Computer Science Teachers, Postsecondary",2020,32230.0,85540.0,98680.0,44240.0,60330.0,124370.0,170270.0
25-1022,"Mathematical Science Teachers, Postsecondary",2020,49550.0,73650.0,86760.0,38730.0,53970.0,106580.0,154750.0
25-1031,"Architecture Teachers, Postsecondary",2020,6910.0,90880.0,100820.0,45960.0,66990.0,126130.0,178310.0
25-1032,"Engineering Teachers, Postsecondary",2020,38520.0,103600.0,114130.0,55440.0,76510.0,139610.0,188980.0
25-1041,"Agricultural Sciences Teachers, Postsecondary",2020,8520.0,90340.0,96200.0,47100.0,65660.0,120890.0,157650.0
25-1042,"Biological Science Teachers, Postsecondary",2020,51500.0,85600.0,101320.0,46430.0,61380.0,126200.0,179450.0
25-1043,"Forestry and Conservation Science Teachers, Postsecondary",2020,1460.0,87400.0,92420.0,50520.0,65490.0,114670.0,144310.0
25-1051,"Atmospheric, Earth, Marine, and Space Sciences Teachers, Postsecondary",2020,11750.0,94520.0,104710.0,48280.0,66790.0,130640.0,179490.0
25-1052,"Chemistry Teachers, Postsecondary",2020,21530.0,80400.0,94630.0,47840.0,60320.0,114270.0,163670.0
25-1053,"Environmental Science Teachers, Postsecondary",2020,5860.0,84740.0,94520.0,42830.0,60650.0,114720.0,159640.0
25-1054,"Physics Teachers, Postsecondary",2020,13670.0,90400.0,101290.0,49340.0,64990.0,125290.0,169240.0
25-1061,"Anthropology and Archeology Teachers, Postsecondary",2020,5590.0,89220.0,98740.0,51580.0,66660.0,120090.0,162640.0
25-1062,"Area, Ethnic, and Cultural Studies Teachers, Postsecondary",2020,9960.0,78840.0,88790.0,40800.0,57480.0,106380.0,153900.0
25-1063,"Economics Teachers, Postsecondary",2020,13080.0,107260.0,123720.0,53860.0,75710.0,152110.0,
25-1064,"Geography Teachers, Postsecondary",2020,3720.0,82330.0,87160.0,45920.0,64150.0,105810.0,136240.0
25-1065,"Political Science Teachers, Postsecondary",2020,15130.0,85760.0,100970.0,43460.0,62020.0,122000.0,179450.0
25-1066,"Psychology Teachers, Postsecondary",2020,36520.0,78180.0,89960.0,41480.0,57200.0,108920.0,155800.0
25-1067,"Sociology Teachers, Postsecondary",2020,13420.0,75610.0,85180.0,38910.0,55490.0,103670.0,145990.0
25-1069,"Social Sciences Teachers, Postsecondary, All Other",2020,17620.0,69340.0,85670.0,32900.0,52150.0,107000.0,165790.0
25-1071,"Health Specialties Teachers, Postsecondary",2020,200040.0,99090.0,124890.0,43840.0,63000.0,164930.0,
25-1072,"Nursing Instructors and Teachers, Postsecondary",2020,61100.0,75470.0,84060.0,41930.0,57660.0,100330.0,133420.0
25-1081,"Education Teachers, Postsecondary",2020,57560.0,65440.0,75010.0,30380.0,47080.0,92010.0,130110.0
25-1082,"Library Science Teachers, Postsecondary",2020,4230.0,71580.0,77560.0,46120.0,57210.0,90630.0,116450.0
25-1111,"Criminal Justice and Law Enforcement Teachers, Postsecondary",2020,14030.0,63560.0,74740.0,35180.0,49140.0,86680.0,129820.0
25-1112,"Law Teachers, Postsecondary",2020,14930.0,116430.0,134760.0,41650.0,67640.0,181790.0,
25-1113,"Social Work Teachers, Postsecondary",2020,13580.0,71570.0,78110.0,35670.0,53820.0,95880.0,129560.0
25-1121,"Art, Drama, and Music Teachers, Postsecondary",2020,91170.0,69690.0,84780.0,34220.0,50300.0,102330.0,153060.0
25-1122,"Communications Teachers, Postsecondary",2020,28430.0,71030.0,80940.0,40690.0,54050.0,98750.0,137520.0
25-1123,"English Language and Literature Teachers, Postsecondary",2020,64800.0,69000.0,81340.0,39320.0,52060.0,100410.0,141190.0
25-1124,"Foreign Language and Literature Teachers, Postsecondary",2020,22790.0,69920.0,80410.0,40970.0,54110.0,98710.0,135800.0
25-1125,"History Teachers, Postsecondary",2020,20450.0,76890.0,85630.0,37340.0,56120.0,104110.0,141860.0
25-1126,"Philosophy and Religion Teachers, Postsecondary",2020,22900.0,76160.0,90160.0,40470.0,56510.0,106240.0,155430.0
25-1192,"Family and Consumer Sciences Teachers, Postsecondary",2020,2270.0,72220.0,81580.0,35540.0,53030.0,98620.0,134420.0
25-1193,"Recreation and Fitness Studies Teachers, Postsecondary",2020,14730.0,66290.0,75430.0,33140.0,49160.0,94420.0,130580.0
25-1194,"Career/Technical Education Teachers, Postsecondary",2020,105830.0,55620.0,61710.0,33420.0,42680.0,73500.0,101310.0
25-1199,"Postsecondary Teachers, All Other",2020,194740.0,71950.0,86430.0,29030.0,49420.0,116500.0,156550.0
25-2011,"Preschool Teachers, Except Special Education",2020,370940.0,31930.0,36550.0,21900.0,26220.0,42350.0,58230.0
25-2012,"Kindergarten Teachers, Except Special Education",2020,120080.0,57860.0,61170.0,37360.0,46280.0,72440.0,91980.0
25-2021,"Elementary School Teachers, Except Special Education",2020,1364870.0,60940.0,65420.0,40030.0,48350.0,79120.0,100480.0
25-2022,"Middle School Teachers, Except Special and Career/Technical Education",2020,599520.0,60810.0,64990.0,40930.0,48870.0,77880.0,98840.0
25-2023,"Career/Technical Education Teachers, Middle School",2020,11670.0,62270.0,66950.0,41600.0,52200.0,79670.0,100780.0
25-2031,"Secondary School Teachers, Except Special and Career/Technical Education",2020,991000.0,62870.0,67340.0,41330.0,49990.0,81410.0,102130.0
25-2032,"Career/Technical Education Teachers, Secondary School",2020,73530.0,62460.0,65870.0,43410.0,52010.0,77780.0,96020.0
25-2051,"Special Education Teachers, Preschool",2020,20300.0,61400.0,68110.0,34780.0,46320.0,82820.0,115020.0
25-2052,"Special Education Teachers, Kindergarten and Elementary School",2020,191170.0,60620.0,64790.0,41020.0,48860.0,77580.0,98480.0
25-2057,"Special Education Teachers, Middle School",2020,80110.0,61820.0,66300.0,42090.0,50360.0,79190.0,99750.0
25-2058,"Special Education Teachers, Secondary School",2020,142500.0,62320.0,66490.0,41270.0,49940.0,80210.0,101050.0
25-2059,"Special Education Teachers, All Other",2020,32950.0,62820.0,67670.0,35740.0,47090.0,85010.0,104790.0
25-3011,"Adult Basic Education, Adult Secondary Education, and English as a Second Language Instructors",2020,42910.0,55350.0,59810.0,32120.0,42500.0,72000.0,95630.0
25-3021,Self-Enrichment Teachers,2020,222700.0,39960.0,47930.0,21920.0,28500.0,58180.0,82000.0
25-3031,"Substitute Teachers, Short-Term",2020,512030.0,29370.0,36090.0,19060.0,23390.0,38160.0,51850.0
25-3097,"Tutors and Teachers and Instructors, All Other",2020,309220.0,40590.0,50390.0,22110.0,28840.0,63170.0,91630.0
25-4011,Archivists,2020,6550.0,56760.0,61210.0,33180.0,42840.0,75070.0,98990.0
25-4012,Curators,2020,11750.0,56990.0,61650.0,33370.0,43420.0,76330.0,96820.0
25-4013,Museum Technicians and Conservators,2020,11930.0,45710.0,49990.0,27730.0,34910.0,60830.0,79590.0
25-4022,Librarians and Media Collections Specialists,2020,135070.0,60820.0,63560.0,34810.0,47090.0,77680.0,97460.0
25-4031,Library Technicians,2020,89070.0,37010.0,39630.0,23110.0,28080.0,48400.0,61650.0
25-9021,Farm and Home Management Educators,2020,8090.0,51550.0,54870.0,26300.0,37910.0,67330.0,85140.0
25-9031,Instructional Coordinators,2020,174900.0,66970.0,70160.0,39270.0,51720.0,86100.0,105650.0
25-9044,"Teaching Assistants, Postsecondary",2020,138740.0,36250.0,39460.0,19880.0,27080.0,51000.0,62540.0
25-9045,"Teaching Assistants, Except Postsecondary",2020,1272840.0,28900.0,30630.0,19610.0,23830.0,36110.0,44290.0
25-9099,"Educational Instruction and Library Workers, All Other",2020,142550.0,41570.0,47210.0,19420.0,27680.0,60140.0,83260.0
27-1011,Art Directors,2020,40950.0,97270.0,114490.0,54530.0,71610.0,136310.0,199250.0
27-1012,Craft Artists,2020,4090.0,35180.0,38260.0,21630.0,27400.0,45390.0,59620.0
27-1013,"Fine Artists, Including Painters, Sculptors, and Illustrators",2020,11070.0,52340.0,65020.0,19570.0,31200.0,78410.0,122900.0
27-1014,Special Effects Artists and Animators,2020,26460.0,77700.0,88080.0,42390.0,56890.0,108640.0,142750.0
27-1019,"Artists and Related Workers, All Other",2020,7220.0,65800.0,69650.0,27860.0,37980.0,97860.0,116350.0
27-1021,Commercial and Industrial Designers,2020,30100.0,71640.0,76290.0,41860.0,54820.0,94190.0,118440.0
27-1022,Fashion Designers,2020,21050.0,75810.0,87210.0,38570.0,54470.0,101700.0,146300.0
27-1023,Floral Designers,2020,36810.0,29140.0,30670.0,20110.0,24050.0,35750.0,43150.0
27-1024,Graphic Designers,2020,201440.0,53380.0,58370.0,31720.0,40160.0,71310.0,93440.0
27-1025,Interior Designers,2020,59170.0,57060.0,61400.0,33020.0,43570.0,74720.0,97920.0
27-1026,Merchandise Displayers and Window Trimmers,2020,134660.0,30810.0,34550.0,22440.0,26450.0,38890.0,51750.0
27-1027,Set and Exhibit Designers,2020,10980.0,58180.0,64610.0,30180.0,38790.0,82780.0,106230.0
27-1029,"Designers, All Other",2020,10680.0,63750.0,71340.0,30530.0,45220.0,85030.0,121030.0
27-2011,Actors,2020,44460.0,,,,,,
27-2012,Producers and Directors,2020,119490.0,76400.0,96690.0,36070.0,51760.0,118020.0,184660.0
27-2021,Athletes and Sports Competitors,2020,8380.0,50850.0,94740.0,20270.0,25790.0,105510.0,
27-2022,Coaches and Scouts,2020,208180.0,36330.0,47100.0,19340.0,25190.0,55530.0,81940.0
27-2023,"Umpires, Referees, and Other Sports Officials",2020,16590.0,28940.0,40140.0,18750.0,22560.0,45590.0,63480.0
27-2031,Dancers,2020,7370.0,,,,,,
27-2032,Choreographers,2020,3580.0,43680.0,52000.0,21180.0,29420.0,63080.0,101250.0
27-2041,Music Directors and Composers,2020,9200.0,52250.0,65720.0,23890.0,33990.0,76000.0,124390.0
27-2042,Musicians and Singers,2020,34770.0,,,,,,
27-2090,"Miscellaneous Entertainers and Performers, Sports and Related Workers",2020,13760.0,,,,,,
27-3011,Broadcast Announcers and Radio Disc Jockeys,2020,27290.0,36770.0,57300.0,19580.0,25110.0,59980.0,114050.0
27-3023,"News Analysts, Reporters, and Journalists",2020,41580.0,49300.0,66000.0,25510.0,32160.0,80950.0,127370.0
27-3031,Public Relations Specialists,2020,244550.0,62810.0,71940.0,35350.0,46630.0,85380.0,118210.0
27-3041,Editors,2020,93370.0,63400.0,73910.0,33620.0,45310.0,89530.0,126800.0
27-3042,Technical Writers,2020,48880.0,74650.0,78590.0,45510.0,57960.0,95690.0,119040.0
27-3043,Writers and Authors,2020,44240.0,67120.0,78680.0,35880.0,49310.0,94090.0,133460.0
27-3091,Interpreters and Translators,2020,56920.0,52330.0,58140.0,29740.0,38410.0,72630.0,96480.0
27-3092,Court Reporters and Simultaneous Captioners,2020,13880.0,61660.0,66710.0,31600.0,43730.0,88420.0,109240.0
27-3099,"Media and Communication Workers, All Other",2020,20940.0,49730.0,55540.0,24370.0,33270.0,72930.0,95100.0
27-4011,Audio and Video Technicians,2020,62360.0,47920.0,53390.0,27840.0,35570.0,64940.0,87050.0
27-4012,Broadcast Technicians,2020,25960.0,43570.0,49250.0,21570.0,28930.0,62980.0,83620.0
27-4014,Sound Engineering Technicians,2020,10870.0,53520.0,67210.0,27650.0,35460.0,77410.0,119720.0
27-4021,Photographers,2020,41600.0,41280.0,50290.0,22410.0,28530.0,62440.0,86850.0
27-4031,"Camera Operators, Television, Video, and Film",2020,20340.0,57200.0,67590.0,29140.0,39550.0,81580.0,123220.0
27-4032,Film and Video Editors,2020,22410.0,67250.0,83880.0,34870.0,47240.0,100830.0,152720.0
27-4098,"Lighting Technicians and Media and Communication Equipment Workers, All Other",2020,21860.0,70980.0,74880.0,31150.0,45240.0,98330.0,123670.0
29-1011,Chiropractors,2020,34760.0,70720.0,83830.0,35390.0,53070.0,98050.0,137950.0
29-1021,"Dentists, General",2020,95920.0,158940.0,180830.0,81060.0,115290.0,,
29-1022,Oral and Maxillofacial Surgeons,2020,4120.0,,234990.0,63840.0,156210.0,,
29-1023,Orthodontists,2020,5040.0,,237990.0,74020.0,150250.0,,
29-1024,Prosthodontists,2020,530.0,,214870.0,80270.0,119710.0,,
29-1029,"Dentists, All Other Specialists",2020,5610.0,183300.0,194930.0,81140.0,139080.0,,
29-1031,Dietitians and Nutritionists,2020,66330.0,63090.0,64150.0,39840.0,51700.0,77180.0,90000.0
29-1041,Optometrists,2020,36690.0,118050.0,125440.0,60750.0,91180.0,145720.0,195810.0
29-1051,Pharmacists,2020,315470.0,128710.0,125460.0,85210.0,112690.0,147690.0,164980.0
29-1071,Physician Assistants,2020,125280.0,115390.0,116080.0,76700.0,95730.0,135220.0,162470.0
29-1081,Podiatrists,2020,9710.0,134300.0,151110.0,55230.0,82750.0,196030.0,
29-1122,Occupational Therapists,2020,126610.0,86280.0,87480.0,57330.0,70880.0,103060.0,122670.0
29-1123,Physical Therapists,2020,220870.0,91010.0,91680.0,63530.0,75360.0,106060.0,126780.0
29-1124,Radiation Therapists,2020,17390.0,86850.0,94300.0,60080.0,71350.0,107830.0,132930.0
29-1125,Recreational Therapists,2020,20080.0,47710.0,51260.0,31450.0,37570.0,62440.0,79250.0
29-1126,Respiratory Therapists,2020,131890.0,62810.0,65640.0,45940.0,54170.0,75950.0,89170.0
29-1127,Speech-Language Pathologists,2020,148450.0,80480.0,83240.0,50370.0,62790.0,101110.0,122790.0
29-1128,Exercise Physiologists,2020,7330.0,50280.0,54020.0,36070.0,42550.0,62600.0,78170.0
29-1129,"Therapists, All Other",2020,11710.0,57310.0,62090.0,34270.0,43970.0,76480.0,96160.0
29-1131,Veterinarians,2020,73710.0,99250.0,108350.0,60690.0,79430.0,126260.0,164490.0
29-1141,Registered Nurses,2020,2986500.0,75330.0,80010.0,53410.0,61630.0,93590.0,116230.0
29-1151,Nurse Anesthetists,2020,41960.0,183580.0,189190.0,133970.0,154540.0,,
29-1161,Nurse Midwives,2020,7120.0,111130.0,115540.0,67710.0,91590.0,136960.0,179770.0
29-1171,Nurse Practitioners,2020,211280.0,111680.0,114510.0,82960.0,94890.0,130240.0,156160.0
29-1181,Audiologists,2020,13300.0,81030.0,89230.0,56550.0,68940.0,102220.0,128160.0
29-1211,Anesthesiologists,2020,28590.0,,271440.0,136180.0,,,
29-1215,Family Medicine Physicians,2020,98590.0,207380.0,214370.0,79610.0,148320.0,,
29-1216,General Internal Medicine Physicians,2020,50600.0,,210960.0,64340.0,112490.0,,
29-1218,Obstetricians and Gynecologists,2020,18900.0,,239120.0,82330.0,175470.0,,
29-1221,"Pediatricians, General",2020,27550.0,177130.0,184570.0,69470.0,126930.0,,
29-1223,Psychiatrists,2020,25540.0,,217100.0,69470.0,135300.0,,
29-1228,"Physicians, All Other; and Ophthalmologists, Except Pediatric",2020,375390.0,,218850.0,61380.0,126470.0,,
29-1248,"Surgeons, Except Ophthalmologists",2020,37900.0,,251650.0,77240.0,188170.0,,
29-1292,Dental Hygienists,2020,194830.0,77090.0,78050.0,54200.0,65440.0,91620.0,104420.0
29-1298,"Acupuncturists and Healthcare Diagnosing or Treating Practitioners, All Other",2020,36070.0,82420.0,97270.0,43200.0,60680.0,126070.0,160990.0
29-2010,Clinical Laboratory Technologists and Technicians,2020,326220.0,54180.0,55990.0,31450.0,39680.0,69650.0,83700.0
29-2031,Cardiovascular Technologists and Technicians,2020,55980.0,59100.0,60940.0,30140.0,39250.0,78170.0,96790.0
29-2032,Diagnostic Medical Sonographers,2020,73920.0,75920.0,77790.0,53790.0,63020.0,90940.0,105340.0
29-2033,Nuclear Medicine Technologists,2020,17510.0,79590.0,82080.0,57830.0,68370.0,95230.0,109070.0
29-2034,Radiologic Technologists and Technicians,2020,206720.0,61900.0,64840.0,42180.0,50670.0,76520.0,92660.0
29-2035,Magnetic Resonance Imaging Technologists,2020,39270.0,74690.0,75960.0,52880.0,62140.0,88370.0,104210.0
29-2040,Emergency Medical Technicians and Paramedics,2020,257700.0,36650.0,40370.0,24650.0,29170.0,47810.0,62150.0
29-2051,Dietetic Technicians,2020,26430.0,30110.0,32920.0,20980.0,25490.0,38090.0,49000.0
29-2052,Pharmacy Technicians,2020,415310.0,35100.0,36450.0,25400.0,29090.0,41660.0,50430.0
29-2053,Psychiatric Technicians,2020,85330.0,35030.0,38080.0,24960.0,28660.0,44020.0,59020.0
29-2055,Surgical Technologists,2020,107400.0,49710.0,51510.0,34120.0,41010.0,60980.0,73110.0
29-2056,Veterinary Technologists and Technicians,2020,109490.0,36260.0,37860.0,25520.0,30030.0,43890.0,52410.0
29-2057,Ophthalmic Medical Technicians,2020,59960.0,37940.0,40010.0,25830.0,31030.0,47490.0,57900.0
29-2061,Licensed Practical and Licensed Vocational Nurses,2020,676440.0,48820.0,50090.0,35570.0,42060.0,57860.0,65520.0
29-2081,"Opticians, Dispensing",2020,68180.0,38530.0,41380.0,26080.0,30540.0,50150.0,62180.0
29-2091,Orthotists and Prosthetists,2020,9550.0,70190.0,74120.0,41790.0,53770.0,89240.0,110130.0
29-2092,Hearing Aid Specialists,2020,7770.0,52630.0,54630.0,29960.0,38620.0,64120.0,81170.0
29-2098,"Medical Dosimetrists, Medical Records Specialists, and Health Technologists and Technicians, All Other",2020,318010.0,44090.0,48270.0,28800.0,34810.0,57840.0,73370.0
29-9091,Athletic Trainers,2020,27430.0,49860.0,52230.0,32980.0,41310.0,61280.0,75810.0
29-9092,Genetic Counselors,2020,2280.0,85700.0,89710.0,66930.0,74060.0,103700.0,126350.0
29-9098,"Health Information Technologists, Medical Registrars, Surgical Assistants, and Healthcare Practitioners and Technical Workers, All Other",2020,76670.0,51840.0,60900.0,29130.0,36840.0,76860.0,105690.0
31-1120,Home Health and Personal Care Aides,2020,3211590.0,27080.0,28060.0,20130.0,23560.0,31280.0,36990.0
31-1131,Nursing Assistants,2020,1371050.0,30850.0,32050.0,22750.0,26650.0,36990.0,42110.0
31-1132,Orderlies,2020,43570.0,30030.0,31780.0,22260.0,25680.0,36530.0,44550.0
31-1133,Psychiatric Aides,2020,51550.0,31570.0,33300.0,21840.0,25630.0,39270.0,48880.0
31-2011,Occupational Therapy Assistants,2020,42750.0,62940.0,63420.0,43180.0,53640.0,74770.0,84090.0
31-2012,Occupational Therapy Aides,2020,5630.0,30180.0,34160.0,20010.0,23130.0,39120.0,58800.0
31-2021,Physical Therapist Assistants,2020,92740.0,59770.0,59440.0,33840.0,48260.0,70800.0,82470.0
31-2022,Physical Therapist Aides,2020,45790.0,28450.0,30110.0,20500.0,24250.0,33280.0,40580.0
31-9011,Massage Therapists,2020,85040.0,43620.0,47350.0,22580.0,30010.0,59790.0,79150.0
31-9091,Dental Assistants,2020,312140.0,41180.0,42310.0,28940.0,34470.0,49810.0,58390.0
31-9092,Medical Assistants,2020,710200.0,35850.0,36930.0,26930.0,30360.0,41280.0,50580.0
31-9093,Medical Equipment Preparers,2020,56870.0,38800.0,41070.0,27450.0,32300.0,48310.0,59370.0
31-9094,Medical Transcriptionists,2020,49530.0,35270.0,37310.0,21790.0,27070.0,45260.0,55220.0
31-9095,Pharmacy Aides,2020,38900.0,29280.0,32250.0,20960.0,24720.0,36690.0,50390.0
31-9096,Veterinary Assistants and Laboratory Animal Caretakers,2020,98810.0,29930.0,30980.0,21570.0,25370.0,35900.0,41080.0
31-9097,Phlebotomists,2020,128020.0,36320.0,37280.0,26690.0,30610.0,42130.0,50740.0
31-9099,"Healthcare Support Workers, All Other",2020,96720.0,39530.0,41430.0,24700.0,30240.0,50430.0,61120.0
33-1011,First-Line Supervisors of Correctional Officers,2020,53420.0,60910.0,67600.0,37720.0,46610.0,85160.0,107780.0
33-1012,First-Line Supervisors of Police and Detectives,2020,122310.0,92970.0,97180.0,52610.0,69030.0,121910.0,152090.0
33-1021,First-Line Supervisors of Firefighting and Prevention Workers,2020,69000.0,78870.0,83170.0,43640.0,59130.0,103170.0,129470.0
33-1090,"Miscellaneous First-Line Supervisors, Protective Service Workers",2020,78860.0,52650.0,55210.0,30420.0,38500.0,65970.0,83780.0
33-2011,Firefighters,2020,311350.0,52500.0,56360.0,26940.0,35850.0,70870.0,93790.0
33-2021,Fire Inspectors and Investigators,2020,14010.0,64610.0,67680.0,39860.0,50230.0,81800.0,100780.0
33-2022,Forest Fire Inspectors and Prevention Specialists,2020,2900.0,42150.0,52130.0,29660.0,33380.0,66370.0,86270.0
33-3011,Bailiffs,2020,18120.0,48000.0,51730.0,25680.0,35630.0,66560.0,81360.0
33-3012,Correctional Officers and Jailers,2020,405870.0,47410.0,52340.0,32830.0,37950.0,63290.0,81940.0
33-3021,Detectives and Criminal Investigators,2020,105980.0,86940.0,89300.0,46020.0,59620.0,111900.0,146000.0
33-3031,Fish and Game Wardens,2020,7230.0,58040.0,57810.0,29880.0,44250.0,70270.0,81960.0
33-3041,Parking Enforcement Workers,2020,7560.0,42070.0,44870.0,27370.0,33330.0,54530.0,66260.0
33-3051,Police and Sheriff's Patrol Officers,2020,654900.0,65540.0,70000.0,38420.0,48950.0,86880.0,109040.0
33-3052,Transit and Railroad Police,2020,3800.0,72580.0,71000.0,44520.0,54080.0,83360.0,99050.0
33-9011,Animal Control Workers,2020,11580.0,38430.0,40680.0,25050.0,31040.0,48640.0,61270.0
33-9021,Private Detectives and Investigators,2020,32200.0,53320.0,60100.0,31440.0,38400.0,73190.0,96950.0
33-9031,Gambling Surveillance Officers and Gambling Investigators,2020,8340.0,35300.0,39910.0,25400.0,28990.0,46340.0,62450.0
33-9032,Security Guards,2020,1054400.0,31050.0,34360.0,21930.0,26200.0,39220.0,51600.0
33-9091,Crossing Guards and Flaggers,2020,85050.0,30790.0,34220.0,20960.0,25680.0,39520.0,51500.0
33-9092,"Lifeguards, Ski Patrol, and Other Recreational Protective Service Workers",2020,113150.0,25020.0,27050.0,18490.0,20680.0,30070.0,38330.0
33-9093,Transportation Security Screeners,2020,46850.0,44300.0,44920.0,37090.0,40330.0,47950.0,53540.0
33-9098,"School Bus Monitors and Protective Service Workers, All Other",2020,144310.0,31960.0,36140.0,21610.0,26540.0,41290.0,55830.0
35-1011,Chefs and Head Cooks,2020,101490.0,53380.0,58740.0,30300.0,39420.0,71350.0,90790.0
35-1012,First-Line Supervisors of Food Preparation and Serving Workers,2020,891540.0,34570.0,37880.0,22910.0,27560.0,46000.0,59330.0
35-2011,"Cooks, Fast Food",2020,544420.0,24380.0,24300.0,17590.0,19650.0,27960.0,31430.0
35-2012,"Cooks, Institution and Cafeteria",2020,387300.0,28650.0,29940.0,19860.0,23320.0,35020.0,41580.0
35-2013,"Cooks, Private Household",2020,320.0,32630.0,46810.0,27860.0,29650.0,47920.0,98980.0
35-2014,"Cooks, Restaurant",2020,1109650.0,28800.0,29530.0,20100.0,24210.0,33550.0,39840.0
35-2015,"Cooks, Short Order",2020,123350.0,26570.0,27030.0,18550.0,21670.0,31170.0,37210.0
35-2019,"Cooks, All Other",2020,19080.0,30460.0,32350.0,20470.0,25460.0,37420.0,46350.0
35-2021,Food Preparation Workers,2020,793590.0,26070.0,26820.0,18460.0,21400.0,30850.0,37000.0
35-3011,Bartenders,2020,486720.0,24960.0,28910.0,17940.0,19620.0,32130.0,47690.0
35-3023,Fast Food and Counter Workers,2020,3450120.0,23860.0,24540.0,17940.0,19800.0,27920.0,31960.0
35-3031,Waiters and Waitresses,2020,1944240.0,23740.0,27470.0,17520.0,19290.0,30650.0,42550.0
35-3041,"Food Servers, Nonrestaurant",2020,254650.0,25910.0,27460.0,19350.0,22200.0,30830.0,37910.0
35-9011,Dining Room and Cafeteria Attendants and Bartender Helpers,2020,374940.0,25010.0,26300.0,18260.0,20160.0,29370.0,35970.0
35-9021,Dishwashers,2020,395660.0,25270.0,25600.0,18670.0,21060.0,28960.0,32280.0
35-9031,"Hosts and Hostesses, Restaurant, Lounge, and Coffee Shop",2020,316700.0,23880.0,24800.0,17780.0,19670.0,28170.0,32360.0
35-9099,"Food Preparation and Serving Related Workers, All Other",2020,69070.0,27080.0,27880.0,18930.0,22890.0,31150.0,37690.0
37-1011,First-Line Supervisors of Housekeeping and Janitorial Workers,2020,141260.0,42040.0,45500.0,27110.0,32950.0,55380.0,69130.0
37-1012,"First-Line Supervisors of Landscaping, Lawn Service, and Groundskeeping Workers",2020,103730.0,51010.0,54040.0,33750.0,40600.0,64490.0,80650.0
37-2011,"Janitors and Cleaners, Except Maids and Housekeeping Cleaners",2020,1990510.0,29080.0,31410.0,20380.0,24140.0,36600.0,46870.0
37-2012,Maids and Housekeeping Cleaners,2020,795590.0,26220.0,28010.0,19370.0,22230.0,31320.0,39140.0
37-2019,"Building Cleaning Workers, All Other",2020,17050.0,34510.0,38860.0,22950.0,27340.0,45220.0,63610.0
37-2021,Pest Control Workers,2020,79560.0,37820.0,40350.0,24980.0,30450.0,48570.0,61170.0
37-3011,Landscaping and Groundskeeping Workers,2020,872370.0,31730.0,33800.0,22800.0,27060.0,38930.0,48310.0
37-3012,"Pesticide Handlers, Sprayers, and Applicators, Vegetation",2020,23950.0,36630.0,39130.0,25590.0,30440.0,43560.0,56030.0
37-3013,Tree Trimmers and Pruners,2020,52040.0,41340.0,44040.0,27510.0,33390.0,52520.0,64520.0
37-3019,"Grounds Maintenance Workers, All Other",2020,14310.0,34210.0,40270.0,24570.0,28950.0,50230.0,67820.0
39-1013,First-Line Supervisors of Gambling Services Workers,2020,19100.0,50440.0,51160.0,28120.0,38650.0,62500.0,74590.0
39-1098,"First-Line Supervisors of Personal Service and Entertainment and Recreation Workers, Except Gambling Services",2020,174860.0,42000.0,45820.0,26620.0,32820.0,55430.0,69910.0
39-2011,Animal Trainers,2020,14880.0,31520.0,37950.0,21550.0,25160.0,43370.0,62040.0
39-2021,Animal Caretakers,2020,193660.0,26080.0,28380.0,19310.0,22030.0,31480.0,40210.0
39-3011,Gambling Dealers,2020,67330.0,23740.0,26110.0,17480.0,19190.0,27800.0,40230.0
39-3012,Gambling and Sports Book Writers and Runners,2020,7500.0,25220.0,27130.0,19910.0,21820.0,30170.0,37490.0
39-3019,"Gambling Service Workers, All Other",2020,8570.0,29360.0,33340.0,19370.0,24290.0,38710.0,53540.0
39-3021,Motion Picture Projectionists,2020,2270.0,27490.0,34380.0,19620.0,23120.0,40950.0,60880.0
39-3031,"Ushers, Lobby Attendants, and Ticket Takers",2020,95600.0,25110.0,26390.0,18070.0,20190.0,30270.0,37100.0
39-3091,Amusement and Recreation Attendants,2020,248190.0,24760.0,25610.0,18150.0,20080.0,29220.0,33420.0
39-3092,Costume Attendants,2020,5750.0,42910.0,51780.0,24730.0,30370.0,63600.0,93400.0
39-3093,"Locker Room, Coatroom, and Dressing Room Attendants",2020,11530.0,26700.0,29320.0,19430.0,22170.0,33120.0,40200.0
39-3099,"Entertainment Attendants and Related Workers, All Other",2020,3900.0,27230.0,32580.0,18380.0,21880.0,37120.0,54810.0
39-4011,Embalmers,2020,3860.0,47630.0,50220.0,27930.0,37490.0,59460.0,75190.0
39-4021,Funeral Attendants,2020,32300.0,29150.0,31130.0,20160.0,23770.0,36690.0,46160.0
39-4031,"Morticians, Undertakers, and Funeral Arrangers",2020,24560.0,54100.0,59000.0,29080.0,40100.0,71530.0,91140.0
39-5011,Barbers,2020,14880.0,32470.0,38050.0,21810.0,25480.0,46400.0,63450.0
39-5012,"Hairdressers, Hairstylists, and Cosmetologists",2020,302410.0,27380.0,32740.0,18840.0,21520.0,37970.0,53410.0
39-5091,"Makeup Artists, Theatrical and Performance",2020,2780.0,106920.0,99990.0,38010.0,63220.0,132530.0,157680.0
39-5092,Manicurists and Pedicurists,2020,73010.0,27870.0,29010.0,20370.0,24820.0,31890.0,38900.0
39-5093,Shampooers,2020,8310.0,24190.0,24320.0,18550.0,20320.0,27260.0,30890.0
39-5094,Skincare Specialists,2020,46640.0,36510.0,41230.0,22850.0,27590.0,48710.0,64610.0
39-6011,Baggage Porters and Bellhops,2020,28440.0,27050.0,29060.0,19020.0,22000.0,32850.0,40750.0
39-6012,Concierges,2020,36800.0,32380.0,35310.0,23440.0,27300.0,40540.0,52020.0
39-7010,Tour and Travel Guides,2020,38030.0,29460.0,32200.0,20430.0,24200.0,37730.0,47660.0
39-9011,Childcare Workers,2020,494360.0,25460.0,26790.0,18380.0,20900.0,30750.0,37720.0
39-9031,Exercise Trainers and Group Fitness Instructors,2020,248070.0,40510.0,45650.0,21640.0,27840.0,57490.0,76550.0
39-9032,Recreation Workers,2020,325640.0,28440.0,30960.0,19510.0,23420.0,35620.0,46510.0
39-9041,Residential Advisors,2020,102450.0,31190.0,33430.0,21550.0,26010.0,39100.0,49180.0
39-9098,"Crematory Operators and Personal Care and Service Workers, All Other",2020,60650.0,28420.0,30330.0,19750.0,24280.0,34880.0,40200.0
41-1011,First-Line Supervisors of Retail Sales Workers,2020,1063110.0,41580.0,47300.0,27260.0,33070.0,55880.0,72810.0
41-1012,First-Line Supervisors of Non-Retail Sales Workers,2020,240290.0,78560.0,90120.0,44860.0,58850.0,109050.0,151790.0
41-2011,Cashiers,2020,3333100.0,25020.0,25710.0,18850.0,21310.0,28840.0,32630.0
41-2012,Gambling Change Persons and Booth Cashiers,2020,14000.0,27080.0,29110.0,19710.0,23240.0,32140.0,40160.0
41-2021,Counter and Rental Clerks,2020,368300.0,30870.0,34700.0,20780.0,25540.0,39960.0,53550.0
41-2022,Parts Salespersons,2020,253870.0,32460.0,36350.0,21170.0,25970.0,43120.0,57620.0
41-2031,Retail Salespersons,2020,3659670.0,27080.0,30940.0,19740.0,22900.0,32990.0,44570.0
41-3011,Advertising Sales Agents,2020,110040.0,54940.0,68040.0,26700.0,36720.0,82020.0,124030.0
41-3021,Insurance Sales Agents,2020,409950.0,52180.0,69100.0,29000.0,37590.0,79200.0,127840.0
41-3031,"Securities, Commodities, and Financial Services Sales Agents",2020,440300.0,64770.0,96540.0,36910.0,45930.0,116020.0,
41-3041,Travel Agents,2020,55180.0,42350.0,46650.0,25230.0,32010.0,56520.0,73360.0
41-3091,"Sales Representatives of Services, Except Advertising, Insurance, Financial Services, and Travel",2020,977070.0,58770.0,70490.0,29110.0,39730.0,85430.0,128820.0
41-4011,"Sales Representatives, Wholesale and Manufacturing, Technical and Scientific Products",2020,288150.0,86650.0,99680.0,42820.0,59590.0,127800.0,171700.0
41-4012,"Sales Representatives, Wholesale and Manufacturing, Except Technical and Scientific Products",2020,1278670.0,62070.0,73500.0,31950.0,43580.0,89030.0,129200.0
41-9011,Demonstrators and Product Promoters,2020,69990.0,32500.0,37080.0,23080.0,27080.0,42810.0,58210.0
41-9012,Models,2020,2350.0,31910.0,54050.0,24970.0,25660.0,48730.0,124730.0
41-9021,Real Estate Brokers,2020,44610.0,60370.0,81630.0,25460.0,38170.0,97080.0,174120.0
41-9022,Real Estate Sales Agents,2020,168740.0,49040.0,62990.0,25100.0,33370.0,76720.0,112410.0
41-9031,Sales Engineers,2020,63780.0,108830.0,117270.0,60730.0,79670.0,148040.0,184190.0
41-9041,Telemarketers,2020,117610.0,27920.0,30930.0,19820.0,22960.0,35270.0,45820.0
41-9091,"Door-to-Door Sales Workers, News and Street Vendors, and Related Workers",2020,8360.0,29730.0,36740.0,20170.0,24180.0,41440.0,63290.0
41-9099,"Sales and Related Workers, All Other",2020,153180.0,30550.0,39750.0,21600.0,24930.0,44230.0,69350.0
43-1011,First-Line Supervisors of Office and Administrative Support Workers,2020,1427260.0,58450.0,62010.0,35360.0,44900.0,74660.0,94170.0
43-2011,"Switchboard Operators, Including Answering Service",2020,59270.0,31430.0,33980.0,22530.0,26710.0,38780.0,49570.0
43-2021,Telephone Operators,2020,4630.0,37710.0,39340.0,25000.0,29430.0,48700.0,58410.0
43-2099,"Communications Equipment Operators, All Other",2020,3070.0,46680.0,49260.0,30180.0,37470.0,60520.0,74120.0
43-3011,Bill and Account Collectors,2020,222030.0,38100.0,40630.0,26960.0,31790.0,47380.0,58940.0
43-3021,Billing and Posting Clerks,2020,445160.0,39590.0,41610.0,28300.0,33650.0,48690.0,58820.0
43-3031,"Bookkeeping, Accounting, and Auditing Clerks",2020,1443940.0,42410.0,44100.0,27050.0,33920.0,52430.0,63900.0
43-3041,Gambling Cage Workers,2020,10560.0,28650.0,29700.0,21090.0,24990.0,33330.0,39850.0
43-3051,Payroll and Timekeeping Clerks,2020,133870.0,47020.0,48290.0,30950.0,37720.0,58000.0,67600.0
43-3061,Procurement Clerks,2020,61000.0,44740.0,45400.0,30540.0,36660.0,52950.0,61880.0
43-3071,Tellers,2020,423570.0,32620.0,32960.0,24660.0,28080.0,37780.0,41220.0
43-3099,"Financial Clerks, All Other",2020,30470.0,44160.0,46310.0,30140.0,36010.0,53960.0,65850.0
43-4011,Brokerage Clerks,2020,44720.0,55270.0,58460.0,37100.0,45280.0,67420.0,83260.0
43-4021,Correspondence Clerks,2020,6150.0,38400.0,40070.0,28010.0,33350.0,45930.0,54570.0
43-4031,"Court, Municipal, and License Clerks",2020,156100.0,40930.0,43490.0,27240.0,33420.0,50750.0,62970.0
43-4041,"Credit Authorizers, Checkers, and Clerks",2020,24600.0,41730.0,43580.0,28020.0,34180.0,51060.0,62940.0
43-4051,Customer Service Representatives,2020,2833250.0,35830.0,38510.0,24120.0,28760.0,45400.0,57830.0
43-4061,"Eligibility Interviewers, Government Programs",2020,138820.0,47110.0,47990.0,31800.0,37300.0,57690.0,65390.0
43-4071,File Clerks,2020,91560.0,34090.0,36140.0,23520.0,27890.0,41820.0,52400.0
43-4081,"Hotel, Motel, and Resort Desk Clerks",2020,222550.0,25490.0,26900.0,18950.0,21690.0,30330.0,36580.0
43-4111,"Interviewers, Except Eligibility and Loan",2020,173800.0,36170.0,37640.0,24980.0,29400.0,44400.0,52550.0
43-4121,"Library Assistants, Clerical",2020,84560.0,28730.0,30740.0,19650.0,23240.0,36570.0,45930.0
43-4131,Loan Interviewers and Clerks,2020,204100.0,41370.0,42780.0,27350.0,33730.0,50950.0,61360.0
43-4141,New Accounts Clerks,2020,45250.0,37750.0,39870.0,27520.0,32170.0,45450.0,52450.0
43-4151,Order Clerks,2020,119640.0,35590.0,37660.0,24820.0,28900.0,44440.0,54450.0
43-4161,"Human Resources Assistants, Except Payroll and Timekeeping",2020,108470.0,43250.0,44170.0,30040.0,35650.0,51290.0,61430.0
43-4171,Receptionists and Information Clerks,2020,968420.0,31110.0,32410.0,22030.0,26380.0,37830.0,45150.0
43-4181,Reservation and Transportation Ticket Agents and Travel Clerks,2020,110020.0,39430.0,45710.0,26320.0,30600.0,62550.0,74960.0
43-4199,"Information and Record Clerks, All Other",2020,148870.0,42820.0,43880.0,27170.0,33550.0,52120.0,62260.0
43-5011,Cargo and Freight Agents,2020,96510.0,43770.0,47170.0,27780.0,34400.0,56060.0,69890.0
43-5021,Couriers and Messengers,2020,70700.0,30980.0,33010.0,21840.0,26110.0,38020.0,48340.0
43-5031,Public Safety Telecommunicators,2020,93290.0,43290.0,45800.0,28040.0,34630.0,54370.0,67150.0
43-5032,"Dispatchers, Except Police, Fire, and Ambulance",2020,188450.0,40980.0,44860.0,26560.0,32510.0,53400.0,67680.0
43-5041,"Meter Readers, Utilities",2020,26490.0,41940.0,46160.0,26390.0,32090.0,58440.0,73570.0
43-5051,Postal Service Clerks,2020,86950.0,50150.0,51200.0,37760.0,38980.0,62990.0,64260.0
43-5052,Postal Service Mail Carriers,2020,333570.0,51080.0,53180.0,38060.0,38620.0,65030.0,66900.0
43-5053,"Postal Service Mail Sorters, Processors, and Processing Machine Operators",2020,105400.0,53140.0,51440.0,34440.0,37770.0,62980.0,63000.0
43-5061,"Production, Planning, and Expediting Clerks",2020,362090.0,49640.0,52000.0,31520.0,38470.0,63120.0,77710.0
43-5071,"Shipping, Receiving, and Inventory Clerks",2020,727640.0,35260.0,37210.0,25360.0,29060.0,43120.0,52820.0
43-5111,"Weighers, Measurers, Checkers, and Samplers, Recordkeeping",2020,57960.0,36650.0,38080.0,26130.0,30130.0,44610.0,52100.0
43-6011,Executive Secretaries and Executive Administrative Assistants,2020,503390.0,63110.0,65230.0,39350.0,49890.0,78410.0,94830.0
43-6012,Legal Secretaries and Administrative Assistants,2020,160950.0,48980.0,52750.0,29620.0,37090.0,65610.0,82270.0
43-6013,Medical Secretaries and Administrative Assistants,2020,597100.0,37350.0,39000.0,27000.0,31370.0,45620.0,54600.0
43-6014,"Secretaries and Administrative Assistants, Except Legal, Medical, and Executive",2020,1850360.0,38850.0,40420.0,25630.0,31180.0,48860.0,59090.0
43-9021,Data Entry Keyers,2020,151520.0,34440.0,35850.0,24490.0,28580.0,40750.0,50440.0
43-9022,Word Processors and Typists,2020,42920.0,41050.0,42630.0,28650.0,34570.0,49640.0,59240.0
43-9031,Desktop Publishers,2020,7090.0,47560.0,50600.0,24530.0,35150.0,62420.0,81240.0
43-9041,Insurance Claims and Policy Processing Clerks,2020,240740.0,42050.0,45070.0,29480.0,35050.0,52150.0,64460.0
43-9051,"Mail Clerks and Mail Machine Operators, Except Postal Service",2020,79310.0,31920.0,33700.0,22290.0,26850.0,39470.0,48300.0
43-9061,"Office Clerks, General",2020,2788090.0,35330.0,37770.0,22030.0,27570.0,45480.0,57140.0
43-9071,"Office Machine Operators, Except Computer",2020,40640.0,34730.0,36580.0,24600.0,28670.0,41630.0,51960.0
43-9081,Proofreaders and Copy Markers,2020,6610.0,41140.0,44670.0,26340.0,32020.0,55380.0,65840.0
43-9111,Statistical Assistants,2020,9320.0,50360.0,52120.0,31220.0,37970.0,63350.0,77070.0
43-9199,"Office and Administrative Support Workers, All Other",2020,175600.0,35890.0,39340.0,22890.0,26990.0,48560.0,61620.0
45-1011,"First-Line Supervisors of Farming, Fishing, and Forestry Workers",2020,22640.0,50080.0,54420.0,31730.0,38340.0,66380.0,83090.0
45-2011,Agricultural Inspectors,2020,13450.0,46700.0,48620.0,29430.0,34920.0,58380.0,72310.0
45-2021,Animal Breeders,2020,920.0,40770.0,43930.0,24060.0,30500.0,54530.0,64680.0
45-2041,"Graders and Sorters, Agricultural Products",2020,28640.0,28220.0,29620.0,20340.0,25170.0,31120.0,36040.0
45-2091,Agricultural Equipment Operators,2020,29220.0,32750.0,34070.0,21860.0,27850.0,39340.0,47890.0
45-2092,"Farmworkers and Laborers, Crop, Nursery, and Greenhouse",2020,293910.0,28660.0,30140.0,25270.0,27070.0,31310.0,37990.0
45-2093,"Farmworkers, Farm, Ranch, and Aquacultural Animals",2020,36820.0,29130.0,31060.0,19420.0,23670.0,36760.0,46170.0
45-2099,"Agricultural Workers, All Other",2020,6460.0,30140.0,34330.0,19170.0,24930.0,39410.0,54300.0
45-4011,Forest and Conservation Workers,2020,6490.0,30640.0,33520.0,23400.0,27250.0,37550.0,48700.0
45-4021,Fallers,2020,4820.0,43190.0,49520.0,29580.0,34920.0,64840.0,80530.0
45-4022,Logging Equipment Operators,2020,25560.0,43210.0,43570.0,25760.0,33080.0,52780.0,63050.0
45-4023,Log Graders and Scalers,2020,3390.0,36900.0,38940.0,25910.0,30000.0,46250.0,54430.0
45-4029,"Logging Workers, All Other",2020,3850.0,41410.0,41830.0,24100.0,33270.0,50760.0,60040.0
47-1011,First-Line Supervisors of Construction Trades and Extraction Workers,2020,614080.0,67840.0,72990.0,43570.0,54270.0,87570.0,109980.0
47-2011,Boilermakers,2020,14020.0,65360.0,67430.0,39620.0,53240.0,81150.0,99920.0
47-2021,Brickmasons and Blockmasons,2020,59940.0,55080.0,58420.0,34250.0,43220.0,69440.0,89380.0
47-2022,Stonemasons,2020,11830.0,43650.0,48290.0,28310.0,34620.0,57110.0,75690.0
47-2031,Carpenters,2020,699300.0,49520.0,54200.0,31200.0,38240.0,64480.0,87410.0
47-2041,Carpet Installers,2020,23020.0,41480.0,46150.0,25900.0,31940.0,55540.0,75750.0
47-2042,"Floor Layers, Except Carpet, Wood, and Hard Tiles",2020,16720.0,45520.0,49740.0,27260.0,33900.0,61450.0,79500.0
47-2043,Floor Sanders and Finishers,2020,5100.0,38850.0,41400.0,27080.0,31230.0,48390.0,61540.0
47-2044,Tile and Stone Setters,2020,38150.0,44220.0,48490.0,27390.0,34240.0,58200.0,76620.0
47-2051,Cement Masons and Concrete Finishers,2020,195580.0,46000.0,49390.0,31050.0,36810.0,58710.0,75900.0
47-2053,Terrazzo Workers and Finishers,2020,2970.0,51430.0,56440.0,32380.0,38010.0,74520.0,92920.0
47-2061,Construction Laborers,2020,971330.0,37890.0,43000.0,26090.0,30690.0,50330.0,69880.0
47-2071,"Paving, Surfacing, and Tamping Equipment Operators",2020,44560.0,41540.0,46400.0,29030.0,34580.0,53820.0,72860.0
47-2072,Pile Driver Operators,2020,3820.0,63370.0,71880.0,37010.0,47590.0,97190.0,115290.0
47-2073,Operating Engineers and Other Construction Equipment Operators,2020,402870.0,49770.0,55280.0,32980.0,39150.0,65640.0,87220.0
47-2081,Drywall and Ceiling Tile Installers,2020,99700.0,47460.0,51930.0,29890.0,37140.0,61980.0,85070.0
47-2082,Tapers,2020,16320.0,59450.0,62140.0,36580.0,46380.0,76770.0,95800.0
47-2111,Electricians,2020,656510.0,56900.0,61550.0,33810.0,42790.0,75380.0,98720.0
47-2121,Glaziers,2020,52190.0,46080.0,50970.0,29440.0,35900.0,61300.0,83640.0
47-2131,"Insulation Workers, Floor, Ceiling, and Wall",2020,32780.0,41690.0,46860.0,26720.0,33300.0,54500.0,74540.0
47-2132,"Insulation Workers, Mechanical",2020,27700.0,50030.0,55470.0,32830.0,39640.0,64600.0,91120.0
47-2141,"Painters, Construction and Maintenance",2020,217880.0,42130.0,46460.0,28290.0,34300.0,55590.0,70470.0
47-2142,Paperhangers,2020,2820.0,43560.0,49820.0,27070.0,34390.0,55550.0,91340.0
47-2151,Pipelayers,2020,33950.0,40480.0,45060.0,28760.0,34140.0,52450.0,69090.0
47-2152,"Plumbers, Pipefitters, and Steamfitters",2020,417440.0,56330.0,61100.0,33460.0,42330.0,75370.0,98990.0
47-2161,Plasterers and Stucco Masons,2020,25210.0,47020.0,52100.0,31140.0,37380.0,62090.0,81710.0
47-2171,Reinforcing Iron and Rebar Workers,2020,18680.0,49390.0,54700.0,32940.0,40520.0,63900.0,88380.0
47-2181,Roofers,2020,128680.0,43580.0,47010.0,27220.0,33810.0,56860.0,72100.0
47-2211,Sheet Metal Workers,2020,128220.0,51370.0,55320.0,30460.0,37980.0,67380.0,87470.0
47-2221,Structural Iron and Steel Workers,2020,71490.0,54830.0,58650.0,33330.0,40990.0,73800.0,94140.0
47-2231,Solar Photovoltaic Installers,2020,11490.0,46470.0,48020.0,32590.0,37860.0,55760.0,64600.0
47-3011,"Helpers--Brickmasons, Blockmasons, Stonemasons, and Tile and Marble Setters",2020,21410.0,36990.0,40190.0,26530.0,30990.0,46450.0,61550.0
47-3012,Helpers--Carpenters,2020,30900.0,34280.0,35360.0,23850.0,28290.0,40490.0,49950.0
47-3013,Helpers--Electricians,2020,73920.0,33840.0,35440.0,24280.0,28160.0,40220.0,50050.0
47-3014,"Helpers--Painters, Paperhangers, Plasterers, and Stucco Masons",2020,9500.0,31640.0,33520.0,23200.0,27080.0,38400.0,47550.0
47-3015,"Helpers--Pipelayers, Plumbers, Pipefitters, and Steamfitters",2020,55740.0,33590.0,34990.0,24820.0,28310.0,40070.0,49360.0
47-3016,Helpers--Roofers,2020,8390.0,33260.0,35080.0,24610.0,28080.0,39840.0,49650.0
47-3019,"Helpers, Construction Trades, All Other",2020,27850.0,33360.0,35140.0,22710.0,27400.0,40530.0,50440.0
47-4011,Construction and Building Inspectors,2020,113770.0,62860.0,66470.0,37850.0,48860.0,80970.0,101170.0
47-4021,Elevator and Escalator Installers and Repairers,2020,24730.0,88540.0,86200.0,45950.0,62050.0,108080.0,128500.0
47-4031,Fence Erectors,2020,27010.0,37550.0,40120.0,26450.0,30840.0,46730.0,57470.0
47-4041,Hazardous Materials Removal Workers,2020,44010.0,45270.0,49170.0,30590.0,36210.0,58970.0,76570.0
47-4051,Highway Maintenance Workers,2020,149890.0,41660.0,43200.0,27410.0,33850.0,51300.0,61940.0
47-4061,Rail-Track Laying and Maintenance Equipment Operators,2020,17590.0,56370.0,57430.0,36110.0,44560.0,68440.0,81670.0
47-4071,Septic Tank Servicers and Sewer Pipe Cleaners,2020,29880.0,41120.0,43930.0,27530.0,33520.0,51850.0,63620.0
47-4090,Miscellaneous Construction and Related Workers,2020,32050.0,39660.0,44180.0,26700.0,32650.0,51660.0,67310.0
47-5011,"Derrick Operators, Oil and Gas",2020,9350.0,47920.0,50280.0,33860.0,39740.0,58200.0,69820.0
47-5012,"Rotary Drill Operators, Oil and Gas",2020,15650.0,53820.0,58940.0,33600.0,42790.0,71780.0,90640.0
47-5013,"Service Unit Operators, Oil and Gas",2020,43840.0,47380.0,52510.0,31400.0,37220.0,62420.0,79750.0
47-5022,"Excavating and Loading Machine and Dragline Operators, Surface Mining",2020,40240.0,45150.0,48500.0,31660.0,36630.0,56820.0,70840.0
47-5041,Continuous Mining Machine Operators,2020,14990.0,56920.0,58340.0,38870.0,46190.0,69830.0,80110.0
47-5043,"Roof Bolters, Mining",2020,2080.0,61190.0,61900.0,45250.0,54220.0,70330.0,80580.0
47-5044,"Loading and Moving Machine Operators, Underground Mining",2020,3520.0,56640.0,56100.0,36750.0,46750.0,64010.0,75630.0
47-5051,"Rock Splitters, Quarry",2020,4640.0,37130.0,38430.0,27620.0,31980.0,43730.0,51730.0
47-5071,"Roustabouts, Oil and Gas",2020,44710.0,39420.0,42160.0,28700.0,33850.0,48740.0,60650.0
47-5081,Helpers--Extraction Workers,2020,12740.0,37860.0,39150.0,26300.0,30990.0,47160.0,55730.0
47-5097,"Earth Drillers, Except Oil and Gas; and Explosives Workers, Ordnance Handling Experts, and Blasters",2020,22540.0,48510.0,51040.0,33440.0,39690.0,60190.0,73650.0
47-5098,"Underground Mining Machine Operators and Extraction Workers, All Other",2020,12540.0,52400.0,53730.0,32730.0,40560.0,65990.0,78690.0
49-1011,"First-Line Supervisors of Mechanics, Installers, and Repairers",2020,475000.0,70240.0,73100.0,42440.0,54210.0,89040.0,109440.0
49-2011,"Computer, Automated Teller, and Office Machine Repairers",2020,91930.0,41090.0,43790.0,27140.0,32730.0,52230.0,64630.0
49-2021,"Radio, Cellular, and Tower Equipment Installers and Repairers",2020,13210.0,57720.0,60790.0,32450.0,41980.0,78870.0,97780.0
49-2022,"Telecommunications Equipment Installers and Repairers, Except Line Installers",2020,190510.0,61470.0,61980.0,34690.0,46350.0,77210.0,90680.0
49-2091,Avionics Technicians,2020,21390.0,67840.0,69180.0,41660.0,55120.0,83880.0,100680.0
49-2092,"Electric Motor, Power Tool, and Related Repairers",2020,15380.0,46590.0,49250.0,28830.0,36440.0,59790.0,74910.0
49-2093,"Electrical and Electronics Installers and Repairers, Transportation Equipment",2020,10390.0,70200.0,70440.0,43410.0,55850.0,82790.0,101110.0
49-2094,"Electrical and Electronics Repairers, Commercial and Industrial Equipment",2020,55200.0,62010.0,63350.0,39160.0,50030.0,75130.0,87970.0
49-2095,"Electrical and Electronics Repairers, Powerhouse, Substation, and Relay",2020,23070.0,85340.0,83150.0,54680.0,68820.0,99390.0,110110.0
49-2096,"Electronic Equipment Installers and Repairers, Motor Vehicles",2020,10230.0,39570.0,41250.0,26860.0,32880.0,48750.0,57550.0
49-2097,Audiovisual Equipment Installers and Repairers,2020,25760.0,41460.0,44850.0,26640.0,33760.0,54450.0,66120.0
49-2098,Security and Fire Alarm Systems Installers,2020,68920.0,50940.0,52150.0,32280.0,39240.0,63050.0,76690.0
49-3011,Aircraft Mechanics and Service Technicians,2020,128300.0,66440.0,69040.0,38970.0,51760.0,85400.0,103880.0
49-3021,Automotive Body and Related Repairers,2020,137120.0,45350.0,49430.0,28090.0,35170.0,59560.0,77210.0
49-3022,Automotive Glass Installers and Repairers,2020,18490.0,37710.0,39660.0,26610.0,30640.0,47070.0,56760.0
49-3023,Automotive Service Technicians and Mechanics,2020,620110.0,44050.0,46760.0,25790.0,32570.0,58330.0,71940.0
49-3031,Bus and Truck Mechanics and Diesel Engine Specialists,2020,253010.0,50200.0,52090.0,32820.0,40180.0,62290.0,76460.0
49-3041,Farm Equipment Mechanics and Service Technicians,2020,35720.0,43880.0,45350.0,28670.0,35000.0,54050.0,64220.0
49-3042,"Mobile Heavy Equipment Mechanics, Except Engines",2020,147680.0,55350.0,57000.0,36250.0,44610.0,66290.0,81000.0
49-3043,Rail Car Repairers,2020,22310.0,57710.0,58250.0,35110.0,44160.0,73170.0,82760.0
49-3051,Motorboat Mechanics and Service Technicians,2020,20440.0,43320.0,45490.0,27110.0,33450.0,55540.0,66230.0
49-3052,Motorcycle Mechanics,2020,13490.0,38010.0,40390.0,25420.0,30090.0,49100.0,60940.0
49-3053,Outdoor Power Equipment and Other Small Engine Mechanics,2020,31500.0,37530.0,39090.0,24350.0,30070.0,47180.0,57420.0
49-3091,Bicycle Repairers,2020,11290.0,32630.0,33530.0,23740.0,27490.0,38790.0,46240.0
49-3092,Recreational Vehicle Service Technicians,2020,15150.0,40520.0,43790.0,27340.0,33090.0,51950.0,63060.0
49-3093,Tire Repairers and Changers,2020,98560.0,30060.0,31790.0,22010.0,25730.0,36340.0,43230.0
49-9011,Mechanical Door Repairers,2020,22680.0,43220.0,45350.0,28340.0,34740.0,53440.0,65060.0
49-9012,"Control and Valve Installers and Repairers, Except Mechanical Door",2020,50660.0,60580.0,62400.0,32940.0,42930.0,80750.0,98180.0
49-9021,"Heating, Air Conditioning, and Refrigeration Mechanics and Installers",2020,344020.0,50590.0,53410.0,31910.0,39320.0,64350.0,80820.0
49-9031,Home Appliance Repairers,2020,27640.0,41610.0,43810.0,25000.0,32170.0,52920.0,65640.0
49-9041,Industrial Machinery Mechanics,2020,385980.0,55490.0,57350.0,35720.0,44270.0,67370.0,82450.0
49-9043,"Maintenance Workers, Machinery",2020,65240.0,50100.0,51960.0,32170.0,39560.0,62310.0,75800.0
49-9044,Millwrights,2020,44400.0,57260.0,59080.0,36450.0,44990.0,70820.0,83690.0
49-9045,"Refractory Materials Repairers, Except Brickmasons",2020,760.0,54610.0,55080.0,36190.0,44560.0,64040.0,76550.0
49-9051,Electrical Power-Line Installers and Repairers,2020,114930.0,75030.0,74410.0,39090.0,54250.0,94580.0,108380.0
49-9052,Telecommunications Line Installers and Repairers,2020,122480.0,58870.0,61860.0,34180.0,41060.0,82030.0,97840.0
49-9061,Camera and Photographic Equipment Repairers,2020,3320.0,40330.0,42740.0,25310.0,31230.0,51730.0,63400.0
49-9062,Medical Equipment Repairers,2020,48510.0,51610.0,55090.0,31180.0,38700.0,67930.0,84720.0
49-9063,Musical Instrument Repairers and Tuners,2020,7070.0,36810.0,39770.0,23930.0,29270.0,47970.0,60890.0
49-9064,Watch and Clock Repairers,2020,2430.0,45290.0,48560.0,22780.0,32960.0,59370.0,76060.0
49-9069,"Precision Instrument and Equipment Repairers, All Other",2020,10100.0,61420.0,62500.0,38180.0,49380.0,74090.0,87100.0
49-9071,"Maintenance and Repair Workers, General",2020,1357630.0,40850.0,43790.0,26130.0,32020.0,53150.0,65590.0
49-9081,Wind Turbine Service Technicians,2020,5860.0,56230.0,59340.0,40490.0,46270.0,68920.0,83580.0
49-9091,"Coin, Vending, and Amusement Machine Servicers and Repairers",2020,25080.0,37580.0,39710.0,22770.0,29280.0,48440.0,60930.0
49-9092,Commercial Divers,2020,3460.0,54800.0,71850.0,36200.0,43570.0,77220.0,111130.0
49-9094,Locksmiths and Safe Repairers,2020,16180.0,43690.0,46240.0,27080.0,33690.0,57850.0,69170.0
49-9095,Manufactured Building and Mobile Home Installers,2020,2900.0,35120.0,36360.0,23330.0,27870.0,42890.0,52200.0
49-9096,Riggers,2020,21700.0,50850.0,53020.0,32480.0,38680.0,62960.0,78200.0
49-9097,Signal and Track Switch Repairers,2020,7250.0,76210.0,75970.0,47130.0,65270.0,84390.0,96990.0
49-9098,"Helpers--Installation, Maintenance, and Repair Workers",2020,91430.0,31760.0,33960.0,21640.0,26590.0,39370.0,50030.0
49-9099,"Installation, Maintenance, and Repair Workers, All Other",2020,151050.0,42480.0,46160.0,27060.0,33070.0,56690.0,69640.0
51-1011,First-Line Supervisors of Production and Operating Workers,2020,599900.0,62850.0,66800.0,37990.0,48500.0,80770.0,102510.0
51-2011,"Aircraft Structure, Surfaces, Rigging, and Systems Assemblers",2020,38460.0,53160.0,55510.0,33200.0,40100.0,70890.0,83530.0
51-2021,"Coil Winders, Tapers, and Finishers",2020,12580.0,37970.0,40280.0,26930.0,31070.0,47300.0,58150.0
51-2028,"Electrical, Electronic, and Electromechanical Assemblers, Except Coil Winders, Tapers, and Finishers",2020,283800.0,36390.0,38750.0,25700.0,29660.0,45700.0,56670.0
51-2031,Engine and Other Machine Assemblers,2020,41510.0,45770.0,47190.0,30930.0,36200.0,58540.0,65740.0
51-2041,Structural Metal Fabricators and Fitters,2020,69550.0,41780.0,44750.0,28750.0,34480.0,52080.0,63950.0
51-2051,Fiberglass Laminators and Fabricators,2020,18800.0,36950.0,38280.0,26090.0,30530.0,44890.0,52010.0
51-2061,Timing Device Assemblers and Adjusters,2020,1000.0,36170.0,39430.0,27140.0,29800.0,47300.0,58930.0
51-2090,Miscellaneous Assemblers and Fabricators,2020,1258780.0,33550.0,35980.0,23470.0,27740.0,41190.0,52410.0
51-3011,Bakers,2020,168890.0,29400.0,31060.0,21070.0,24810.0,36000.0,43310.0
51-3021,Butchers and Meat Cutters,2020,142220.0,32900.0,34630.0,22210.0,26950.0,40930.0,50440.0
51-3022,"Meat, Poultry, and Fish Cutters and Trimmers",2020,147760.0,30190.0,30800.0,22100.0,26070.0,35760.0,40050.0
51-3023,Slaughterers and Meat Packers,2020,77980.0,30710.0,31210.0,23170.0,27050.0,35980.0,40000.0
51-3091,"Food and Tobacco Roasting, Baking, and Drying Machine Operators and Tenders",2020,19010.0,32480.0,35370.0,22530.0,27060.0,41410.0,52940.0
51-3092,Food Batchmakers,2020,153270.0,32710.0,34970.0,22890.0,27170.0,41370.0,50580.0
51-3093,Food Cooking Machine Operators and Tenders,2020,26530.0,33010.0,34180.0,23070.0,27080.0,39670.0,48330.0
51-3099,"Food Processing Workers, All Other",2020,41840.0,29620.0,30680.0,22480.0,25600.0,34890.0,40060.0
51-4021,"Extruding and Drawing Machine Setters, Operators, and Tenders, Metal and Plastic",2020,69300.0,37530.0,38990.0,26660.0,30850.0,46330.0,54750.0
51-4022,"Forging Machine Setters, Operators, and Tenders, Metal and Plastic",2020,13730.0,41430.0,43480.0,28180.0,33790.0,52420.0,62550.0
51-4023,"Rolling Machine Setters, Operators, and Tenders, Metal and Plastic",2020,34500.0,43600.0,45110.0,29100.0,35050.0,52910.0,63570.0
51-4031,"Cutting, Punching, and Press Machine Setters, Operators, and Tenders, Metal and Plastic",2020,179300.0,36980.0,38650.0,26400.0,30440.0,45630.0,54630.0
51-4032,"Drilling and Boring Machine Tool Setters, Operators, and Tenders, Metal and Plastic",2020,9090.0,39780.0,42800.0,27300.0,32310.0,51050.0,63320.0
51-4033,"Grinding, Lapping, Polishing, and Buffing Machine Tool Setters, Operators, and Tenders, Metal and Plastic",2020,69570.0,36880.0,38800.0,26580.0,30310.0,45820.0,54790.0
51-4034,"Lathe and Turning Machine Tool Setters, Operators, and Tenders, Metal and Plastic",2020,23710.0,41380.0,43100.0,28020.0,33690.0,50840.0,61710.0
51-4035,"Milling and Planing Machine Setters, Operators, and Tenders, Metal and Plastic",2020,15760.0,43150.0,44920.0,28270.0,34340.0,52520.0,64150.0
51-4041,Machinists,2020,360340.0,45840.0,47800.0,29240.0,35900.0,57930.0,69050.0
51-4051,Metal-Refining Furnace Operators and Tenders,2020,15290.0,44610.0,46000.0,29750.0,35790.0,55770.0,64570.0
51-4052,"Pourers and Casters, Metal",2020,7200.0,40170.0,42440.0,28480.0,33500.0,50250.0,61160.0
51-4061,"Model Makers, Metal and Plastic",2020,3400.0,54780.0,58180.0,32950.0,42180.0,74210.0,85770.0
51-4062,"Patternmakers, Metal and Plastic",2020,2400.0,48160.0,49570.0,30160.0,37220.0,60940.0,73640.0
51-4071,Foundry Mold and Coremakers,2020,16090.0,37140.0,38370.0,25080.0,30190.0,45940.0,54330.0
51-4072,"Molding, Coremaking, and Casting Machine Setters, Operators, and Tenders, Metal and Plastic",2020,155020.0,33100.0,35960.0,23500.0,27620.0,41680.0,52570.0
51-4081,"Multiple Machine Tool Setters, Operators, and Tenders, Metal and Plastic",2020,134660.0,37510.0,39800.0,26000.0,30410.0,47650.0,59050.0
51-4111,Tool and Die Makers,2020,61190.0,54760.0,55520.0,34840.0,43500.0,66220.0,79090.0
51-4121,"Welders, Cutters, Solderers, and Brazers",2020,397550.0,44190.0,46690.0,30640.0,36140.0,53820.0,66250.0
51-4122,"Welding, Soldering, and Brazing Machine Setters, Operators, and Tenders",2020,33150.0,39410.0,41320.0,27990.0,32630.0,48750.0,58660.0
51-4191,"Heat Treating Equipment Setters, Operators, and Tenders, Metal and Plastic",2020,16550.0,39530.0,41680.0,27310.0,32460.0,48760.0,59700.0
51-4192,"Layout Workers, Metal and Plastic",2020,7570.0,52300.0,50980.0,30580.0,40570.0,61260.0,67830.0
51-4193,"Plating Machine Setters, Operators, and Tenders, Metal and Plastic",2020,38470.0,34850.0,36950.0,25530.0,29040.0,42240.0,52140.0
51-4194,"Tool Grinders, Filers, and Sharpeners",2020,6080.0,41060.0,43670.0,26880.0,33430.0,52530.0,63600.0
51-4199,"Metal Workers and Plastic Workers, All Other",2020,21140.0,35520.0,39490.0,25430.0,29120.0,46680.0,61700.0
51-5111,Prepress Technicians and Workers,2020,28010.0,41410.0,43370.0,26760.0,32570.0,51910.0,63890.0
51-5112,Printing Press Operators,2020,160270.0,37880.0,40200.0,25120.0,29940.0,48480.0,60040.0
51-5113,Print Binding and Finishing Workers,2020,42450.0,34260.0,36430.0,23980.0,28110.0,43280.0,52150.0
51-6011,Laundry and Dry-Cleaning Workers,2020,179890.0,25470.0,26600.0,19130.0,21890.0,30030.0,35310.0
51-6021,"Pressers, Textile, Garment, and Related Materials",2020,31980.0,25580.0,26050.0,19060.0,21910.0,29580.0,32410.0
51-6031,Sewing Machine Operators,2020,116520.0,28230.0,29420.0,20270.0,24190.0,33080.0,39790.0
51-6041,Shoe and Leather Workers and Repairers,2020,7380.0,30550.0,31480.0,21050.0,25570.0,37160.0,41510.0
51-6042,Shoe Machine Operators and Tenders,2020,4080.0,30630.0,31430.0,20810.0,26340.0,37020.0,41880.0
51-6051,"Sewers, Hand",2020,3410.0,30000.0,30790.0,21040.0,24690.0,36420.0,40710.0
51-6052,"Tailors, Dressmakers, and Custom Sewers",2020,20860.0,32640.0,36040.0,20940.0,25570.0,44920.0,58050.0
51-6061,Textile Bleaching and Dyeing Machine Operators and Tenders,2020,7260.0,30260.0,31600.0,23100.0,27050.0,36280.0,41880.0
51-6062,"Textile Cutting Machine Setters, Operators, and Tenders",2020,12650.0,29910.0,30890.0,21300.0,25380.0,36070.0,41520.0
51-6063,"Textile Knitting and Weaving Machine Setters, Operators, and Tenders",2020,18830.0,31090.0,32370.0,22480.0,26310.0,37450.0,43860.0
51-6064,"Textile Winding, Twisting, and Drawing Out Machine Setters, Operators, and Tenders",2020,25480.0,30890.0,32130.0,23680.0,27220.0,36570.0,41530.0
51-6091,"Extruding and Forming Machine Setters, Operators, and Tenders, Synthetic and Glass Fibers",2020,15840.0,37160.0,39170.0,26770.0,30910.0,46230.0,57420.0
51-6092,Fabric and Apparel Patternmakers,2020,4670.0,49680.0,57880.0,27210.0,34230.0,76970.0,102660.0
51-6093,Upholsterers,2020,26180.0,36250.0,37870.0,23590.0,28920.0,44970.0,54630.0
51-6099,"Textile, Apparel, and Furnishings Workers, All Other",2020,16510.0,28650.0,31070.0,20570.0,23970.0,34700.0,46070.0
51-7011,Cabinetmakers and Bench Carpenters,2020,93300.0,36710.0,38900.0,25310.0,29530.0,46500.0,57460.0
51-7021,Furniture Finishers,2020,15590.0,32970.0,35040.0,24310.0,27950.0,39910.0,50000.0
51-7031,"Model Makers, Wood",2020,800.0,64050.0,62600.0,38380.0,52160.0,75650.0,82710.0
51-7032,"Patternmakers, Wood",2020,190.0,65120.0,60750.0,32380.0,45210.0,75690.0,83050.0
51-7041,"Sawing Machine Setters, Operators, and Tenders, Wood",2020,48400.0,31560.0,33290.0,21680.0,26450.0,39010.0,48080.0
51-7042,"Woodworking Machine Setters, Operators, and Tenders, Except Sawing",2020,75160.0,32160.0,33540.0,22490.0,26840.0,39130.0,47780.0
51-7099,"Woodworkers, All Other",2020,7300.0,33630.0,35710.0,22480.0,26450.0,42720.0,53810.0
51-8011,Nuclear Power Reactor Operators,2020,5310.0,104040.0,104470.0,76360.0,90600.0,121120.0,133170.0
51-8012,Power Distributors and Dispatchers,2020,9940.0,95100.0,93260.0,58450.0,75850.0,109260.0,129010.0
51-8013,Power Plant Operators,2020,32960.0,84650.0,81890.0,48090.0,65300.0,99890.0,111470.0
51-8021,Stationary Engineers and Boiler Operators,2020,29550.0,64680.0,68170.0,40680.0,52650.0,81390.0,103580.0
51-8031,Water and Wastewater Treatment Plant and System Operators,2020,119380.0,49090.0,51890.0,29730.0,37830.0,62890.0,79620.0
51-8091,Chemical Plant and System Operators,2020,29710.0,65960.0,65460.0,38160.0,48430.0,81360.0,95860.0
51-8092,Gas Plant Operators,2020,14990.0,72970.0,73290.0,44490.0,56870.0,87610.0,105770.0
51-8093,"Petroleum Pump System Operators, Refinery Operators, and Gaugers",2020,40480.0,78840.0,77610.0,49420.0,62090.0,94830.0,104470.0
51-8099,"Plant and System Operators, All Other",2020,14680.0,58960.0,59600.0,35220.0,45320.0,71270.0,83810.0
51-9011,Chemical Equipment Operators and Tenders,2020,93060.0,50510.0,53330.0,30200.0,38200.0,66650.0,81730.0
51-9012,"Separating, Filtering, Clarifying, Precipitating, and Still Machine Setters, Operators, and Tenders",2020,47930.0,43100.0,46850.0,27910.0,34230.0,55900.0,72220.0
51-9021,"Crushing, Grinding, and Polishing Machine Setters, Operators, and Tenders",2020,32460.0,39370.0,41290.0,26610.0,31520.0,49470.0,60280.0
51-9022,"Grinding and Polishing Workers, Hand",2020,24050.0,31750.0,34380.0,23360.0,27170.0,39310.0,49770.0
51-9023,"Mixing and Blending Machine Setters, Operators, and Tenders",2020,116190.0,38690.0,40960.0,26720.0,31550.0,48820.0,60000.0
51-9031,"Cutters and Trimmers, Hand",2020,7980.0,31630.0,34190.0,22880.0,26770.0,39150.0,50800.0
51-9032,"Cutting and Slicing Machine Setters, Operators, and Tenders",2020,52760.0,36980.0,38220.0,26230.0,30290.0,45470.0,52650.0
51-9041,"Extruding, Forming, Pressing, and Compacting Machine Setters, Operators, and Tenders",2020,63730.0,36560.0,38440.0,25830.0,29780.0,46010.0,55300.0
51-9051,"Furnace, Kiln, Oven, Drier, and Kettle Operators and Tenders",2020,16880.0,40670.0,41910.0,27010.0,32670.0,50390.0,60310.0
51-9061,"Inspectors, Testers, Sorters, Samplers, and Weighers",2020,549200.0,40460.0,44580.0,26240.0,31840.0,53500.0,68220.0
51-9071,Jewelers and Precious Stone and Metal Workers,2020,18650.0,41900.0,48050.0,26050.0,32650.0,56730.0,77330.0
51-9081,Dental Laboratory Technicians,2020,30800.0,42110.0,45230.0,27060.0,32480.0,54380.0,67010.0
51-9082,Medical Appliance Technicians,2020,13710.0,41750.0,45630.0,27100.0,33350.0,54240.0,69850.0
51-9083,Ophthalmic Laboratory Technicians,2020,26140.0,34440.0,36640.0,24120.0,28290.0,41810.0,51630.0
51-9111,Packaging and Filling Machine Operators and Tenders,2020,370910.0,32640.0,35220.0,23670.0,27490.0,40640.0,51080.0
51-9123,"Painting, Coating, and Decorating Workers",2020,11860.0,34780.0,37540.0,23760.0,28030.0,44090.0,55380.0
51-9124,"Coating, Painting, and Spraying Machine Setters, Operators, and Tenders",2020,137510.0,39060.0,42140.0,26890.0,31820.0,49330.0,62010.0
51-9141,Semiconductor Processing Technicians,2020,31080.0,40500.0,45210.0,28320.0,33280.0,54320.0,70320.0
51-9151,Photographic Process Workers and Processing Machine Operators,2020,8880.0,34720.0,39390.0,23850.0,28140.0,47870.0,61950.0
51-9161,Computer Numerically Controlled Tool Operators,2020,149120.0,42260.0,44300.0,28750.0,34500.0,52090.0,63460.0
51-9162,Computer Numerically Controlled Tool Programmers,2020,25530.0,57740.0,61010.0,37730.0,46110.0,72100.0,88860.0
51-9191,Adhesive Bonding Machine Operators and Tenders,2020,12400.0,36280.0,37640.0,25250.0,29410.0,45030.0,51960.0
51-9192,"Cleaning, Washing, and Metal Pickling Equipment Operators and Tenders",2020,14060.0,32230.0,34600.0,24060.0,27720.0,39750.0,49740.0
51-9193,Cooling and Freezing Equipment Operators and Tenders,2020,8020.0,37650.0,39610.0,26190.0,29920.0,48230.0,58290.0
51-9194,Etchers and Engravers,2020,9490.0,31790.0,35230.0,21620.0,25630.0,42090.0,55140.0
51-9195,"Molders, Shapers, and Casters, Except Metal and Plastic",2020,41660.0,35440.0,37370.0,25490.0,29190.0,43710.0,53290.0
51-9196,"Paper Goods Machine Setters, Operators, and Tenders",2020,99890.0,39820.0,41480.0,26150.0,31320.0,50000.0,61510.0
51-9197,Tire Builders,2020,18820.0,46270.0,45980.0,29860.0,36100.0,57070.0,63030.0
51-9198,Helpers--Production Workers,2020,239340.0,30500.0,32000.0,21700.0,25930.0,37360.0,45180.0
51-9199,"Production Workers, All Other",2020,194360.0,31420.0,35620.0,21380.0,25810.0,41100.0,54660.0
53-1041,Aircraft Cargo Handling Supervisors,2020,10020.0,53610.0,59620.0,35920.0,42430.0,76600.0,86530.0
53-1047,"First-Line Supervisors of Transportation and Material Moving Workers, Except Aircraft Cargo Handling Supervisors",2020,477430.0,54870.0,58300.0,34210.0,41370.0,70630.0,87480.0
53-2011,"Airline Pilots, Copilots, and Flight Engineers",2020,83550.0,160970.0,186870.0,80920.0,106530.0,,
53-2012,Commercial Pilots,2020,37120.0,93300.0,110830.0,47570.0,67070.0,132850.0,200920.0
53-2021,Air Traffic Controllers,2020,22190.0,130420.0,127440.0,72760.0,90950.0,161820.0,184780.0
53-2022,Airfield Operations Specialists,2020,10590.0,51330.0,58360.0,28660.0,35530.0,74430.0,98770.0
53-2031,Flight Attendants,2020,116260.0,59050.0,59150.0,30930.0,43080.0,71550.0,84790.0
53-3011,"Ambulance Drivers and Attendants, Except Emergency Medical Technicians",2020,14120.0,27930.0,30700.0,20660.0,23620.0,32880.0,41440.0
53-3031,Driver/Sales Workers,2020,420890.0,27960.0,31870.0,18600.0,20830.0,39730.0,50910.0
53-3032,Heavy and Tractor-Trailer Truck Drivers,2020,1797710.0,47130.0,48710.0,30660.0,37850.0,58010.0,69480.0
53-3033,Light Truck Drivers,2020,929470.0,37050.0,41050.0,22470.0,27580.0,50850.0,70080.0
53-3052,"Bus Drivers, Transit and Intercity",2020,162850.0,45900.0,48110.0,28330.0,35160.0,60630.0,72750.0
53-3058,"Passenger Vehicle Drivers, Except Bus Drivers, Transit and Intercity",2020,599980.0,32320.0,34360.0,19830.0,25440.0,41060.0,50970.0
53-3099,"Motor Vehicle Operators, All Other",2020,51390.0,37170.0,40200.0,21380.0,26350.0,52000.0,63230.0
53-4011,Locomotive Engineers,2020,37110.0,71870.0,70660.0,43580.0,55960.0,84720.0,97430.0
53-4013,"Rail Yard Engineers, Dinkey Operators, and Hostlers",2020,4580.0,51720.0,55200.0,35980.0,42340.0,64970.0,81010.0
53-4022,"Railroad Brake, Signal, and Switch Operators and Locomotive Firers",2020,14630.0,57870.0,55890.0,35430.0,45160.0,65450.0,73620.0
53-4031,Railroad Conductors and Yardmasters,2020,44920.0,64030.0,65440.0,43430.0,54910.0,76310.0,90520.0
53-4041,Subway and Streetcar Operators,2020,11250.0,69440.0,65480.0,40880.0,52930.0,79830.0,86200.0
53-4099,"Rail Transportation Workers, All Other",2020,1540.0,47970.0,54670.0,32670.0,37420.0,68340.0,85450.0
53-5011,Sailors and Marine Oilers,2020,25570.0,44920.0,55680.0,25710.0,33100.0,60300.0,78190.0
53-5021,"Captains, Mates, and Pilots of Water Vessels",2020,27590.0,77130.0,89740.0,36810.0,51770.0,108310.0,153070.0
53-5022,Motorboat Operators,2020,2380.0,55910.0,53500.0,27820.0,37700.0,66020.0,77630.0
53-5031,Ship Engineers,2020,7480.0,75990.0,81110.0,43440.0,55700.0,99830.0,131570.0
53-6011,Bridge and Lock Tenders,2020,3080.0,52340.0,49610.0,28570.0,39020.0,60490.0,64810.0
53-6021,Parking Attendants,2020,123790.0,27080.0,27910.0,19710.0,22970.0,31410.0,37390.0
53-6031,Automotive and Watercraft Service Attendants,2020,112750.0,26540.0,28150.0,21100.0,23280.0,31330.0,38230.0
53-6041,Traffic Technicians,2020,7430.0,47800.0,53140.0,32150.0,37550.0,65010.0,83150.0
53-6051,Transportation Inspectors,2020,27360.0,78400.0,81320.0,35560.0,54580.0,107200.0,132710.0
53-6061,Passenger Attendants,2020,22990.0,28770.0,30410.0,19840.0,24540.0,35930.0,40830.0
53-6098,"Aircraft Service Attendants and Transportation Workers, All Other",2020,33430.0,37790.0,43920.0,23930.0,28940.0,57930.0,76910.0
53-7011,Conveyor Operators and Tenders,2020,23160.0,35770.0,37540.0,25810.0,29640.0,43230.0,52040.0
53-7021,Crane and Tower Operators,2020,44060.0,59710.0,64010.0,34170.0,44270.0,76190.0,95820.0
53-7031,Dredge Operators,2020,1750.0,49210.0,53790.0,33420.0,39310.0,67900.0,81160.0
53-7041,Hoist and Winch Operators,2020,4460.0,62610.0,62730.0,31310.0,42140.0,81860.0,98560.0
53-7051,Industrial Truck and Tractor Operators,2020,640950.0,37560.0,39210.0,27390.0,31570.0,45570.0,53720.0
53-7061,Cleaners of Vehicles and Equipment,2020,341660.0,27640.0,29400.0,19810.0,23380.0,32660.0,40610.0
53-7062,"Laborers and Freight, Stock, and Material Movers, Hand",2020,2805200.0,31120.0,33710.0,22790.0,26550.0,38620.0,48650.0
53-7063,Machine Feeders and Offbearers,2020,64240.0,33000.0,34470.0,24020.0,27860.0,39930.0,48570.0
53-7064,"Packers and Packagers, Hand",2020,599270.0,28050.0,29270.0,20630.0,24180.0,32920.0,39580.0
53-7065,Stockers and Order Fillers,2020,2210960.0,29190.0,31010.0,21410.0,24870.0,35490.0,42930.0
53-7071,Gas Compressor and Gas Pumping Station Operators,2020,3800.0,67840.0,63770.0,36220.0,50400.0,78620.0,85230.0
53-7072,"Pump Operators, Except Wellhead Pumpers",2020,10580.0,48090.0,51830.0,30200.0,37140.0,63510.0,81290.0
53-7073,Wellhead Pumpers,2020,12050.0,60720.0,60500.0,34940.0,46590.0,74190.0,85110.0
53-7081,Refuse and Recyclable Material Collectors,2020,120850.0,39100.0,42620.0,23880.0,30180.0,51530.0,67530.0
53-7121,"Tank Car, Truck, and Ship Loaders",2020,12610.0,45610.0,50670.0,31110.0,36280.0,64940.0,79220.0
53-7199,"Material Moving Workers, All Other",2020,26300.0,32850.0,37770.0,25050.0,27760.0,44480.0,59550.0
11-1011,Chief Executives,2021,200480.0,179520.0,213020.0,60300.0,111080.0,,
11-1021,General and Operations Managers,2021,2984920.0,97970.0,115250.0,43260.0,60690.0,151750.0,
11-1031,Legislators,2021,44590.0,37270.0,57110.0,17850.0,22880.0,78510.0,100580.0
11-2011,Advertising and Promotions Managers,2021,22520.0,127150.0,142860.0,61250.0,94020.0,172210.0,
11-2021,Marketing Managers,2021,278690.0,135030.0,153440.0,77680.0,100010.0,192520.0,
11-2022,Sales Managers,2021,453800.0,127490.0,142390.0,61090.0,84450.0,173010.0,
11-2032,Public Relations Managers,2021,59850.0,125780.0,138000.0,66000.0,94660.0,164830.0,
11-2033,Fundraising Managers,2021,23190.0,100810.0,119400.0,60400.0,77170.0,150920.0,204430.0
11-3012,Administrative Services Managers,2021,224620.0,100170.0,113030.0,59470.0,77070.0,131130.0,168910.0
11-3013,Facilities Managers,2021,101230.0,97930.0,101970.0,59010.0,74700.0,125940.0,161140.0
11-3021,Computer and Information Systems Managers,2021,485190.0,159010.0,162930.0,95220.0,122820.0,198750.0,
11-3031,Financial Managers,2021,681070.0,131710.0,153460.0,77040.0,99620.0,191860.0,
11-3051,Industrial Production Managers,2021,192270.0,103150.0,117780.0,64150.0,80190.0,134130.0,170470.0
11-3061,Purchasing Managers,2021,69310.0,127150.0,134590.0,77310.0,98720.0,162630.0,206540.0
11-3071,"Transportation, Storage, and Distribution Managers",2021,144640.0,98230.0,105580.0,58570.0,75290.0,126600.0,162770.0
11-3111,Compensation and Benefits Managers,2021,15330.0,127530.0,139470.0,77040.0,98720.0,163870.0,
11-3121,Human Resources Managers,2021,166530.0,126230.0,136590.0,75000.0,95310.0,163360.0,
11-3131,Training and Development Managers,2021,35830.0,120130.0,128800.0,64370.0,90980.0,161520.0,207420.0
11-9013,"Farmers, Ranchers, and Other Agricultural Managers",2021,5220.0,73060.0,78440.0,38200.0,49940.0,96520.0,126330.0
11-9021,Construction Managers,2021,284750.0,98890.0,108210.0,60050.0,76960.0,127110.0,163800.0
11-9031,"Education and Childcare Administrators, Preschool and Daycare",2021,56430.0,47310.0,53800.0,31200.0,37200.0,60010.0,78350.0
11-9032,"Education Administrators, Kindergarten through Secondary",2021,274710.0,98420.0,102650.0,61480.0,77450.0,125520.0,153520.0
11-9033,"Education Administrators, Postsecondary",2021,155990.0,96910.0,111260.0,59150.0,74730.0,128020.0,190770.0
11-9039,"Education Administrators, All Other",2021,49970.0,90560.0,94730.0,47630.0,62190.0,119400.0,150540.0
11-9041,Architectural and Engineering Managers,2021,187100.0,152350.0,158970.0,99350.0,125470.0,190420.0,
11-9051,Food Service Managers,2021,210680.0,59440.0,63970.0,36630.0,46590.0,76130.0,98070.0
11-9071,Gambling Managers,2021,3660.0,76910.0,89190.0,47580.0,60150.0,100170.0,145770.0
11-9072,"Entertainment and Recreation Managers, Except Gambling",2021,17800.0,62000.0,73810.0,37020.0,47850.0,90870.0,124120.0
11-9081,Lodging Managers,2021,35920.0,59430.0,67770.0,35530.0,46400.0,77510.0,103780.0
11-9111,Medical and Health Services Managers,2021,436770.0,101340.0,119840.0,60780.0,77750.0,135750.0,205620.0
11-9121,Natural Sciences Managers,2021,74760.0,137900.0,156110.0,75040.0,101400.0,202910.0,
11-9131,Postmasters and Mail Superintendents,2021,12750.0,80250.0,81820.0,68970.0,74030.0,89610.0,98610.0
11-9141,"Property, Real Estate, and Community Association Managers",2021,234680.0,59230.0,70030.0,30740.0,42420.0,79420.0,124680.0
11-9151,Social and Community Service Managers,2021,156400.0,74000.0,76790.0,46550.0,58490.0,93950.0,118650.0
11-9161,Emergency Management Directors,2021,10320.0,76730.0,84800.0,46670.0,59350.0,100450.0,133580.0
11-9171,Funeral Home Managers,2021,12710.0,74000.0,82900.0,42260.0,50200.0,97980.0,135660.0
11-9179,"Personal Service Managers, All Other",2021,7350.0,60360.0,59580.0,31350.0,46700.0,60890.0,84170.0
11-9199,"Managers, All Other",2021,497890.0,124650.0,129710.0,60390.0,80890.0,162380.0,
13-1011,"Agents and Business Managers of Artists, Performers, and Athletes",2021,12480.0,78410.0,116410.0,47370.0,61160.0,162930.0,
13-1020,Buyers and Purchasing Agents,2021,439020.0,63470.0,72540.0,38430.0,49150.0,87820.0,111200.0
13-1031,"Claims Adjusters, Examiners, and Investigators",2021,278140.0,65080.0,70960.0,41490.0,49620.0,81890.0,101290.0
13-1032,"Insurance Appraisers, Auto Damage",2021,11430.0,62680.0,68180.0,47240.0,58850.0,79110.0,91680.0
13-1041,Compliance Officers,2021,334340.0,71650.0,75810.0,38950.0,50020.0,96660.0,117500.0
13-1051,Cost Estimators,2021,208950.0,65170.0,73740.0,38880.0,49600.0,89210.0,115690.0
13-1071,Human Resources Specialists,2021,740830.0,62290.0,70720.0,37680.0,48080.0,81090.0,108160.0
13-1074,Farm Labor Contractors,2021,440.0,47770.0,54400.0,31990.0,38140.0,61700.0,81100.0
13-1075,Labor Relations Specialists,2021,63810.0,77010.0,77070.0,22880.0,49310.0,100180.0,126330.0
13-1081,Logisticians,2021,189320.0,77030.0,79230.0,45160.0,59740.0,98680.0,122390.0
13-1082,Project Management Specialists,2021,743860.0,94500.0,98420.0,49750.0,64250.0,125430.0,159140.0
13-1111,Management Analysts,2021,768450.0,93000.0,100530.0,50190.0,64150.0,124430.0,163760.0
13-1121,"Meeting, Convention, and Event Planners",2021,98150.0,49470.0,57850.0,30170.0,38430.0,67480.0,96230.0
13-1131,Fundraisers,2021,82080.0,60660.0,64870.0,37020.0,47250.0,78470.0,100620.0
13-1141,"Compensation, Benefits, and Job Analysis Specialists",2021,87750.0,64120.0,73810.0,42760.0,49800.0,83720.0,106160.0
13-1151,Training and Development Specialists,2021,336030.0,61570.0,67620.0,31340.0,47040.0,80510.0,103240.0
13-1161,Market Research Analysts and Marketing Specialists,2021,727540.0,63920.0,76080.0,37570.0,48400.0,97600.0,128320.0
13-1199,"Business Operations Specialists, All Other",2021,1030330.0,74670.0,79240.0,38050.0,49630.0,98490.0,128030.0
13-2011,Accountants and Auditors,2021,1318550.0,77250.0,83980.0,47970.0,60760.0,99800.0,128970.0
13-2020,Property Appraisers and Assessors,2021,58340.0,61340.0,70050.0,35520.0,47040.0,81050.0,120790.0
13-2031,Budget Analysts,2021,47440.0,79940.0,84240.0,49330.0,62750.0,101730.0,124440.0
13-2041,Credit Analysts,2021,68770.0,77440.0,88030.0,47630.0,60490.0,101250.0,153560.0
13-2051,Financial and Investment Analysts,2021,291880.0,91580.0,103020.0,57900.0,66030.0,124610.0,166560.0
13-2052,Personal Financial Advisors,2021,263030.0,94170.0,119960.0,47570.0,61200.0,158890.0,
13-2053,Insurance Underwriters,2021,107690.0,76390.0,79940.0,47330.0,58840.0,98270.0,126380.0
13-2054,Financial Risk Specialists,2021,54320.0,100000.0,110610.0,59370.0,77310.0,131910.0,171000.0
13-2061,Financial Examiners,2021,60750.0,81410.0,96180.0,48830.0,62320.0,122030.0,160850.0
13-2071,Credit Counselors,2021,31230.0,47580.0,50430.0,35240.0,37900.0,59390.0,75230.0
13-2072,Loan Officers,2021,340170.0,63380.0,80570.0,32520.0,47490.0,98130.0,138310.0
13-2081,"Tax Examiners and Collectors, and Revenue Agents",2021,52270.0,56780.0,63200.0,35260.0,43590.0,80580.0,102840.0
13-2082,Tax Preparers,2021,83190.0,46290.0,51080.0,23930.0,30340.0,62100.0,85470.0
13-2099,"Financial Specialists, All Other",2021,123200.0,73240.0,80370.0,38220.0,50120.0,98680.0,129010.0
15-1211,Computer Systems Analysts,2021,505150.0,99270.0,102210.0,60680.0,77620.0,126780.0,158010.0
15-1212,Information Security Analysts,2021,157220.0,102600.0,113270.0,61520.0,79400.0,131340.0,165920.0
15-1221,Computer and Information Research Scientists,2021,30840.0,131490.0,142650.0,74210.0,99140.0,164280.0,
15-1231,Computer Network Support Specialists,2021,176200.0,62760.0,71350.0,38560.0,48900.0,80220.0,102410.0
15-1232,Computer User Support Specialists,2021,654310.0,49770.0,57650.0,34220.0,39380.0,68130.0,91060.0
15-1241,Computer Network Architects,2021,168830.0,120520.0,120650.0,63240.0,83870.0,151960.0,168890.0
15-1242,Database Administrators,2021,85870.0,96710.0,96550.0,48880.0,63160.0,124550.0,151400.0
15-1243,Database Architects,2021,50440.0,123430.0,121840.0,63260.0,81110.0,156140.0,169500.0
15-1244,Network and Computer Systems Administrators,2021,316760.0,80600.0,91250.0,49560.0,62970.0,102720.0,130830.0
15-1251,Computer Programmers,2021,152610.0,93000.0,96650.0,47560.0,62840.0,122600.0,155240.0
15-1252,Software Developers,2021,1364180.0,120730.0,120990.0,64470.0,90870.0,151960.0,168570.0
15-1253,Software Quality Assurance Analysts and Testers,2021,190120.0,98220.0,97710.0,48960.0,71910.0,124550.0,153250.0
15-1254,Web Developers,2021,84820.0,77030.0,81320.0,38280.0,51100.0,100670.0,129760.0
15-1255,Web and Digital Interface Designers,2021,82380.0,79890.0,95460.0,38550.0,57220.0,126110.0,168200.0
15-1299,"Computer Occupations, All Other",2021,370190.0,95270.0,98180.0,45630.0,61920.0,127360.0,162410.0
15-2011,Actuaries,2021,23040.0,105900.0,125300.0,63260.0,80320.0,153310.0,206820.0
15-2021,Mathematicians,2021,1770.0,108100.0,112430.0,61760.0,78850.0,134780.0,169500.0
15-2031,Operations Research Analysts,2021,98700.0,82360.0,95830.0,48690.0,61940.0,119240.0,160850.0
15-2041,Statisticians,2021,31370.0,95570.0,99450.0,49350.0,70120.0,125800.0,157300.0
15-2051,Data Scientists,2021,105980.0,100910.0,108660.0,59430.0,77620.0,130770.0,167040.0
15-2099,"Mathematical Science Occupations, All Other",2021,3970.0,62460.0,77960.0,35460.0,47330.0,97080.0,144120.0
17-1011,"Architects, Except Landscape and Naval",2021,100400.0,80180.0,91900.0,48930.0,62500.0,102160.0,129980.0
17-1012,Landscape Architects,2021,17430.0,67950.0,74980.0,43260.0,51420.0,94310.0,115380.0
17-1021,Cartographers and Photogrammetrists,2021,12610.0,68900.0,73510.0,47230.0,58000.0,86000.0,103450.0
17-1022,Surveyors,2021,46390.0,61600.0,68880.0,37360.0,47690.0,79600.0,101240.0
17-2011,Aerospace Engineers,2021,56640.0,122270.0,122970.0,77440.0,96130.0,152950.0,168370.0
17-2021,Agricultural Engineers,2021,1120.0,82640.0,87350.0,55810.0,61740.0,99880.0,127030.0
17-2031,Bioengineers and Biomedical Engineers,2021,17190.0,97410.0,101020.0,60680.0,75780.0,123400.0,154750.0
17-2041,Chemical Engineers,2021,24180.0,105550.0,121840.0,62730.0,80140.0,139310.0,187430.0
17-2051,Civil Engineers,2021,304310.0,88050.0,95490.0,60550.0,74250.0,117270.0,133320.0
17-2061,Computer Hardware Engineers,2021,73750.0,128170.0,136230.0,77100.0,99880.0,164930.0,
17-2071,Electrical Engineers,2021,186020.0,100420.0,107890.0,62360.0,78500.0,128560.0,162930.0
17-2072,"Electronics Engineers, Except Computer",2021,107170.0,104820.0,115490.0,73630.0,81500.0,133320.0,166890.0
17-2081,Environmental Engineers,2021,42660.0,96820.0,100220.0,59820.0,74850.0,126190.0,153200.0
17-2111,"Health and Safety Engineers, Except Mining Safety Engineers and Inspectors",2021,22870.0,99040.0,99700.0,58490.0,76650.0,126780.0,150720.0
17-2112,Industrial Engineers,2021,293950.0,95300.0,95200.0,60850.0,76650.0,105530.0,129620.0
17-2121,Marine Engineers and Naval Architects,2021,7380.0,93370.0,97820.0,56550.0,76600.0,118610.0,151880.0
17-2131,Materials Engineers,2021,21530.0,98300.0,101950.0,60580.0,76650.0,127110.0,161080.0
17-2141,Mechanical Engineers,2021,278240.0,95300.0,97000.0,60750.0,76050.0,120180.0,136210.0
17-2151,"Mining and Geological Engineers, Including Mining Safety Engineers",2021,7370.0,97090.0,100450.0,48690.0,70110.0,127530.0,162720.0
17-2161,Nuclear Engineers,2021,12670.0,120380.0,121760.0,75460.0,93840.0,136240.0,169000.0
17-2171,Petroleum Engineers,2021,22100.0,130850.0,145720.0,78390.0,100880.0,167750.0,
17-2199,"Engineers, All Other",2021,151940.0,100640.0,107800.0,58730.0,77560.0,130650.0,164690.0
17-3011,Architectural and Civil Drafters,2021,101310.0,60340.0,60620.0,37370.0,47450.0,74940.0,80560.0
17-3012,Electrical and Electronics Drafters,2021,20830.0,61510.0,67090.0,38120.0,48460.0,78700.0,99210.0
17-3013,Mechanical Drafters,2021,47760.0,60200.0,62650.0,37590.0,47230.0,76150.0,95860.0
17-3019,"Drafters, All Other",2021,15300.0,54240.0,58330.0,36900.0,46150.0,67880.0,85470.0
17-3021,Aerospace Engineering and Operations Technologists and Technicians,2021,10900.0,73580.0,73510.0,47040.0,57780.0,94530.0,103260.0
17-3022,Civil Engineering Technologists and Technicians,2021,64170.0,58320.0,58000.0,36550.0,42110.0,73280.0,79650.0
17-3023,Electrical and Electronic Engineering Technologists and Technicians,2021,101450.0,63640.0,69070.0,39840.0,49330.0,79080.0,99210.0
17-3024,Electro-Mechanical and Mechatronics Technologists and Technicians,2021,11590.0,60360.0,63880.0,37650.0,47680.0,76920.0,98070.0
17-3025,Environmental Engineering Technologists and Technicians,2021,14910.0,48390.0,56590.0,35870.0,37850.0,66870.0,84740.0
17-3026,Industrial Engineering Technologists and Technicians,2021,62030.0,60220.0,61230.0,37790.0,47410.0,75600.0,85530.0
17-3027,Mechanical Engineering Technologists and Technicians,2021,40180.0,60460.0,63390.0,37670.0,47700.0,76600.0,95300.0
17-3028,Calibration Technologists and Technicians,2021,8500.0,60340.0,62800.0,36930.0,47110.0,76920.0,95820.0
17-3029,"Engineering Technologists and Technicians, Except Drafters, All Other",2021,73600.0,61950.0,68290.0,37530.0,47690.0,81490.0,101240.0
17-3031,Surveying and Mapping Technicians,2021,56070.0,46910.0,49810.0,29770.0,36960.0,59790.0,76130.0
19-1011,Animal Scientists,2021,2790.0,65090.0,80390.0,46930.0,52430.0,89610.0,129470.0
19-1012,Food Scientists and Technologists,2021,13510.0,78340.0,84150.0,45010.0,60130.0,101180.0,130540.0
19-1013,Soil and Plant Scientists,2021,15610.0,66750.0,76290.0,39980.0,50230.0,93770.0,126950.0
19-1021,Biochemists and Biophysicists,2021,35050.0,102270.0,113460.0,61090.0,79000.0,132390.0,167210.0
19-1022,Microbiologists,2021,19430.0,79260.0,87820.0,47630.0,59860.0,110010.0,136780.0
19-1023,Zoologists and Wildlife Biologists,2021,15930.0,64650.0,70300.0,42420.0,50520.0,81690.0,103900.0
19-1029,"Biological Scientists, All Other",2021,47050.0,82530.0,90010.0,48260.0,62490.0,104210.0,133830.0
19-1031,Conservation Scientists,2021,22550.0,63750.0,68230.0,38670.0,49340.0,81500.0,100440.0
19-1032,Foresters,2021,9500.0,64110.0,67710.0,43280.0,50510.0,79530.0,98330.0
19-1041,Epidemiologists,2021,8180.0,78830.0,86740.0,50100.0,62350.0,101600.0,130050.0
19-1042,"Medical Scientists, Except Epidemiologists",2021,108550.0,95310.0,104050.0,50100.0,62800.0,130090.0,166980.0
19-1099,"Life Scientists, All Other",2021,6820.0,81500.0,94430.0,48620.0,61830.0,113400.0,151900.0
19-2011,Astronomers,2021,1930.0,128160.0,139410.0,61910.0,80110.0,172490.0,
19-2012,Physicists,2021,20020.0,152430.0,151580.0,78870.0,107030.0,184280.0,
19-2021,Atmospheric and Space Scientists,2021,8520.0,94570.0,96880.0,48600.0,65110.0,119770.0,150760.0
19-2031,Chemists,2021,80600.0,79430.0,89130.0,48100.0,61540.0,107140.0,134780.0
19-2032,Materials Scientists,2021,6690.0,100090.0,104790.0,56380.0,77500.0,130400.0,162950.0
19-2041,"Environmental Scientists and Specialists, Including Health",2021,76890.0,76530.0,81240.0,46200.0,58200.0,99090.0,129070.0
19-2042,"Geoscientists, Except Hydrologists and Geographers",2021,23620.0,83680.0,103550.0,48880.0,62540.0,128920.0,172490.0
19-2043,Hydrologists,2021,6390.0,84030.0,94780.0,51120.0,64670.0,106440.0,135170.0
19-2099,"Physical Scientists, All Other",2021,19680.0,104100.0,113220.0,52060.0,78320.0,141540.0,172490.0
19-3011,Economists,2021,15640.0,105630.0,120830.0,62460.0,79760.0,151110.0,193690.0
19-3022,Survey Researchers,2021,8850.0,59740.0,64690.0,26360.0,38840.0,78560.0,101180.0
19-3032,Industrial-Organizational Psychologists,2021,610.0,105310.0,113320.0,63750.0,79590.0,135070.0,168300.0
19-3033,Clinical and Counseling Psychologists,2021,58100.0,82510.0,99640.0,47010.0,62040.0,126590.0,167460.0
19-3034,School Psychologists,2021,57110.0,78780.0,82770.0,49260.0,62070.0,100040.0,124950.0
19-3039,"Psychologists, All Other",2021,13800.0,102900.0,98010.0,39760.0,73910.0,120240.0,133200.0
19-3041,Sociologists,2021,2640.0,92910.0,96260.0,60770.0,65530.0,114300.0,135420.0
19-3051,Urban and Regional Planners,2021,38940.0,78500.0,81310.0,48720.0,61880.0,99090.0,119340.0
19-3091,Anthropologists and Archeologists,2021,6650.0,61910.0,66800.0,37870.0,48420.0,78930.0,99830.0
19-3092,Geographers,2021,1440.0,85220.0,86740.0,53410.0,64740.0,102060.0,118380.0
19-3093,Historians,2021,2910.0,63940.0,72130.0,37310.0,48440.0,92540.0,118380.0
19-3094,Political Scientists,2021,5650.0,122510.0,120430.0,61480.0,82450.0,155190.0,172490.0
19-3099,"Social Scientists and Related Workers, All Other",2021,34330.0,84430.0,90900.0,50230.0,66210.0,109780.0,133240.0
19-4012,Agricultural Technicians,2021,13560.0,40430.0,44850.0,29010.0,32160.0,50860.0,62200.0
19-4013,Food Science Technicians,2021,11530.0,46590.0,47870.0,33710.0,37650.0,55260.0,62920.0
19-4021,Biological Technicians,2021,76150.0,48140.0,51770.0,31170.0,37820.0,61530.0,78090.0
19-4031,Chemical Technicians,2021,57690.0,48990.0,55040.0,31980.0,38740.0,63180.0,80570.0
19-4042,"Environmental Science and Protection Technicians, Including Health",2021,34110.0,47370.0,50550.0,30050.0,37210.0,59860.0,76810.0
19-4043,"Geological Technicians, Except Hydrologic Technicians",2021,9210.0,48310.0,59080.0,30590.0,38620.0,73690.0,98650.0
19-4044,Hydrologic Technicians,2021,3550.0,62280.0,71760.0,38310.0,46410.0,84570.0,130050.0
19-4051,Nuclear Technicians,2021,5360.0,99340.0,95200.0,60490.0,78810.0,106260.0,126600.0
19-4061,Social Science Research Assistants,2021,28690.0,49720.0,56430.0,31240.0,44800.0,61970.0,79140.0
19-4071,Forest and Conservation Technicians,2021,30440.0,39290.0,43420.0,29670.0,32260.0,51580.0,61750.0
19-4092,Forensic Science Technicians,2021,17020.0,61930.0,66850.0,37670.0,47750.0,80670.0,103430.0
19-4099,"Life, Physical, and Social Science Technicians, All Other",2021,62230.0,49030.0,55420.0,30240.0,37830.0,63180.0,80810.0
19-5011,Occupational Health and Safety Specialists,2021,106340.0,77560.0,78740.0,44040.0,59490.0,98650.0,118510.0
19-5012,Occupational Health and Safety Technicians,2021,21750.0,51120.0,57560.0,30330.0,38840.0,73860.0,91260.0
21-1012,"Educational, Guidance, and Career Counselors and Advisors",2021,296370.0,60510.0,63090.0,37550.0,47390.0,77210.0,98190.0
21-1013,Marriage and Family Therapists,2021,54800.0,49880.0,59660.0,37050.0,42910.0,75410.0,96520.0
21-1015,Rehabilitation Counselors,2021,90310.0,38560.0,44740.0,28890.0,30610.0,52920.0,65880.0
21-1018,"Substance Abuse, Behavioral Disorder, and Mental Health Counselors",2021,310880.0,48520.0,53490.0,30870.0,38520.0,61660.0,77980.0
21-1019,"Counselors, All Other",2021,29480.0,45160.0,49730.0,29490.0,37060.0,58090.0,76780.0
21-1021,"Child, Family, and School Social Workers",2021,340050.0,49150.0,54880.0,35820.0,38900.0,62560.0,78710.0
21-1022,Healthcare Social Workers,2021,173860.0,60840.0,62310.0,37630.0,47630.0,76920.0,86820.0
21-1023,Mental Health and Substance Abuse Social Workers,2021,113810.0,49130.0,57800.0,31010.0,38630.0,69260.0,97300.0
21-1029,"Social Workers, All Other",2021,49730.0,61190.0,63010.0,36780.0,46340.0,80040.0,93540.0
21-1091,Health Education Specialists,2021,55830.0,60600.0,64930.0,37020.0,46770.0,78220.0,102480.0
21-1092,Probation Officers and Correctional Treatment Specialists,2021,92140.0,60250.0,63290.0,37380.0,46920.0,77020.0,99090.0
21-1093,Social and Human Service Assistants,2021,398380.0,37610.0,40460.0,27910.0,30440.0,46960.0,59490.0
21-1094,Community Health Workers,2021,61010.0,46590.0,47780.0,30440.0,36940.0,59280.0,70720.0
21-1099,"Community and Social Service Specialists, All Other",2021,90770.0,47390.0,50510.0,29520.0,37170.0,60300.0,76630.0
21-2011,Clergy,2021,50790.0,49720.0,57230.0,30450.0,38800.0,63560.0,80920.0
21-2021,"Directors, Religious Activities and Education",2021,21000.0,46980.0,52880.0,29030.0,36440.0,61480.0,90470.0
21-2099,"Religious Workers, All Other",2021,10490.0,37500.0,43290.0,24710.0,29170.0,49060.0,73700.0
23-1011,Lawyers,2021,681010.0,127990.0,148030.0,61400.0,81620.0,194580.0,
23-1012,Judicial Law Clerks,2021,14800.0,50750.0,62730.0,36520.0,43580.0,74390.0,102080.0
23-1021,"Administrative Law Judges, Adjudicators, and Hearing Officers",2021,13840.0,102550.0,104160.0,47580.0,63850.0,132490.0,180520.0
23-1022,"Arbitrators, Mediators, and Conciliators",2021,7320.0,49410.0,62350.0,29990.0,36910.0,75940.0,110350.0
23-1023,"Judges, Magistrate Judges, and Magistrates",2021,27790.0,148030.0,142520.0,46490.0,81150.0,171230.0,
23-2011,Paralegals and Legal Assistants,2021,336250.0,56230.0,58330.0,36410.0,45390.0,72750.0,88640.0
23-2093,"Title Examiners, Abstractors, and Searchers",2021,51040.0,47310.0,52390.0,30350.0,37240.0,61300.0,77040.0
23-2099,"Legal Support Workers, All Other",2021,46090.0,59790.0,73000.0,36090.0,46070.0,94520.0,141540.0
25-1011,"Business Teachers, Postsecondary",2021,79640.0,94360.0,105720.0,46910.0,61760.0,132070.0,198240.0
25-1021,"Computer Science Teachers, Postsecondary",2021,37600.0,77910.0,89610.0,47280.0,50010.0,105950.0,156650.0
25-1022,"Mathematical Science Teachers, Postsecondary",2021,44140.0,77580.0,87980.0,45280.0,60310.0,103420.0,155350.0
25-1031,"Architecture Teachers, Postsecondary",2021,5950.0,95160.0,98600.0,48720.0,64490.0,124440.0,157700.0
25-1032,"Engineering Teachers, Postsecondary",2021,35440.0,104940.0,115590.0,60380.0,78130.0,134760.0,182590.0
25-1041,"Agricultural Sciences Teachers, Postsecondary",2021,8570.0,95910.0,97520.0,48720.0,64280.0,123630.0,157210.0
25-1042,"Biological Science Teachers, Postsecondary",2021,47690.0,81440.0,98710.0,48720.0,61750.0,123730.0,169410.0
25-1043,"Forestry and Conservation Science Teachers, Postsecondary",2021,1180.0,82330.0,93510.0,50280.0,63300.0,105250.0,134760.0
25-1051,"Atmospheric, Earth, Marine, and Space Sciences Teachers, Postsecondary",2021,10250.0,98070.0,102840.0,49730.0,64030.0,127670.0,165240.0
25-1052,"Chemistry Teachers, Postsecondary",2021,20260.0,79410.0,94060.0,49330.0,62060.0,104270.0,157670.0
25-1053,"Environmental Science Teachers, Postsecondary",2021,5440.0,81980.0,92210.0,47760.0,62160.0,105850.0,150150.0
25-1054,"Physics Teachers, Postsecondary",2021,12460.0,93070.0,99480.0,49000.0,62540.0,124660.0,164150.0
25-1061,"Anthropology and Archeology Teachers, Postsecondary",2021,5010.0,97340.0,102110.0,50580.0,64490.0,125150.0,163070.0
25-1062,"Area, Ethnic, and Cultural Studies Teachers, Postsecondary",2021,9040.0,78910.0,91680.0,45650.0,61690.0,103890.0,161290.0
25-1063,"Economics Teachers, Postsecondary",2021,11790.0,104940.0,124090.0,58330.0,78400.0,157320.0,
25-1064,"Geography Teachers, Postsecondary",2021,3440.0,81440.0,88150.0,48960.0,63600.0,102720.0,131040.0
25-1065,"Political Science Teachers, Postsecondary",2021,14060.0,81980.0,98980.0,48990.0,63050.0,122690.0,164670.0
25-1066,"Psychology Teachers, Postsecondary",2021,36060.0,77860.0,88390.0,43050.0,60740.0,102040.0,155270.0
25-1067,"Sociology Teachers, Postsecondary",2021,12550.0,77980.0,87850.0,46870.0,61420.0,101010.0,155270.0
25-1069,"Social Sciences Teachers, Postsecondary, All Other",2021,16140.0,77500.0,87320.0,38080.0,60270.0,102230.0,155580.0
25-1071,"Health Specialties Teachers, Postsecondary",2021,191830.0,102720.0,133310.0,48890.0,64630.0,172680.0,
25-1072,"Nursing Instructors and Teachers, Postsecondary",2021,68060.0,77440.0,82040.0,47630.0,61390.0,98680.0,125930.0
25-1081,"Education Teachers, Postsecondary",2021,58780.0,63910.0,76990.0,31200.0,48780.0,97450.0,127420.0
25-1082,"Library Science Teachers, Postsecondary",2021,4330.0,77100.0,80850.0,48390.0,61350.0,97340.0,124680.0
25-1111,"Criminal Justice and Law Enforcement Teachers, Postsecondary",2021,13790.0,64600.0,81730.0,38850.0,50770.0,99330.0,132340.0
25-1112,"Law Teachers, Postsecondary",2021,14110.0,123470.0,130820.0,48760.0,73150.0,168210.0,
25-1113,"Social Work Teachers, Postsecondary",2021,12280.0,71010.0,77650.0,36200.0,49990.0,98070.0,125820.0
25-1121,"Art, Drama, and Music Teachers, Postsecondary",2021,94720.0,75940.0,86240.0,38090.0,49990.0,100130.0,156240.0
25-1122,"Communications Teachers, Postsecondary",2021,27330.0,77560.0,84580.0,46640.0,60420.0,99330.0,132720.0
25-1123,"English Language and Literature Teachers, Postsecondary",2021,58480.0,75930.0,82680.0,39230.0,51730.0,99330.0,132220.0
25-1124,"Foreign Language and Literature Teachers, Postsecondary",2021,19640.0,77030.0,82990.0,46560.0,60550.0,99190.0,129130.0
25-1125,"History Teachers, Postsecondary",2021,18590.0,78130.0,86460.0,39090.0,61070.0,101180.0,132720.0
25-1126,"Philosophy and Religion Teachers, Postsecondary",2021,20850.0,77610.0,88260.0,39090.0,60670.0,100240.0,155240.0
25-1192,"Family and Consumer Sciences Teachers, Postsecondary",2021,2730.0,79630.0,93230.0,48070.0,61350.0,106040.0,148320.0
25-1193,"Recreation and Fitness Studies Teachers, Postsecondary",2021,13860.0,72440.0,79080.0,37630.0,49860.0,99150.0,128230.0
25-1194,"Career/Technical Education Teachers, Postsecondary",2021,105440.0,59840.0,63130.0,36970.0,46910.0,76840.0,97540.0
25-1199,"Postsecondary Teachers, All Other",2021,199020.0,78160.0,92200.0,37550.0,56550.0,123970.0,160930.0
25-2011,"Preschool Teachers, Except Special Education",2021,391670.0,30210.0,36460.0,22840.0,28440.0,38620.0,58530.0
25-2012,"Kindergarten Teachers, Except Special Education",2021,120730.0,60900.0,64490.0,38390.0,48100.0,76880.0,98440.0
25-2021,"Elementary School Teachers, Except Special Education",2021,1329280.0,61400.0,67080.0,43950.0,48450.0,77920.0,99420.0
25-2022,"Middle School Teachers, Except Special and Career/Technical Education",2021,592000.0,61320.0,66880.0,45510.0,48540.0,77640.0,99470.0
25-2023,"Career/Technical Education Teachers, Middle School",2021,11840.0,61820.0,69410.0,47040.0,52170.0,78260.0,99470.0
25-2031,"Secondary School Teachers, Except Special and Career/Technical Education",2021,1020240.0,61820.0,69530.0,46090.0,48830.0,78780.0,100310.0
25-2032,"Career/Technical Education Teachers, Secondary School",2021,84360.0,61820.0,68960.0,47310.0,50130.0,78310.0,99590.0
25-2051,"Special Education Teachers, Preschool",2021,21130.0,62420.0,71970.0,37540.0,48450.0,85040.0,123860.0
25-2052,"Special Education Teachers, Kindergarten and Elementary School",2021,187070.0,61640.0,67090.0,46400.0,48770.0,77920.0,98870.0
25-2057,"Special Education Teachers, Middle School",2021,79070.0,61820.0,68860.0,46840.0,49120.0,78550.0,100310.0
25-2058,"Special Education Teachers, Secondary School",2021,145690.0,62120.0,70100.0,47230.0,49850.0,79030.0,100310.0
25-2059,"Special Education Teachers, All Other",2021,38000.0,61720.0,71330.0,38130.0,48350.0,82230.0,104370.0
25-3011,"Adult Basic Education, Adult Secondary Education, and English as a Second Language Instructors",2021,38260.0,59720.0,60650.0,35530.0,46620.0,76400.0,96550.0
25-3021,Self-Enrichment Teachers,2021,216910.0,43580.0,49230.0,23860.0,29900.0,59920.0,78660.0
25-3031,"Substitute Teachers, Short-Term",2021,374620.0,30100.0,38410.0,22270.0,25670.0,41570.0,50560.0
25-3041,Tutors,2021,147100.0,36470.0,41780.0,23640.0,29230.0,47070.0,61580.0
25-3099,"Teachers and Instructors, All Other",2021,164650.0,50540.0,62200.0,29640.0,44520.0,77230.0,99200.0
25-4011,Archivists,2021,6120.0,60050.0,61880.0,36750.0,46350.0,76930.0,98070.0
25-4012,Curators,2021,11030.0,60110.0,63880.0,35990.0,46590.0,76920.0,98490.0
25-4013,Museum Technicians and Conservators,2021,10960.0,47630.0,52030.0,29130.0,36440.0,61420.0,79780.0
25-4022,Librarians and Media Collections Specialists,2021,127790.0,61190.0,64180.0,37300.0,47960.0,77400.0,97870.0
25-4031,Library Technicians,2021,73000.0,36970.0,39070.0,23370.0,29330.0,47160.0,59250.0
25-9021,Farm and Home Management Educators,2021,10620.0,49990.0,58040.0,30030.0,37140.0,67660.0,92720.0
25-9031,Instructional Coordinators,2021,184740.0,63740.0,70560.0,38390.0,49750.0,80780.0,101090.0
25-9044,"Teaching Assistants, Postsecondary",2021,121290.0,38040.0,41170.0,22730.0,29670.0,49010.0,62260.0
25-9045,"Teaching Assistants, Except Postsecondary",2021,1187270.0,29360.0,31760.0,21890.0,24040.0,36970.0,46530.0
25-9099,"Educational Instruction and Library Workers, All Other",2021,155950.0,46300.0,49650.0,23300.0,30130.0,60860.0,79920.0
27-1011,Art Directors,2021,42080.0,100890.0,115430.0,57220.0,77490.0,135350.0,194130.0
27-1012,Craft Artists,2021,3740.0,35930.0,40730.0,22760.0,28830.0,47170.0,61290.0
27-1013,"Fine Artists, Including Painters, Sculptors, and Illustrators",2021,9430.0,60820.0,69010.0,19430.0,37310.0,96580.0,125930.0
27-1014,Special Effects Artists and Animators,2021,20430.0,78790.0,86220.0,46000.0,61300.0,102660.0,131370.0
27-1019,"Artists and Related Workers, All Other",2021,7390.0,61580.0,67240.0,21750.0,38310.0,95910.0,115020.0
27-1021,Commercial and Industrial Designers,2021,27940.0,77030.0,79680.0,44840.0,57070.0,98680.0,128210.0
27-1022,Fashion Designers,2021,19310.0,77450.0,83650.0,37480.0,50630.0,101320.0,130870.0
27-1023,Floral Designers,2021,36000.0,29880.0,32100.0,22830.0,27830.0,36770.0,44820.0
27-1024,Graphic Designers,2021,204040.0,50710.0,59970.0,31310.0,39270.0,74700.0,98260.0
27-1025,Interior Designers,2021,61970.0,60340.0,62570.0,30930.0,46420.0,77700.0,99070.0
27-1026,Merchandise Displayers and Window Trimmers,2021,159790.0,32060.0,35520.0,26560.0,29240.0,37930.0,47290.0
27-1027,Set and Exhibit Designers,2021,6850.0,54860.0,62960.0,30810.0,39180.0,78910.0,100550.0
27-1029,"Designers, All Other",2021,10190.0,62310.0,73480.0,30230.0,44580.0,98030.0,129990.0
27-2011,Actors,2021,30100.0,,,,,,
27-2012,Producers and Directors,2021,138250.0,79000.0,101950.0,38210.0,50860.0,129440.0,206860.0
27-2021,Athletes and Sports Competitors,2021,12320.0,77300.0,116930.0,25270.0,37890.0,,
27-2022,Coaches and Scouts,2021,193740.0,38970.0,50550.0,22200.0,29240.0,60400.0,80720.0
27-2023,"Umpires, Referees, and Other Sports Officials",2021,9620.0,35860.0,51710.0,19170.0,24350.0,48430.0,81620.0
27-2031,Dancers,2021,3850.0,,,,,,
27-2032,Choreographers,2021,3990.0,42700.0,49630.0,22150.0,29800.0,61750.0,78030.0
27-2041,Music Directors and Composers,2021,9560.0,49130.0,65080.0,24440.0,36720.0,78030.0,123800.0
27-2042,Musicians and Singers,2021,24080.0,,,,,,
27-2091,"Disc Jockeys, Except Radio",2021,4770.0,,,,,,
27-2099,"Entertainers and Performers, Sports and Related Workers, All Other",2021,8300.0,,,,,,
27-3011,Broadcast Announcers and Radio Disc Jockeys,2021,24580.0,37630.0,56110.0,22860.0,29050.0,60090.0,103090.0
27-3023,"News Analysts, Reporters, and Journalists",2021,39080.0,48370.0,63230.0,29210.0,35250.0,77260.0,120590.0
27-3031,Public Relations Specialists,2021,242710.0,62800.0,73250.0,37020.0,48670.0,81960.0,124620.0
27-3041,Editors,2021,88780.0,63350.0,76400.0,36970.0,48380.0,97770.0,129420.0
27-3042,Technical Writers,2021,47620.0,78060.0,81470.0,48890.0,61830.0,98840.0,125010.0
27-3043,Writers and Authors,2021,49410.0,69510.0,81120.0,38500.0,49390.0,101080.0,133580.0
27-3091,Interpreters and Translators,2021,52170.0,49110.0,58400.0,29360.0,38230.0,75940.0,97760.0
27-3092,Court Reporters and Simultaneous Captioners,2021,12300.0,60380.0,65240.0,34340.0,46480.0,79860.0,103270.0
27-3099,"Media and Communication Workers, All Other",2021,16540.0,49900.0,59400.0,29080.0,38560.0,76920.0,98070.0
27-4011,Audio and Video Technicians,2021,50590.0,48820.0,55310.0,30160.0,38300.0,63260.0,90180.0
27-4012,Broadcast Technicians,2021,25270.0,44740.0,51280.0,24580.0,30060.0,62590.0,90850.0
27-4014,Sound Engineering Technicians,2021,10800.0,60500.0,67360.0,29110.0,42100.0,79730.0,124690.0
27-4015,Lighting Technicians,2021,4280.0,51470.0,58020.0,30230.0,38470.0,62750.0,98070.0
27-4021,Photographers,2021,38420.0,38950.0,48210.0,24540.0,30090.0,60000.0,77760.0
27-4031,"Camera Operators, Television, Video, and Film",2021,20280.0,49230.0,61740.0,30160.0,38430.0,77270.0,101380.0
27-4032,Film and Video Editors,2021,28030.0,62680.0,76000.0,37060.0,47350.0,97950.0,138910.0
27-4099,"Media and Communication Equipment Workers, All Other",2021,16670.0,63250.0,69290.0,29120.0,45960.0,95560.0,113360.0
29-1011,Chiropractors,2021,35810.0,75000.0,81240.0,37400.0,50470.0,98760.0,128750.0
29-1021,"Dentists, General",2021,108680.0,160370.0,167160.0,62810.0,101570.0,,
29-1022,Oral and Maxillofacial Surgeons,2021,5330.0,,311460.0,78620.0,198490.0,,
29-1023,Orthodontists,2021,5140.0,,267280.0,95940.0,150690.0,,
29-1024,Prosthodontists,2021,790.0,100950.0,143730.0,78850.0,100570.0,172650.0,
29-1029,"Dentists, All Other Specialists",2021,4750.0,175160.0,179400.0,76990.0,86230.0,,
29-1031,Dietitians and Nutritionists,2021,66690.0,61650.0,65620.0,42530.0,49490.0,77430.0,93640.0
29-1041,Optometrists,2021,38720.0,124300.0,125440.0,61590.0,96230.0,141730.0,192390.0
29-1051,Pharmacists,2021,312550.0,128570.0,125690.0,76840.0,121070.0,143600.0,164590.0
29-1071,Physician Assistants,2021,132940.0,121530.0,119460.0,77940.0,99880.0,131740.0,164620.0
29-1081,Podiatrists,2021,8840.0,145840.0,158380.0,61350.0,96320.0,,
29-1122,Occupational Therapists,2021,127830.0,85570.0,89470.0,60680.0,75710.0,100490.0,123840.0
29-1123,Physical Therapists,2021,225350.0,95620.0,92920.0,61930.0,77750.0,101920.0,127110.0
29-1124,Radiation Therapists,2021,16050.0,82790.0,94000.0,61030.0,75490.0,102060.0,128550.0
29-1125,Recreational Therapists,2021,16980.0,47940.0,53900.0,31710.0,37850.0,61470.0,80610.0
29-1126,Respiratory Therapists,2021,133410.0,61830.0,68190.0,47380.0,59280.0,77240.0,95540.0
29-1127,Speech-Language Pathologists,2021,147470.0,79060.0,85820.0,51310.0,61970.0,100200.0,125560.0
29-1128,Exercise Physiologists,2021,6860.0,47940.0,54030.0,36930.0,46120.0,60780.0,76950.0
29-1129,"Therapists, All Other",2021,13490.0,59500.0,65030.0,37010.0,46980.0,77830.0,98490.0
29-1131,Veterinarians,2021,77260.0,100370.0,109920.0,60760.0,78920.0,128410.0,165600.0
29-1141,Registered Nurses,2021,3047530.0,77600.0,82750.0,59450.0,61790.0,97580.0,120250.0
29-1151,Nurse Anesthetists,2021,43950.0,195610.0,202470.0,131840.0,164860.0,,
29-1161,Nurse Midwives,2021,7750.0,112830.0,114210.0,61500.0,96040.0,130450.0,166170.0
29-1171,Nurse Practitioners,2021,234690.0,120680.0,118040.0,79470.0,99540.0,129680.0,163350.0
29-1181,Audiologists,2021,13240.0,78950.0,86050.0,58920.0,71390.0,99340.0,120210.0
29-1211,Anesthesiologists,2021,31130.0,,331190.0,117590.0,,,
29-1212,Cardiologists,2021,18610.0,,353970.0,165610.0,,,
29-1213,Dermatologists,2021,9230.0,,302740.0,100940.0,170020.0,,
29-1214,Emergency Medicine Physicians,2021,36180.0,,310640.0,103310.0,,,
29-1215,Family Medicine Physicians,2021,102930.0,,235930.0,63580.0,143830.0,,
29-1216,General Internal Medicine Physicians,2021,58260.0,,242190.0,62850.0,122140.0,,
29-1217,Neurologists,2021,7120.0,,267660.0,78650.0,130920.0,,
29-1218,Obstetricians and Gynecologists,2021,21570.0,,296210.0,101240.0,198290.0,,
29-1221,"Pediatricians, General",2021,33620.0,170480.0,198420.0,75670.0,129410.0,,
29-1222,"Physicians, Pathologists",2021,11010.0,,267180.0,63340.0,136160.0,,
29-1223,Psychiatrists,2021,25520.0,,249760.0,64400.0,128380.0,,
29-1224,Radiologists,2021,29530.0,,301720.0,78780.0,165610.0,,
29-1229,"Physicians, All Other",2021,256670.0,,231500.0,61260.0,96450.0,,
29-1241,"Ophthalmologists, Except Pediatric",2021,11610.0,,270090.0,100940.0,165380.0,,
29-1242,"Orthopedic Surgeons, Except Pediatric",2021,16260.0,,306220.0,79870.0,193280.0,,
29-1243,Pediatric Surgeons,2021,820.0,,290310.0,99910.0,172240.0,,
29-1249,"Surgeons, All Other",2021,29590.0,,297800.0,78610.0,129070.0,,
29-1291,Acupuncturists,2021,7250.0,60570.0,71770.0,29580.0,38000.0,98440.0,126440.0
29-1292,Dental Hygienists,2021,207190.0,77810.0,81360.0,60100.0,73540.0,98260.0,100200.0
29-1299,"Healthcare Diagnosing or Treating Practitioners, All Other",2021,26250.0,100300.0,113230.0,58550.0,71120.0,143600.0,172490.0
29-2010,Clinical Laboratory Technologists and Technicians,2021,318780.0,57800.0,56910.0,30280.0,37990.0,74530.0,79340.0
29-2031,Cardiovascular Technologists and Technicians,2021,55760.0,60570.0,62020.0,29910.0,37990.0,77600.0,98070.0
29-2032,Diagnostic Medical Sonographers,2021,78640.0,77740.0,80680.0,59640.0,62560.0,95360.0,101650.0
29-2033,Nuclear Medicine Technologists,2021,17140.0,78760.0,84850.0,60550.0,74820.0,98410.0,105530.0
29-2034,Radiologic Technologists and Technicians,2021,216380.0,61370.0,66490.0,46850.0,48900.0,77290.0,94880.0
29-2035,Magnetic Resonance Imaging Technologists,2021,38070.0,77360.0,77820.0,59110.0,62090.0,90050.0,100870.0
29-2036,Medical Dosimetrists,2021,2400.0,127270.0,124750.0,96040.0,103640.0,132510.0,162640.0
29-2042,Emergency Medical Technicians,2021,161400.0,35470.0,36690.0,23620.0,28920.0,37660.0,47580.0
29-2043,Paramedics,2021,96510.0,46770.0,49500.0,34420.0,37120.0,58810.0,74200.0
29-2051,Dietetic Technicians,2021,21610.0,29520.0,34160.0,22790.0,28400.0,37200.0,47120.0
29-2052,Pharmacy Technicians,2021,436630.0,36740.0,37970.0,28740.0,29460.0,45850.0,47580.0
29-2053,Psychiatric Technicians,2021,93410.0,36570.0,38000.0,26980.0,29210.0,45620.0,56380.0
29-2055,Surgical Technologists,2021,109060.0,48530.0,53590.0,36930.0,46440.0,60780.0,75940.0
29-2056,Veterinary Technologists and Technicians,2021,118670.0,36850.0,38250.0,28370.0,29810.0,45750.0,48100.0
29-2057,Ophthalmic Medical Technicians,2021,65700.0,37180.0,41120.0,28910.0,30950.0,46700.0,58500.0
29-2061,Licensed Practical and Licensed Vocational Nurses,2021,641240.0,48070.0,51850.0,37150.0,46410.0,59770.0,63790.0
29-2072,Medical Records Specialists,2021,180570.0,46660.0,48310.0,29430.0,36930.0,59120.0,74200.0
29-2081,"Opticians, Dispensing",2021,73270.0,37570.0,43060.0,28910.0,30310.0,47660.0,60280.0
29-2091,Orthotists and Prosthetists,2021,10410.0,75440.0,79820.0,41730.0,55710.0,95810.0,124040.0
29-2092,Hearing Aid Specialists,2021,10790.0,59500.0,59960.0,33040.0,39130.0,75910.0,84150.0
29-2099,"Health Technologists and Technicians, All Other",2021,140770.0,45720.0,49230.0,29430.0,36690.0,59040.0,75340.0
29-9021,Health Information Technologists and Medical Registrars,2021,37900.0,55560.0,61410.0,29680.0,37500.0,76960.0,98490.0
29-9091,Athletic Trainers,2021,26070.0,48420.0,54650.0,36960.0,46590.0,60780.0,76180.0
29-9092,Genetic Counselors,2021,2740.0,80150.0,86640.0,49120.0,76300.0,100200.0,121070.0
29-9093,Surgical Assistants,2021,17250.0,48320.0,59170.0,32680.0,37850.0,75410.0,96870.0
29-9099,"Healthcare Practitioners and Technical Workers, All Other",2021,44100.0,58750.0,64880.0,29570.0,37440.0,78230.0,113630.0
31-1120,Home Health and Personal Care Aides,2021,3366480.0,29430.0,29260.0,22290.0,24090.0,30230.0,37010.0
31-1131,Nursing Assistants,2021,1314830.0,30310.0,33250.0,23880.0,28900.0,37170.0,44240.0
31-1132,Orderlies,2021,45160.0,29990.0,33440.0,23970.0,28560.0,37380.0,46470.0
31-1133,Psychiatric Aides,2021,39140.0,30260.0,34640.0,23120.0,25560.0,40960.0,48140.0
31-2011,Occupational Therapy Assistants,2021,41980.0,61730.0,63560.0,46810.0,50880.0,76740.0,80210.0
31-2012,Occupational Therapy Aides,2021,3370.0,33560.0,39230.0,23860.0,28350.0,46950.0,61960.0
31-2021,Physical Therapist Assistants,2021,93660.0,61180.0,60740.0,37280.0,48670.0,75870.0,80170.0
31-2022,Physical Therapist Aides,2021,42390.0,29200.0,30370.0,22140.0,24240.0,35320.0,37920.0
31-9011,Massage Therapists,2021,81030.0,46910.0,49260.0,24450.0,34770.0,60510.0,77600.0
31-9091,Dental Assistants,2021,347170.0,38660.0,42510.0,29580.0,37000.0,47580.0,59540.0
31-9092,Medical Assistants,2021,727760.0,37190.0,38190.0,29070.0,30200.0,43490.0,48170.0
31-9093,Medical Equipment Preparers,2021,61170.0,38220.0,42420.0,29490.0,35230.0,48150.0,60300.0
31-9094,Medical Transcriptionists,2021,55830.0,30100.0,34220.0,22810.0,28220.0,38220.0,48190.0
31-9095,Pharmacy Aides,2021,43560.0,29930.0,34560.0,22840.0,27880.0,37500.0,51060.0
31-9096,Veterinary Assistants and Laboratory Animal Caretakers,2021,98970.0,29780.0,31780.0,22920.0,28200.0,36520.0,38860.0
31-9097,Phlebotomists,2021,132750.0,37380.0,38450.0,28990.0,30430.0,45090.0,48490.0
31-9099,"Healthcare Support Workers, All Other",2021,108410.0,37740.0,40690.0,25810.0,29990.0,47770.0,59250.0
33-1011,First-Line Supervisors of Correctional Officers,2021,54470.0,62220.0,69750.0,40610.0,47680.0,84760.0,105540.0
33-1012,First-Line Supervisors of Police and Detectives,2021,128230.0,99330.0,98760.0,51790.0,67210.0,127020.0,159850.0
33-1021,First-Line Supervisors of Firefighting and Prevention Workers,2021,80890.0,78230.0,83270.0,47450.0,61270.0,100350.0,127680.0
33-1091,First-Line Supervisors of Security Workers,2021,55450.0,50240.0,55080.0,31440.0,38290.0,64010.0,81110.0
33-1099,"First-Line Supervisors of Protective Service Workers, All Other",2021,23780.0,61010.0,63910.0,37300.0,50020.0,76880.0,98720.0
33-2011,Firefighters,2021,317310.0,50700.0,55290.0,29030.0,37140.0,65980.0,81640.0
33-2021,Fire Inspectors and Investigators,2021,14600.0,64600.0,69680.0,40190.0,50480.0,81850.0,100730.0
33-2022,Forest Fire Inspectors and Prevention Specialists,2021,2770.0,42600.0,54340.0,30000.0,33000.0,67210.0,85270.0
33-3011,Bailiffs,2021,16420.0,48320.0,52340.0,27560.0,37420.0,63160.0,78330.0
33-3012,Correctional Officers and Jailers,2021,392600.0,47920.0,53420.0,34600.0,38590.0,62940.0,79340.0
33-3021,Detectives and Criminal Investigators,2021,107890.0,83640.0,90370.0,48040.0,61600.0,106540.0,146830.0
33-3031,Fish and Game Wardens,2021,6730.0,60730.0,58190.0,31200.0,47260.0,71530.0,78330.0
33-3041,Parking Enforcement Workers,2021,7450.0,46590.0,46050.0,29030.0,34550.0,58850.0,65150.0
33-3051,Police and Sheriff's Patrol Officers,2021,665380.0,64610.0,70750.0,40190.0,50630.0,81850.0,102530.0
33-3052,Transit and Railroad Police,2021,3590.0,64930.0,69570.0,47310.0,51130.0,81430.0,98250.0
33-9011,Animal Control Workers,2021,11600.0,39160.0,42620.0,28690.0,31590.0,49600.0,60450.0
33-9021,Private Detectives and Investigators,2021,28860.0,59380.0,60970.0,32130.0,40290.0,77540.0,98070.0
33-9031,Gambling Surveillance Officers and Gambling Investigators,2021,9190.0,35450.0,38080.0,27970.0,29470.0,39790.0,56730.0
33-9032,Security Guards,2021,1057100.0,31470.0,35830.0,23250.0,28890.0,39170.0,50040.0
33-9091,Crossing Guards and Flaggers,2021,82690.0,31450.0,35670.0,23990.0,28660.0,39160.0,49720.0
33-9092,"Lifeguards, Ski Patrol, and Other Recreational Protective Service Workers",2021,114320.0,25630.0,27320.0,19180.0,22140.0,29820.0,36540.0
33-9093,Transportation Security Screeners,2021,48320.0,45470.0,46380.0,39330.0,41560.0,49360.0,55870.0
33-9094,School Bus Monitors,2021,55310.0,29100.0,30220.0,20600.0,24900.0,34430.0,39200.0
33-9099,"Protective Service Workers, All Other",2021,100110.0,38210.0,42160.0,28690.0,31190.0,47760.0,61510.0
35-1011,Chefs and Head Cooks,2021,129810.0,50160.0,56920.0,30910.0,39130.0,65340.0,84570.0
35-1012,First-Line Supervisors of Food Preparation and Serving Workers,2021,1040600.0,36570.0,39150.0,24100.0,29430.0,46840.0,60410.0
35-2011,"Cooks, Fast Food",2021,768130.0,24180.0,25490.0,18050.0,21610.0,29510.0,31420.0
35-2012,"Cooks, Institution and Cafeteria",2021,392860.0,29910.0,31520.0,22140.0,24500.0,36760.0,43980.0
35-2013,"Cooks, Private Household",2021,440.0,42920.0,43260.0,29010.0,30160.0,51260.0,54110.0
35-2014,"Cooks, Restaurant",2021,1193860.0,30010.0,31630.0,22550.0,27810.0,36480.0,39090.0
35-2015,"Cooks, Short Order",2021,124800.0,28560.0,28110.0,19050.0,22880.0,31050.0,38060.0
35-2019,"Cooks, All Other",2021,18170.0,30720.0,33390.0,22310.0,27380.0,37280.0,47270.0
35-2021,Food Preparation Workers,2021,783350.0,28780.0,28810.0,19520.0,23520.0,31340.0,38060.0
35-3011,Bartenders,2021,485330.0,26350.0,30340.0,17870.0,20560.0,34120.0,47710.0
35-3023,Fast Food and Counter Workers,2021,3095120.0,25100.0,26060.0,18230.0,21970.0,29680.0,32250.0
35-3031,Waiters and Waitresses,2021,1804030.0,26000.0,29010.0,17840.0,20020.0,30850.0,45910.0
35-3041,"Food Servers, Nonrestaurant",2021,243030.0,28730.0,29500.0,20940.0,23970.0,31670.0,38460.0
35-9011,Dining Room and Cafeteria Attendants and Bartender Helpers,2021,336970.0,27170.0,27690.0,18430.0,22240.0,30280.0,37310.0
35-9021,Dishwashers,2021,377040.0,28130.0,27350.0,19200.0,22920.0,30160.0,34870.0
35-9031,"Hosts and Hostesses, Restaurant, Lounge, and Coffee Shop",2021,324690.0,24600.0,26000.0,18160.0,21750.0,29450.0,33050.0
35-9099,"Food Preparation and Serving Related Workers, All Other",2021,83240.0,29120.0,28760.0,19100.0,23660.0,31390.0,36820.0
37-1011,First-Line Supervisors of Housekeeping and Janitorial Workers,2021,153640.0,39630.0,45100.0,28980.0,33710.0,50440.0,63530.0
37-1012,"First-Line Supervisors of Landscaping, Lawn Service, and Groundskeeping Workers",2021,116380.0,48800.0,53270.0,34600.0,38880.0,62200.0,78880.0
37-2011,"Janitors and Cleaners, Except Maids and Housekeeping Cleaners",2021,2036680.0,29760.0,31860.0,22340.0,24550.0,36730.0,46300.0
37-2012,Maids and Housekeeping Cleaners,2021,723430.0,28780.0,29580.0,21820.0,23470.0,30960.0,38370.0
37-2019,"Building Cleaning Workers, All Other",2021,17350.0,34350.0,38530.0,23130.0,28510.0,45610.0,59250.0
37-2021,Pest Control Workers,2021,85370.0,37540.0,40640.0,28620.0,30520.0,46700.0,58660.0
37-3011,Landscaping and Groundskeeping Workers,2021,892450.0,34430.0,35240.0,24170.0,29360.0,38100.0,47630.0
37-3012,"Pesticide Handlers, Sprayers, and Applicators, Vegetation",2021,25820.0,38270.0,40500.0,28820.0,33580.0,46240.0,53690.0
37-3013,Tree Trimmers and Pruners,2021,41920.0,46970.0,47450.0,30180.0,38110.0,58160.0,64210.0
37-3019,"Grounds Maintenance Workers, All Other",2021,15770.0,36540.0,39120.0,27720.0,30150.0,45810.0,60820.0
39-1013,First-Line Supervisors of Gambling Services Workers,2021,19510.0,49140.0,52590.0,29920.0,38960.0,61640.0,75680.0
39-1014,"First-Line Supervisors of Entertainment and Recreation Workers, Except Gambling Services",2021,66860.0,44870.0,47130.0,28520.0,31560.0,58650.0,75610.0
39-1022,First-Line Supervisors of Personal Service Workers,2021,101030.0,40390.0,45730.0,28700.0,33710.0,50860.0,65540.0
39-2011,Animal Trainers,2021,15840.0,31280.0,38230.0,23160.0,28110.0,44630.0,58790.0
39-2021,Animal Caretakers,2021,225680.0,28600.0,29520.0,21380.0,23160.0,31130.0,38750.0
39-3011,Gambling Dealers,2021,64700.0,24960.0,28960.0,17740.0,18600.0,29990.0,47810.0
39-3012,Gambling and Sports Book Writers and Runners,2021,7340.0,27530.0,29110.0,19230.0,22910.0,33020.0,38380.0
39-3019,"Gambling Service Workers, All Other",2021,10820.0,28990.0,31790.0,21340.0,23080.0,35510.0,46260.0
39-3021,Motion Picture Projectionists,2021,1620.0,29350.0,32970.0,22290.0,24960.0,37450.0,47390.0
39-3031,"Ushers, Lobby Attendants, and Ticket Takers",2021,54970.0,24440.0,26390.0,17990.0,20650.0,29750.0,36530.0
39-3091,Amusement and Recreation Attendants,2021,262170.0,24500.0,26110.0,18030.0,21700.0,29480.0,35170.0
39-3092,Costume Attendants,2021,3380.0,47850.0,54590.0,26950.0,31380.0,76940.0,82710.0
39-3093,"Locker Room, Coatroom, and Dressing Room Attendants",2021,9670.0,28570.0,30220.0,19210.0,23220.0,33300.0,42160.0
39-3099,"Entertainment Attendants and Related Workers, All Other",2021,4290.0,24170.0,29680.0,17390.0,20630.0,30570.0,46630.0
39-4011,Embalmers,2021,4070.0,47780.0,51210.0,29000.0,37380.0,61200.0,78210.0
39-4012,Crematory Operators,2021,2040.0,37490.0,39660.0,28910.0,31690.0,44270.0,50790.0
39-4021,Funeral Attendants,2021,32490.0,29230.0,31630.0,22350.0,24490.0,35840.0,45660.0
39-4031,"Morticians, Undertakers, and Funeral Arrangers",2021,24700.0,48950.0,56360.0,29640.0,37880.0,63820.0,83550.0
39-5011,Barbers,2021,12910.0,29970.0,35700.0,22430.0,26300.0,44730.0,53260.0
39-5012,"Hairdressers, Hairstylists, and Cosmetologists",2021,285980.0,29670.0,35990.0,20860.0,23960.0,38790.0,59070.0
39-5091,"Makeup Artists, Theatrical and Performance",2021,1960.0,134750.0,124380.0,38070.0,78850.0,164560.0,172150.0
39-5092,Manicurists and Pedicurists,2021,120540.0,29210.0,30480.0,22290.0,26420.0,31100.0,38820.0
39-5093,Shampooers,2021,9560.0,24440.0,25160.0,18720.0,22070.0,28860.0,30420.0
39-5094,Skincare Specialists,2021,50580.0,37300.0,41700.0,23100.0,29240.0,47490.0,65680.0
39-6011,Baggage Porters and Bellhops,2021,20530.0,29120.0,30040.0,18520.0,23320.0,34790.0,39040.0
39-6012,Concierges,2021,33560.0,35210.0,37520.0,25030.0,29660.0,45070.0,57750.0
39-7010,Tour and Travel Guides,2021,30980.0,29780.0,33200.0,20950.0,24300.0,37670.0,47800.0
39-9011,Childcare Workers,2021,438520.0,27490.0,27680.0,18540.0,22640.0,30100.0,37430.0
39-9031,Exercise Trainers and Group Fitness Instructors,2021,221600.0,40700.0,45870.0,22960.0,29580.0,57760.0,75940.0
39-9032,Recreation Workers,2021,264020.0,29680.0,32020.0,21730.0,24330.0,36580.0,46660.0
39-9041,Residential Advisors,2021,92500.0,31220.0,34950.0,23260.0,28820.0,38750.0,48530.0
39-9099,"Personal Care and Service Workers, All Other",2021,72030.0,29610.0,30790.0,22320.0,28010.0,34330.0,37790.0
41-1011,First-Line Supervisors of Retail Sales Workers,2021,1143260.0,39230.0,46890.0,29000.0,33520.0,52070.0,73160.0
41-1012,First-Line Supervisors of Non-Retail Sales Workers,2021,243920.0,79680.0,92320.0,47510.0,61490.0,107860.0,160120.0
41-2011,Cashiers,2021,3318020.0,27260.0,26770.0,18580.0,22670.0,29540.0,35230.0
41-2012,Gambling Change Persons and Booth Cashiers,2021,17150.0,28600.0,29130.0,19020.0,22860.0,31080.0,37560.0
41-2021,Counter and Rental Clerks,2021,371620.0,31330.0,36170.0,22880.0,28660.0,39040.0,50830.0
41-2022,Parts Salespersons,2021,265130.0,34260.0,36920.0,22940.0,28530.0,45340.0,58180.0
41-2031,Retail Salespersons,2021,3693490.0,29120.0,31920.0,21840.0,23500.0,35110.0,45460.0
41-3011,Advertising Sales Agents,2021,96660.0,52340.0,66540.0,28700.0,37700.0,79310.0,125370.0
41-3021,Insurance Sales Agents,2021,422600.0,49840.0,69340.0,29970.0,38210.0,78840.0,126510.0
41-3031,"Securities, Commodities, and Financial Services Sales Agents",2021,426870.0,62910.0,93260.0,37970.0,48100.0,116240.0,205440.0
41-3041,Travel Agents,2021,37190.0,43810.0,46580.0,28280.0,31200.0,54840.0,74220.0
41-3091,"Sales Representatives of Services, Except Advertising, Insurance, Financial Services, and Travel",2021,1026390.0,60550.0,71110.0,30310.0,39980.0,82210.0,128350.0
41-4011,"Sales Representatives, Wholesale and Manufacturing, Technical and Scientific Products",2021,266160.0,94840.0,102750.0,44460.0,61900.0,130860.0,168320.0
41-4012,"Sales Representatives, Wholesale and Manufacturing, Except Technical and Scientific Products",2021,1242490.0,61600.0,72390.0,30620.0,45800.0,85610.0,125750.0
41-9011,Demonstrators and Product Promoters,2021,40680.0,32350.0,36990.0,23870.0,29040.0,40130.0,53410.0
41-9012,Models,2021,2000.0,,,,,,
41-9021,Real Estate Brokers,2021,48460.0,62010.0,86490.0,30470.0,42920.0,101000.0,176080.0
41-9022,Real Estate Sales Agents,2021,175920.0,48340.0,61480.0,28270.0,35880.0,75940.0,102170.0
41-9031,Sales Engineers,2021,59550.0,103710.0,118630.0,62300.0,79900.0,155110.0,182850.0
41-9041,Telemarketers,2021,115130.0,28910.0,30670.0,19470.0,23470.0,34480.0,45190.0
41-9091,"Door-to-Door Sales Workers, News and Street Vendors, and Related Workers",2021,7860.0,29390.0,34970.0,20850.0,23530.0,36770.0,50890.0
41-9099,"Sales and Related Workers, All Other",2021,235740.0,29570.0,38840.0,23270.0,28350.0,37500.0,63030.0
43-1011,First-Line Supervisors of Office and Administrative Support Workers,2021,1443630.0,60590.0,63380.0,37370.0,47490.0,76920.0,97610.0
43-2011,"Switchboard Operators, Including Answering Service",2021,48190.0,30150.0,34590.0,23120.0,28720.0,37410.0,47330.0
43-2021,Telephone Operators,2021,3870.0,37630.0,39370.0,23690.0,29300.0,47830.0,60120.0
43-2099,"Communications Equipment Operators, All Other",2021,1340.0,47000.0,49470.0,29420.0,37370.0,60510.0,75410.0
43-3011,Bill and Account Collectors,2021,212900.0,37700.0,41280.0,28820.0,30420.0,46970.0,59360.0
43-3021,Billing and Posting Clerks,2021,429080.0,38330.0,42750.0,29760.0,36650.0,47700.0,59750.0
43-3031,"Bookkeeping, Accounting, and Auditing Clerks",2021,1509370.0,45560.0,45140.0,29120.0,36750.0,49760.0,61980.0
43-3041,Gambling Cage Workers,2021,11140.0,29360.0,30770.0,22660.0,26000.0,35620.0,37890.0
43-3051,Payroll and Timekeeping Clerks,2021,149290.0,47610.0,49560.0,30240.0,37880.0,60050.0,71500.0
43-3061,Procurement Clerks,2021,61930.0,45150.0,44930.0,30080.0,36890.0,50450.0,60510.0
43-3071,Tellers,2021,364210.0,36310.0,34930.0,28120.0,29410.0,37500.0,46320.0
43-3099,"Financial Clerks, All Other",2021,30310.0,46900.0,47830.0,30590.0,37040.0,54860.0,63620.0
43-4011,Brokerage Clerks,2021,39980.0,54000.0,57710.0,39290.0,47230.0,62570.0,78290.0
43-4021,Correspondence Clerks,2021,7060.0,37920.0,41710.0,29420.0,36750.0,46960.0,52310.0
43-4031,"Court, Municipal, and License Clerks",2021,150170.0,44610.0,44870.0,29070.0,36680.0,48230.0,60980.0
43-4041,"Credit Authorizers, Checkers, and Clerks",2021,16820.0,44710.0,44540.0,29840.0,36890.0,48620.0,61590.0
43-4051,Customer Service Representatives,2021,2787070.0,36920.0,39070.0,26340.0,29700.0,46460.0,58640.0
43-4061,"Eligibility Interviewers, Government Programs",2021,151340.0,47420.0,48570.0,31580.0,37250.0,59760.0,63590.0
43-4071,File Clerks,2021,85460.0,36360.0,36820.0,23980.0,29120.0,45760.0,49190.0
43-4081,"Hotel, Motel, and Resort Desk Clerks",2021,220380.0,28080.0,28040.0,21440.0,22910.0,29700.0,36470.0
43-4111,"Interviewers, Except Eligibility and Loan",2021,169840.0,37220.0,38840.0,28650.0,30020.0,46210.0,50400.0
43-4121,"Library Assistants, Clerical",2021,78470.0,29450.0,32490.0,22270.0,23910.0,37200.0,47000.0
43-4131,Loan Interviewers and Clerks,2021,238610.0,45940.0,44910.0,29800.0,37000.0,49140.0,60870.0
43-4141,New Accounts Clerks,2021,40500.0,37840.0,41250.0,29600.0,36340.0,46960.0,51750.0
43-4151,Order Clerks,2021,133850.0,37920.0,41820.0,28730.0,30040.0,47700.0,59620.0
43-4161,"Human Resources Assistants, Except Payroll and Timekeeping",2021,102770.0,45630.0,44840.0,29890.0,37180.0,49050.0,60680.0
43-4171,Receptionists and Information Clerks,2021,983150.0,29950.0,32910.0,23050.0,28420.0,36980.0,45760.0
43-4181,Reservation and Transportation Ticket Agents and Travel Clerks,2021,100860.0,39900.0,45630.0,29110.0,30690.0,59770.0,69420.0
43-4199,"Information and Record Clerks, All Other",2021,155080.0,43160.0,43950.0,29010.0,34590.0,50500.0,60610.0
43-5011,Cargo and Freight Agents,2021,85750.0,46910.0,48420.0,30020.0,37020.0,59380.0,69450.0
43-5021,Couriers and Messengers,2021,68310.0,33050.0,34270.0,23850.0,28960.0,37440.0,46220.0
43-5031,Public Safety Telecommunicators,2021,97050.0,46670.0,47030.0,29340.0,36890.0,59360.0,63940.0
43-5032,"Dispatchers, Except Police, Fire, and Ambulance",2021,194330.0,44050.0,46650.0,29120.0,35590.0,55340.0,71480.0
43-5041,"Meter Readers, Utilities",2021,24000.0,45720.0,47430.0,28690.0,32790.0,60020.0,75920.0
43-5051,Postal Service Clerks,2021,79320.0,52290.0,53210.0,38880.0,46070.0,64210.0,65500.0
43-5052,Postal Service Mail Carriers,2021,335540.0,52440.0,54370.0,39640.0,39640.0,67230.0,68640.0
43-5053,"Postal Service Mail Sorters, Processors, and Processing Machine Operators",2021,112130.0,48550.0,51010.0,36070.0,38880.0,63940.0,64210.0
43-5061,"Production, Planning, and Expediting Clerks",2021,367200.0,48040.0,52220.0,31550.0,38060.0,60840.0,76440.0
43-5071,"Shipping, Receiving, and Inventory Clerks",2021,795360.0,36890.0,38210.0,27830.0,29840.0,45710.0,50520.0
43-5111,"Weighers, Measurers, Checkers, and Samplers, Recordkeeping",2021,54760.0,37610.0,39540.0,28860.0,30210.0,46810.0,49810.0
43-6011,Executive Secretaries and Executive Administrative Assistants,2021,466910.0,62060.0,66870.0,38620.0,48720.0,78110.0,98280.0
43-6012,Legal Secretaries and Administrative Assistants,2021,155250.0,47710.0,52540.0,29770.0,37560.0,61590.0,77850.0
43-6013,Medical Secretaries and Administrative Assistants,2021,656640.0,37450.0,39740.0,29040.0,30710.0,46570.0,53630.0
43-6014,"Secretaries and Administrative Assistants, Except Legal, Medical, and Executive",2021,1825980.0,37880.0,41080.0,28200.0,30210.0,47570.0,59500.0
43-9021,Data Entry Keyers,2021,147170.0,35630.0,35940.0,24510.0,29310.0,39230.0,47700.0
43-9022,Word Processors and Typists,2021,41930.0,44030.0,43370.0,29780.0,37110.0,47950.0,60320.0
43-9031,Desktop Publishers,2021,7600.0,46910.0,50930.0,27770.0,30880.0,63760.0,79630.0
43-9041,Insurance Claims and Policy Processing Clerks,2021,218300.0,45520.0,45790.0,30010.0,37200.0,48860.0,61400.0
43-9051,"Mail Clerks and Mail Machine Operators, Except Postal Service",2021,69400.0,32550.0,34390.0,23430.0,28990.0,37500.0,47000.0
43-9061,"Office Clerks, General",2021,2578180.0,37030.0,38990.0,23500.0,29410.0,46900.0,58870.0
43-9071,"Office Machine Operators, Except Computer",2021,32920.0,36630.0,37110.0,26000.0,29820.0,41420.0,48500.0
43-9081,Proofreaders and Copy Markers,2021,5340.0,43940.0,46010.0,29120.0,34270.0,57260.0,62260.0
43-9111,Statistical Assistants,2021,6190.0,48160.0,53420.0,34650.0,38320.0,62170.0,79390.0
43-9199,"Office and Administrative Support Workers, All Other",2021,147140.0,37900.0,42580.0,24960.0,29800.0,48590.0,61730.0
45-1011,"First-Line Supervisors of Farming, Fishing, and Forestry Workers",2021,25770.0,48640.0,54450.0,32400.0,38350.0,63020.0,79050.0
45-2011,Agricultural Inspectors,2021,13630.0,45140.0,47430.0,29990.0,35610.0,56850.0,69450.0
45-2021,Animal Breeders,2021,950.0,40090.0,43270.0,22680.0,29630.0,58860.0,64010.0
45-2041,"Graders and Sorters, Agricultural Products",2021,25560.0,29630.0,30400.0,23170.0,28430.0,31600.0,37140.0
45-2091,Agricultural Equipment Operators,2021,26180.0,36360.0,36280.0,25490.0,29540.0,40330.0,47540.0
45-2092,"Farmworkers and Laborers, Crop, Nursery, and Greenhouse",2021,277200.0,29630.0,31440.0,28230.0,29120.0,31320.0,37280.0
45-2093,"Farmworkers, Farm, Ranch, and Aquacultural Animals",2021,34140.0,29630.0,32150.0,21840.0,25880.0,36960.0,46160.0
45-2099,"Agricultural Workers, All Other",2021,6100.0,32550.0,37190.0,21980.0,29060.0,44220.0,59740.0
45-4011,Forest and Conservation Workers,2021,6300.0,30550.0,33690.0,25850.0,29510.0,36830.0,47090.0
45-4021,Fallers,2021,4170.0,47700.0,53760.0,28010.0,36560.0,62200.0,90800.0
45-4022,Logging Equipment Operators,2021,25510.0,46400.0,43960.0,28810.0,35890.0,48770.0,61070.0
45-4023,Log Graders and Scalers,2021,3260.0,37820.0,41520.0,28830.0,32230.0,47760.0,59240.0
45-4029,"Logging Workers, All Other",2021,3080.0,46090.0,45430.0,28270.0,36190.0,51400.0,62170.0
47-1011,First-Line Supervisors of Construction Trades and Extraction Workers,2021,665870.0,72010.0,75060.0,47330.0,58000.0,92150.0,108120.0
47-2011,Boilermakers,2021,12920.0,64290.0,69070.0,46040.0,56430.0,79320.0,100240.0
47-2021,Brickmasons and Blockmasons,2021,55950.0,59340.0,61430.0,37100.0,47110.0,76070.0,96750.0
47-2022,Stonemasons,2021,9000.0,47610.0,50170.0,30180.0,37790.0,59380.0,75940.0
47-2031,Carpenters,2021,668060.0,48260.0,55190.0,31880.0,38240.0,61980.0,80940.0
47-2041,Carpet Installers,2021,19790.0,46640.0,48710.0,29090.0,36310.0,59770.0,75920.0
47-2042,"Floor Layers, Except Carpet, Wood, and Hard Tiles",2021,18300.0,48060.0,53880.0,29840.0,37330.0,66510.0,82630.0
47-2043,Floor Sanders and Finishers,2021,4340.0,39140.0,44380.0,28340.0,30250.0,48040.0,66190.0
47-2044,Tile and Stone Setters,2021,41160.0,47810.0,53330.0,30070.0,37620.0,61020.0,78370.0
47-2051,Cement Masons and Concrete Finishers,2021,186600.0,47340.0,50900.0,31610.0,37840.0,59690.0,76410.0
47-2053,Terrazzo Workers and Finishers,2021,2640.0,48680.0,58380.0,36810.0,38960.0,69790.0,96980.0
47-2061,Construction Laborers,2021,968760.0,37770.0,44130.0,28820.0,30780.0,48040.0,70310.0
47-2071,"Paving, Surfacing, and Tamping Equipment Operators",2021,44200.0,46960.0,50590.0,30220.0,37630.0,59650.0,77820.0
47-2072,Pile Driver Operators,2021,3760.0,76260.0,75950.0,38170.0,48950.0,96360.0,113360.0
47-2073,Operating Engineers and Other Construction Equipment Operators,2021,404820.0,48360.0,56280.0,36150.0,38570.0,62690.0,85560.0
47-2081,Drywall and Ceiling Tile Installers,2021,97070.0,48040.0,54810.0,30460.0,38000.0,61980.0,95600.0
47-2082,Tapers,2021,14580.0,61080.0,65140.0,37980.0,48040.0,79080.0,100160.0
47-2111,Electricians,2021,650580.0,60040.0,63310.0,37020.0,46900.0,77350.0,99800.0
47-2121,Glaziers,2021,52700.0,47180.0,51950.0,30470.0,37630.0,60150.0,79340.0
47-2131,"Insulation Workers, Floor, Ceiling, and Wall",2021,30360.0,39880.0,44810.0,29120.0,34200.0,48850.0,66210.0
47-2132,"Insulation Workers, Mechanical",2021,28010.0,48260.0,56260.0,35970.0,38540.0,62010.0,92010.0
47-2141,"Painters, Construction and Maintenance",2021,214220.0,45590.0,47140.0,29770.0,36920.0,53310.0,70570.0
47-2142,Paperhangers,2021,2340.0,47610.0,51560.0,29590.0,37670.0,60420.0,75940.0
47-2151,Pipelayers,2021,33330.0,45980.0,48510.0,30000.0,36910.0,59240.0,75410.0
47-2152,"Plumbers, Pipefitters, and Steamfitters",2021,417620.0,59880.0,63350.0,36700.0,46590.0,77890.0,99920.0
47-2161,Plasterers and Stucco Masons,2021,26980.0,48340.0,54810.0,30160.0,37860.0,61170.0,78310.0
47-2171,Reinforcing Iron and Rebar Workers,2021,16420.0,48830.0,58960.0,36930.0,45190.0,73490.0,97630.0
47-2181,Roofers,2021,129890.0,47110.0,48890.0,29870.0,37190.0,59480.0,73190.0
47-2211,Sheet Metal Workers,2021,122630.0,53440.0,58760.0,34450.0,39200.0,74920.0,95010.0
47-2221,Structural Iron and Steel Workers,2021,68620.0,58550.0,61270.0,36610.0,45670.0,76920.0,98000.0
47-2231,Solar Photovoltaic Installers,2021,16420.0,47670.0,50710.0,36320.0,37990.0,59010.0,72080.0
47-3011,"Helpers--Brickmasons, Blockmasons, Stonemasons, and Tile and Marble Setters",2021,18210.0,37870.0,43370.0,29280.0,33300.0,47430.0,64630.0
47-3012,Helpers--Carpenters,2021,27540.0,36690.0,37340.0,28080.0,29750.0,43790.0,48030.0
47-3013,Helpers--Electricians,2021,72150.0,36360.0,36720.0,27680.0,29630.0,39350.0,47790.0
47-3014,"Helpers--Painters, Paperhangers, Plasterers, and Stucco Masons",2021,8940.0,33370.0,35270.0,27040.0,29400.0,37970.0,46540.0
47-3015,"Helpers--Pipelayers, Plumbers, Pipefitters, and Steamfitters",2021,45930.0,35720.0,36350.0,27410.0,29260.0,38420.0,47630.0
47-3016,Helpers--Roofers,2021,6830.0,36360.0,36000.0,25890.0,29650.0,38550.0,47430.0
47-3019,"Helpers, Construction Trades, All Other",2021,27300.0,36690.0,37610.0,26620.0,29660.0,43480.0,48490.0
47-4011,Construction and Building Inspectors,2021,117830.0,61640.0,68480.0,38110.0,48360.0,78940.0,100520.0
47-4021,Elevator and Escalator Installers and Repairers,2021,22510.0,97860.0,91320.0,47370.0,62190.0,117350.0,130940.0
47-4031,Fence Erectors,2021,24470.0,37700.0,41140.0,28830.0,31920.0,46550.0,58210.0
47-4041,Hazardous Materials Removal Workers,2021,44240.0,46300.0,49280.0,30110.0,37070.0,59400.0,76390.0
47-4051,Highway Maintenance Workers,2021,141150.0,45880.0,44340.0,29130.0,36700.0,48500.0,60970.0
47-4061,Rail-Track Laying and Maintenance Equipment Operators,2021,21030.0,61690.0,60770.0,37620.0,48070.0,77560.0,80740.0
47-4071,Septic Tank Servicers and Sewer Pipe Cleaners,2021,28620.0,44810.0,45390.0,29310.0,36240.0,49850.0,61890.0
47-4090,Miscellaneous Construction and Related Workers,2021,30920.0,39850.0,45370.0,29350.0,35090.0,49860.0,66210.0
47-5011,"Derrick Operators, Oil and Gas",2021,7880.0,47230.0,52140.0,36460.0,38270.0,61020.0,77000.0
47-5012,"Rotary Drill Operators, Oil and Gas",2021,11170.0,56380.0,61840.0,36890.0,46940.0,76990.0,96520.0
47-5013,"Service Unit Operators, Oil and Gas",2021,32870.0,48410.0,55660.0,32700.0,37990.0,62370.0,79340.0
47-5022,"Excavating and Loading Machine and Dragline Operators, Surface Mining",2021,35720.0,46740.0,49850.0,34180.0,37790.0,58840.0,74320.0
47-5023,"Earth Drillers, Except Oil and Gas",2021,15800.0,48250.0,53600.0,36910.0,43780.0,60830.0,77160.0
47-5032,"Explosives Workers, Ordnance Handling Experts, and Blasters",2021,5370.0,53040.0,57070.0,36880.0,45610.0,65850.0,79320.0
47-5041,Continuous Mining Machine Operators,2021,14740.0,60300.0,57430.0,38050.0,47370.0,61690.0,78060.0
47-5043,"Roof Bolters, Mining",2021,1850.0,59770.0,59170.0,46840.0,47610.0,62000.0,75390.0
47-5044,"Loading and Moving Machine Operators, Underground Mining",2021,4450.0,57900.0,57330.0,38000.0,47060.0,61030.0,76390.0
47-5049,"Underground Mining Machine Operators, All Other",2021,3150.0,61260.0,60290.0,41480.0,48940.0,62890.0,79030.0
47-5051,"Rock Splitters, Quarry",2021,4450.0,37700.0,41630.0,28830.0,30120.0,47530.0,59730.0
47-5071,"Roustabouts, Oil and Gas",2021,34520.0,38920.0,44730.0,29460.0,36660.0,47790.0,60830.0
47-5081,Helpers--Extraction Workers,2021,5980.0,37760.0,40860.0,29400.0,34600.0,46740.0,52790.0
47-5099,"Extraction Workers, All Other",2021,5380.0,48140.0,50960.0,30900.0,37900.0,59790.0,76390.0
49-1011,"First-Line Supervisors of Mechanics, Installers, and Repairers",2021,526240.0,71260.0,73590.0,43800.0,51980.0,91390.0,105910.0
49-2011,"Computer, Automated Teller, and Office Machine Repairers",2021,86420.0,40970.0,44170.0,29010.0,34640.0,50440.0,60810.0
49-2021,"Radio, Cellular, and Tower Equipment Installers and Repairers",2021,13700.0,60360.0,62500.0,36900.0,47230.0,77800.0,97210.0
49-2022,"Telecommunications Equipment Installers and Repairers, Except Line Installers",2021,172830.0,60370.0,60350.0,36360.0,47040.0,76490.0,82660.0
49-2091,Avionics Technicians,2021,18910.0,69280.0,69860.0,38700.0,56960.0,80690.0,100860.0
49-2092,"Electric Motor, Power Tool, and Related Repairers",2021,15880.0,46910.0,48740.0,29920.0,37360.0,58970.0,70200.0
49-2093,"Electrical and Electronics Installers and Repairers, Transportation Equipment",2021,10710.0,77250.0,70650.0,45530.0,59870.0,80900.0,97630.0
49-2094,"Electrical and Electronics Repairers, Commercial and Industrial Equipment",2021,50780.0,61730.0,64230.0,37800.0,48420.0,76600.0,95700.0
49-2095,"Electrical and Electronics Repairers, Powerhouse, Substation, and Relay",2021,22490.0,93420.0,87640.0,59540.0,76140.0,101680.0,120000.0
49-2096,"Electronic Equipment Installers and Repairers, Motor Vehicles",2021,9000.0,40670.0,43690.0,29110.0,36260.0,48670.0,59770.0
49-2097,Audiovisual Equipment Installers and Repairers,2021,21540.0,44790.0,46120.0,29460.0,36490.0,54150.0,65110.0
49-2098,Security and Fire Alarm Systems Installers,2021,77420.0,48320.0,52170.0,30490.0,38110.0,60830.0,76240.0
49-3011,Aircraft Mechanics and Service Technicians,2021,125440.0,65380.0,69470.0,38270.0,50330.0,79540.0,98590.0
49-3021,Automotive Body and Related Repairers,2021,137300.0,47270.0,50660.0,29660.0,37360.0,59930.0,76220.0
49-3022,Automotive Glass Installers and Repairers,2021,16230.0,37920.0,40690.0,28470.0,31370.0,47090.0,57680.0
49-3023,Automotive Service Technicians and Mechanics,2021,629780.0,46880.0,47990.0,29010.0,35680.0,59950.0,75100.0
49-3031,Bus and Truck Mechanics and Diesel Engine Specialists,2021,261420.0,48690.0,53020.0,35730.0,41600.0,61050.0,76150.0
49-3041,Farm Equipment Mechanics and Service Technicians,2021,35030.0,46910.0,47250.0,30010.0,37280.0,58840.0,61900.0
49-3042,"Mobile Heavy Equipment Mechanics, Except Engines",2021,145230.0,58030.0,57280.0,37290.0,47020.0,63450.0,78420.0
49-3043,Rail Car Repairers,2021,22800.0,60250.0,60400.0,37430.0,47200.0,77150.0,80840.0
49-3051,Motorboat Mechanics and Service Technicians,2021,23080.0,46730.0,46660.0,29260.0,36730.0,56550.0,63740.0
49-3052,Motorcycle Mechanics,2021,15020.0,38170.0,41970.0,27890.0,30320.0,48060.0,60420.0
49-3053,Outdoor Power Equipment and Other Small Engine Mechanics,2021,34700.0,37540.0,40360.0,28120.0,30400.0,47000.0,58150.0
49-3091,Bicycle Repairers,2021,14760.0,34690.0,34360.0,24960.0,29120.0,37920.0,46210.0
49-3092,Recreational Vehicle Service Technicians,2021,16030.0,43560.0,44930.0,29080.0,36100.0,49660.0,61270.0
49-3093,Tire Repairers and Changers,2021,93180.0,29580.0,32520.0,23120.0,28260.0,36490.0,45190.0
49-9011,Mechanical Door Repairers,2021,23300.0,45060.0,45520.0,29780.0,36820.0,51440.0,61400.0
49-9012,"Control and Valve Installers and Repairers, Except Mechanical Door",2021,44870.0,62760.0,67310.0,37590.0,47840.0,80680.0,99680.0
49-9021,"Heating, Air Conditioning, and Refrigeration Mechanics and Installers",2021,356960.0,48630.0,54690.0,34320.0,38450.0,62000.0,78210.0
49-9031,Home Appliance Repairers,2021,28120.0,44320.0,45340.0,28450.0,34920.0,53890.0,63820.0
49-9041,Industrial Machinery Mechanics,2021,373090.0,59840.0,58780.0,37370.0,47260.0,67460.0,79270.0
49-9043,"Maintenance Workers, Machinery",2021,57660.0,48900.0,53570.0,35010.0,40540.0,61250.0,76110.0
49-9044,Millwrights,2021,39240.0,60330.0,61260.0,37860.0,47540.0,76110.0,81190.0
49-9045,"Refractory Materials Repairers, Except Brickmasons",2021,660.0,54250.0,54760.0,36780.0,46980.0,62760.0,72130.0
49-9051,Electrical Power-Line Installers and Repairers,2021,123940.0,78310.0,79060.0,46200.0,60480.0,99000.0,107110.0
49-9052,Telecommunications Line Installers and Repairers,2021,101530.0,60190.0,62250.0,37140.0,43570.0,78960.0,98320.0
49-9061,Camera and Photographic Equipment Repairers,2021,2340.0,38200.0,44260.0,28380.0,32760.0,48510.0,69300.0
49-9062,Medical Equipment Repairers,2021,53400.0,49910.0,56420.0,31280.0,38250.0,69920.0,81850.0
49-9063,Musical Instrument Repairers and Tuners,2021,5710.0,37160.0,39740.0,24420.0,29220.0,46700.0,59120.0
49-9064,Watch and Clock Repairers,2021,1970.0,44250.0,45460.0,23420.0,29300.0,55530.0,74760.0
49-9069,"Precision Instrument and Equipment Repairers, All Other",2021,11110.0,57670.0,59070.0,37070.0,46650.0,71680.0,81270.0
49-9071,"Maintenance and Repair Workers, General",2021,1416740.0,43180.0,44920.0,28910.0,34270.0,53900.0,62400.0
49-9081,Wind Turbine Service Technicians,2021,10100.0,56260.0,58580.0,46420.0,47040.0,63930.0,77810.0
49-9091,"Coin, Vending, and Amusement Machine Servicers and Repairers",2021,27540.0,39040.0,42010.0,27460.0,30300.0,48040.0,59770.0
49-9092,Commercial Divers,2021,2670.0,60360.0,82010.0,37130.0,47120.0,115330.0,160110.0
49-9094,Locksmiths and Safe Repairers,2021,15380.0,46910.0,47810.0,29330.0,36590.0,59380.0,69790.0
49-9095,Manufactured Building and Mobile Home Installers,2021,3530.0,36360.0,35830.0,25150.0,29180.0,38750.0,47410.0
49-9096,Riggers,2021,17980.0,48130.0,52100.0,30630.0,37820.0,61090.0,76550.0
49-9097,Signal and Track Switch Repairers,2021,8090.0,80570.0,74220.0,50560.0,63360.0,80900.0,84170.0
49-9098,"Helpers--Installation, Maintenance, and Repair Workers",2021,88480.0,33100.0,35090.0,23480.0,28990.0,37880.0,47180.0
49-9099,"Installation, Maintenance, and Repair Workers, All Other",2021,164070.0,42570.0,45380.0,29080.0,34470.0,53350.0,66450.0
51-1011,First-Line Supervisors of Production and Operating Workers,2021,629420.0,61790.0,67330.0,38070.0,48280.0,78820.0,100550.0
51-2011,"Aircraft Structure, Surfaces, Rigging, and Systems Assemblers",2021,33320.0,49480.0,55380.0,31820.0,38870.0,73470.0,80300.0
51-2021,"Coil Winders, Tapers, and Finishers",2021,11090.0,38360.0,42460.0,29250.0,33120.0,47500.0,60170.0
51-2028,"Electrical, Electronic, and Electromechanical Assemblers, Except Coil Winders, Tapers, and Finishers",2021,271920.0,37460.0,39630.0,28820.0,30120.0,46770.0,57240.0
51-2031,Engine and Other Machine Assemblers,2021,45990.0,47440.0,48110.0,30280.0,37610.0,60020.0,61190.0
51-2041,Structural Metal Fabricators and Fitters,2021,61070.0,45480.0,45730.0,30090.0,37180.0,49470.0,61590.0
51-2051,Fiberglass Laminators and Fabricators,2021,17380.0,37650.0,40360.0,29010.0,30660.0,47160.0,49670.0
51-2061,Timing Device Assemblers and Adjusters,2021,560.0,37780.0,44670.0,29680.0,32120.0,48010.0,65200.0
51-2090,Miscellaneous Assemblers and Fabricators,2021,1328550.0,36590.0,37780.0,26160.0,29710.0,45130.0,54510.0
51-3011,Bakers,2021,181800.0,29750.0,32300.0,22820.0,27660.0,36930.0,45450.0
51-3021,Butchers and Meat Cutters,2021,145930.0,36050.0,35670.0,23420.0,29120.0,38990.0,47770.0
51-3022,"Meat, Poultry, and Fish Cutters and Trimmers",2021,132100.0,29730.0,31680.0,23190.0,28470.0,36920.0,37820.0
51-3023,Slaughterers and Meat Packers,2021,86450.0,29900.0,32010.0,23750.0,29090.0,36870.0,37820.0
51-3091,"Food and Tobacco Roasting, Baking, and Drying Machine Operators and Tenders",2021,21050.0,35480.0,36280.0,23480.0,29060.0,43380.0,48840.0
51-3092,Food Batchmakers,2021,155240.0,35780.0,36190.0,23590.0,29160.0,44170.0,47760.0
51-3093,Food Cooking Machine Operators and Tenders,2021,26710.0,35890.0,35430.0,23890.0,29470.0,38580.0,47440.0
51-3099,"Food Processing Workers, All Other",2021,46360.0,31890.0,33600.0,23840.0,29210.0,36990.0,42140.0
51-4021,"Extruding and Drawing Machine Setters, Operators, and Tenders, Metal and Plastic",2021,59490.0,37750.0,40520.0,29190.0,31900.0,47330.0,56360.0
51-4022,"Forging Machine Setters, Operators, and Tenders, Metal and Plastic",2021,11500.0,44520.0,44410.0,29840.0,36750.0,49190.0,60390.0
51-4023,"Rolling Machine Setters, Operators, and Tenders, Metal and Plastic",2021,31650.0,46210.0,46210.0,30220.0,37610.0,56140.0,60800.0
51-4031,"Cutting, Punching, and Press Machine Setters, Operators, and Tenders, Metal and Plastic",2021,179630.0,37630.0,40000.0,29010.0,30520.0,47160.0,57390.0
51-4032,"Drilling and Boring Machine Tool Setters, Operators, and Tenders, Metal and Plastic",2021,6810.0,38580.0,43240.0,29820.0,33980.0,47970.0,60330.0
51-4033,"Grinding, Lapping, Polishing, and Buffing Machine Tool Setters, Operators, and Tenders, Metal and Plastic",2021,67750.0,37550.0,40030.0,29120.0,30500.0,47150.0,57000.0
51-4034,"Lathe and Turning Machine Tool Setters, Operators, and Tenders, Metal and Plastic",2021,19690.0,44240.0,44270.0,29720.0,36750.0,48920.0,60820.0
51-4035,"Milling and Planing Machine Setters, Operators, and Tenders, Metal and Plastic",2021,14920.0,46850.0,47100.0,30060.0,37370.0,56500.0,62280.0
51-4041,Machinists,2021,333220.0,47730.0,49020.0,30220.0,37770.0,60040.0,68250.0
51-4051,Metal-Refining Furnace Operators and Tenders,2021,15540.0,46690.0,46440.0,30060.0,37200.0,58240.0,62020.0
51-4052,"Pourers and Casters, Metal",2021,6570.0,45850.0,44910.0,30010.0,36750.0,50480.0,61920.0
51-4061,"Model Makers, Metal and Plastic",2021,3690.0,55630.0,59080.0,36900.0,43480.0,76920.0,80330.0
51-4062,"Patternmakers, Metal and Plastic",2021,2090.0,48090.0,49840.0,30120.0,37710.0,60660.0,75420.0
51-4071,Foundry Mold and Coremakers,2021,13610.0,37710.0,39980.0,28810.0,30590.0,47440.0,53850.0
51-4072,"Molding, Coremaking, and Casting Machine Setters, Operators, and Tenders, Metal and Plastic",2021,163210.0,36370.0,37530.0,27070.0,29570.0,44810.0,49990.0
51-4081,"Multiple Machine Tool Setters, Operators, and Tenders, Metal and Plastic",2021,134880.0,37630.0,40830.0,28560.0,30280.0,47500.0,59700.0
51-4111,Tool and Die Makers,2021,63630.0,57000.0,56150.0,36900.0,46720.0,63430.0,77240.0
51-4121,"Welders, Cutters, Solderers, and Brazers",2021,397600.0,47010.0,48290.0,31350.0,37860.0,56850.0,63660.0
51-4122,"Welding, Soldering, and Brazing Machine Setters, Operators, and Tenders",2021,29980.0,38580.0,42950.0,30010.0,36020.0,48290.0,59720.0
51-4191,"Heat Treating Equipment Setters, Operators, and Tenders, Metal and Plastic",2021,14540.0,38450.0,41560.0,29110.0,31890.0,47940.0,58180.0
51-4192,"Layout Workers, Metal and Plastic",2021,6840.0,51690.0,52340.0,32380.0,39460.0,61620.0,66000.0
51-4193,"Plating Machine Setters, Operators, and Tenders, Metal and Plastic",2021,32310.0,37200.0,38580.0,28820.0,30120.0,45760.0,49440.0
51-4194,"Tool Grinders, Filers, and Sharpeners",2021,6100.0,38430.0,43660.0,29010.0,34330.0,48980.0,60710.0
51-4199,"Metal Workers and Plastic Workers, All Other",2021,18740.0,36990.0,39480.0,28820.0,30070.0,45920.0,58180.0
51-5111,Prepress Technicians and Workers,2021,25840.0,42610.0,43800.0,29110.0,34180.0,48960.0,60960.0
51-5112,Printing Press Operators,2021,145290.0,37770.0,41120.0,27890.0,30160.0,47640.0,59830.0
51-5113,Print Binding and Finishing Workers,2021,40810.0,36590.0,37060.0,23840.0,29610.0,45820.0,48550.0
51-6011,Laundry and Dry-Cleaning Workers,2021,157400.0,28350.0,27830.0,20740.0,23040.0,29820.0,36300.0
51-6021,"Pressers, Textile, Garment, and Related Materials",2021,26910.0,28680.0,28110.0,21580.0,23290.0,29820.0,36160.0
51-6031,Sewing Machine Operators,2021,116220.0,29690.0,30880.0,22290.0,26120.0,36100.0,38420.0
51-6041,Shoe and Leather Workers and Repairers,2021,5620.0,31450.0,34890.0,23360.0,28350.0,38100.0,48010.0
51-6042,Shoe Machine Operators and Tenders,2021,3610.0,28560.0,29920.0,20970.0,23440.0,34490.0,38030.0
51-6051,"Sewers, Hand",2021,4170.0,29930.0,31350.0,22290.0,26330.0,36530.0,38660.0
51-6052,"Tailors, Dressmakers, and Custom Sewers",2021,17270.0,31420.0,35430.0,22070.0,27900.0,38660.0,57480.0
51-6061,Textile Bleaching and Dyeing Machine Operators and Tenders,2021,6240.0,29930.0,31940.0,23140.0,28350.0,36670.0,40420.0
51-6062,"Textile Cutting Machine Setters, Operators, and Tenders",2021,11970.0,29960.0,33100.0,23010.0,28350.0,37150.0,46800.0
51-6063,"Textile Knitting and Weaving Machine Setters, Operators, and Tenders",2021,16330.0,33990.0,33640.0,23720.0,29030.0,37170.0,45460.0
51-6064,"Textile Winding, Twisting, and Drawing Out Machine Setters, Operators, and Tenders",2021,22160.0,30020.0,33050.0,26060.0,29020.0,36990.0,40340.0
51-6091,"Extruding and Forming Machine Setters, Operators, and Tenders, Synthetic and Glass Fibers",2021,14040.0,37550.0,40600.0,29030.0,30750.0,47440.0,59520.0
51-6092,Fabric and Apparel Patternmakers,2021,3220.0,58650.0,64070.0,29500.0,37630.0,79540.0,104110.0
51-6093,Upholsterers,2021,28020.0,37420.0,38220.0,23700.0,29750.0,46210.0,52190.0
51-6099,"Textile, Apparel, and Furnishings Workers, All Other",2021,12750.0,29750.0,32840.0,22990.0,27520.0,37080.0,46370.0
51-7011,Cabinetmakers and Bench Carpenters,2021,93070.0,37540.0,40070.0,28200.0,30070.0,47160.0,58250.0
51-7021,Furniture Finishers,2021,16300.0,36580.0,37310.0,26200.0,29610.0,44520.0,48730.0
51-7031,"Model Makers, Wood",2021,340.0,60780.0,60040.0,37070.0,46910.0,75940.0,79830.0
51-7032,"Patternmakers, Wood",2021,210.0,46920.0,51020.0,30070.0,37710.0,62680.0,77280.0
51-7041,"Sawing Machine Setters, Operators, and Tenders, Wood",2021,45350.0,35340.0,35280.0,23430.0,29120.0,38090.0,47320.0
51-7042,"Woodworking Machine Setters, Operators, and Tenders, Except Sawing",2021,67210.0,36090.0,35560.0,23960.0,29390.0,38190.0,47330.0
51-7099,"Woodworkers, All Other",2021,7910.0,35610.0,36080.0,23700.0,29120.0,41550.0,49990.0
51-8011,Nuclear Power Reactor Operators,2021,4820.0,104260.0,111220.0,79720.0,98390.0,126950.0,132960.0
51-8012,Power Distributors and Dispatchers,2021,9660.0,98530.0,95520.0,61670.0,79270.0,109180.0,129900.0
51-8013,Power Plant Operators,2021,28960.0,80850.0,83740.0,48610.0,62890.0,100340.0,110590.0
51-8021,Stationary Engineers and Boiler Operators,2021,29820.0,63500.0,70510.0,44260.0,49760.0,80730.0,100690.0
51-8031,Water and Wastewater Treatment Plant and System Operators,2021,121150.0,47880.0,52320.0,30070.0,37720.0,60740.0,77170.0
51-8091,Chemical Plant and System Operators,2021,21740.0,70200.0,69020.0,38340.0,48920.0,81250.0,99960.0
51-8092,Gas Plant Operators,2021,15110.0,77850.0,76970.0,47470.0,61410.0,96200.0,103420.0
51-8093,"Petroleum Pump System Operators, Refinery Operators, and Gaugers",2021,34230.0,79540.0,80500.0,51290.0,64350.0,98030.0,101780.0
51-8099,"Plant and System Operators, All Other",2021,15420.0,50250.0,55480.0,29750.0,38070.0,66670.0,80270.0
51-9011,Chemical Equipment Operators and Tenders,2021,106170.0,48090.0,52450.0,30180.0,37610.0,61690.0,79100.0
51-9012,"Separating, Filtering, Clarifying, Precipitating, and Still Machine Setters, Operators, and Tenders",2021,48620.0,46030.0,47060.0,29680.0,36750.0,54650.0,65650.0
51-9021,"Crushing, Grinding, and Polishing Machine Setters, Operators, and Tenders",2021,31800.0,38760.0,42790.0,29120.0,33240.0,48500.0,59970.0
51-9022,"Grinding and Polishing Workers, Hand",2021,15680.0,35670.0,35990.0,24470.0,29750.0,38910.0,47730.0
51-9023,"Mixing and Blending Machine Setters, Operators, and Tenders",2021,108440.0,38420.0,42490.0,29250.0,34090.0,47850.0,59970.0
51-9031,"Cutters and Trimmers, Hand",2021,7920.0,30230.0,34330.0,23240.0,28100.0,37740.0,47680.0
51-9032,"Cutting and Slicing Machine Setters, Operators, and Tenders",2021,55930.0,37810.0,40010.0,28990.0,31310.0,47280.0,49710.0
51-9041,"Extruding, Forming, Pressing, and Compacting Machine Setters, Operators, and Tenders",2021,56570.0,37660.0,40050.0,28890.0,30280.0,47430.0,56580.0
51-9051,"Furnace, Kiln, Oven, Drier, and Kettle Operators and Tenders",2021,14180.0,43710.0,43910.0,29310.0,36070.0,49200.0,60640.0
51-9061,"Inspectors, Testers, Sorters, Samplers, and Weighers",2021,551380.0,38580.0,44810.0,28820.0,31540.0,49450.0,62970.0
51-9071,Jewelers and Precious Stone and Metal Workers,2021,24350.0,46640.0,47090.0,27030.0,35490.0,58260.0,68960.0
51-9081,Dental Laboratory Technicians,2021,34150.0,45770.0,47320.0,29600.0,36160.0,57730.0,71740.0
51-9082,Medical Appliance Technicians,2021,15300.0,45280.0,46320.0,30010.0,35940.0,49970.0,65000.0
51-9083,Ophthalmic Laboratory Technicians,2021,18930.0,37270.0,38910.0,28080.0,30010.0,46210.0,56190.0
51-9111,Packaging and Filling Machine Operators and Tenders,2021,358640.0,35960.0,36750.0,24960.0,29250.0,42050.0,48620.0
51-9123,"Painting, Coating, and Decorating Workers",2021,11850.0,37330.0,38250.0,26190.0,30010.0,45850.0,50720.0
51-9124,"Coating, Painting, and Spraying Machine Setters, Operators, and Tenders",2021,145410.0,39130.0,43900.0,29460.0,35430.0,48480.0,60330.0
51-9141,Semiconductor Processing Technicians,2021,24020.0,39870.0,45910.0,29830.0,36100.0,55910.0,72260.0
51-9151,Photographic Process Workers and Processing Machine Operators,2021,5740.0,36590.0,40300.0,26170.0,29690.0,46460.0,60650.0
51-9161,Computer Numerically Controlled Tool Operators,2021,157840.0,46640.0,46240.0,30220.0,37510.0,50630.0,61840.0
51-9162,Computer Numerically Controlled Tool Programmers,2021,25800.0,60780.0,62360.0,38290.0,48160.0,76540.0,86940.0
51-9191,Adhesive Bonding Machine Operators and Tenders,2021,12510.0,37630.0,38580.0,26920.0,29820.0,46480.0,48980.0
51-9192,"Cleaning, Washing, and Metal Pickling Equipment Operators and Tenders",2021,13580.0,35090.0,35820.0,25840.0,29250.0,38940.0,47330.0
51-9193,Cooling and Freezing Equipment Operators and Tenders,2021,7500.0,40390.0,42910.0,29200.0,35150.0,48330.0,59970.0
51-9194,Etchers and Engravers,2021,7110.0,36590.0,36970.0,23860.0,29460.0,43950.0,49390.0
51-9195,"Molders, Shapers, and Casters, Except Metal and Plastic",2021,38420.0,37500.0,39020.0,28820.0,30270.0,46210.0,51500.0
51-9196,"Paper Goods Machine Setters, Operators, and Tenders",2021,87480.0,44820.0,44180.0,29480.0,36390.0,48640.0,61380.0
51-9197,Tire Builders,2021,17240.0,47940.0,47840.0,30500.0,37630.0,60110.0,60390.0
51-9198,Helpers--Production Workers,2021,202860.0,30000.0,32910.0,22830.0,28260.0,37120.0,46230.0
51-9199,"Production Workers, All Other",2021,204500.0,32930.0,36230.0,23700.0,28840.0,39530.0,49980.0
53-1041,Aircraft Cargo Handling Supervisors,2021,8590.0,53540.0,62080.0,38830.0,48180.0,79830.0,82450.0
53-1047,"First-Line Supervisors of Transportation and Material Moving Workers, Except Aircraft Cargo Handling Supervisors",2021,549260.0,54850.0,58580.0,36820.0,42640.0,70160.0,82240.0
53-2011,"Airline Pilots, Copilots, and Flight Engineers",2021,81310.0,202180.0,198190.0,100110.0,126470.0,,
53-2012,Commercial Pilots,2021,42770.0,99640.0,115080.0,50080.0,75370.0,134110.0,205940.0
53-2021,Air Traffic Controllers,2021,21230.0,129750.0,127920.0,71880.0,90330.0,163700.0,185990.0
53-2022,Airfield Operations Specialists,2021,12610.0,47880.0,54360.0,30770.0,37990.0,63350.0,81910.0
53-2031,Flight Attendants,2021,96900.0,61640.0,62280.0,37020.0,48780.0,76920.0,81400.0
53-3011,"Ambulance Drivers and Attendants, Except Emergency Medical Technicians",2021,11710.0,29120.0,31060.0,22460.0,24320.0,34720.0,46740.0
53-3031,Driver/Sales Workers,2021,477020.0,29280.0,31970.0,18360.0,22570.0,37810.0,47850.0
53-3032,Heavy and Tractor-Trailer Truck Drivers,2021,1903420.0,48310.0,50340.0,30710.0,38570.0,59950.0,72730.0
53-3033,Light Truck Drivers,2021,1010040.0,38280.0,42630.0,24380.0,30350.0,48790.0,65500.0
53-3051,"Bus Drivers, School",2021,361420.0,37910.0,38750.0,19860.0,29490.0,47520.0,54190.0
53-3052,"Bus Drivers, Transit and Intercity",2021,145720.0,48620.0,51310.0,30290.0,38080.0,62400.0,77640.0
53-3053,Shuttle Drivers and Chauffeurs,2021,175660.0,30000.0,32570.0,22710.0,26420.0,37010.0,45980.0
53-3054,Taxi Drivers,2021,13950.0,29310.0,30050.0,21010.0,23950.0,33620.0,38670.0
53-3099,"Motor Vehicle Operators, All Other",2021,48690.0,30600.0,36410.0,20470.0,24710.0,45790.0,59640.0
53-4011,Locomotive Engineers,2021,38980.0,79740.0,72940.0,48780.0,62410.0,82050.0,84120.0
53-4013,"Rail Yard Engineers, Dinkey Operators, and Hostlers",2021,4460.0,61090.0,58070.0,38550.0,47350.0,64500.0,79270.0
53-4022,"Railroad Brake, Signal, and Switch Operators and Locomotive Firers",2021,16200.0,63840.0,63050.0,44260.0,60620.0,64440.0,80400.0
53-4031,Railroad Conductors and Yardmasters,2021,48030.0,63960.0,66990.0,48950.0,61220.0,77710.0,82460.0
53-4041,Subway and Streetcar Operators,2021,10310.0,81180.0,71520.0,48010.0,61000.0,81980.0,82160.0
53-4099,"Rail Transportation Workers, All Other",2021,1140.0,47590.0,54140.0,34170.0,38400.0,63530.0,77770.0
53-5011,Sailors and Marine Oilers,2021,26610.0,46720.0,57800.0,29120.0,35380.0,61430.0,78340.0
53-5021,"Captains, Mates, and Pilots of Water Vessels",2021,33490.0,81640.0,98330.0,37240.0,59400.0,122520.0,159690.0
53-5022,Motorboat Operators,2021,2740.0,38670.0,44410.0,28350.0,32620.0,51020.0,66640.0
53-5031,Ship Engineers,2021,7650.0,82410.0,96910.0,49420.0,64330.0,105910.0,139410.0
53-6011,Bridge and Lock Tenders,2021,4040.0,45390.0,44760.0,27400.0,28690.0,59250.0,64330.0
53-6021,Parking Attendants,2021,91160.0,29240.0,29210.0,19970.0,23410.0,31110.0,37800.0
53-6031,Automotive and Watercraft Service Attendants,2021,111480.0,29330.0,29960.0,22980.0,24960.0,31030.0,37810.0
53-6032,Aircraft Service Attendants,2021,12170.0,36390.0,38640.0,27920.0,29990.0,44670.0,58790.0
53-6041,Traffic Technicians,2021,7770.0,48610.0,53210.0,36450.0,38500.0,61920.0,79880.0
53-6051,Transportation Inspectors,2021,25070.0,79770.0,77620.0,37030.0,50780.0,98280.0,124200.0
53-6061,Passenger Attendants,2021,21240.0,30470.0,34380.0,24930.0,29210.0,38980.0,46820.0
53-6099,"Transportation Workers, All Other",2021,13750.0,36880.0,39990.0,23250.0,29520.0,48540.0,61450.0
53-7011,Conveyor Operators and Tenders,2021,28650.0,36420.0,37010.0,28790.0,29650.0,40490.0,48950.0
53-7021,Crane and Tower Operators,2021,43400.0,62240.0,65270.0,37490.0,48140.0,77930.0,98490.0
53-7031,Dredge Operators,2021,1650.0,46210.0,50530.0,35440.0,38250.0,61740.0,76610.0
53-7041,Hoist and Winch Operators,2021,2610.0,52300.0,58450.0,30560.0,37820.0,77980.0,99640.0
53-7051,Industrial Truck and Tractor Operators,2021,758290.0,38380.0,40950.0,29860.0,36000.0,47230.0,53040.0
53-7061,Cleaners of Vehicles and Equipment,2021,351960.0,29280.0,30550.0,21890.0,24180.0,34620.0,38830.0
53-7062,"Laborers and Freight, Stock, and Material Movers, Hand",2021,2729010.0,31230.0,34950.0,24180.0,29240.0,37970.0,47600.0
53-7063,Machine Feeders and Offbearers,2021,60880.0,37010.0,36660.0,26480.0,29920.0,39460.0,48350.0
53-7064,"Packers and Packagers, Hand",2021,585270.0,29940.0,30950.0,23030.0,26090.0,36060.0,38220.0
53-7065,Stockers and Order Fillers,2021,2451430.0,30110.0,33020.0,23460.0,28350.0,37470.0,45770.0
53-7071,Gas Compressor and Gas Pumping Station Operators,2021,2910.0,70720.0,67130.0,38490.0,49400.0,80500.0,90740.0
53-7072,"Pump Operators, Except Wellhead Pumpers",2021,10600.0,49580.0,54400.0,34120.0,38830.0,64740.0,79830.0
53-7073,Wellhead Pumpers,2021,16040.0,63740.0,67170.0,38590.0,49790.0,79520.0,94050.0
53-7081,Refuse and Recyclable Material Collectors,2021,126050.0,38500.0,42780.0,24950.0,30270.0,48870.0,62310.0
53-7121,"Tank Car, Truck, and Ship Loaders",2021,12090.0,49390.0,55330.0,33090.0,38570.0,77610.0,79860.0
53-7199,"Material Moving Workers, All Other",2021,22470.0,36150.0,40190.0,28450.0,29960.0,47380.0,60830.0
11-1011,Chief Executives,2022,199240.0,189520.0,246440.0,74920.0,122480.0,,
11-1021,General and Operations Managers,2022,3376680.0,98100.0,122860.0,43470.0,62070.0,154560.0,221270.0
11-1031,Legislators,2022,42890.0,48090.0,71100.0,20970.0,28690.0,94030.0,149710.0
11-2011,Advertising and Promotions Managers,2022,22010.0,127830.0,147050.0,60380.0,85020.0,172920.0,
11-2021,Marketing Managers,2022,328570.0,140040.0,158280.0,76790.0,103060.0,198530.0,
11-2022,Sales Managers,2022,536390.0,130600.0,150530.0,61040.0,87910.0,180390.0,
11-2032,Public Relations Managers,2022,64280.0,129430.0,150030.0,71710.0,96280.0,177170.0,
11-2033,Fundraising Managers,2022,26240.0,107390.0,124450.0,63320.0,80330.0,155100.0,205230.0
11-3012,Administrative Services Managers,2022,236570.0,103330.0,115640.0,59070.0,78490.0,135200.0,178870.0
11-3013,Facilities Managers,2022,116980.0,99030.0,105970.0,59280.0,75190.0,128590.0,164080.0
11-3021,Computer and Information Systems Managers,2022,533220.0,164070.0,173670.0,97430.0,127180.0,207850.0,
11-3031,Financial Managers,2022,740780.0,139790.0,166050.0,79050.0,104150.0,203720.0,
11-3051,Industrial Production Managers,2022,211710.0,107560.0,120900.0,67720.0,85350.0,139430.0,178470.0
11-3061,Purchasing Managers,2022,75070.0,131350.0,140650.0,80000.0,101790.0,166980.0,210000.0
11-3071,"Transportation, Storage, and Distribution Managers",2022,169910.0,98560.0,108910.0,57780.0,75640.0,130240.0,169070.0
11-3111,Compensation and Benefits Managers,2022,16850.0,131280.0,143140.0,77230.0,99270.0,172520.0,217650.0
11-3121,Human Resources Managers,2022,181360.0,130000.0,145750.0,76610.0,98230.0,171170.0,224360.0
11-3131,Training and Development Managers,2022,39550.0,120000.0,132100.0,68450.0,88680.0,161630.0,210470.0
11-9013,"Farmers, Ranchers, and Other Agricultural Managers",2022,6250.0,75760.0,83790.0,37440.0,53160.0,103130.0,139040.0
11-9021,Construction Managers,2022,303220.0,101480.0,112790.0,62210.0,78950.0,131280.0,168390.0
11-9031,"Education and Childcare Administrators, Preschool and Daycare",2022,60010.0,49690.0,57610.0,35190.0,40470.0,63240.0,85390.0
11-9032,"Education Administrators, Kindergarten through Secondary",2022,285910.0,101320.0,106690.0,64690.0,80290.0,128740.0,158770.0
11-9033,"Education Administrators, Postsecondary",2022,167060.0,99940.0,115180.0,61000.0,77010.0,132010.0,196420.0
11-9039,"Education Administrators, All Other",2022,50180.0,89130.0,99820.0,48650.0,64460.0,119520.0,154690.0
11-9041,Architectural and Engineering Managers,2022,197180.0,159920.0,163310.0,102450.0,128420.0,189130.0,221550.0
11-9051,Food Service Managers,2022,231100.0,61310.0,67130.0,38740.0,48110.0,77450.0,100520.0
11-9071,Gambling Managers,2022,4800.0,80710.0,95830.0,49710.0,61920.0,114790.0,163190.0
11-9072,"Entertainment and Recreation Managers, Except Gambling",2022,22950.0,67220.0,79750.0,38350.0,49980.0,94250.0,130040.0
11-9081,Lodging Managers,2022,39870.0,61910.0,73230.0,36860.0,47000.0,83630.0,122440.0
11-9111,Medical and Health Services Managers,2022,476750.0,104830.0,127980.0,64100.0,81430.0,143200.0,209990.0
11-9121,Natural Sciences Managers,2022,82570.0,144440.0,163610.0,73730.0,103780.0,210330.0,
11-9131,Postmasters and Mail Superintendents,2022,13460.0,82760.0,84190.0,74900.0,76420.0,91250.0,100340.0
11-9141,"Property, Real Estate, and Community Association Managers",2022,261120.0,60670.0,76110.0,35210.0,45400.0,84200.0,129900.0
11-9151,Social and Community Service Managers,2022,162880.0,74240.0,79310.0,46770.0,58590.0,95420.0,123320.0
11-9161,Emergency Management Directors,2022,11290.0,79180.0,88890.0,46920.0,59480.0,106200.0,147870.0
11-9171,Funeral Home Managers,2022,13680.0,72110.0,84770.0,43910.0,53490.0,97910.0,133010.0
11-9179,"Personal Service Managers, All Other",2022,8840.0,56090.0,60510.0,35010.0,40350.0,71350.0,96930.0
11-9199,"Managers, All Other",2022,543290.0,128620.0,141190.0,63380.0,92840.0,168570.0,218550.0
13-1011,"Agents and Business Managers of Artists, Performers, and Athletes",2022,13130.0,82530.0,120100.0,45180.0,62910.0,161340.0,
13-1020,Buyers and Purchasing Agents,2022,464880.0,67620.0,75140.0,41060.0,51820.0,90920.0,116370.0
13-1031,"Claims Adjusters, Examiners, and Investigators",2022,285270.0,72230.0,73380.0,46040.0,57050.0,85250.0,102630.0
13-1032,"Insurance Appraisers, Auto Damage",2022,11430.0,69380.0,71580.0,49940.0,60980.0,80590.0,94440.0
13-1041,Compliance Officers,2022,359640.0,71690.0,76980.0,41050.0,52490.0,97050.0,118060.0
13-1051,Cost Estimators,2022,225310.0,71200.0,76740.0,42110.0,53080.0,93420.0,120600.0
13-1071,Human Resources Specialists,2022,835360.0,64240.0,73080.0,39340.0,49160.0,86280.0,116060.0
13-1074,Farm Labor Contractors,2022,550.0,49330.0,54630.0,29880.0,34890.0,72690.0,85190.0
13-1075,Labor Relations Specialists,2022,62200.0,82010.0,87470.0,38900.0,61240.0,106230.0,131660.0
13-1081,Logisticians,2022,202970.0,77520.0,81220.0,46260.0,60020.0,99400.0,124050.0
13-1082,Project Management Specialists,2022,843910.0,95370.0,101610.0,52500.0,68980.0,126660.0,159150.0
13-1111,Management Analysts,2022,808860.0,95290.0,104660.0,55590.0,70310.0,127480.0,167650.0
13-1121,"Meeting, Convention, and Event Planners",2022,112070.0,52560.0,58750.0,32050.0,40030.0,70230.0,92880.0
13-1131,Fundraisers,2022,94630.0,61190.0,66670.0,37700.0,46930.0,80230.0,102740.0
13-1141,"Compensation, Benefits, and Job Analysis Specialists",2022,93550.0,67780.0,75920.0,42250.0,52410.0,89740.0,117060.0
13-1151,Training and Development Specialists,2022,367180.0,63080.0,69870.0,34950.0,46480.0,83920.0,108530.0
13-1161,Market Research Analysts and Marketing Specialists,2022,798620.0,68230.0,78880.0,38280.0,49980.0,99000.0,131850.0
13-1199,"Business Operations Specialists, All Other",2022,1081230.0,75990.0,82670.0,40310.0,54720.0,101090.0,131260.0
13-2011,Accountants and Auditors,2022,1402420.0,78000.0,86740.0,48560.0,60920.0,101150.0,132690.0
13-2020,Property Appraisers and Assessors,2022,59970.0,61560.0,80460.0,35700.0,46530.0,82950.0,117600.0
13-2031,Budget Analysts,2022,48430.0,82260.0,87680.0,53000.0,65360.0,104290.0,128170.0
13-2041,Credit Analysts,2022,71960.0,78850.0,92180.0,47960.0,60290.0,105900.0,161800.0
13-2051,Financial and Investment Analysts,2022,291370.0,95080.0,108790.0,58950.0,73320.0,126120.0,169940.0
13-2052,Personal Financial Advisors,2022,283060.0,95390.0,137740.0,46700.0,61960.0,165590.0,
13-2053,Insurance Underwriters,2022,105900.0,76230.0,82990.0,47340.0,59790.0,100790.0,130210.0
13-2054,Financial Risk Specialists,2022,55800.0,102120.0,116140.0,59510.0,77800.0,134720.0,175720.0
13-2061,Financial Examiners,2022,63370.0,82210.0,95610.0,48490.0,62250.0,118370.0,162760.0
13-2071,Credit Counselors,2022,29090.0,47320.0,51650.0,33670.0,39090.0,58390.0,74310.0
13-2072,Loan Officers,2022,345550.0,65740.0,84160.0,34920.0,47890.0,99200.0,138580.0
13-2081,"Tax Examiners and Collectors, and Revenue Agents",2022,50610.0,57950.0,64410.0,36570.0,44530.0,78330.0,107120.0
13-2082,Tax Preparers,2022,82370.0,48250.0,55840.0,27680.0,34350.0,74500.0,96610.0
13-2099,"Financial Specialists, All Other",2022,127020.0,73810.0,83580.0,38330.0,52070.0,100650.0,133080.0
15-1211,Computer Systems Analysts,2022,505210.0,102240.0,107530.0,61390.0,79100.0,130400.0,161980.0
15-1212,Information Security Analysts,2022,163690.0,112000.0,119860.0,66010.0,85270.0,141130.0,174540.0
15-1221,Computer and Information Research Scientists,2022,33780.0,136620.0,155880.0,78190.0,99410.0,176790.0,232010.0
15-1231,Computer Network Support Specialists,2022,168920.0,68050.0,76060.0,42440.0,52100.0,89060.0,115220.0
15-1232,Computer User Support Specialists,2022,696830.0,57890.0,61580.0,36580.0,45330.0,73720.0,94920.0
15-1241,Computer Network Architects,2022,173920.0,126900.0,129490.0,73490.0,95380.0,160270.0,185170.0
15-1242,Database Administrators,2022,80520.0,99890.0,102530.0,53010.0,70140.0,129730.0,153870.0
15-1243,Database Architects,2022,62470.0,134870.0,136540.0,74980.0,103840.0,168360.0,197350.0
15-1244,Network and Computer Systems Administrators,2022,325930.0,90520.0,97160.0,56260.0,70120.0,115070.0,140430.0
15-1251,Computer Programmers,2022,132740.0,97800.0,102790.0,54310.0,72460.0,124060.0,157690.0
15-1252,Software Developers,2022,1534790.0,127260.0,132930.0,71280.0,96790.0,161480.0,198100.0
15-1253,Software Quality Assurance Analysts and Testers,2022,196420.0,99620.0,105750.0,55510.0,75710.0,127660.0,159740.0
15-1254,Web Developers,2022,88620.0,78580.0,87580.0,40460.0,55990.0,108550.0,144690.0
15-1255,Web and Digital Interface Designers,2022,97350.0,83240.0,101740.0,43100.0,56640.0,124070.0,166180.0
15-1299,"Computer Occupations, All Other",2022,416320.0,98740.0,104660.0,46540.0,65430.0,132030.0,166780.0
15-2011,Actuaries,2022,25010.0,113990.0,127580.0,71760.0,84800.0,155670.0,199300.0
15-2021,Mathematicians,2022,2070.0,112110.0,113860.0,57680.0,82110.0,140070.0,171540.0
15-2031,Operations Research Analysts,2022,105080.0,85720.0,95820.0,50440.0,64060.0,113980.0,149640.0
15-2041,Statisticians,2022,30780.0,98920.0,105510.0,58090.0,76360.0,129060.0,161300.0
15-2051,Data Scientists,2022,159630.0,103500.0,115240.0,58510.0,77140.0,136600.0,174790.0
15-2099,"Mathematical Science Occupations, All Other",2022,3840.0,71700.0,82160.0,38500.0,50730.0,97610.0,145280.0
17-1011,"Architects, Except Landscape and Naval",2022,107490.0,82840.0,96510.0,51310.0,65220.0,105190.0,136400.0
17-1012,Landscape Architects,2022,18120.0,73210.0,77820.0,42870.0,54870.0,94860.0,121660.0
17-1021,Cartographers and Photogrammetrists,2022,13270.0,71890.0,75300.0,47550.0,58660.0,90690.0,107600.0
17-1022,Surveyors,2022,47770.0,63080.0,71060.0,39060.0,48850.0,85890.0,106880.0
17-2011,Aerospace Engineers,2022,61580.0,126880.0,127090.0,78170.0,97620.0,160840.0,176280.0
17-2021,Agricultural Engineers,2022,1500.0,83260.0,90710.0,50480.0,63010.0,106700.0,146350.0
17-2031,Bioengineers and Biomedical Engineers,2022,19210.0,99550.0,108060.0,63420.0,78500.0,129230.0,159130.0
17-2041,Chemical Engineers,2022,20380.0,106260.0,117820.0,72490.0,84670.0,134490.0,171400.0
17-2051,Civil Engineers,2022,307570.0,89940.0,97380.0,61040.0,74330.0,117540.0,138690.0
17-2061,Computer Hardware Engineers,2022,74640.0,132360.0,140830.0,78380.0,103490.0,167740.0,208200.0
17-2071,Electrical Engineers,2022,182210.0,103320.0,114050.0,65480.0,80550.0,132880.0,166970.0
17-2072,"Electronics Engineers, Except Computer",2022,106640.0,108170.0,118460.0,74880.0,86190.0,137870.0,171430.0
17-2081,Environmental Engineers,2022,45440.0,96530.0,101670.0,60020.0,75550.0,123540.0,150840.0
17-2111,"Health and Safety Engineers, Except Mining Safety Engineers and Inspectors",2022,21520.0,100660.0,103570.0,59090.0,78830.0,127780.0,152550.0
17-2112,Industrial Engineers,2022,321400.0,96350.0,98560.0,62730.0,77600.0,117000.0,134990.0
17-2121,Marine Engineers and Naval Architects,2022,7450.0,96910.0,105560.0,66360.0,81320.0,119550.0,150260.0
17-2131,Materials Engineers,2022,21510.0,100140.0,105420.0,60700.0,78580.0,130260.0,162300.0
17-2141,Mechanical Engineers,2022,277560.0,96310.0,100820.0,61990.0,76980.0,122680.0,151260.0
17-2151,"Mining and Geological Engineers, Including Mining Safety Engineers",2022,7390.0,97490.0,101290.0,55460.0,74250.0,121990.0,158540.0
17-2161,Nuclear Engineers,2022,12250.0,122480.0,124540.0,79440.0,98320.0,137810.0,169580.0
17-2171,Petroleum Engineers,2022,20540.0,131800.0,142800.0,76960.0,101080.0,169230.0,220040.0
17-2199,"Engineers, All Other",2022,150420.0,104600.0,111280.0,59380.0,79670.0,135310.0,168320.0
17-3011,Architectural and Civil Drafters,2022,105960.0,59820.0,61660.0,37770.0,47580.0,74440.0,86180.0
17-3012,Electrical and Electronics Drafters,2022,20930.0,64240.0,68640.0,43270.0,49960.0,80980.0,99420.0
17-3013,Mechanical Drafters,2022,47540.0,61310.0,65700.0,39030.0,48400.0,77930.0,99070.0
17-3019,"Drafters, All Other",2022,17980.0,57640.0,60370.0,38000.0,46390.0,71850.0,86250.0
17-3021,Aerospace Engineering and Operations Technologists and Technicians,2022,9750.0,74410.0,77060.0,47950.0,57580.0,96150.0,109610.0
17-3022,Civil Engineering Technologists and Technicians,2022,62350.0,59630.0,61480.0,37430.0,46300.0,74590.0,85740.0
17-3023,Electrical and Electronic Engineering Technologists and Technicians,2022,99050.0,66390.0,70810.0,43930.0,52400.0,81890.0,101480.0
17-3024,Electro-Mechanical and Mechatronics Technologists and Technicians,2022,14540.0,60570.0,65920.0,40300.0,48550.0,78250.0,99390.0
17-3025,Environmental Engineering Technologists and Technicians,2022,13400.0,50980.0,58020.0,35810.0,42190.0,66550.0,84430.0
17-3026,Industrial Engineering Technologists and Technicians,2022,66560.0,61210.0,63470.0,40710.0,48750.0,75510.0,90430.0
17-3027,Mechanical Engineering Technologists and Technicians,2022,39610.0,61990.0,64530.0,39890.0,49060.0,77310.0,94720.0
17-3028,Calibration Technologists and Technicians,2022,10790.0,62050.0,67200.0,39760.0,48930.0,80030.0,99300.0
17-3029,"Engineering Technologists and Technicians, Except Drafters, All Other",2022,70250.0,65520.0,70550.0,38570.0,49140.0,85930.0,105120.0
17-3031,Surveying and Mapping Technicians,2022,56580.0,47180.0,51570.0,31840.0,37720.0,61070.0,77310.0
19-1011,Animal Scientists,2022,2520.0,69390.0,85870.0,45910.0,54770.0,101100.0,145780.0
19-1012,Food Scientists and Technologists,2022,14720.0,79860.0,85730.0,47900.0,62160.0,102810.0,132230.0
19-1013,Soil and Plant Scientists,2022,16010.0,65730.0,76410.0,38520.0,50220.0,94290.0,123480.0
19-1021,Biochemists and Biophysicists,2022,32500.0,103810.0,114740.0,61540.0,78700.0,133150.0,171010.0
19-1022,Microbiologists,2022,19710.0,81990.0,88950.0,46270.0,59110.0,108120.0,136630.0
19-1023,Zoologists and Wildlife Biologists,2022,17410.0,67430.0,72610.0,44610.0,52960.0,83070.0,104750.0
19-1029,"Biological Scientists, All Other",2022,55300.0,87300.0,95920.0,50730.0,63920.0,114670.0,155570.0
19-1031,Conservation Scientists,2022,22880.0,64460.0,69810.0,41360.0,50230.0,82750.0,102670.0
19-1032,Foresters,2022,9430.0,64220.0,68090.0,45260.0,51710.0,79660.0,97460.0
19-1041,Epidemiologists,2022,9430.0,78520.0,85880.0,51170.0,62320.0,100940.0,123430.0
19-1042,"Medical Scientists, Except Epidemiologists",2022,110550.0,99930.0,110670.0,58190.0,66780.0,132870.0,170260.0
19-1099,"Life Scientists, All Other",2022,8320.0,83930.0,100370.0,47710.0,62210.0,124530.0,169150.0
19-2011,Astronomers,2022,2160.0,128330.0,127460.0,63390.0,83980.0,166020.0,181510.0
19-2012,Physicists,2022,18840.0,142850.0,150130.0,74760.0,108050.0,176280.0,219760.0
19-2021,Atmospheric and Space Scientists,2022,9900.0,83780.0,93610.0,50490.0,66210.0,115400.0,141520.0
19-2031,Chemists,2022,83940.0,80670.0,90530.0,49050.0,61960.0,109270.0,139200.0
19-2032,Materials Scientists,2022,7620.0,104380.0,110690.0,61730.0,80900.0,135250.0,165840.0
19-2041,"Environmental Scientists and Specialists, Including Health",2022,77270.0,76480.0,83820.0,46920.0,59060.0,100670.0,130770.0
19-2042,"Geoscientists, Except Hydrologists and Geographers",2022,25230.0,87480.0,104560.0,49150.0,62770.0,131610.0,173620.0
19-2043,Hydrologists,2022,6270.0,85990.0,96300.0,54590.0,66580.0,110880.0,150490.0
19-2099,"Physical Scientists, All Other",2022,19820.0,107970.0,116230.0,56520.0,80530.0,143350.0,176280.0
19-3011,Economists,2022,16370.0,113940.0,128180.0,62480.0,81810.0,156940.0,207230.0
19-3022,Survey Researchers,2022,7880.0,60410.0,66440.0,30770.0,44150.0,80620.0,104890.0
19-3032,Industrial-Organizational Psychologists,2022,1280.0,139280.0,144610.0,72490.0,85990.0,209630.0,210030.0
19-3033,Clinical and Counseling Psychologists,2022,62880.0,90130.0,102740.0,42760.0,62070.0,126240.0,168790.0
19-3034,School Psychologists,2022,60250.0,81500.0,87550.0,53040.0,64880.0,103890.0,128800.0
19-3039,"Psychologists, All Other",2022,13900.0,106420.0,99560.0,40000.0,68410.0,124020.0,138860.0
19-3041,Sociologists,2022,2980.0,98590.0,101310.0,57490.0,71680.0,126920.0,166040.0
19-3051,Urban and Regional Planners,2022,39880.0,79540.0,82420.0,49960.0,62130.0,100500.0,121460.0
19-3091,Anthropologists and Archeologists,2022,7350.0,63940.0,68310.0,40260.0,50020.0,81120.0,100560.0
19-3092,Geographers,2022,1360.0,88900.0,88960.0,57430.0,67430.0,105360.0,121060.0
19-3093,Historians,2022,3120.0,64540.0,72900.0,37280.0,47290.0,93340.0,123260.0
19-3094,Political Scientists,2022,5660.0,128020.0,126140.0,65200.0,89810.0,163320.0,176280.0
19-3099,"Social Scientists and Related Workers, All Other",2022,33210.0,88900.0,94560.0,56120.0,70990.0,113780.0,137020.0
19-4012,Agricultural Technicians,2022,13140.0,41760.0,45640.0,29900.0,34520.0,51450.0,63720.0
19-4013,Food Science Technicians,2022,14350.0,47860.0,51320.0,36050.0,39140.0,60180.0,71370.0
19-4021,Biological Technicians,2022,73710.0,49650.0,53560.0,33480.0,39040.0,63060.0,79110.0
19-4031,Chemical Technicians,2022,56030.0,50840.0,56180.0,35770.0,41430.0,64370.0,81610.0
19-4042,"Environmental Science and Protection Technicians, Including Health",2022,33920.0,48380.0,53970.0,32180.0,38780.0,62900.0,82690.0
19-4043,"Geological Technicians, Except Hydrologic Technicians",2022,9170.0,48490.0,60810.0,34740.0,39060.0,68750.0,102190.0
19-4044,Hydrologic Technicians,2022,2920.0,58360.0,66640.0,36880.0,44720.0,79440.0,108990.0
19-4051,Nuclear Technicians,2022,5880.0,100420.0,97040.0,63500.0,78410.0,107470.0,126050.0
19-4061,Social Science Research Assistants,2022,28720.0,50470.0,57760.0,33860.0,41980.0,64100.0,82350.0
19-4071,Forest and Conservation Technicians,2022,29120.0,41520.0,45000.0,32550.0,35360.0,52830.0,62400.0
19-4092,Forensic Science Technicians,2022,17590.0,63740.0,69260.0,39710.0,49320.0,82160.0,104330.0
19-4099,"Life, Physical, and Social Science Technicians, All Other",2022,70770.0,50290.0,57790.0,33270.0,39360.0,65740.0,90760.0
19-5011,Occupational Health and Safety Specialists,2022,109430.0,78570.0,82110.0,47160.0,60320.0,99070.0,121510.0
19-5012,Occupational Health and Safety Technicians,2022,23670.0,57970.0,63230.0,36180.0,46860.0,75510.0,94830.0
21-1012,"Educational, Guidance, and Career Counselors and Advisors",2022,308000.0,60140.0,64200.0,38280.0,47380.0,76590.0,98530.0
21-1013,Marriage and Family Therapists,2022,62080.0,56570.0,63300.0,36840.0,44730.0,75220.0,98700.0
21-1015,Rehabilitation Counselors,2022,82420.0,39990.0,46020.0,29120.0,33790.0,53470.0,71270.0
21-1018,"Substance Abuse, Behavioral Disorder, and Mental Health Counselors",2022,344970.0,49710.0,56230.0,34580.0,39810.0,64400.0,82710.0
21-1019,"Counselors, All Other",2022,37270.0,43390.0,49770.0,31930.0,36730.0,52770.0,75340.0
21-1021,"Child, Family, and School Social Workers",2022,344770.0,50820.0,56680.0,36380.0,42060.0,65250.0,81920.0
21-1022,Healthcare Social Workers,2022,182420.0,60280.0,62760.0,38520.0,47510.0,75390.0,87830.0
21-1023,Mental Health and Substance Abuse Social Workers,2022,107940.0,51240.0,60130.0,34630.0,39730.0,73050.0,97660.0
21-1029,"Social Workers, All Other",2022,54620.0,61420.0,64360.0,37500.0,46340.0,81660.0,95560.0
21-1091,Health Education Specialists,2022,56190.0,59990.0,66710.0,37140.0,45490.0,81610.0,106210.0
21-1092,Probation Officers and Correctional Treatment Specialists,2022,89920.0,59860.0,64920.0,38550.0,46140.0,78810.0,101080.0
21-1093,Social and Human Service Assistants,2022,399560.0,38520.0,41600.0,28610.0,32850.0,47130.0,58770.0
21-1094,Community Health Workers,2022,61300.0,46190.0,49900.0,32180.0,38010.0,59220.0,73730.0
21-1099,"Community and Social Service Specialists, All Other",2022,94270.0,47290.0,51620.0,30900.0,37190.0,60260.0,78030.0
21-2011,Clergy,2022,53140.0,55550.0,60180.0,31170.0,41040.0,68180.0,93530.0
21-2021,"Directors, Religious Activities and Education",2022,24030.0,49380.0,60540.0,30150.0,38060.0,72290.0,101650.0
21-2099,"Religious Workers, All Other",2022,10720.0,39370.0,45420.0,26880.0,30790.0,54200.0,72600.0
23-1011,Lawyers,2022,707160.0,135740.0,163770.0,66470.0,94440.0,208980.0,
23-1012,Judicial Law Clerks,2022,15540.0,57490.0,66310.0,38850.0,44800.0,76600.0,106670.0
23-1021,"Administrative Law Judges, Adjudicators, and Hearing Officers",2022,12490.0,94990.0,97250.0,46070.0,65250.0,122970.0,151470.0
23-1022,"Arbitrators, Mediators, and Conciliators",2022,7780.0,64030.0,98920.0,33980.0,48130.0,98680.0,194630.0
23-1023,"Judges, Magistrate Judges, and Magistrates",2022,28230.0,151030.0,153700.0,46470.0,86210.0,183820.0,227850.0
23-2011,Paralegals and Legal Assistants,2022,345240.0,59200.0,62840.0,37690.0,46850.0,75560.0,94960.0
23-2093,"Title Examiners, Abstractors, and Searchers",2022,53680.0,50490.0,57030.0,34060.0,40040.0,65690.0,83990.0
23-2099,"Legal Support Workers, All Other",2022,46480.0,62340.0,77200.0,38950.0,47000.0,97660.0,148910.0
25-1011,"Business Teachers, Postsecondary",2022,78410.0,88790.0,108060.0,48100.0,62340.0,133750.0,206630.0
25-1021,"Computer Science Teachers, Postsecondary",2022,33870.0,84760.0,98610.0,48620.0,63170.0,125790.0,165880.0
25-1022,"Mathematical Science Teachers, Postsecondary",2022,46560.0,77420.0,90110.0,47740.0,59900.0,103960.0,159730.0
25-1031,"Architecture Teachers, Postsecondary",2022,6420.0,93220.0,104370.0,48900.0,66270.0,128980.0,171740.0
25-1032,"Engineering Teachers, Postsecondary",2022,36010.0,103550.0,114470.0,56860.0,78570.0,136530.0,178740.0
25-1041,"Agricultural Sciences Teachers, Postsecondary",2022,8240.0,85860.0,96650.0,48130.0,65020.0,118620.0,150550.0
25-1042,"Biological Science Teachers, Postsecondary",2022,49920.0,81650.0,97800.0,49800.0,62220.0,121530.0,166750.0
25-1043,"Forestry and Conservation Science Teachers, Postsecondary",2022,1270.0,96500.0,98160.0,51840.0,76550.0,115980.0,138310.0
25-1051,"Atmospheric, Earth, Marine, and Space Sciences Teachers, Postsecondary",2022,11150.0,97770.0,107540.0,50590.0,64200.0,131650.0,178740.0
25-1052,"Chemistry Teachers, Postsecondary",2022,20650.0,80720.0,95250.0,50130.0,62770.0,108000.0,163180.0
25-1053,"Environmental Science Teachers, Postsecondary",2022,6240.0,83040.0,91450.0,47330.0,61680.0,106720.0,141190.0
25-1054,"Physics Teachers, Postsecondary",2022,12860.0,86550.0,100810.0,50820.0,63450.0,125950.0,166570.0
25-1061,"Anthropology and Archeology Teachers, Postsecondary",2022,4930.0,85000.0,98940.0,50920.0,64400.0,119590.0,167180.0
25-1062,"Area, Ethnic, and Cultural Studies Teachers, Postsecondary",2022,9340.0,80910.0,92980.0,48280.0,62360.0,104720.0,162440.0
25-1063,"Economics Teachers, Postsecondary",2022,11640.0,103930.0,122750.0,51480.0,76580.0,144980.0,213680.0
25-1064,"Geography Teachers, Postsecondary",2022,3340.0,81920.0,87880.0,49920.0,63600.0,102950.0,133030.0
25-1065,"Political Science Teachers, Postsecondary",2022,15190.0,83770.0,98420.0,49300.0,62820.0,122090.0,164370.0
25-1066,"Psychology Teachers, Postsecondary",2022,40050.0,78810.0,88470.0,47270.0,61010.0,102710.0,136680.0
25-1067,"Sociology Teachers, Postsecondary",2022,12030.0,78970.0,90200.0,47990.0,61320.0,103340.0,155040.0
25-1069,"Social Sciences Teachers, Postsecondary, All Other",2022,16200.0,75390.0,89350.0,42080.0,56760.0,105190.0,166340.0
25-1071,"Health Specialties Teachers, Postsecondary",2022,207700.0,100300.0,127640.0,48670.0,64730.0,167120.0,
25-1072,"Nursing Instructors and Teachers, Postsecondary",2022,69190.0,78580.0,84180.0,47760.0,61800.0,100630.0,127290.0
25-1081,"Education Teachers, Postsecondary",2022,58280.0,66930.0,78540.0,38190.0,50990.0,97340.0,129570.0
25-1082,"Library Science Teachers, Postsecondary",2022,4330.0,76370.0,81720.0,50370.0,61920.0,96130.0,121230.0
25-1111,"Criminal Justice and Law Enforcement Teachers, Postsecondary",2022,13900.0,64990.0,78980.0,40720.0,51670.0,97710.0,129640.0
25-1112,"Law Teachers, Postsecondary",2022,14830.0,108860.0,133950.0,43400.0,62940.0,176900.0,
25-1113,"Social Work Teachers, Postsecondary",2022,12050.0,66510.0,75330.0,40130.0,51400.0,85040.0,109610.0
25-1121,"Art, Drama, and Music Teachers, Postsecondary",2022,97830.0,77280.0,93440.0,40960.0,58570.0,103690.0,167610.0
25-1122,"Communications Teachers, Postsecondary",2022,27350.0,76250.0,84700.0,46930.0,58520.0,99850.0,133720.0
25-1123,"English Language and Literature Teachers, Postsecondary",2022,57680.0,74280.0,83130.0,45980.0,53460.0,100200.0,133220.0
25-1124,"Foreign Language and Literature Teachers, Postsecondary",2022,19520.0,76030.0,83300.0,46420.0,59250.0,99570.0,130250.0
25-1125,"History Teachers, Postsecondary",2022,18250.0,79400.0,88640.0,46540.0,61140.0,102870.0,134420.0
25-1126,"Philosophy and Religion Teachers, Postsecondary",2022,21620.0,78780.0,87100.0,46940.0,61200.0,100150.0,132600.0
25-1192,"Family and Consumer Sciences Teachers, Postsecondary",2022,2420.0,76440.0,89840.0,47770.0,58220.0,107060.0,149650.0
25-1193,"Recreation and Fitness Studies Teachers, Postsecondary",2022,13400.0,72650.0,82020.0,39920.0,52980.0,99860.0,133490.0
25-1194,"Career/Technical Education Teachers, Postsecondary",2022,103100.0,59840.0,65500.0,37680.0,46890.0,77840.0,102330.0
25-1199,"Postsecondary Teachers, All Other",2022,214520.0,76920.0,91760.0,44870.0,57600.0,109000.0,168320.0
25-2011,"Preschool Teachers, Except Special Education",2022,415360.0,35330.0,38640.0,23920.0,28870.0,44090.0,58580.0
25-2012,"Kindergarten Teachers, Except Special Education",2022,119250.0,60490.0,65120.0,40620.0,48550.0,77200.0,100020.0
25-2021,"Elementary School Teachers, Except Special Education",2022,1394200.0,61690.0,68000.0,45470.0,49120.0,78860.0,101310.0
25-2022,"Middle School Teachers, Except Special and Career/Technical Education",2022,611120.0,61810.0,67790.0,45910.0,49320.0,78970.0,100570.0
25-2023,"Career/Technical Education Teachers, Middle School",2022,11110.0,62630.0,67680.0,46790.0,51630.0,77810.0,99250.0
25-2031,"Secondary School Teachers, Except Special and Career/Technical Education",2022,1042090.0,62360.0,69480.0,46480.0,50090.0,79520.0,101710.0
25-2032,"Career/Technical Education Teachers, Secondary School",2022,88280.0,62500.0,67610.0,47250.0,51340.0,78320.0,98090.0
25-2051,"Special Education Teachers, Preschool",2022,22970.0,62240.0,69620.0,38020.0,48760.0,81270.0,113700.0
25-2052,"Special Education Teachers, Kindergarten and Elementary School",2022,195010.0,62390.0,68580.0,45730.0,50450.0,79580.0,101100.0
25-2057,"Special Education Teachers, Middle School",2022,82970.0,62990.0,69530.0,46220.0,50920.0,80010.0,100560.0
25-2058,"Special Education Teachers, Secondary School",2022,152490.0,63560.0,71290.0,46880.0,51870.0,80820.0,102850.0
25-2059,"Special Education Teachers, All Other",2022,42780.0,63950.0,74310.0,38680.0,50730.0,89770.0,121850.0
25-3011,"Adult Basic Education, Adult Secondary Education, and English as a Second Language Instructors",2022,36490.0,58590.0,63130.0,36970.0,46320.0,76770.0,97010.0
25-3021,Self-Enrichment Teachers,2022,248150.0,44110.0,50320.0,26290.0,31230.0,60640.0,81340.0
25-3031,"Substitute Teachers, Short-Term",2022,397200.0,35250.0,42680.0,22850.0,28460.0,46680.0,61190.0
25-3041,Tutors,2022,174980.0,36680.0,44820.0,26040.0,30220.0,49150.0,73400.0
25-3099,"Teachers and Instructors, All Other",2022,120480.0,61250.0,66450.0,30230.0,45170.0,80630.0,102800.0
25-4011,Archivists,2022,7230.0,58640.0,63980.0,35310.0,45390.0,78400.0,101870.0
25-4012,Curators,2022,11620.0,60380.0,67490.0,36320.0,46170.0,79200.0,102980.0
25-4013,Museum Technicians and Conservators,2022,12240.0,47270.0,52820.0,29640.0,36320.0,62520.0,81650.0
25-4022,Librarians and Media Collections Specialists,2022,131680.0,61660.0,64770.0,36260.0,48300.0,78090.0,98650.0
25-4031,Library Technicians,2022,73330.0,37600.0,40590.0,25730.0,30400.0,47940.0,59570.0
25-9021,Farm and Home Management Educators,2022,8220.0,53450.0,58450.0,31080.0,39070.0,71050.0,87540.0
25-9031,Instructional Coordinators,2022,198660.0,66490.0,73080.0,42000.0,52140.0,84900.0,105210.0
25-9044,"Teaching Assistants, Postsecondary",2022,135160.0,38050.0,41900.0,23190.0,30310.0,50380.0,63630.0
25-9045,"Teaching Assistants, Except Postsecondary",2022,1254240.0,30920.0,33740.0,22720.0,27670.0,37780.0,46840.0
25-9099,"Educational Instruction and Library Workers, All Other",2022,129170.0,47650.0,52250.0,26520.0,32330.0,62690.0,82110.0
27-1011,Art Directors,2022,54470.0,105180.0,124310.0,57820.0,77220.0,153760.0,207060.0
27-1012,Craft Artists,2022,4760.0,38150.0,49180.0,23220.0,30620.0,54170.0,88380.0
27-1013,"Fine Artists, Including Painters, Sculptors, and Illustrators",2022,12080.0,57560.0,69870.0,28440.0,38760.0,83440.0,124670.0
27-1014,Special Effects Artists and Animators,2022,35990.0,98950.0,111130.0,52660.0,67900.0,131280.0,174140.0
27-1019,"Artists and Related Workers, All Other",2022,7510.0,69760.0,74130.0,27310.0,37030.0,105900.0,121660.0
27-1021,Commercial and Industrial Designers,2022,30450.0,75910.0,81740.0,43680.0,58170.0,100140.0,125780.0
27-1022,Fashion Designers,2022,20560.0,76700.0,85760.0,34660.0,52840.0,104800.0,139920.0
27-1023,Floral Designers,2022,42840.0,33160.0,34310.0,23540.0,28590.0,37770.0,46560.0
27-1024,Graphic Designers,2022,211890.0,57990.0,64500.0,35430.0,44350.0,76970.0,100920.0
27-1025,Interior Designers,2022,64290.0,61590.0,67460.0,36610.0,47590.0,79770.0,101550.0
27-1026,Merchandise Displayers and Window Trimmers,2022,173110.0,35380.0,38120.0,28740.0,30750.0,41780.0,49990.0
27-1027,Set and Exhibit Designers,2022,9490.0,59990.0,68490.0,33160.0,41570.0,82790.0,118180.0
27-1029,"Designers, All Other",2022,11180.0,65390.0,76430.0,34120.0,44170.0,93680.0,135230.0
27-2011,Actors,2022,54160.0,,,,,,
27-2012,Producers and Directors,2022,153770.0,85320.0,110660.0,42140.0,58080.0,127970.0,179930.0
27-2021,Athletes and Sports Competitors,2022,11930.0,94270.0,358080.0,28510.0,44690.0,215530.0,
27-2022,Coaches and Scouts,2022,218970.0,44890.0,57450.0,24910.0,31340.0,62330.0,93590.0
27-2023,"Umpires, Referees, and Other Sports Officials",2022,12720.0,36010.0,49030.0,22090.0,28080.0,48610.0,69010.0
27-2031,Dancers,2022,8930.0,,,,,,
27-2032,Choreographers,2022,5400.0,50990.0,58740.0,29020.0,33700.0,75390.0,100420.0
27-2041,Music Directors and Composers,2022,11690.0,62940.0,95430.0,31750.0,45050.0,98200.0,165760.0
27-2042,Musicians and Singers,2022,31750.0,,,,,,
27-2091,"Disc Jockeys, Except Radio",2022,5640.0,,,,,,
27-2099,"Entertainers and Performers, Sports and Related Workers, All Other",2022,11640.0,,,,,,
27-3011,Broadcast Announcers and Radio Disc Jockeys,2022,26820.0,41750.0,155730.0,23920.0,31030.0,68400.0,171650.0
27-3023,"News Analysts, Reporters, and Journalists",2022,44530.0,55960.0,86290.0,30470.0,37690.0,83290.0,136500.0
27-3031,Public Relations Specialists,2022,264750.0,67440.0,78540.0,38630.0,49980.0,92880.0,128450.0
27-3041,Editors,2022,101430.0,73080.0,84820.0,38400.0,50880.0,102850.0,145240.0
27-3042,Technical Writers,2022,48620.0,79960.0,86760.0,47460.0,61260.0,102120.0,128110.0
27-3043,Writers and Authors,2022,54010.0,73150.0,91560.0,39610.0,50980.0,105000.0,161260.0
27-3091,Interpreters and Translators,2022,52160.0,53640.0,61730.0,33540.0,41440.0,73430.0,93140.0
27-3092,Court Reporters and Simultaneous Captioners,2022,14240.0,63560.0,70290.0,33030.0,44850.0,91960.0,116380.0
27-3099,"Media and Communication Workers, All Other",2022,23780.0,65000.0,113840.0,34710.0,47020.0,105870.0,
27-4011,Audio and Video Technicians,2022,56110.0,50660.0,57710.0,31310.0,39420.0,68100.0,89990.0
27-4012,Broadcast Technicians,2022,33020.0,60700.0,84860.0,29450.0,37940.0,100320.0,128960.0
27-4014,Sound Engineering Technicians,2022,13420.0,60670.0,75590.0,31200.0,41600.0,99470.0,135950.0
27-4015,Lighting Technicians,2022,8540.0,61650.0,74020.0,33800.0,43690.0,84210.0,135540.0
27-4021,Photographers,2022,47380.0,40170.0,50210.0,26990.0,31050.0,59750.0,82450.0
27-4031,"Camera Operators, Television, Video, and Film",2022,22970.0,58230.0,69940.0,33190.0,42710.0,84240.0,116770.0
27-4032,Film and Video Editors,2022,32080.0,63520.0,80990.0,36930.0,46800.0,97960.0,166730.0
27-4099,"Media and Communication Equipment Workers, All Other",2022,14300.0,69490.0,74490.0,32980.0,47380.0,98320.0,121060.0
29-1011,Chiropractors,2022,37740.0,75380.0,83720.0,38170.0,52750.0,100320.0,132630.0
29-1021,"Dentists, General",2022,120740.0,155040.0,172290.0,68160.0,105480.0,212220.0,
29-1022,Oral and Maxillofacial Surgeons,2022,4290.0,,309410.0,112610.0,212250.0,,
29-1023,Orthodontists,2022,6310.0,174360.0,216320.0,91340.0,96370.0,,
29-1029,"Dentists, All Other Specialists",2022,5250.0,212740.0,233430.0,83940.0,166800.0,,
29-1031,Dietitians and Nutritionists,2022,69880.0,66450.0,69350.0,44140.0,56490.0,80430.0,95130.0
29-1041,Optometrists,2022,40640.0,125590.0,133100.0,62150.0,96980.0,156030.0,191430.0
29-1051,Pharmacists,2022,325480.0,132750.0,129410.0,79950.0,123020.0,147750.0,164230.0
29-1071,Physician Assistants,2022,140910.0,126010.0,125270.0,83820.0,104240.0,140660.0,168120.0
29-1081,Podiatrists,2022,9320.0,148720.0,157970.0,60280.0,97920.0,208180.0,
29-1122,Occupational Therapists,2022,134980.0,93180.0,92800.0,63320.0,77700.0,104730.0,123870.0
29-1123,Physical Therapists,2022,229740.0,97720.0,97960.0,67910.0,80700.0,107430.0,128830.0
29-1124,Radiation Therapists,2022,15510.0,89530.0,98340.0,65760.0,77930.0,105760.0,133260.0
29-1125,Recreational Therapists,2022,15920.0,51330.0,56310.0,33930.0,41600.0,66530.0,84410.0
29-1126,Respiratory Therapists,2022,129910.0,70540.0,74310.0,51970.0,62260.0,81610.0,100520.0
29-1127,Speech-Language Pathologists,2022,162760.0,84140.0,89460.0,56370.0,66700.0,104500.0,126680.0
29-1128,Exercise Physiologists,2022,6580.0,51350.0,55820.0,39250.0,46070.0,62850.0,77980.0
29-1129,"Therapists, All Other",2022,16920.0,60800.0,71860.0,37990.0,47340.0,82760.0,111800.0
29-1131,Veterinarians,2022,78810.0,103260.0,129110.0,62350.0,82580.0,132980.0,174500.0
29-1141,Registered Nurses,2022,3072700.0,81220.0,89010.0,61250.0,66680.0,101100.0,129400.0
29-1151,Nurse Anesthetists,2022,46540.0,203090.0,205770.0,143870.0,174190.0,227160.0,
29-1161,Nurse Midwives,2022,7950.0,120880.0,122450.0,77510.0,102510.0,137010.0,171230.0
29-1171,Nurse Practitioners,2022,258230.0,121610.0,124680.0,87340.0,103250.0,135470.0,165240.0
29-1181,Audiologists,2022,13940.0,82680.0,89490.0,56990.0,68750.0,101100.0,120380.0
29-1211,Anesthesiologists,2022,37430.0,,302970.0,74860.0,140980.0,,
29-1212,Cardiologists,2022,16870.0,,421330.0,132630.0,,,
29-1213,Dermatologists,2022,11640.0,,327650.0,102010.0,156000.0,,
29-1214,Emergency Medicine Physicians,2022,29260.0,,316600.0,85880.0,221320.0,,
29-1215,Family Medicine Physicians,2022,100940.0,211300.0,224460.0,65090.0,132600.0,,
29-1216,General Internal Medicine Physicians,2022,67220.0,214460.0,225270.0,64620.0,94630.0,,
29-1217,Neurologists,2022,11340.0,224260.0,255510.0,79530.0,150970.0,,
29-1218,Obstetricians and Gynecologists,2022,21450.0,,277320.0,83280.0,172210.0,,
29-1221,"Pediatricians, General",2022,33430.0,190350.0,203240.0,78230.0,139050.0,,
29-1222,"Physicians, Pathologists",2022,12320.0,,252850.0,67190.0,145450.0,,
29-1223,Psychiatrists,2022,26500.0,226880.0,247350.0,66230.0,138890.0,,
29-1224,Radiologists,2022,29250.0,,329080.0,77570.0,170060.0,,
29-1229,"Physicians, All Other",2022,305260.0,223410.0,238700.0,63970.0,76910.0,,
29-1241,"Ophthalmologists, Except Pediatric",2022,12580.0,219810.0,265450.0,65510.0,102010.0,,
29-1242,"Orthopedic Surgeons, Except Pediatric",2022,19060.0,,371400.0,79400.0,163230.0,,
29-1243,Pediatric Surgeons,2022,780.0,,362970.0,80890.0,205280.0,,
29-1249,"Surgeons, All Other",2022,25910.0,,347870.0,76470.0,139410.0,,
29-1291,Acupuncturists,2022,7800.0,72220.0,82390.0,31200.0,50400.0,100270.0,156000.0
29-1292,Dental Hygienists,2022,214700.0,81400.0,84860.0,61510.0,75100.0,96870.0,107640.0
29-1299,"Healthcare Diagnosing or Treating Practitioners, All Other",2022,30080.0,106230.0,123960.0,60520.0,75800.0,151470.0,193560.0
29-2010,Clinical Laboratory Technologists and Technicians,2022,333600.0,57380.0,59130.0,35220.0,40440.0,74920.0,84670.0
29-2031,Cardiovascular Technologists and Technicians,2022,55750.0,63020.0,65490.0,33950.0,39430.0,81740.0,102000.0
29-2032,Diagnostic Medical Sonographers,2022,81080.0,81350.0,84410.0,61430.0,68580.0,97350.0,107730.0
29-2033,Nuclear Medicine Technologists,2022,16910.0,85300.0,89610.0,64680.0,76910.0,100740.0,114100.0
29-2034,Radiologic Technologists and Technicians,2022,215820.0,65140.0,70240.0,47760.0,57350.0,80050.0,97940.0
29-2035,Magnetic Resonance Imaging Technologists,2022,38380.0,80090.0,81530.0,60530.0,67770.0,93360.0,104850.0
29-2036,Medical Dosimetrists,2022,3190.0,128970.0,129080.0,90970.0,107610.0,143310.0,163040.0
29-2042,Emergency Medical Technicians,2022,167720.0,36680.0,40120.0,28270.0,30870.0,44360.0,56890.0
29-2043,Paramedics,2022,95440.0,49090.0,53560.0,36490.0,40660.0,60780.0,76630.0
29-2051,Dietetic Technicians,2022,19690.0,33960.0,36370.0,25040.0,29710.0,39480.0,49920.0
29-2052,Pharmacy Technicians,2022,453630.0,37790.0,40260.0,29640.0,34590.0,45710.0,50640.0
29-2053,Psychiatric Technicians,2022,100950.0,37380.0,40760.0,28660.0,31660.0,45710.0,58880.0
29-2055,Surgical Technologists,2022,107400.0,55960.0,57500.0,38860.0,47860.0,64360.0,78560.0
29-2056,Veterinary Technologists and Technicians,2022,118750.0,38240.0,40770.0,29000.0,34510.0,46740.0,54680.0
29-2057,Ophthalmic Medical Technicians,2022,66060.0,38860.0,42480.0,29830.0,35100.0,48080.0,58970.0
29-2061,Licensed Practical and Licensed Vocational Nurses,2022,632020.0,54620.0,55860.0,40490.0,47800.0,62110.0,72650.0
29-2072,Medical Records Specialists,2022,187720.0,47180.0,51090.0,31710.0,37510.0,60170.0,75460.0
29-2081,"Opticians, Dispensing",2022,73460.0,39610.0,44890.0,29540.0,34310.0,52000.0,64760.0
29-2091,Orthotists and Prosthetists,2022,9150.0,77070.0,78240.0,40360.0,54600.0,93980.0,110120.0
29-2092,Hearing Aid Specialists,2022,10080.0,59020.0,62480.0,32400.0,40610.0,75150.0,91740.0
29-2099,"Health Technologists and Technicians, All Other",2022,162800.0,44990.0,50790.0,32140.0,36850.0,59210.0,76760.0
29-9021,Health Information Technologists and Medical Registrars,2022,35500.0,58250.0,65280.0,34970.0,40930.0,81410.0,103380.0
29-9091,Athletic Trainers,2022,29720.0,53840.0,57810.0,39670.0,47320.0,63240.0,78000.0
29-9092,Genetic Counselors,2022,3220.0,89990.0,93120.0,64360.0,79940.0,104610.0,128380.0
29-9093,Surgical Assistants,2022,18650.0,57290.0,61200.0,35130.0,40670.0,74330.0,95060.0
29-9099,"Healthcare Practitioners and Technical Workers, All Other",2022,41130.0,60160.0,68170.0,31830.0,39440.0,82410.0,115600.0
31-1120,Home Health and Personal Care Aides,2022,3504230.0,30180.0,30930.0,22500.0,27100.0,34110.0,38350.0
31-1131,Nursing Assistants,2022,1310090.0,35760.0,36220.0,28030.0,30770.0,39260.0,45940.0
31-1132,Orderlies,2022,44790.0,34520.0,36070.0,27630.0,30720.0,38590.0,46700.0
31-1133,Psychiatric Aides,2022,30590.0,37160.0,38620.0,25900.0,29760.0,46320.0,52050.0
31-2011,Occupational Therapy Assistants,2022,43810.0,64250.0,66280.0,47940.0,57470.0,76270.0,85580.0
31-2012,Occupational Therapy Aides,2022,3710.0,37060.0,43090.0,25100.0,30590.0,53240.0,68070.0
31-2021,Physical Therapist Assistants,2022,97740.0,62770.0,64510.0,43340.0,53970.0,75310.0,85230.0
31-2022,Physical Therapist Aides,2022,42800.0,31410.0,33210.0,22380.0,26940.0,35280.0,41320.0
31-9011,Massage Therapists,2022,86270.0,49860.0,57060.0,29040.0,39080.0,67300.0,90530.0
31-9091,Dental Assistants,2022,363880.0,44820.0,44710.0,31450.0,36910.0,48870.0,59200.0
31-9092,Medical Assistants,2022,752460.0,38270.0,40700.0,30390.0,35330.0,45360.0,51710.0
31-9093,Medical Equipment Preparers,2022,63890.0,41480.0,44940.0,31570.0,36240.0,50300.0,62960.0
31-9094,Medical Transcriptionists,2022,48680.0,34730.0,37090.0,24340.0,29120.0,43950.0,51280.0
31-9095,Pharmacy Aides,2022,43230.0,33270.0,35870.0,24590.0,28600.0,39590.0,50180.0
31-9096,Veterinary Assistants and Laboratory Animal Caretakers,2022,111880.0,34740.0,34490.0,25270.0,29190.0,37510.0,44920.0
31-9097,Phlebotomists,2022,137090.0,38530.0,40580.0,30250.0,35020.0,45280.0,51610.0
31-9099,"Healthcare Support Workers, All Other",2022,107170.0,40420.0,43490.0,28750.0,33550.0,50400.0,61520.0
33-1011,First-Line Supervisors of Correctional Officers,2022,55900.0,63310.0,70190.0,42100.0,47430.0,86800.0,110240.0
33-1012,First-Line Supervisors of Police and Detectives,2022,131860.0,96290.0,99410.0,54070.0,72260.0,122850.0,155760.0
33-1021,First-Line Supervisors of Firefighting and Prevention Workers,2022,84040.0,80150.0,84810.0,46170.0,61820.0,101820.0,128810.0
33-1091,First-Line Supervisors of Security Workers,2022,59520.0,48810.0,54750.0,31890.0,37530.0,63790.0,81000.0
33-1099,"First-Line Supervisors of Protective Service Workers, All Other",2022,23340.0,61030.0,63730.0,36030.0,48300.0,74950.0,94070.0
33-2011,Firefighters,2022,321450.0,51680.0,56310.0,29150.0,37400.0,70730.0,84750.0
33-2021,Fire Inspectors and Investigators,2022,14510.0,69450.0,76910.0,42930.0,53290.0,96470.0,125610.0
33-2022,Forest Fire Inspectors and Prevention Specialists,2022,2290.0,48110.0,56780.0,30000.0,35270.0,72990.0,90120.0
33-3011,Bailiffs,2022,16470.0,49100.0,54680.0,28290.0,37510.0,72150.0,82530.0
33-3012,Correctional Officers and Jailers,2022,363250.0,49610.0,54760.0,35510.0,39850.0,64110.0,82600.0
33-3021,Detectives and Criminal Investigators,2022,107400.0,86280.0,91610.0,47990.0,61240.0,110530.0,150570.0
33-3031,Fish and Game Wardens,2022,6530.0,59500.0,59860.0,31200.0,46300.0,72800.0,85300.0
33-3041,Parking Enforcement Workers,2022,8150.0,41570.0,44670.0,29220.0,34650.0,52250.0,64460.0
33-3051,Police and Sheriff's Patrol Officers,2022,655890.0,65790.0,71380.0,40560.0,50210.0,84520.0,104100.0
33-3052,Transit and Railroad Police,2022,3370.0,69150.0,76380.0,50080.0,56990.0,92580.0,114310.0
33-9011,Animal Control Workers,2022,11490.0,39320.0,43780.0,28430.0,33260.0,50040.0,62050.0
33-9021,Private Detectives and Investigators,2022,32050.0,52120.0,59400.0,33710.0,38360.0,75740.0,92660.0
33-9031,Gambling Surveillance Officers and Gambling Investigators,2022,10500.0,35970.0,39290.0,27400.0,30290.0,44630.0,57190.0
33-9032,Security Guards,2022,1124890.0,34750.0,36700.0,24020.0,28860.0,39440.0,51350.0
33-9091,Crossing Guards and Flaggers,2022,91270.0,33380.0,37490.0,26000.0,29120.0,40510.0,57060.0
33-9092,"Lifeguards, Ski Patrol, and Other Recreational Protective Service Workers",2022,107930.0,27270.0,28370.0,20460.0,22880.0,31260.0,36930.0
33-9093,Transportation Security Screeners,2022,47550.0,47710.0,48520.0,38540.0,42600.0,52460.0,59950.0
33-9094,School Bus Monitors,2022,64100.0,29880.0,31040.0,23410.0,27040.0,35060.0,37960.0
33-9099,"Protective Service Workers, All Other",2022,93840.0,36460.0,43270.0,28110.0,31200.0,47020.0,62380.0
35-1011,Chefs and Head Cooks,2022,160190.0,56520.0,60210.0,33750.0,42950.0,72820.0,91520.0
35-1012,First-Line Supervisors of Food Preparation and Serving Workers,2022,1169620.0,37050.0,41020.0,27700.0,31200.0,46710.0,59650.0
35-2011,"Cooks, Fast Food",2022,725590.0,27640.0,27920.0,20680.0,22550.0,31970.0,35800.0
35-2012,"Cooks, Institution and Cafeteria",2022,417780.0,32510.0,33670.0,23250.0,27490.0,37760.0,45230.0
35-2013,"Cooks, Private Household",2022,610.0,38570.0,45510.0,24950.0,26620.0,52070.0,92030.0
35-2014,"Cooks, Restaurant",2022,1321480.0,34110.0,33940.0,23610.0,28690.0,37350.0,44570.0
35-2015,"Cooks, Short Order",2022,133290.0,30360.0,30770.0,21510.0,25330.0,35170.0,40110.0
35-2019,"Cooks, All Other",2022,18590.0,33390.0,35120.0,23650.0,28990.0,38030.0,46040.0
35-2021,Food Preparation Workers,2022,904330.0,29790.0,30720.0,21770.0,25880.0,34970.0,38780.0
35-3011,Bartenders,2022,613070.0,29380.0,34490.0,19100.0,22340.0,37560.0,57220.0
35-3023,Fast Food and Counter Workers,2022,3325050.0,27930.0,28130.0,21150.0,23010.0,31480.0,35350.0
35-3031,Waiters and Waitresses,2022,2122210.0,29120.0,33020.0,18250.0,21810.0,36400.0,55360.0
35-3041,"Food Servers, Nonrestaurant",2022,248870.0,30300.0,31940.0,22680.0,26920.0,35170.0,41920.0
35-9011,Dining Room and Cafeteria Attendants and Bartender Helpers,2022,439770.0,29120.0,30290.0,20680.0,23320.0,33860.0,39760.0
35-9021,Dishwashers,2022,431840.0,29080.0,29560.0,21670.0,24940.0,33710.0,36350.0
35-9031,"Hosts and Hostesses, Restaurant, Lounge, and Coffee Shop",2022,400420.0,27720.0,28380.0,20500.0,22630.0,31300.0,36180.0
35-9099,"Food Preparation and Serving Related Workers, All Other",2022,81930.0,30840.0,31990.0,21660.0,27040.0,35360.0,41960.0
37-1011,First-Line Supervisors of Housekeeping and Janitorial Workers,2022,165750.0,44440.0,47430.0,29890.0,35970.0,56640.0,68540.0
37-1012,"First-Line Supervisors of Landscaping, Lawn Service, and Groundskeeping Workers",2022,122910.0,50810.0,55770.0,36520.0,43080.0,64270.0,80600.0
37-2011,"Janitors and Cleaners, Except Maids and Housekeeping Cleaners",2022,2148350.0,31990.0,33960.0,23160.0,27920.0,37560.0,46400.0
37-2012,Maids and Housekeeping Cleaners,2022,771390.0,29960.0,31920.0,22520.0,26510.0,35480.0,42720.0
37-2019,"Building Cleaning Workers, All Other",2022,15630.0,37200.0,41360.0,25950.0,31090.0,45940.0,58780.0
37-2021,Pest Control Workers,2022,91160.0,38310.0,42210.0,29250.0,35090.0,47010.0,58970.0
37-3011,Landscaping and Groundskeeping Workers,2022,914230.0,35890.0,37270.0,27550.0,30400.0,42020.0,48530.0
37-3012,"Pesticide Handlers, Sprayers, and Applicators, Vegetation",2022,22740.0,41440.0,42560.0,29270.0,35730.0,48170.0,56400.0
37-3013,Tree Trimmers and Pruners,2022,48150.0,47080.0,49820.0,30650.0,37950.0,58860.0,72370.0
37-3019,"Grounds Maintenance Workers, All Other",2022,16050.0,39520.0,43750.0,29120.0,32770.0,49980.0,67370.0
39-1013,First-Line Supervisors of Gambling Services Workers,2022,21900.0,56290.0,56400.0,35200.0,46430.0,65480.0,77590.0
39-1014,"First-Line Supervisors of Entertainment and Recreation Workers, Except Gambling Services",2022,79060.0,44660.0,48630.0,29270.0,35250.0,57930.0,73010.0
39-1022,First-Line Supervisors of Personal Service Workers,2022,104480.0,43680.0,47330.0,29070.0,35140.0,55680.0,69690.0
39-2011,Animal Trainers,2022,17710.0,35620.0,41820.0,27050.0,29660.0,46250.0,66850.0
39-2021,Animal Caretakers,2022,256670.0,29530.0,32160.0,22250.0,26370.0,35450.0,44280.0
39-3011,Gambling Dealers,2022,71290.0,29120.0,34350.0,19590.0,22060.0,37630.0,61060.0
39-3012,Gambling and Sports Book Writers and Runners,2022,7910.0,28940.0,32310.0,20890.0,24760.0,36230.0,43480.0
39-3019,"Gambling Service Workers, All Other",2022,12260.0,30350.0,34340.0,22140.0,25740.0,37600.0,48440.0
39-3021,Motion Picture Projectionists,2022,1900.0,33360.0,35710.0,21730.0,26380.0,38490.0,50220.0
39-3031,"Ushers, Lobby Attendants, and Ticket Takers",2022,98350.0,27650.0,28700.0,20020.0,22240.0,32450.0,37300.0
39-3091,Amusement and Recreation Attendants,2022,324580.0,27780.0,28350.0,20170.0,22790.0,31970.0,36920.0
39-3092,Costume Attendants,2022,5730.0,48470.0,55070.0,31310.0,37220.0,65330.0,85820.0
39-3093,"Locker Room, Coatroom, and Dressing Room Attendants",2022,12130.0,30210.0,32560.0,22620.0,25730.0,36010.0,45770.0
39-3099,"Entertainment Attendants and Related Workers, All Other",2022,4930.0,27260.0,30810.0,18700.0,21470.0,35300.0,44850.0
39-4011,Embalmers,2022,3950.0,49910.0,54120.0,31600.0,41490.0,62680.0,79830.0
39-4012,Crematory Operators,2022,2930.0,40360.0,43120.0,30630.0,34840.0,47300.0,57910.0
39-4021,Funeral Attendants,2022,32950.0,31160.0,34340.0,23210.0,27880.0,37270.0,46420.0
39-4031,"Morticians, Undertakers, and Funeral Arrangers",2022,23940.0,51570.0,58430.0,30440.0,38480.0,71360.0,93250.0
39-5011,Barbers,2022,12690.0,34990.0,39350.0,22880.0,28930.0,46770.0,60910.0
39-5012,"Hairdressers, Hairstylists, and Cosmetologists",2022,298050.0,33290.0,38910.0,21800.0,27400.0,45710.0,60080.0
39-5091,"Makeup Artists, Theatrical and Performance",2022,2970.0,96370.0,93850.0,37440.0,48420.0,107450.0,170860.0
39-5092,Manicurists and Pedicurists,2022,138020.0,31130.0,33560.0,23330.0,29120.0,35110.0,45180.0
39-5093,Shampooers,2022,7480.0,27860.0,27870.0,21430.0,24650.0,30190.0,33770.0
39-5094,Skincare Specialists,2022,61990.0,38060.0,47790.0,25540.0,31020.0,53050.0,79300.0
39-6011,Baggage Porters and Bellhops,2022,26520.0,31510.0,33130.0,22210.0,27240.0,36600.0,45560.0
39-6012,Concierges,2022,37600.0,35560.0,38270.0,26880.0,30460.0,42880.0,56550.0
39-7010,Tour and Travel Guides,2022,41180.0,34440.0,37790.0,23400.0,28220.0,42870.0,55130.0
39-9011,Childcare Workers,2022,459460.0,28520.0,29570.0,21250.0,23530.0,33870.0,39090.0
39-9031,Exercise Trainers and Group Fitness Instructors,2022,250540.0,45380.0,50170.0,23920.0,31530.0,60060.0,80330.0
39-9032,Recreation Workers,2022,270380.0,31680.0,34170.0,22580.0,27040.0,37500.0,48270.0
39-9041,Residential Advisors,2022,86770.0,35720.0,37530.0,25580.0,29800.0,43430.0,51480.0
39-9099,"Personal Care and Service Workers, All Other",2022,59310.0,34670.0,33580.0,22510.0,28200.0,34830.0,42230.0
41-1011,First-Line Supervisors of Retail Sales Workers,2022,1097160.0,45250.0,50130.0,29310.0,35900.0,57860.0,74580.0
41-1012,First-Line Supervisors of Non-Retail Sales Workers,2022,237520.0,82850.0,96890.0,47570.0,63150.0,115320.0,161690.0
41-2011,Cashiers,2022,3296040.0,28240.0,28730.0,21440.0,23920.0,31690.0,35900.0
41-2012,Gambling Change Persons and Booth Cashiers,2022,18800.0,30010.0,32950.0,21130.0,24960.0,36800.0,46840.0
41-2021,Counter and Rental Clerks,2022,370770.0,35830.0,39320.0,24620.0,29680.0,44960.0,57490.0
41-2022,Parts Salespersons,2022,259280.0,35800.0,39250.0,23510.0,29030.0,46270.0,59070.0
41-2031,Retail Salespersons,2022,3640040.0,30600.0,34730.0,22590.0,26950.0,36090.0,47200.0
41-3011,Advertising Sales Agents,2022,106560.0,58450.0,73260.0,30510.0,39990.0,82880.0,132640.0
41-3021,Insurance Sales Agents,2022,445540.0,57860.0,76950.0,31530.0,40030.0,81970.0,130350.0
41-3031,"Securities, Commodities, and Financial Services Sales Agents",2022,443220.0,67480.0,100740.0,40200.0,48300.0,110710.0,189620.0
41-3041,Travel Agents,2022,53180.0,46400.0,48250.0,29650.0,36590.0,58520.0,64100.0
41-3091,"Sales Representatives of Services, Except Advertising, Insurance, Financial Services, and Travel",2022,1075750.0,62400.0,77390.0,34390.0,45280.0,94170.0,135210.0
41-4011,"Sales Representatives, Wholesale and Manufacturing, Technical and Scientific Products",2022,290830.0,97710.0,109950.0,46160.0,62500.0,138180.0,182610.0
41-4012,"Sales Representatives, Wholesale and Manufacturing, Except Technical and Scientific Products",2022,1273400.0,63230.0,76890.0,35790.0,47220.0,93280.0,129450.0
41-9011,Demonstrators and Product Promoters,2022,43410.0,34770.0,38470.0,26200.0,29420.0,41620.0,58220.0
41-9012,Models,2022,2070.0,43130.0,77310.0,27170.0,29540.0,95000.0,156000.0
41-9021,Real Estate Brokers,2022,52310.0,62190.0,90930.0,36360.0,49280.0,97320.0,173000.0
41-9022,Real Estate Sales Agents,2022,193010.0,49980.0,65850.0,29130.0,36090.0,78240.0,113320.0
41-9031,Sales Engineers,2022,59700.0,108530.0,125460.0,64790.0,82940.0,155180.0,195140.0
41-9041,Telemarketers,2022,96520.0,31030.0,33600.0,22350.0,27360.0,36990.0,46100.0
41-9091,"Door-to-Door Sales Workers, News and Street Vendors, and Related Workers",2022,8640.0,31100.0,36280.0,20540.0,25130.0,39030.0,51860.0
41-9099,"Sales and Related Workers, All Other",2022,119490.0,44120.0,56440.0,27860.0,32710.0,66330.0,93070.0
43-1011,First-Line Supervisors of Office and Administrative Support Workers,2022,1495440.0,61370.0,65510.0,38420.0,48040.0,77430.0,97490.0
43-2011,"Switchboard Operators, Including Answering Service",2022,47430.0,34670.0,37230.0,25640.0,29650.0,40070.0,52710.0
43-2021,Telephone Operators,2022,4030.0,38330.0,41590.0,27430.0,31220.0,49510.0,64390.0
43-2099,"Communications Equipment Operators, All Other",2022,1240.0,46180.0,50140.0,29540.0,38880.0,58780.0,74320.0
43-3011,Bill and Account Collectors,2022,202840.0,39470.0,42820.0,29510.0,34800.0,48290.0,59610.0
43-3021,Billing and Posting Clerks,2022,441980.0,42810.0,44800.0,31580.0,36800.0,49520.0,60480.0
43-3031,"Bookkeeping, Accounting, and Auditing Clerks",2022,1550750.0,45860.0,47440.0,30460.0,37180.0,55310.0,65540.0
43-3041,Gambling Cage Workers,2022,11730.0,31720.0,33370.0,23480.0,28230.0,37200.0,44460.0
43-3051,Payroll and Timekeeping Clerks,2022,159190.0,49630.0,52300.0,34220.0,40470.0,61170.0,73580.0
43-3061,Procurement Clerks,2022,63340.0,45240.0,46560.0,32450.0,37800.0,53100.0,62280.0
43-3071,Tellers,2022,352440.0,36380.0,36800.0,28570.0,31140.0,39450.0,46350.0
43-3099,"Financial Clerks, All Other",2022,41850.0,47130.0,49710.0,33330.0,39000.0,56520.0,68740.0
43-4011,Brokerage Clerks,2022,42700.0,54680.0,59200.0,40090.0,48070.0,63500.0,79860.0
43-4021,Correspondence Clerks,2022,4970.0,38700.0,42560.0,29930.0,34740.0,48140.0,59840.0
43-4031,"Court, Municipal, and License Clerks",2022,159760.0,44140.0,46280.0,30310.0,36440.0,51990.0,63640.0
43-4041,"Credit Authorizers, Checkers, and Clerks",2022,16290.0,44830.0,46180.0,30830.0,36500.0,53290.0,64080.0
43-4051,Customer Service Representatives,2022,2879840.0,37780.0,41190.0,27990.0,31520.0,47010.0,59630.0
43-4061,"Eligibility Interviewers, Government Programs",2022,149760.0,49230.0,50020.0,33230.0,39060.0,59680.0,66060.0
43-4071,File Clerks,2022,87250.0,37290.0,39560.0,26190.0,31030.0,46570.0,57280.0
43-4081,"Hotel, Motel, and Resort Desk Clerks",2022,243180.0,28910.0,30300.0,22280.0,25630.0,34380.0,37860.0
43-4111,"Interviewers, Except Eligibility and Loan",2022,168680.0,38700.0,41140.0,29520.0,33930.0,46910.0,55620.0
43-4121,"Library Assistants, Clerical",2022,77660.0,31150.0,33980.0,22060.0,26620.0,38960.0,48750.0
43-4131,Loan Interviewers and Clerks,2022,242630.0,46490.0,46740.0,31750.0,37890.0,53740.0,61940.0
43-4141,New Accounts Clerks,2022,45170.0,40820.0,42880.0,32760.0,36620.0,47230.0,55400.0
43-4151,Order Clerks,2022,113500.0,38060.0,40540.0,28470.0,33070.0,46670.0,56220.0
43-4161,"Human Resources Assistants, Except Payroll and Timekeeping",2022,103680.0,45930.0,46900.0,32240.0,38370.0,53080.0,62580.0
43-4171,Receptionists and Information Clerks,2022,1011170.0,33960.0,34600.0,24350.0,28960.0,38170.0,46220.0
43-4181,Reservation and Transportation Ticket Agents and Travel Clerks,2022,119130.0,39160.0,45440.0,29990.0,33940.0,61310.0,68090.0
43-4199,"Information and Record Clerks, All Other",2022,150590.0,44720.0,45910.0,29730.0,36110.0,53350.0,63610.0
43-5011,Cargo and Freight Agents,2022,93480.0,46860.0,49740.0,32720.0,38400.0,58710.0,70280.0
43-5021,Couriers and Messengers,2022,75800.0,35280.0,36250.0,26350.0,30550.0,39730.0,46800.0
43-5031,Public Safety Telecommunicators,2022,95730.0,46900.0,49370.0,31090.0,37720.0,59440.0,70730.0
43-5032,"Dispatchers, Except Police, Fire, and Ambulance",2022,206370.0,44830.0,48350.0,30160.0,36090.0,57320.0,71930.0
43-5041,"Meter Readers, Utilities",2022,20460.0,44760.0,49800.0,29130.0,34660.0,61980.0,78600.0
43-5051,Postal Service Clerks,2022,77690.0,56200.0,56400.0,39770.0,50150.0,68310.0,69620.0
43-5052,Postal Service Mail Carriers,2022,326760.0,54250.0,56240.0,39640.0,43580.0,71340.0,71340.0
43-5053,"Postal Service Mail Sorters, Processors, and Processing Machine Operators",2022,119530.0,49130.0,52990.0,38580.0,39770.0,67160.0,68310.0
43-5061,"Production, Planning, and Expediting Clerks",2022,389920.0,50630.0,55080.0,35030.0,40800.0,64400.0,79260.0
43-5071,"Shipping, Receiving, and Inventory Clerks",2022,848240.0,37760.0,40450.0,28970.0,32800.0,46050.0,55730.0
43-5111,"Weighers, Measurers, Checkers, and Samplers, Recordkeeping",2022,52610.0,39950.0,41470.0,30000.0,34490.0,47130.0,53600.0
43-6011,Executive Secretaries and Executive Administrative Assistants,2022,475240.0,65980.0,71060.0,43520.0,53070.0,81930.0,101600.0
43-6012,Legal Secretaries and Administrative Assistants,2022,159940.0,48780.0,54180.0,31240.0,38960.0,64590.0,81400.0
43-6013,Medical Secretaries and Administrative Assistants,2022,682630.0,38500.0,41260.0,30230.0,35240.0,46550.0,55620.0
43-6014,"Secretaries and Administrative Assistants, Except Legal, Medical, and Executive",2022,1826710.0,41000.0,43410.0,29000.0,34620.0,49920.0,60790.0
43-9021,Data Entry Keyers,2022,157380.0,36190.0,37970.0,26850.0,30830.0,43540.0,51510.0
43-9022,Word Processors and Typists,2022,41990.0,44330.0,44990.0,31140.0,36970.0,50380.0,59640.0
43-9031,Desktop Publishers,2022,6560.0,47910.0,53390.0,29370.0,33720.0,68000.0,86820.0
43-9041,Insurance Claims and Policy Processing Clerks,2022,227580.0,46080.0,47840.0,33710.0,37710.0,54890.0,64350.0
43-9051,"Mail Clerks and Mail Machine Operators, Except Postal Service",2022,67750.0,35070.0,36210.0,26280.0,30390.0,39920.0,47990.0
43-9061,"Office Clerks, General",2022,2517350.0,38040.0,41140.0,26000.0,31180.0,47880.0,59700.0
43-9071,"Office Machine Operators, Except Computer",2022,30410.0,36710.0,38300.0,27040.0,30920.0,42250.0,51210.0
43-9081,Proofreaders and Copy Markers,2022,5120.0,45410.0,48770.0,29350.0,34870.0,57940.0,72660.0
43-9111,Statistical Assistants,2022,6710.0,48880.0,54630.0,35820.0,41330.0,64560.0,79250.0
43-9199,"Office and Administrative Support Workers, All Other",2022,174590.0,38660.0,43150.0,26440.0,31360.0,49720.0,62900.0
45-1011,"First-Line Supervisors of Farming, Fishing, and Forestry Workers",2022,27670.0,54490.0,58820.0,36020.0,42850.0,70640.0,85400.0
45-2011,Agricultural Inspectors,2022,14000.0,44720.0,49020.0,32610.0,36610.0,57740.0,72220.0
45-2021,Animal Breeders,2022,1270.0,45320.0,48650.0,29640.0,36700.0,60240.0,73580.0
45-2041,"Graders and Sorters, Agricultural Products",2022,23280.0,32550.0,32990.0,25350.0,30190.0,35280.0,40330.0
45-2091,Agricultural Equipment Operators,2022,28830.0,37780.0,39750.0,28370.0,33540.0,44930.0,51700.0
45-2092,"Farmworkers and Laborers, Crop, Nursery, and Greenhouse",2022,284000.0,33000.0,34300.0,29120.0,31040.0,35210.0,41540.0
45-2093,"Farmworkers, Farm, Ranch, and Aquacultural Animals",2022,33020.0,34150.0,36290.0,23200.0,28770.0,41600.0,51550.0
45-2099,"Agricultural Workers, All Other",2022,6100.0,35720.0,39180.0,21480.0,29590.0,45990.0,59160.0
45-4011,Forest and Conservation Workers,2022,6080.0,32270.0,36010.0,26690.0,31200.0,39690.0,48270.0
45-4021,Fallers,2022,4530.0,49160.0,58130.0,31660.0,40980.0,64340.0,91380.0
45-4022,Logging Equipment Operators,2022,24780.0,46400.0,46570.0,29010.0,36060.0,55720.0,63650.0
45-4023,Log Graders and Scalers,2022,3950.0,42370.0,44570.0,30890.0,35370.0,51560.0,61100.0
45-4029,"Logging Workers, All Other",2022,3490.0,47110.0,47850.0,30060.0,39840.0,56750.0,62610.0
47-1011,First-Line Supervisors of Construction Trades and Extraction Workers,2022,720900.0,74080.0,77650.0,47600.0,59100.0,93800.0,116940.0
47-2011,Boilermakers,2022,13570.0,66920.0,69780.0,46560.0,58100.0,81080.0,95700.0
47-2021,Brickmasons and Blockmasons,2022,55530.0,59000.0,62380.0,37490.0,47300.0,74000.0,93290.0
47-2022,Stonemasons,2022,10220.0,50210.0,56100.0,34740.0,42410.0,64150.0,82430.0
47-2031,Carpenters,2022,689770.0,51390.0,58210.0,36160.0,43870.0,66240.0,89950.0
47-2041,Carpet Installers,2022,17400.0,45240.0,49520.0,29120.0,35700.0,60350.0,78600.0
47-2042,"Floor Layers, Except Carpet, Wood, and Hard Tiles",2022,20710.0,48870.0,54870.0,32800.0,38300.0,64920.0,83320.0
47-2043,Floor Sanders and Finishers,2022,4270.0,46060.0,49330.0,29640.0,35600.0,60500.0,75360.0
47-2044,Tile and Stone Setters,2022,40760.0,48340.0,53680.0,33330.0,38800.0,62000.0,79130.0
47-2051,Cement Masons and Concrete Finishers,2022,196730.0,48300.0,53890.0,35940.0,39780.0,60950.0,80680.0
47-2053,Terrazzo Workers and Finishers,2022,1460.0,52330.0,61680.0,35480.0,44310.0,65850.0,103080.0
47-2061,Construction Laborers,2022,1012780.0,40750.0,46350.0,29700.0,35330.0,51200.0,72430.0
47-2071,"Paving, Surfacing, and Tamping Equipment Operators",2022,41470.0,47270.0,52730.0,33980.0,38760.0,60790.0,82040.0
47-2072,Pile Driver Operators,2022,3290.0,64310.0,70220.0,38260.0,48050.0,94340.0,107580.0
47-2073,Operating Engineers and Other Construction Equipment Operators,2022,423040.0,51430.0,59420.0,36750.0,43820.0,68330.0,93060.0
47-2081,Drywall and Ceiling Tile Installers,2022,91590.0,50440.0,57880.0,35250.0,41840.0,65420.0,96160.0
47-2082,Tapers,2022,14290.0,62360.0,65880.0,38780.0,46830.0,81950.0,100820.0
47-2111,Electricians,2022,690050.0,60240.0,65280.0,37440.0,47200.0,78210.0,102300.0
47-2121,Glaziers,2022,51630.0,48720.0,55160.0,34580.0,39220.0,62360.0,87400.0
47-2131,"Insulation Workers, Floor, Ceiling, and Wall",2022,33130.0,45380.0,48870.0,29830.0,36350.0,57530.0,76960.0
47-2132,"Insulation Workers, Mechanical",2022,25660.0,50590.0,59100.0,37460.0,44540.0,67480.0,93710.0
47-2141,"Painters, Construction and Maintenance",2022,215680.0,46090.0,49350.0,32510.0,37620.0,57300.0,72160.0
47-2142,Paperhangers,2022,2220.0,44930.0,49030.0,30250.0,33050.0,57800.0,71220.0
47-2151,Pipelayers,2022,36070.0,45990.0,51230.0,34180.0,38300.0,59700.0,77760.0
47-2152,"Plumbers, Pipefitters, and Steamfitters",2022,427920.0,60090.0,65190.0,37250.0,46630.0,78960.0,101190.0
47-2161,Plasterers and Stucco Masons,2022,25950.0,49730.0,55650.0,34880.0,40920.0,62410.0,82510.0
47-2171,Reinforcing Iron and Rebar Workers,2022,17270.0,51070.0,57780.0,38310.0,45760.0,63690.0,89880.0
47-2181,Roofers,2022,131980.0,47920.0,51910.0,31470.0,38230.0,60430.0,75930.0
47-2211,Sheet Metal Workers,2022,120810.0,55350.0,61300.0,35570.0,41590.0,76410.0,99560.0
47-2221,Structural Iron and Steel Workers,2022,66810.0,60500.0,64800.0,37890.0,46910.0,79120.0,100930.0
47-2231,Solar Photovoltaic Installers,2022,27760.0,45230.0,47970.0,35520.0,37440.0,53700.0,63330.0
47-3011,"Helpers--Brickmasons, Blockmasons, Stonemasons, and Tile and Marble Setters",2022,17730.0,39430.0,44230.0,31010.0,35620.0,47690.0,62590.0
47-3012,Helpers--Carpenters,2022,24580.0,37490.0,38880.0,28370.0,32080.0,44870.0,51320.0
47-3013,Helpers--Electricians,2022,71000.0,37070.0,38840.0,28940.0,31560.0,44720.0,49910.0
47-3014,"Helpers--Painters, Paperhangers, Plasterers, and Stucco Masons",2022,8630.0,36080.0,38040.0,27210.0,30670.0,42790.0,50770.0
47-3015,"Helpers--Pipelayers, Plumbers, Pipefitters, and Steamfitters",2022,46760.0,36340.0,37590.0,28530.0,31110.0,41600.0,49250.0
47-3016,Helpers--Roofers,2022,5790.0,37020.0,40880.0,29550.0,33440.0,44100.0,51170.0
47-3019,"Helpers, Construction Trades, All Other",2022,27920.0,37820.0,40790.0,28490.0,33230.0,46230.0,55000.0
47-4011,Construction and Building Inspectors,2022,128950.0,64480.0,70130.0,40370.0,50520.0,82240.0,104110.0
47-4021,Elevator and Escalator Installers and Repairers,2022,24380.0,99000.0,93960.0,47850.0,64810.0,119350.0,135130.0
47-4031,Fence Erectors,2022,27060.0,39840.0,43780.0,30190.0,35180.0,48610.0,61710.0
47-4041,Hazardous Materials Removal Workers,2022,46780.0,46690.0,51620.0,32910.0,37640.0,60940.0,81130.0
47-4051,Highway Maintenance Workers,2022,143330.0,44930.0,45790.0,29940.0,36640.0,52400.0,63440.0
47-4061,Rail-Track Laying and Maintenance Equipment Operators,2022,18600.0,63230.0,63840.0,39000.0,47680.0,78930.0,84460.0
47-4071,Septic Tank Servicers and Sewer Pipe Cleaners,2022,27660.0,45610.0,47580.0,31120.0,37180.0,54600.0,66250.0
47-4090,Miscellaneous Construction and Related Workers,2022,29880.0,44890.0,48620.0,31420.0,36760.0,56330.0,74160.0
47-5011,"Derrick Operators, Oil and Gas",2022,10950.0,51220.0,53770.0,37610.0,43590.0,61570.0,70820.0
47-5012,"Rotary Drill Operators, Oil and Gas",2022,12190.0,55260.0,60450.0,37320.0,46250.0,72790.0,84530.0
47-5013,"Service Unit Operators, Oil and Gas",2022,36320.0,50140.0,57170.0,35530.0,41010.0,64680.0,83530.0
47-5022,"Excavating and Loading Machine and Dragline Operators, Surface Mining",2022,33670.0,48350.0,53490.0,36590.0,40760.0,60010.0,76900.0
47-5023,"Earth Drillers, Except Oil and Gas",2022,19010.0,51740.0,57250.0,38490.0,45730.0,64940.0,80450.0
47-5032,"Explosives Workers, Ordnance Handling Experts, and Blasters",2022,4710.0,56670.0,61560.0,40510.0,47700.0,72850.0,88520.0
47-5041,Continuous Mining Machine Operators,2022,13500.0,57360.0,57120.0,38020.0,47650.0,64990.0,76870.0
47-5043,"Roof Bolters, Mining",2022,1700.0,60210.0,63990.0,51320.0,54260.0,72620.0,77370.0
47-5044,"Loading and Moving Machine Operators, Underground Mining",2022,5210.0,63920.0,62420.0,45780.0,52720.0,70130.0,75660.0
47-5049,"Underground Mining Machine Operators, All Other",2022,2270.0,64180.0,61990.0,40270.0,47860.0,70310.0,84590.0
47-5051,"Rock Splitters, Quarry",2022,3910.0,46010.0,47010.0,30520.0,36770.0,56030.0,63380.0
47-5071,"Roustabouts, Oil and Gas",2022,39100.0,43590.0,45750.0,31640.0,36780.0,50780.0,61180.0
47-5081,Helpers--Extraction Workers,2022,6910.0,43110.0,44410.0,31050.0,36340.0,52150.0,60100.0
47-5099,"Extraction Workers, All Other",2022,6290.0,51600.0,53220.0,35680.0,42960.0,60960.0,75750.0
49-1011,"First-Line Supervisors of Mechanics, Installers, and Repairers",2022,559050.0,73140.0,76020.0,44900.0,56760.0,92560.0,112020.0
49-2011,"Computer, Automated Teller, and Office Machine Repairers",2022,81440.0,44910.0,47120.0,31560.0,36600.0,55680.0,64090.0
49-2021,"Radio, Cellular, and Tower Equipment Installers and Repairers",2022,13020.0,59720.0,62570.0,37290.0,46400.0,77260.0,93840.0
49-2022,"Telecommunications Equipment Installers and Repairers, Except Line Installers",2022,168180.0,59960.0,61670.0,36240.0,46690.0,76550.0,88770.0
49-2091,Avionics Technicians,2022,20200.0,75450.0,74730.0,40980.0,58760.0,89970.0,109160.0
49-2092,"Electric Motor, Power Tool, and Related Repairers",2022,15390.0,48260.0,51500.0,32790.0,38810.0,60350.0,73850.0
49-2093,"Electrical and Electronics Installers and Repairers, Transportation Equipment",2022,8530.0,73630.0,71740.0,45970.0,58120.0,84520.0,94250.0
49-2094,"Electrical and Electronics Repairers, Commercial and Industrial Equipment",2022,51650.0,64030.0,66650.0,39550.0,51230.0,78440.0,95940.0
49-2095,"Electrical and Electronics Repairers, Powerhouse, Substation, and Relay",2022,25440.0,93720.0,88770.0,55170.0,71030.0,104720.0,117220.0
49-2096,"Electronic Equipment Installers and Repairers, Motor Vehicles",2022,9450.0,41600.0,45720.0,30560.0,36360.0,51230.0,65380.0
49-2097,Audiovisual Equipment Installers and Repairers,2022,22200.0,44960.0,48450.0,30620.0,36930.0,57000.0,69060.0
49-2098,Security and Fire Alarm Systems Installers,2022,80720.0,50130.0,54280.0,34840.0,40360.0,63250.0,77980.0
49-3011,Aircraft Mechanics and Service Technicians,2022,134070.0,70010.0,72640.0,41020.0,55710.0,84340.0,108200.0
49-3021,Automotive Body and Related Repairers,2022,138760.0,47670.0,53220.0,32370.0,38680.0,61250.0,78460.0
49-3022,Automotive Glass Installers and Repairers,2022,17370.0,43700.0,43900.0,29650.0,36030.0,49580.0,59900.0
49-3023,Automotive Service Technicians and Mechanics,2022,664070.0,46970.0,49690.0,29270.0,35910.0,60740.0,75360.0
49-3031,Bus and Truck Mechanics and Diesel Engine Specialists,2022,271720.0,54360.0,56140.0,37030.0,45670.0,64180.0,78340.0
49-3041,Farm Equipment Mechanics and Service Technicians,2022,35280.0,48010.0,49930.0,31680.0,38320.0,60060.0,66620.0
49-3042,"Mobile Heavy Equipment Mechanics, Except Engines",2022,158350.0,59440.0,59560.0,38950.0,47840.0,68720.0,80080.0
49-3043,Rail Car Repairers,2022,19830.0,62510.0,61960.0,38320.0,47050.0,74630.0,84330.0
49-3051,Motorboat Mechanics and Service Technicians,2022,24920.0,48280.0,50280.0,31930.0,38260.0,59630.0,71760.0
49-3052,Motorcycle Mechanics,2022,14700.0,43370.0,44740.0,28710.0,35000.0,51570.0,63200.0
49-3053,Outdoor Power Equipment and Other Small Engine Mechanics,2022,35570.0,40030.0,42590.0,29170.0,34680.0,48530.0,59090.0
49-3091,Bicycle Repairers,2022,13760.0,36250.0,36770.0,27040.0,30680.0,41860.0,47690.0
49-3092,Recreational Vehicle Service Technicians,2022,17190.0,45030.0,47320.0,30900.0,36750.0,54880.0,65390.0
49-3093,Tire Repairers and Changers,2022,99980.0,34240.0,34970.0,27320.0,29360.0,37630.0,45710.0
49-9011,Mechanical Door Repairers,2022,27330.0,47010.0,48400.0,32520.0,38010.0,56300.0,65500.0
49-9012,"Control and Valve Installers and Repairers, Except Mechanical Door",2022,46410.0,64810.0,69410.0,37980.0,48580.0,89670.0,102570.0
49-9021,"Heating, Air Conditioning, and Refrigeration Mechanics and Installers",2022,374770.0,51390.0,57460.0,36170.0,44100.0,65630.0,82630.0
49-9031,Home Appliance Repairers,2022,29370.0,46000.0,47500.0,29190.0,36350.0,56320.0,67300.0
49-9041,Industrial Machinery Mechanics,2022,386120.0,59830.0,60990.0,38900.0,48180.0,71760.0,82810.0
49-9043,"Maintenance Workers, Machinery",2022,62770.0,53310.0,55910.0,36100.0,43580.0,64700.0,78690.0
49-9044,Millwrights,2022,40930.0,60930.0,61750.0,38940.0,49010.0,74040.0,81300.0
49-9045,"Refractory Materials Repairers, Except Brickmasons",2022,580.0,50550.0,51010.0,30780.0,37770.0,63940.0,65840.0
49-9051,Electrical Power-Line Installers and Repairers,2022,119510.0,82340.0,82770.0,47070.0,62190.0,102070.0,114590.0
49-9052,Telecommunications Line Installers and Repairers,2022,107670.0,60580.0,64280.0,38020.0,46200.0,82950.0,97220.0
49-9061,Camera and Photographic Equipment Repairers,2022,2120.0,44060.0,46870.0,30010.0,35700.0,50720.0,71750.0
49-9062,Medical Equipment Repairers,2022,58830.0,57860.0,60950.0,35530.0,43480.0,76340.0,94310.0
49-9063,Musical Instrument Repairers and Tuners,2022,6330.0,38150.0,43120.0,27250.0,30680.0,49230.0,63110.0
49-9064,Watch and Clock Repairers,2022,1880.0,48370.0,49580.0,28080.0,32420.0,59620.0,75870.0
49-9069,"Precision Instrument and Equipment Repairers, All Other",2022,10810.0,61690.0,63970.0,39960.0,49900.0,76570.0,90250.0
49-9071,"Maintenance and Repair Workers, General",2022,1485990.0,44980.0,47130.0,29220.0,35800.0,57390.0,68930.0
49-9081,Wind Turbine Service Technicians,2022,9830.0,57320.0,59880.0,45150.0,48630.0,63900.0,80170.0
49-9091,"Coin, Vending, and Amusement Machine Servicers and Repairers",2022,35790.0,39690.0,42500.0,26630.0,31790.0,49870.0,59930.0
49-9092,Commercial Divers,2022,3860.0,68300.0,85630.0,38390.0,49370.0,107150.0,171470.0
49-9094,Locksmiths and Safe Repairers,2022,15240.0,47400.0,50210.0,30710.0,36820.0,60110.0,72830.0
49-9095,Manufactured Building and Mobile Home Installers,2022,3630.0,36820.0,38020.0,27350.0,30920.0,42820.0,52800.0
49-9096,Riggers,2022,19260.0,54680.0,58700.0,35140.0,41500.0,70910.0,85250.0
49-9097,Signal and Track Switch Repairers,2022,6880.0,81300.0,77370.0,50020.0,68370.0,86770.0,92900.0
49-9098,"Helpers--Installation, Maintenance, and Repair Workers",2022,93650.0,35100.0,36750.0,25880.0,29850.0,41180.0,49970.0
49-9099,"Installation, Maintenance, and Repair Workers, All Other",2022,172980.0,44500.0,47800.0,30270.0,36070.0,56570.0,70350.0
51-1011,First-Line Supervisors of Production and Operating Workers,2022,659930.0,63510.0,69100.0,40180.0,49510.0,80580.0,102070.0
51-2011,"Aircraft Structure, Surfaces, Rigging, and Systems Assemblers",2022,32140.0,58430.0,60110.0,37650.0,46870.0,75380.0,85370.0
51-2021,"Coil Winders, Tapers, and Finishers",2022,10860.0,43160.0,44850.0,31620.0,36700.0,50750.0,59660.0
51-2028,"Electrical, Electronic, and Electromechanical Assemblers, Except Coil Winders, Tapers, and Finishers",2022,275510.0,38580.0,41770.0,29650.0,34230.0,47020.0,58620.0
51-2031,Engine and Other Machine Assemblers,2022,50120.0,50850.0,51980.0,34700.0,39960.0,64230.0,68360.0
51-2041,Structural Metal Fabricators and Fitters,2022,58870.0,47200.0,48870.0,33870.0,39000.0,56270.0,64970.0
51-2051,Fiberglass Laminators and Fabricators,2022,21910.0,38110.0,41280.0,29490.0,34950.0,46650.0,52760.0
51-2061,Timing Device Assemblers and Adjusters,2022,370.0,42290.0,46480.0,31210.0,35550.0,51510.0,71020.0
51-2090,Miscellaneous Assemblers and Fabricators,2022,1454130.0,37280.0,40250.0,28620.0,31750.0,45780.0,58450.0
51-3011,Bakers,2022,205300.0,32780.0,34140.0,24060.0,28510.0,37460.0,45650.0
51-3021,Butchers and Meat Cutters,2022,129400.0,36930.0,38200.0,26030.0,30210.0,45150.0,51180.0
51-3022,"Meat, Poultry, and Fish Cutters and Trimmers",2022,133460.0,35070.0,35090.0,26950.0,29990.0,39100.0,44560.0
51-3023,Slaughterers and Meat Packers,2022,78660.0,35240.0,34920.0,27460.0,30690.0,38440.0,43700.0
51-3091,"Food and Tobacco Roasting, Baking, and Drying Machine Operators and Tenders",2022,20010.0,37790.0,39770.0,27040.0,31400.0,46560.0,55110.0
51-3092,Food Batchmakers,2022,166520.0,36580.0,38710.0,27290.0,30860.0,46340.0,52580.0
51-3093,Food Cooking Machine Operators and Tenders,2022,26740.0,36700.0,37760.0,27040.0,30080.0,43830.0,50240.0
51-3099,"Food Processing Workers, All Other",2022,47790.0,34710.0,35430.0,26740.0,30610.0,38520.0,44910.0
51-4021,"Extruding and Drawing Machine Setters, Operators, and Tenders, Metal and Plastic",2022,63490.0,39970.0,42580.0,30200.0,35170.0,48170.0,57690.0
51-4022,"Forging Machine Setters, Operators, and Tenders, Metal and Plastic",2022,10650.0,46540.0,46940.0,32410.0,37830.0,54940.0,62900.0
51-4023,"Rolling Machine Setters, Operators, and Tenders, Metal and Plastic",2022,27900.0,46310.0,48250.0,32910.0,38160.0,55780.0,66220.0
51-4031,"Cutting, Punching, and Press Machine Setters, Operators, and Tenders, Metal and Plastic",2022,182460.0,39340.0,42240.0,30280.0,35200.0,47520.0,59090.0
51-4032,"Drilling and Boring Machine Tool Setters, Operators, and Tenders, Metal and Plastic",2022,6470.0,42450.0,45350.0,30720.0,36820.0,51170.0,62400.0
51-4033,"Grinding, Lapping, Polishing, and Buffing Machine Tool Setters, Operators, and Tenders, Metal and Plastic",2022,73800.0,38910.0,42050.0,30390.0,35000.0,47490.0,58430.0
51-4034,"Lathe and Turning Machine Tool Setters, Operators, and Tenders, Metal and Plastic",2022,19410.0,47020.0,47820.0,32580.0,37780.0,55130.0,64450.0
51-4035,"Milling and Planing Machine Setters, Operators, and Tenders, Metal and Plastic",2022,15480.0,46870.0,49200.0,33240.0,37650.0,59000.0,67620.0
51-4041,Machinists,2022,316860.0,48510.0,51430.0,33720.0,39090.0,60870.0,71820.0
51-4051,Metal-Refining Furnace Operators and Tenders,2022,19320.0,50280.0,53450.0,36460.0,41700.0,63280.0,78090.0
51-4052,"Pourers and Casters, Metal",2022,6070.0,45070.0,46600.0,33230.0,37340.0,53080.0,66120.0
51-4061,"Model Makers, Metal and Plastic",2022,3350.0,57620.0,60220.0,37950.0,45400.0,76120.0,85280.0
51-4062,"Patternmakers, Metal and Plastic",2022,2230.0,54970.0,55470.0,35840.0,44710.0,66260.0,74280.0
51-4071,Foundry Mold and Coremakers,2022,11330.0,40120.0,42000.0,29620.0,34970.0,48360.0,57870.0
51-4072,"Molding, Coremaking, and Casting Machine Setters, Operators, and Tenders, Metal and Plastic",2022,165820.0,37050.0,39690.0,28830.0,31650.0,45620.0,54900.0
51-4081,"Multiple Machine Tool Setters, Operators, and Tenders, Metal and Plastic",2022,137060.0,39210.0,42040.0,29410.0,34350.0,47970.0,58560.0
51-4111,Tool and Die Makers,2022,61730.0,59800.0,59390.0,38470.0,47670.0,71050.0,79540.0
51-4121,"Welders, Cutters, Solderers, and Brazers",2022,408990.0,47540.0,50460.0,35380.0,39480.0,58100.0,68750.0
51-4122,"Welding, Soldering, and Brazing Machine Setters, Operators, and Tenders",2022,30940.0,44920.0,46110.0,31930.0,37270.0,51730.0,63010.0
51-4191,"Heat Treating Equipment Setters, Operators, and Tenders, Metal and Plastic",2022,15600.0,40900.0,43700.0,31250.0,36020.0,49160.0,58970.0
51-4192,"Layout Workers, Metal and Plastic",2022,6890.0,58260.0,56170.0,39320.0,48990.0,63020.0,69180.0
51-4193,"Plating Machine Setters, Operators, and Tenders, Metal and Plastic",2022,32050.0,37900.0,40290.0,29140.0,32500.0,45820.0,53560.0
51-4194,"Tool Grinders, Filers, and Sharpeners",2022,5320.0,41940.0,46040.0,29020.0,35060.0,54080.0,65650.0
51-4199,"Metal Workers and Plastic Workers, All Other",2022,21030.0,38340.0,41960.0,30170.0,34320.0,47040.0,59020.0
51-5111,Prepress Technicians and Workers,2022,25250.0,43560.0,44880.0,29580.0,35410.0,50630.0,62270.0
51-5112,Printing Press Operators,2022,150010.0,39350.0,42730.0,28760.0,33770.0,48830.0,59980.0
51-5113,Print Binding and Finishing Workers,2022,39030.0,36970.0,38850.0,27220.0,30800.0,45770.0,51660.0
51-6011,Laundry and Dry-Cleaning Workers,2022,175730.0,29060.0,29660.0,22060.0,24910.0,33240.0,37010.0
51-6021,"Pressers, Textile, Garment, and Related Materials",2022,28570.0,29690.0,30650.0,22520.0,27040.0,34280.0,37760.0
51-6031,Sewing Machine Operators,2022,116750.0,31740.0,33130.0,22880.0,28320.0,37020.0,43500.0
51-6041,Shoe and Leather Workers and Repairers,2022,8860.0,32460.0,34600.0,22830.0,27690.0,38740.0,47230.0
51-6042,Shoe Machine Operators and Tenders,2022,2960.0,33060.0,34160.0,24450.0,28290.0,37710.0,44400.0
51-6051,"Sewers, Hand",2022,3440.0,31530.0,33440.0,24250.0,28780.0,36780.0,43260.0
51-6052,"Tailors, Dressmakers, and Custom Sewers",2022,16870.0,34280.0,37230.0,23910.0,29590.0,42340.0,54080.0
51-6061,Textile Bleaching and Dyeing Machine Operators and Tenders,2022,6640.0,32680.0,33900.0,25890.0,28390.0,37410.0,43880.0
51-6062,"Textile Cutting Machine Setters, Operators, and Tenders",2022,10700.0,34420.0,34970.0,25250.0,29620.0,38930.0,45260.0
51-6063,"Textile Knitting and Weaving Machine Setters, Operators, and Tenders",2022,16900.0,35750.0,35710.0,26380.0,29920.0,39370.0,46160.0
51-6064,"Textile Winding, Twisting, and Drawing Out Machine Setters, Operators, and Tenders",2022,23830.0,33720.0,34610.0,28200.0,30510.0,37310.0,44010.0
51-6091,"Extruding and Forming Machine Setters, Operators, and Tenders, Synthetic and Glass Fibers",2022,14460.0,39860.0,42770.0,30780.0,35510.0,48750.0,59090.0
51-6092,Fabric and Apparel Patternmakers,2022,3070.0,60320.0,66820.0,31190.0,38150.0,85630.0,109550.0
51-6093,Upholsterers,2022,26990.0,39600.0,41900.0,28300.0,33480.0,47150.0,59660.0
51-6099,"Textile, Apparel, and Furnishings Workers, All Other",2022,12810.0,32640.0,35520.0,25240.0,29020.0,38370.0,48600.0
51-7011,Cabinetmakers and Bench Carpenters,2022,95980.0,38810.0,42120.0,29120.0,34550.0,47660.0,58570.0
51-7021,Furniture Finishers,2022,14990.0,37960.0,39880.0,28370.0,32020.0,45750.0,52920.0
51-7031,"Model Makers, Wood",2022,720.0,46940.0,52820.0,35350.0,38010.0,60290.0,83230.0
51-7032,"Patternmakers, Wood",2022,330.0,44290.0,45720.0,31730.0,38180.0,50150.0,60220.0
51-7041,"Sawing Machine Setters, Operators, and Tenders, Wood",2022,46400.0,36270.0,37450.0,26930.0,30330.0,43050.0,49500.0
51-7042,"Woodworking Machine Setters, Operators, and Tenders, Except Sawing",2022,63680.0,36830.0,38060.0,27910.0,31120.0,44290.0,49510.0
51-7099,"Woodworkers, All Other",2022,9120.0,35370.0,36870.0,25750.0,29150.0,42290.0,51310.0
51-8011,Nuclear Power Reactor Operators,2022,5450.0,115870.0,117510.0,85580.0,100190.0,131030.0,146100.0
51-8012,Power Distributors and Dispatchers,2022,9380.0,101650.0,101360.0,66090.0,83070.0,118350.0,135620.0
51-8013,Power Plant Operators,2022,31590.0,93060.0,88960.0,52000.0,71160.0,104720.0,119880.0
51-8021,Stationary Engineers and Boiler Operators,2022,31470.0,67120.0,72570.0,40910.0,52640.0,87030.0,108790.0
51-8031,Water and Wastewater Treatment Plant and System Operators,2022,119350.0,51600.0,55690.0,34100.0,40780.0,64720.0,81210.0
51-8091,Chemical Plant and System Operators,2022,18710.0,82670.0,79290.0,45930.0,61680.0,99430.0,107680.0
51-8092,Gas Plant Operators,2022,14290.0,79460.0,78430.0,46190.0,62220.0,94930.0,107700.0
51-8093,"Petroleum Pump System Operators, Refinery Operators, and Gaugers",2022,31360.0,85090.0,84140.0,52920.0,72320.0,99860.0,107810.0
51-8099,"Plant and System Operators, All Other",2022,15370.0,57470.0,60070.0,37100.0,45860.0,70910.0,85760.0
51-9011,Chemical Equipment Operators and Tenders,2022,115370.0,49330.0,54210.0,34360.0,39360.0,63830.0,80480.0
51-9012,"Separating, Filtering, Clarifying, Precipitating, and Still Machine Setters, Operators, and Tenders",2022,52470.0,46250.0,48980.0,31430.0,37190.0,56820.0,69920.0
51-9021,"Crushing, Grinding, and Polishing Machine Setters, Operators, and Tenders",2022,27320.0,43290.0,45310.0,30220.0,35910.0,51960.0,63490.0
51-9022,"Grinding and Polishing Workers, Hand",2022,14190.0,36960.0,38770.0,28760.0,31930.0,43350.0,50210.0
51-9023,"Mixing and Blending Machine Setters, Operators, and Tenders",2022,108900.0,43410.0,45220.0,30880.0,36400.0,50950.0,61480.0
51-9031,"Cutters and Trimmers, Hand",2022,8250.0,36130.0,37830.0,27040.0,30470.0,41960.0,51970.0
51-9032,"Cutting and Slicing Machine Setters, Operators, and Tenders",2022,54110.0,39880.0,41980.0,30220.0,35050.0,48190.0,55760.0
51-9041,"Extruding, Forming, Pressing, and Compacting Machine Setters, Operators, and Tenders",2022,58740.0,39480.0,41940.0,30290.0,34720.0,47870.0,57120.0
51-9051,"Furnace, Kiln, Oven, Drier, and Kettle Operators and Tenders",2022,15030.0,44530.0,46180.0,31450.0,36470.0,54560.0,62410.0
51-9061,"Inspectors, Testers, Sorters, Samplers, and Weighers",2022,579740.0,43900.0,47290.0,29950.0,35630.0,55510.0,69100.0
51-9071,Jewelers and Precious Stone and Metal Workers,2022,26280.0,47140.0,50530.0,30150.0,36210.0,60130.0,76130.0
51-9081,Dental Laboratory Technicians,2022,33330.0,46050.0,49930.0,30770.0,36920.0,58560.0,74800.0
51-9082,Medical Appliance Technicians,2022,15680.0,42160.0,46240.0,31990.0,35620.0,50840.0,64580.0
51-9083,Ophthalmic Laboratory Technicians,2022,20200.0,36810.0,40140.0,27930.0,31620.0,45180.0,58430.0
51-9111,Packaging and Filling Machine Operators and Tenders,2022,369330.0,36750.0,39060.0,28300.0,31530.0,44780.0,52760.0
51-9123,"Painting, Coating, and Decorating Workers",2022,11990.0,38270.0,41770.0,28850.0,32760.0,46070.0,55120.0
51-9124,"Coating, Painting, and Spraying Machine Setters, Operators, and Tenders",2022,152120.0,43960.0,46440.0,31200.0,36490.0,51540.0,63430.0
51-9141,Semiconductor Processing Technicians,2022,23860.0,44690.0,48370.0,33120.0,37100.0,55630.0,72030.0
51-9151,Photographic Process Workers and Processing Machine Operators,2022,5380.0,36280.0,42750.0,27650.0,30960.0,48190.0,66150.0
51-9161,Computer Numerically Controlled Tool Operators,2022,179360.0,46760.0,47940.0,33360.0,37960.0,56030.0,63600.0
51-9162,Computer Numerically Controlled Tool Programmers,2022,28120.0,60800.0,64580.0,42990.0,50650.0,76060.0,90090.0
51-9191,Adhesive Bonding Machine Operators and Tenders,2022,11320.0,38780.0,40100.0,27700.0,31210.0,47370.0,51990.0
51-9192,"Cleaning, Washing, and Metal Pickling Equipment Operators and Tenders",2022,13200.0,37190.0,39130.0,28460.0,31830.0,45020.0,52460.0
51-9193,Cooling and Freezing Equipment Operators and Tenders,2022,6420.0,42890.0,44240.0,29910.0,36340.0,50600.0,61560.0
51-9194,Etchers and Engravers,2022,8400.0,37980.0,40950.0,27460.0,31840.0,46030.0,59530.0
51-9195,"Molders, Shapers, and Casters, Except Metal and Plastic",2022,39060.0,39590.0,41680.0,30040.0,35050.0,47200.0,56470.0
51-9196,"Paper Goods Machine Setters, Operators, and Tenders",2022,92050.0,45710.0,46390.0,31290.0,37310.0,51940.0,62730.0
51-9197,Tire Builders,2022,18360.0,51650.0,50600.0,35800.0,41540.0,60140.0,63230.0
51-9198,Helpers--Production Workers,2022,190680.0,34670.0,35740.0,25740.0,30250.0,39370.0,47680.0
51-9199,"Production Workers, All Other",2022,252660.0,35490.0,38860.0,27510.0,30530.0,43690.0,56180.0
53-1041,Aircraft Cargo Handling Supervisors,2022,7950.0,53490.0,61150.0,41030.0,46540.0,76230.0,87170.0
53-1047,"First-Line Supervisors of Transportation and Material Moving Workers, Except Aircraft Cargo Handling Supervisors",2022,591760.0,57860.0,60850.0,37310.0,45090.0,72920.0,87900.0
53-2011,"Airline Pilots, Copilots, and Flight Engineers",2022,89580.0,211790.0,225740.0,98680.0,129520.0,,
53-2012,Commercial Pilots,2022,48750.0,103910.0,123250.0,54100.0,76320.0,149170.0,217530.0
53-2021,Air Traffic Controllers,2022,21250.0,132250.0,130840.0,73590.0,92580.0,168770.0,189800.0
53-2022,Airfield Operations Specialists,2022,14760.0,49600.0,64050.0,30460.0,38060.0,76100.0,110830.0
53-2031,Flight Attendants,2022,108480.0,63760.0,67020.0,37690.0,47760.0,82410.0,97170.0
53-3011,"Ambulance Drivers and Attendants, Except Emergency Medical Technicians",2022,9910.0,30380.0,33570.0,22410.0,26000.0,36120.0,47120.0
53-3031,Driver/Sales Workers,2022,489510.0,32690.0,35560.0,19730.0,24630.0,44250.0,55200.0
53-3032,Heavy and Tractor-Trailer Truck Drivers,2022,1984180.0,49920.0,53090.0,35300.0,42490.0,61200.0,75220.0
53-3033,Light Truck Drivers,2022,1059840.0,40410.0,45020.0,26740.0,33590.0,50650.0,75780.0
53-3051,"Bus Drivers, School",2022,366550.0,41270.0,42400.0,25390.0,33850.0,49210.0,58390.0
53-3052,"Bus Drivers, Transit and Intercity",2022,141530.0,50890.0,53920.0,33610.0,39900.0,65430.0,80420.0
53-3053,Shuttle Drivers and Chauffeurs,2022,201070.0,32800.0,35000.0,23680.0,28190.0,38610.0,48070.0
53-3054,Taxi Drivers,2022,13820.0,30670.0,32710.0,22880.0,27740.0,35150.0,41710.0
53-3099,"Motor Vehicle Operators, All Other",2022,49340.0,33210.0,37650.0,22390.0,26460.0,44820.0,59740.0
53-4011,Locomotive Engineers,2022,36440.0,74570.0,73850.0,53060.0,62890.0,86950.0,89060.0
53-4013,"Rail Yard Engineers, Dinkey Operators, and Hostlers",2022,2680.0,56340.0,58430.0,35340.0,48230.0,66640.0,83390.0
53-4022,"Railroad Brake, Signal, and Switch Operators and Locomotive Firers",2022,14210.0,67540.0,64810.0,43830.0,60640.0,70140.0,79580.0
53-4031,Railroad Conductors and Yardmasters,2022,40940.0,68180.0,69190.0,49680.0,61570.0,74260.0,88230.0
53-4041,Subway and Streetcar Operators,2022,9120.0,88260.0,75880.0,49260.0,61740.0,89180.0,89180.0
53-4099,"Rail Transportation Workers, All Other",2022,2240.0,42280.0,46780.0,35440.0,39640.0,49870.0,67230.0
53-5011,Sailors and Marine Oilers,2022,28500.0,47490.0,53350.0,30530.0,37190.0,60690.0,75210.0
53-5021,"Captains, Mates, and Pilots of Water Vessels",2022,34940.0,95210.0,104190.0,42090.0,61390.0,125700.0,160140.0
53-5022,Motorboat Operators,2022,3110.0,41430.0,47300.0,29640.0,34870.0,58750.0,73650.0
53-5031,Ship Engineers,2022,8650.0,87300.0,100980.0,52520.0,72410.0,107580.0,139990.0
53-6011,Bridge and Lock Tenders,2022,3690.0,47280.0,46910.0,26630.0,30370.0,61380.0,67330.0
53-6021,Parking Attendants,2022,105290.0,30570.0,31230.0,22580.0,27040.0,34590.0,38760.0
53-6031,Automotive and Watercraft Service Attendants,2022,99600.0,30850.0,32340.0,24660.0,27820.0,35550.0,40290.0
53-6032,Aircraft Service Attendants,2022,19720.0,37050.0,39400.0,29400.0,31740.0,43560.0,51880.0
53-6041,Traffic Technicians,2022,7310.0,50050.0,54720.0,34370.0,40390.0,64830.0,84520.0
53-6051,Transportation Inspectors,2022,24420.0,79570.0,79770.0,36770.0,54270.0,97510.0,126150.0
53-6061,Passenger Attendants,2022,13200.0,34630.0,36230.0,22020.0,29490.0,40430.0,50000.0
53-6099,"Transportation Workers, All Other",2022,11590.0,37430.0,40290.0,23920.0,29460.0,47000.0,60720.0
53-7011,Conveyor Operators and Tenders,2022,27780.0,36890.0,40060.0,30770.0,33130.0,44630.0,53190.0
53-7021,Crane and Tower Operators,2022,45210.0,61340.0,65220.0,37680.0,47840.0,76450.0,93410.0
53-7031,Dredge Operators,2022,940.0,47090.0,51770.0,34110.0,40030.0,60320.0,77080.0
53-7041,Hoist and Winch Operators,2022,2440.0,58950.0,69120.0,33480.0,40360.0,95380.0,121450.0
53-7051,Industrial Truck and Tractor Operators,2022,780890.0,41230.0,43240.0,32040.0,36640.0,47780.0,57410.0
53-7061,Cleaners of Vehicles and Equipment,2022,359530.0,31000.0,32730.0,22500.0,27470.0,36310.0,43520.0
53-7062,"Laborers and Freight, Stock, and Material Movers, Hand",2022,2934050.0,36110.0,37510.0,27610.0,31130.0,42470.0,48560.0
53-7063,Machine Feeders and Offbearers,2022,51010.0,38040.0,39100.0,28190.0,31800.0,45420.0,50910.0
53-7064,"Packers and Packagers, Hand",2022,653870.0,32920.0,33310.0,23870.0,28620.0,37230.0,42070.0
53-7065,Stockers and Order Fillers,2022,2842060.0,34220.0,35550.0,25680.0,29730.0,38810.0,47360.0
53-7071,Gas Compressor and Gas Pumping Station Operators,2022,3740.0,59990.0,61500.0,33680.0,44550.0,76140.0,90720.0
53-7072,"Pump Operators, Except Wellhead Pumpers",2022,10870.0,55860.0,59150.0,36700.0,44740.0,74200.0,85430.0
53-7073,Wellhead Pumpers,2022,14550.0,63280.0,65510.0,36100.0,47430.0,79120.0,93730.0
53-7081,Refuse and Recyclable Material Collectors,2022,132240.0,43540.0,45560.0,28190.0,34040.0,53800.0,64390.0
53-7121,"Tank Car, Truck, and Ship Loaders",2022,12470.0,53930.0,58680.0,36730.0,44500.0,75670.0,88650.0
53-7199,"Material Moving Workers, All Other",2022,24880.0,38800.0,43290.0,30070.0,33280.0,48840.0,60070.0
11-1011,Chief Executives,2023,211230.0,206680.0,258900.0,80000.0,130840.0,,
11-1021,General and Operations Managers,2023,3507810.0,101280.0,129330.0,46340.0,65180.0,160290.0,232110.0
11-1031,Legislators,2023,32460.0,47290.0,68140.0,21010.0,28810.0,82200.0,129510.0
11-2011,Advertising and Promotions Managers,2023,20630.0,131870.0,152620.0,63580.0,88810.0,188530.0,
11-2021,Marketing Managers,2023,368940.0,157620.0,166410.0,79600.0,108000.0,208000.0,
11-2022,Sales Managers,2023,575880.0,135160.0,157610.0,63700.0,93540.0,196700.0,
11-2032,Public Relations Managers,2023,72760.0,134760.0,159420.0,76160.0,99180.0,191840.0,
11-2033,Fundraising Managers,2023,31810.0,119200.0,133620.0,68800.0,86880.0,162660.0,212730.0
11-3012,Administrative Services Managers,2023,242520.0,106470.0,121200.0,62470.0,81420.0,140870.0,188820.0
11-3013,Facilities Managers,2023,131400.0,102340.0,111110.0,60840.0,78130.0,133990.0,169020.0
11-3021,Computer and Information Systems Managers,2023,592600.0,169510.0,180720.0,101590.0,131770.0,214050.0,
11-3031,Financial Managers,2023,787340.0,156100.0,174820.0,82870.0,110190.0,210830.0,
11-3051,Industrial Production Managers,2023,222890.0,116970.0,125900.0,72010.0,91590.0,151220.0,190480.0
11-3061,Purchasing Managers,2023,77530.0,136380.0,146710.0,83510.0,105300.0,172110.0,215170.0
11-3071,"Transportation, Storage, and Distribution Managers",2023,198780.0,99200.0,111870.0,58810.0,76120.0,133090.0,175530.0
11-3111,Compensation and Benefits Managers,2023,18690.0,136380.0,150940.0,76550.0,102540.0,181030.0,229970.0
11-3121,Human Resources Managers,2023,200600.0,136350.0,154740.0,81060.0,103340.0,182120.0,
11-3131,Training and Development Managers,2023,41540.0,125040.0,138450.0,73410.0,94240.0,166780.0,220060.0
11-9013,"Farmers, Ranchers, and Other Agricultural Managers",2023,6150.0,83770.0,90160.0,47800.0,63510.0,109090.0,136410.0
11-9021,Construction Managers,2023,329190.0,104900.0,116960.0,64480.0,81640.0,135550.0,172040.0
11-9031,"Education and Childcare Administrators, Preschool and Daycare",2023,64090.0,54290.0,61320.0,36550.0,44420.0,69350.0,94890.0
11-9032,"Education Administrators, Kindergarten through Secondary",2023,302580.0,103460.0,111020.0,70050.0,83050.0,131180.0,163010.0
11-9033,"Education Administrators, Postsecondary",2023,167270.0,102610.0,122010.0,62970.0,79700.0,137230.0,209870.0
11-9039,"Education Administrators, All Other",2023,50690.0,88460.0,100720.0,49470.0,64800.0,120120.0,158200.0
11-9041,Architectural and Engineering Managers,2023,207800.0,165370.0,172290.0,107390.0,132890.0,203030.0,233590.0
11-9051,Food Service Managers,2023,246070.0,63060.0,69580.0,42990.0,50390.0,79630.0,101240.0
11-9071,Gambling Managers,2023,4590.0,82380.0,98270.0,49940.0,65210.0,113720.0,159440.0
11-9072,"Entertainment and Recreation Managers, Except Gambling",2023,29690.0,73460.0,84080.0,42730.0,53480.0,99170.0,133680.0
11-9081,Lodging Managers,2023,41980.0,65360.0,76790.0,39270.0,49380.0,87930.0,127090.0
11-9111,Medical and Health Services Managers,2023,515100.0,110680.0,134440.0,67900.0,86080.0,157640.0,216750.0
11-9121,Natural Sciences Managers,2023,96520.0,157740.0,169120.0,77520.0,109300.0,212080.0,
11-9131,Postmasters and Mail Superintendents,2023,13810.0,88670.0,89770.0,79060.0,82990.0,95660.0,104940.0
11-9141,"Property, Real Estate, and Community Association Managers",2023,284120.0,62850.0,78400.0,37540.0,47940.0,92560.0,135990.0
11-9151,Social and Community Service Managers,2023,173650.0,77030.0,83400.0,48880.0,60860.0,98740.0,127550.0
11-9161,Emergency Management Directors,2023,11910.0,83960.0,93690.0,50340.0,62630.0,112190.0,151560.0
11-9171,Funeral Home Managers,2023,14200.0,75660.0,84800.0,44830.0,59650.0,98560.0,131360.0
11-9179,"Personal Service Managers, All Other",2023,11170.0,57570.0,62980.0,31000.0,41410.0,73650.0,99900.0
11-9199,"Managers, All Other",2023,589750.0,133560.0,146320.0,67370.0,97990.0,174510.0,225120.0
13-1011,"Agents and Business Managers of Artists, Performers, and Athletes",2023,12870.0,84900.0,132810.0,47100.0,62280.0,129930.0,
13-1020,Buyers and Purchasing Agents,2023,477980.0,71950.0,77850.0,43680.0,54910.0,94910.0,121680.0
13-1031,"Claims Adjusters, Examiners, and Investigators",2023,293780.0,75050.0,75770.0,47390.0,58770.0,91100.0,105440.0
13-1032,"Insurance Appraisers, Auto Damage",2023,8670.0,74520.0,75660.0,56890.0,63690.0,82740.0,100240.0
13-1041,Compliance Officers,2023,383620.0,75670.0,80190.0,43790.0,56180.0,100340.0,123710.0
13-1051,Cost Estimators,2023,220970.0,74740.0,79520.0,44820.0,57130.0,96740.0,124520.0
13-1071,Human Resources Specialists,2023,895970.0,67650.0,76060.0,42900.0,51510.0,92390.0,121800.0
13-1074,Farm Labor Contractors,2023,460.0,45730.0,51400.0,26700.0,31970.0,63980.0,89640.0
13-1075,Labor Relations Specialists,2023,62800.0,89980.0,94620.0,48360.0,65650.0,120610.0,139520.0
13-1081,Logisticians,2023,228470.0,79400.0,84640.0,47990.0,61440.0,101890.0,128550.0
13-1082,Project Management Specialists,2023,947630.0,98580.0,104920.0,57500.0,74100.0,129690.0,163040.0
13-1111,Management Analysts,2023,838140.0,99410.0,115530.0,57840.0,74540.0,130800.0,172280.0
13-1121,"Meeting, Convention, and Event Planners",2023,122130.0,56920.0,62280.0,34410.0,43450.0,74510.0,99010.0
13-1131,Fundraisers,2023,101730.0,64160.0,70760.0,39440.0,49560.0,83120.0,106700.0
13-1141,"Compensation, Benefits, and Job Analysis Specialists",2023,99850.0,74530.0,80620.0,46050.0,56890.0,97960.0,127340.0
13-1151,Training and Development Specialists,2023,403480.0,64340.0,71980.0,36050.0,47510.0,87890.0,116140.0
13-1161,Market Research Analysts and Marketing Specialists,2023,846370.0,74680.0,83190.0,40040.0,52840.0,102450.0,137040.0
13-1199,"Business Operations Specialists, All Other",2023,1103440.0,79590.0,89130.0,44370.0,59010.0,106300.0,140300.0
13-2011,Accountants and Auditors,2023,1435770.0,79880.0,90780.0,50440.0,62720.0,103990.0,137280.0
13-2020,Property Appraisers and Assessors,2023,62090.0,61630.0,76110.0,36230.0,46560.0,83600.0,116580.0
13-2031,Budget Analysts,2023,47310.0,84940.0,90880.0,56760.0,68540.0,107470.0,131630.0
13-2041,Credit Analysts,2023,73200.0,79420.0,94750.0,50060.0,61600.0,108430.0,164750.0
13-2051,Financial and Investment Analysts,2023,325220.0,99010.0,112950.0,60830.0,76880.0,129970.0,175840.0
13-2052,Personal Financial Advisors,2023,272190.0,99580.0,150670.0,48730.0,65320.0,169910.0,
13-2053,Insurance Underwriters,2023,101310.0,77860.0,85610.0,48480.0,61370.0,102000.0,132010.0
13-2054,Financial Risk Specialists,2023,55290.0,106090.0,118950.0,61090.0,79140.0,141030.0,184330.0
13-2061,Financial Examiners,2023,63440.0,84300.0,98140.0,49710.0,63430.0,121280.0,165670.0
13-2071,Credit Counselors,2023,27950.0,48570.0,53440.0,37460.0,41980.0,59990.0,75030.0
13-2072,Loan Officers,2023,321090.0,69990.0,84490.0,37020.0,49130.0,100020.0,139470.0
13-2081,"Tax Examiners and Collectors, and Revenue Agents",2023,50250.0,58530.0,65370.0,37690.0,45360.0,78520.0,107660.0
13-2082,Tax Preparers,2023,81650.0,49010.0,58160.0,29170.0,35670.0,76020.0,98810.0
13-2099,"Financial Specialists, All Other",2023,122730.0,78310.0,89650.0,43510.0,57930.0,105060.0,139960.0
15-1211,Computer Systems Analysts,2023,498810.0,103800.0,110800.0,63230.0,80380.0,132580.0,165700.0
15-1212,Information Security Analysts,2023,175350.0,120360.0,124740.0,69210.0,90050.0,153550.0,182370.0
15-1221,Computer and Information Research Scientists,2023,35210.0,145080.0,157160.0,81450.0,109990.0,185160.0,233110.0
15-1231,Computer Network Support Specialists,2023,158720.0,71530.0,78640.0,45660.0,54700.0,92570.0,121920.0
15-1232,Computer User Support Specialists,2023,689700.0,59240.0,63640.0,37690.0,46550.0,75950.0,97020.0
15-1241,Computer Network Architects,2023,174100.0,129840.0,133930.0,77960.0,100120.0,164080.0,195000.0
15-1242,Database Administrators,2023,76140.0,101510.0,104810.0,54320.0,71940.0,133120.0,157710.0
15-1243,Database Architects,2023,59920.0,134700.0,137030.0,76000.0,104330.0,166780.0,194960.0
15-1244,Network and Computer Systems Administrators,2023,323020.0,95360.0,100580.0,58680.0,74400.0,121910.0,148710.0
15-1251,Computer Programmers,2023,120370.0,99700.0,107750.0,58950.0,74610.0,129650.0,167230.0
15-1252,Software Developers,2023,1656880.0,132270.0,138110.0,77020.0,101200.0,167540.0,208620.0
15-1253,Software Quality Assurance Analysts and Testers,2023,203040.0,101800.0,108460.0,58740.0,78470.0,130630.0,164520.0
15-1254,Web Developers,2023,85350.0,84960.0,95570.0,46850.0,61690.0,116370.0,157280.0
15-1255,Web and Digital Interface Designers,2023,111060.0,98540.0,108820.0,48210.0,66020.0,139500.0,176490.0
15-1299,"Computer Occupations, All Other",2023,437170.0,104920.0,112430.0,49690.0,71990.0,141820.0,174300.0
15-2011,Actuaries,2023,25470.0,120000.0,132500.0,75380.0,88420.0,164320.0,209310.0
15-2021,Mathematicians,2023,2220.0,116440.0,119770.0,62260.0,81910.0,148240.0,183500.0
15-2031,Operations Research Analysts,2023,117880.0,83640.0,95600.0,52930.0,66250.0,115190.0,148920.0
15-2041,Statisticians,2023,29950.0,104110.0,109190.0,58690.0,78140.0,134950.0,163360.0
15-2051,Data Scientists,2023,192710.0,108020.0,119040.0,61070.0,79810.0,147670.0,184090.0
15-2099,"Mathematical Science Occupations, All Other",2023,4320.0,70620.0,83330.0,38400.0,49800.0,99730.0,155150.0
17-1011,"Architects, Except Landscape and Naval",2023,111170.0,93310.0,100400.0,58870.0,73240.0,116780.0,151300.0
17-1012,Landscape Architects,2023,20370.0,79320.0,83990.0,50000.0,61520.0,97170.0,125600.0
17-1021,Cartographers and Photogrammetrists,2023,12330.0,76210.0,78810.0,48660.0,60430.0,95610.0,113540.0
17-1022,Surveyors,2023,50740.0,68540.0,74000.0,41430.0,50970.0,91520.0,109660.0
17-2011,Aerospace Engineers,2023,66660.0,130720.0,134330.0,81620.0,101730.0,166610.0,188910.0
17-2021,Agricultural Engineers,2023,1860.0,88750.0,93490.0,62150.0,79620.0,101030.0,127590.0
17-2031,Bioengineers and Biomedical Engineers,2023,19320.0,100730.0,106700.0,68100.0,81370.0,125780.0,154350.0
17-2041,Chemical Engineers,2023,21140.0,112100.0,122910.0,75650.0,91630.0,142810.0,176420.0
17-2051,Civil Engineers,2023,327950.0,95890.0,101160.0,63220.0,76500.0,123010.0,150640.0
17-2061,Computer Hardware Engineers,2023,82660.0,138080.0,147770.0,81630.0,108670.0,175400.0,212770.0
17-2071,Electrical Engineers,2023,185430.0,106950.0,117680.0,69320.0,83200.0,137140.0,172050.0
17-2072,"Electronics Engineers, Except Computer",2023,96410.0,119200.0,124190.0,76700.0,93380.0,151610.0,179690.0
17-2081,Environmental Engineers,2023,39880.0,100090.0,105840.0,63370.0,78640.0,125520.0,156530.0
17-2111,"Health and Safety Engineers, Except Mining Safety Engineers and Inspectors",2023,22510.0,103690.0,108740.0,62190.0,81760.0,131670.0,160600.0
17-2112,Industrial Engineers,2023,332870.0,99380.0,103150.0,65320.0,79730.0,124000.0,142220.0
17-2121,Marine Engineers and Naval Architects,2023,9960.0,100270.0,108110.0,76860.0,80620.0,126870.0,156630.0
17-2131,Materials Engineers,2023,24630.0,104100.0,110430.0,63340.0,80790.0,133090.0,165580.0
17-2141,Mechanical Engineers,2023,281290.0,99510.0,105220.0,64560.0,79160.0,126990.0,157470.0
17-2151,"Mining and Geological Engineers, Including Mining Safety Engineers",2023,7040.0,100640.0,105460.0,55150.0,77730.0,128920.0,160820.0
17-2161,Nuclear Engineers,2023,12710.0,125460.0,126950.0,82150.0,100500.0,142700.0,174020.0
17-2171,Petroleum Engineers,2023,20390.0,135690.0,148590.0,77340.0,104020.0,176990.0,225920.0
17-2199,"Engineers, All Other",2023,150990.0,111970.0,118350.0,62130.0,83250.0,146060.0,177020.0
17-3011,Architectural and Civil Drafters,2023,111070.0,61820.0,65000.0,39720.0,49660.0,77020.0,94580.0
17-3012,Electrical and Electronics Drafters,2023,20680.0,69260.0,73110.0,46470.0,54970.0,83870.0,103530.0
17-3013,Mechanical Drafters,2023,44850.0,64060.0,69920.0,43420.0,52000.0,81380.0,102110.0
17-3019,"Drafters, All Other",2023,16580.0,59260.0,62980.0,39000.0,47840.0,74090.0,91400.0
17-3021,Aerospace Engineering and Operations Technologists and Technicians,2023,10640.0,77830.0,81280.0,50050.0,61490.0,99440.0,113970.0
17-3022,Civil Engineering Technologists and Technicians,2023,63560.0,60700.0,63770.0,39120.0,47920.0,76570.0,91010.0
17-3023,Electrical and Electronic Engineering Technologists and Technicians,2023,97420.0,72800.0,74440.0,46420.0,57990.0,85680.0,105320.0
17-3024,Electro-Mechanical and Mechatronics Technologists and Technicians,2023,15360.0,65080.0,72430.0,44210.0,51650.0,82990.0,104690.0
17-3025,Environmental Engineering Technologists and Technicians,2023,13780.0,54000.0,58780.0,36150.0,45330.0,68790.0,84640.0
17-3026,Industrial Engineering Technologists and Technicians,2023,73020.0,62610.0,66640.0,44950.0,50680.0,77390.0,94540.0
17-3027,Mechanical Engineering Technologists and Technicians,2023,38930.0,64020.0,67990.0,44110.0,51930.0,79910.0,96740.0
17-3028,Calibration Technologists and Technicians,2023,13220.0,62790.0,67360.0,42370.0,50050.0,79170.0,100850.0
17-3029,"Engineering Technologists and Technicians, Except Drafters, All Other",2023,66200.0,73500.0,75290.0,42900.0,54160.0,92880.0,109190.0
17-3031,Surveying and Mapping Technicians,2023,56050.0,48940.0,54090.0,35080.0,39790.0,62540.0,79150.0
19-1011,Animal Scientists,2023,2460.0,70140.0,89450.0,46240.0,52870.0,103260.0,162000.0
19-1012,Food Scientists and Technologists,2023,14100.0,82090.0,88350.0,48480.0,63980.0,105640.0,135430.0
19-1013,Soil and Plant Scientists,2023,15800.0,68240.0,77080.0,43790.0,54030.0,93500.0,119410.0
19-1021,Biochemists and Biophysicists,2023,33180.0,107460.0,120310.0,64680.0,81650.0,136080.0,175790.0
19-1022,Microbiologists,2023,21540.0,85470.0,93380.0,49070.0,62770.0,120240.0,147470.0
19-1023,Zoologists and Wildlife Biologists,2023,17100.0,70600.0,75740.0,45840.0,57120.0,88190.0,110590.0
19-1029,"Biological Scientists, All Other",2023,61220.0,91100.0,99060.0,52230.0,66400.0,119390.0,158730.0
19-1031,Conservation Scientists,2023,22790.0,68750.0,73160.0,42850.0,53000.0,87460.0,105460.0
19-1032,Foresters,2023,9450.0,67330.0,70680.0,46700.0,55520.0,82120.0,98590.0
19-1041,Epidemiologists,2023,10230.0,81390.0,90430.0,54950.0,65910.0,103980.0,132230.0
19-1042,"Medical Scientists, Except Epidemiologists",2023,136620.0,100890.0,112380.0,61810.0,76690.0,133870.0,168020.0
19-1099,"Life Scientists, All Other",2023,7490.0,86950.0,101520.0,50340.0,64460.0,127580.0,172060.0
19-2011,Astronomers,2023,2080.0,127930.0,128940.0,56500.0,85600.0,172210.0,183500.0
19-2012,Physicists,2023,18350.0,155680.0,158270.0,80950.0,112610.0,186330.0,232940.0
19-2021,Atmospheric and Space Scientists,2023,9310.0,92860.0,101530.0,48960.0,68080.0,124760.0,157250.0
19-2031,Chemists,2023,83530.0,84680.0,95560.0,52950.0,64940.0,118800.0,149550.0
19-2032,Materials Scientists,2023,8810.0,106160.0,112440.0,64130.0,82670.0,134580.0,170900.0
19-2041,"Environmental Scientists and Specialists, Including Health",2023,80730.0,78980.0,86710.0,48580.0,60920.0,103420.0,133660.0
19-2042,"Geoscientists, Except Hydrologists and Geographers",2023,24620.0,92580.0,104000.0,52500.0,66280.0,127480.0,172600.0
19-2043,Hydrologists,2023,6150.0,88770.0,96410.0,57120.0,69240.0,114710.0,141790.0
19-2099,"Physical Scientists, All Other",2023,20820.0,112280.0,119050.0,59590.0,81210.0,148430.0,183500.0
19-3011,Economists,2023,16420.0,115730.0,132650.0,62520.0,82330.0,166070.0,216900.0
19-3022,Survey Researchers,2023,8190.0,60960.0,66670.0,30790.0,41330.0,81460.0,107790.0
19-3032,Industrial-Organizational Psychologists,2023,1030.0,147420.0,154380.0,45860.0,90100.0,219410.0,219810.0
19-3033,Clinical and Counseling Psychologists,2023,71730.0,96100.0,106600.0,48820.0,66050.0,129020.0,168870.0
19-3034,School Psychologists,2023,62790.0,84940.0,91990.0,59250.0,70520.0,107400.0,131470.0
19-3039,"Psychologists, All Other",2023,14480.0,117750.0,110300.0,47450.0,76550.0,138280.0,157420.0
19-3041,Sociologists,2023,2890.0,101770.0,106710.0,59960.0,76030.0,134980.0,165280.0
19-3051,Urban and Regional Planners,2023,42690.0,81800.0,85940.0,51470.0,63830.0,102930.0,126120.0
19-3091,Anthropologists and Archeologists,2023,7720.0,63800.0,69780.0,43770.0,50510.0,82000.0,102150.0
19-3092,Geographers,2023,1460.0,90880.0,92460.0,59850.0,70600.0,110240.0,126940.0
19-3093,Historians,2023,3040.0,72890.0,76120.0,35760.0,51720.0,93580.0,124720.0
19-3094,Political Scientists,2023,5580.0,132350.0,132020.0,72470.0,96600.0,167650.0,183500.0
19-3099,"Social Scientists and Related Workers, All Other",2023,35210.0,95890.0,102210.0,59010.0,75400.0,123200.0,158160.0
19-4012,Agricultural Technicians,2023,13150.0,43180.0,46810.0,30750.0,36400.0,53120.0,65470.0
19-4013,Food Science Technicians,2023,15190.0,49090.0,54000.0,37290.0,41770.0,61390.0,74630.0
19-4021,Biological Technicians,2023,76990.0,51430.0,56540.0,36970.0,42390.0,65510.0,80330.0
19-4031,Chemical Technicians,2023,55880.0,56750.0,60920.0,38240.0,45920.0,73280.0,93340.0
19-4042,"Environmental Science and Protection Technicians, Including Health",2023,32390.0,50660.0,57470.0,35800.0,41790.0,65310.0,85010.0
19-4043,"Geological Technicians, Except Hydrologic Technicians",2023,8860.0,52440.0,64590.0,34160.0,42650.0,73720.0,108750.0
19-4044,Hydrologic Technicians,2023,3000.0,55890.0,61500.0,37690.0,44840.0,76000.0,91610.0
19-4051,Nuclear Technicians,2023,5400.0,101740.0,97520.0,62700.0,76280.0,111420.0,128700.0
19-4061,Social Science Research Assistants,2023,30890.0,56400.0,62370.0,37080.0,46140.0,69720.0,96720.0
19-4071,Forest and Conservation Technicians,2023,28740.0,51880.0,54260.0,34570.0,40540.0,63810.0,78420.0
19-4092,Forensic Science Technicians,2023,17520.0,64940.0,71540.0,41410.0,50480.0,84720.0,107490.0
19-4099,"Life, Physical, and Social Science Technicians, All Other",2023,72230.0,58350.0,62640.0,36650.0,44040.0,76080.0,100550.0
19-5011,Occupational Health and Safety Specialists,2023,122300.0,81140.0,85570.0,49550.0,62630.0,102690.0,128040.0
19-5012,Occupational Health and Safety Technicians,2023,27270.0,57920.0,64250.0,40030.0,48980.0,75410.0,97360.0
21-1012,"Educational, Guidance, and Career Counselors and Advisors",2023,327660.0,61710.0,66990.0,40140.0,48760.0,78780.0,100050.0
21-1013,Marriage and Family Therapists,2023,63340.0,58510.0,68730.0,39090.0,45250.0,78440.0,104710.0
21-1015,Rehabilitation Counselors,2023,84750.0,44040.0,48430.0,31390.0,36440.0,56610.0,73710.0
21-1018,"Substance Abuse, Behavioral Disorder, and Mental Health Counselors",2023,397880.0,53710.0,60080.0,36700.0,44600.0,70130.0,89920.0
21-1019,"Counselors, All Other",2023,35580.0,46130.0,52360.0,33300.0,38890.0,59340.0,79880.0
21-1021,"Child, Family, and School Social Workers",2023,352160.0,53940.0,59190.0,37900.0,45120.0,68450.0,85590.0
21-1022,Healthcare Social Workers,2023,185020.0,62940.0,67430.0,41840.0,50190.0,78710.0,97790.0
21-1023,Mental Health and Substance Abuse Social Workers,2023,114680.0,55960.0,63870.0,37150.0,43750.0,74810.0,100090.0
21-1029,"Social Workers, All Other",2023,58460.0,63770.0,68800.0,39580.0,47770.0,87730.0,104580.0
21-1091,Health Education Specialists,2023,57800.0,62860.0,69790.0,39630.0,48210.0,83800.0,107920.0
21-1092,Probation Officers and Correctional Treatment Specialists,2023,85870.0,61800.0,67880.0,41700.0,48800.0,82040.0,105220.0
21-1093,Social and Human Service Assistants,2023,409310.0,41410.0,44240.0,30720.0,35770.0,49280.0,61820.0
21-1094,Community Health Workers,2023,58550.0,48200.0,52610.0,35560.0,40490.0,60740.0,75980.0
21-1099,"Community and Social Service Specialists, All Other",2023,95310.0,49690.0,54020.0,34030.0,39980.0,62460.0,79320.0
21-2011,Clergy,2023,56640.0,58920.0,63720.0,35400.0,45540.0,74620.0,96600.0
21-2021,"Directors, Religious Activities and Education",2023,23270.0,50140.0,61740.0,32030.0,39150.0,70600.0,104430.0
21-2099,"Religious Workers, All Other",2023,11870.0,37960.0,45050.0,28530.0,31200.0,50280.0,73310.0
23-1011,Lawyers,2023,731340.0,145760.0,176470.0,69760.0,98030.0,217360.0,
23-1012,Judicial Law Clerks,2023,14680.0,57490.0,64880.0,41020.0,46090.0,71240.0,102810.0
23-1021,"Administrative Law Judges, Adjudicators, and Hearing Officers",2023,14670.0,111090.0,119940.0,53140.0,75730.0,160350.0,195000.0
23-1022,"Arbitrators, Mediators, and Conciliators",2023,7060.0,71540.0,95370.0,35960.0,51200.0,107060.0,152730.0
23-1023,"Judges, Magistrate Judges, and Magistrates",2023,24470.0,148910.0,139000.0,45950.0,84300.0,182200.0,210890.0
23-2011,Paralegals and Legal Assistants,2023,354890.0,60970.0,66460.0,39710.0,48180.0,77600.0,98830.0
23-2093,"Title Examiners, Abstractors, and Searchers",2023,49760.0,53550.0,59440.0,36400.0,43760.0,70260.0,89980.0
23-2099,"Legal Support Workers, All Other",2023,43760.0,67700.0,82960.0,39890.0,49980.0,106360.0,155270.0
25-1011,"Business Teachers, Postsecondary",2023,82980.0,97130.0,113240.0,48580.0,64670.0,140070.0,211230.0
25-1021,"Computer Science Teachers, Postsecondary",2023,36150.0,96430.0,106380.0,49770.0,65660.0,133800.0,175150.0
25-1022,"Mathematical Science Teachers, Postsecondary",2023,48230.0,81020.0,95320.0,48740.0,62280.0,108840.0,165880.0
25-1031,"Architecture Teachers, Postsecondary",2023,8350.0,105770.0,114900.0,60610.0,80010.0,133570.0,174390.0
25-1032,"Engineering Teachers, Postsecondary",2023,38370.0,106910.0,120630.0,60250.0,81960.0,139300.0,200030.0
25-1041,"Agricultural Sciences Teachers, Postsecondary",2023,7550.0,85260.0,95610.0,49240.0,64120.0,110310.0,149660.0
25-1042,"Biological Science Teachers, Postsecondary",2023,52050.0,83920.0,102270.0,51670.0,64990.0,126760.0,171410.0
25-1043,"Forestry and Conservation Science Teachers, Postsecondary",2023,1260.0,101650.0,102230.0,58120.0,81040.0,118460.0,141800.0
25-1051,"Atmospheric, Earth, Marine, and Space Sciences Teachers, Postsecondary",2023,11770.0,100690.0,111930.0,52430.0,65900.0,135790.0,195940.0
25-1052,"Chemistry Teachers, Postsecondary",2023,20210.0,85810.0,102630.0,52590.0,65580.0,125370.0,171750.0
25-1053,"Environmental Science Teachers, Postsecondary",2023,7120.0,88410.0,100910.0,51280.0,66060.0,126160.0,166150.0
25-1054,"Physics Teachers, Postsecondary",2023,14030.0,98020.0,106950.0,55150.0,66780.0,131140.0,171820.0
25-1061,"Anthropology and Archeology Teachers, Postsecondary",2023,5030.0,93650.0,103640.0,51980.0,67770.0,126060.0,172180.0
25-1062,"Area, Ethnic, and Cultural Studies Teachers, Postsecondary",2023,11570.0,86030.0,100390.0,51590.0,65390.0,111650.0,169680.0
25-1063,"Economics Teachers, Postsecondary",2023,12210.0,115300.0,133650.0,58060.0,82110.0,168240.0,221170.0
25-1064,"Geography Teachers, Postsecondary",2023,3480.0,85600.0,97660.0,50870.0,66610.0,109120.0,155010.0
25-1065,"Political Science Teachers, Postsecondary",2023,17090.0,93810.0,104910.0,51610.0,66330.0,127940.0,172910.0
25-1066,"Psychology Teachers, Postsecondary",2023,40610.0,82140.0,93990.0,49790.0,62980.0,106610.0,151890.0
25-1067,"Sociology Teachers, Postsecondary",2023,12870.0,82670.0,97580.0,49900.0,64320.0,109450.0,169920.0
25-1069,"Social Sciences Teachers, Postsecondary, All Other",2023,16900.0,77750.0,91710.0,43890.0,59310.0,106540.0,170180.0
25-1071,"Health Specialties Teachers, Postsecondary",2023,225360.0,105650.0,134440.0,52300.0,69140.0,172990.0,
25-1072,"Nursing Instructors and Teachers, Postsecondary",2023,72700.0,80780.0,86530.0,49120.0,63050.0,103370.0,130320.0
25-1081,"Education Teachers, Postsecondary",2023,60860.0,73240.0,80750.0,39670.0,52740.0,98130.0,130000.0
25-1082,"Library Science Teachers, Postsecondary",2023,4220.0,80310.0,88190.0,53660.0,64430.0,101750.0,131310.0
25-1111,"Criminal Justice and Law Enforcement Teachers, Postsecondary",2023,13390.0,69030.0,83470.0,46320.0,56020.0,102110.0,134580.0
25-1112,"Law Teachers, Postsecondary",2023,14570.0,127360.0,142440.0,51810.0,77860.0,179700.0,
25-1113,"Social Work Teachers, Postsecondary",2023,11730.0,75020.0,80840.0,46790.0,53640.0,96670.0,127760.0
25-1121,"Art, Drama, and Music Teachers, Postsecondary",2023,101500.0,80360.0,100840.0,47570.0,61970.0,110120.0,178670.0
25-1122,"Communications Teachers, Postsecondary",2023,28520.0,79910.0,90950.0,48060.0,61410.0,104810.0,160060.0
25-1123,"English Language and Literature Teachers, Postsecondary",2023,57600.0,78130.0,87090.0,48090.0,60050.0,102980.0,137100.0
25-1124,"Foreign Language and Literature Teachers, Postsecondary",2023,20820.0,78760.0,88490.0,48230.0,61530.0,103340.0,136260.0
25-1125,"History Teachers, Postsecondary",2023,20610.0,82140.0,93120.0,48760.0,63650.0,106840.0,141840.0
25-1126,"Philosophy and Religion Teachers, Postsecondary",2023,20320.0,79930.0,89680.0,48450.0,61830.0,103340.0,137310.0
25-1192,"Family and Consumer Sciences Teachers, Postsecondary",2023,2660.0,78410.0,89630.0,48410.0,59170.0,105280.0,146020.0
25-1193,"Recreation and Fitness Studies Teachers, Postsecondary",2023,13270.0,75770.0,87340.0,44400.0,58540.0,101780.0,148610.0
25-1194,"Career/Technical Education Teachers, Postsecondary",2023,111180.0,62060.0,68300.0,39120.0,48890.0,80200.0,105200.0
25-1199,"Postsecondary Teachers, All Other",2023,166980.0,79870.0,96570.0,45930.0,59260.0,120620.0,177050.0
25-2011,"Preschool Teachers, Except Special Education",2023,430240.0,37130.0,41410.0,28200.0,30810.0,46500.0,60900.0
25-2012,"Kindergarten Teachers, Except Special Education",2023,118580.0,62690.0,67790.0,45650.0,50970.0,78950.0,100390.0
25-2021,"Elementary School Teachers, Except Special Education",2023,1410070.0,63680.0,70740.0,46960.0,51260.0,81480.0,104440.0
25-2022,"Middle School Teachers, Except Special and Career/Technical Education",2023,626690.0,64290.0,71460.0,47490.0,52040.0,82120.0,104410.0
25-2023,"Career/Technical Education Teachers, Middle School",2023,12210.0,63860.0,69020.0,47360.0,54620.0,78680.0,99080.0
25-2031,"Secondary School Teachers, Except Special and Career/Technical Education",2023,1045170.0,65220.0,73800.0,48040.0,54290.0,83340.0,106380.0
25-2032,"Career/Technical Education Teachers, Secondary School",2023,90070.0,65130.0,70810.0,49420.0,57530.0,81000.0,100380.0
25-2051,"Special Education Teachers, Preschool",2023,24850.0,65270.0,76420.0,41250.0,51240.0,89440.0,135170.0
25-2052,"Special Education Teachers, Kindergarten and Elementary School",2023,212850.0,64910.0,71770.0,47710.0,54360.0,81990.0,103430.0
25-2057,"Special Education Teachers, Middle School",2023,88850.0,66600.0,73630.0,48140.0,57600.0,84040.0,105320.0
25-2058,"Special Education Teachers, Secondary School",2023,158150.0,66620.0,74670.0,47950.0,56820.0,84400.0,107230.0
25-2059,"Special Education Teachers, All Other",2023,43700.0,67190.0,76000.0,43530.0,53780.0,91050.0,114360.0
25-3011,"Adult Basic Education, Adult Secondary Education, and English as a Second Language Instructors",2023,36890.0,60560.0,65430.0,39710.0,48580.0,78230.0,97980.0
25-3021,Self-Enrichment Teachers,2023,272110.0,45330.0,52890.0,28600.0,34820.0,62220.0,85980.0
25-3031,"Substitute Teachers, Short-Term",2023,444530.0,37380.0,43570.0,24420.0,29880.0,48590.0,63140.0
25-3041,Tutors,2023,162300.0,39580.0,48580.0,27710.0,32800.0,55620.0,80440.0
25-3099,"Teachers and Instructors, All Other",2023,118290.0,64390.0,70340.0,32740.0,46600.0,84380.0,108380.0
25-4011,Archivists,2023,7150.0,59910.0,65700.0,37720.0,46450.0,79190.0,103000.0
25-4012,Curators,2023,12510.0,61750.0,70870.0,38000.0,48080.0,81950.0,107860.0
25-4013,Museum Technicians and Conservators,2023,12670.0,48670.0,54890.0,30730.0,37580.0,65020.0,84400.0
25-4022,Librarians and Media Collections Specialists,2023,133760.0,64370.0,68570.0,38690.0,50930.0,80980.0,101970.0
25-4031,Library Technicians,2023,76670.0,39310.0,42570.0,27040.0,32240.0,49860.0,61620.0
25-9021,Farm and Home Management Educators,2023,8110.0,59770.0,61430.0,36710.0,46080.0,75310.0,84770.0
25-9031,Instructional Coordinators,2023,207270.0,74620.0,77200.0,46540.0,59190.0,92230.0,109500.0
25-9044,"Teaching Assistants, Postsecondary",2023,145960.0,43750.0,47030.0,29540.0,33000.0,60450.0,73450.0
25-9045,"Teaching Assistants, Except Postsecondary",2023,1337320.0,35550.0,36430.0,24200.0,29500.0,40720.0,48870.0
25-9099,"Educational Instruction and Library Workers, All Other",2023,113490.0,49800.0,54910.0,25090.0,33640.0,66270.0,86660.0
27-1011,Art Directors,2023,51200.0,106500.0,125920.0,60440.0,78970.0,155680.0,209800.0
27-1012,Craft Artists,2023,5830.0,36600.0,43610.0,21010.0,29120.0,49010.0,67980.0
27-1013,"Fine Artists, Including Painters, Sculptors, and Illustrators",2023,10910.0,59300.0,71420.0,28390.0,38160.0,88690.0,135420.0
27-1014,Special Effects Artists and Animators,2023,29940.0,99060.0,109630.0,57090.0,71570.0,133400.0,169580.0
27-1019,"Artists and Related Workers, All Other",2023,7420.0,74750.0,78890.0,31310.0,41830.0,108590.0,128270.0
27-1021,Commercial and Industrial Designers,2023,30810.0,76250.0,81870.0,46530.0,59170.0,99290.0,126010.0
27-1022,Fashion Designers,2023,19940.0,79290.0,97030.0,37090.0,58440.0,107260.0,160850.0
27-1023,Floral Designers,2023,43350.0,34690.0,35500.0,24960.0,29120.0,38940.0,46650.0
27-1024,Graphic Designers,2023,212720.0,58910.0,64700.0,36420.0,45560.0,77570.0,100450.0
27-1025,Interior Designers,2023,67760.0,62510.0,68530.0,37730.0,47990.0,79580.0,101860.0
27-1026,Merchandise Displayers and Window Trimmers,2023,175790.0,36230.0,39040.0,29280.0,31440.0,42280.0,51230.0
27-1027,Set and Exhibit Designers,2023,10090.0,59490.0,67170.0,32240.0,42980.0,82620.0,113740.0
27-1029,"Designers, All Other",2023,9880.0,67500.0,75960.0,36160.0,46450.0,91740.0,125730.0
27-2011,Actors,2023,62560.0,,,,,,
27-2012,Producers and Directors,2023,154470.0,82510.0,107170.0,42040.0,58540.0,128040.0,174540.0
27-2021,Athletes and Sports Competitors,2023,14930.0,70280.0,328830.0,27730.0,38040.0,201140.0,
27-2022,Coaches and Scouts,2023,238980.0,45910.0,58700.0,27040.0,32440.0,62070.0,95620.0
27-2023,"Umpires, Referees, and Other Sports Officials",2023,14840.0,35820.0,44860.0,22950.0,29140.0,47690.0,63410.0
27-2031,Dancers,2023,11510.0,,,,,,
27-2032,Choreographers,2023,4190.0,52000.0,59090.0,30040.0,37440.0,77330.0,91140.0
27-2041,Music Directors and Composers,2023,10770.0,62590.0,87840.0,34240.0,46910.0,101690.0,173810.0
27-2042,Musicians and Singers,2023,35520.0,,,,,,
27-2091,"Disc Jockeys, Except Radio",2023,7190.0,,,,,,
27-2099,"Entertainers and Performers, Sports and Related Workers, All Other",2023,14720.0,,,,,,
27-3011,Broadcast Announcers and Radio Disc Jockeys,2023,25070.0,44890.0,86950.0,24400.0,30920.0,66070.0,127560.0
27-3023,"News Analysts, Reporters, and Journalists",2023,45020.0,57500.0,101430.0,31550.0,38160.0,91890.0,160360.0
27-3031,Public Relations Specialists,2023,275550.0,66750.0,77720.0,38570.0,50280.0,92290.0,126220.0
27-3041,Editors,2023,95700.0,75020.0,85110.0,38790.0,51810.0,101100.0,138920.0
27-3042,Technical Writers,2023,47970.0,80050.0,86620.0,48630.0,62060.0,102260.0,129440.0
27-3043,Writers and Authors,2023,49450.0,73690.0,87590.0,40900.0,52660.0,100990.0,148240.0
27-3091,Interpreters and Translators,2023,51560.0,57090.0,63080.0,35410.0,44810.0,76960.0,97100.0
27-3092,Court Reporters and Simultaneous Captioners,2023,12390.0,63940.0,71040.0,35890.0,46150.0,86690.0,126440.0
27-3099,"Media and Communication Workers, All Other",2023,23230.0,61900.0,87140.0,36880.0,49980.0,85310.0,136000.0
27-4011,Audio and Video Technicians,2023,66700.0,51640.0,59260.0,33790.0,41440.0,69980.0,95640.0
27-4012,Broadcast Technicians,2023,26190.0,57690.0,71600.0,28080.0,36770.0,96710.0,125410.0
27-4014,Sound Engineering Technicians,2023,14600.0,59430.0,74100.0,36160.0,45820.0,94550.0,132940.0
27-4015,Lighting Technicians,2023,9520.0,62240.0,73250.0,37680.0,47470.0,82980.0,126590.0
27-4021,Photographers,2023,53630.0,40760.0,53380.0,28510.0,32240.0,62480.0,95740.0
27-4031,"Camera Operators, Television, Video, and Film",2023,23940.0,61800.0,71890.0,34420.0,44000.0,93870.0,120740.0
27-4032,Film and Video Editors,2023,29240.0,66600.0,83470.0,38990.0,48920.0,101910.0,154480.0
27-4099,"Media and Communication Equipment Workers, All Other",2023,11430.0,71340.0,75860.0,30110.0,45440.0,103020.0,128020.0
29-1011,Chiropractors,2023,41480.0,76530.0,89760.0,39960.0,57980.0,101930.0,142580.0
29-1021,"Dentists, General",2023,121640.0,166300.0,191750.0,80820.0,123670.0,218030.0,
29-1022,Oral and Maxillofacial Surgeons,2023,4160.0,,334310.0,88060.0,212300.0,,
29-1023,Orthodontists,2023,6400.0,,243620.0,89980.0,132000.0,,
29-1024,Prosthodontists,2023,570.0,234000.0,240750.0,93600.0,176800.0,,
29-1029,"Dentists, All Other Specialists",2023,5920.0,227690.0,244470.0,107330.0,188860.0,,
29-1031,Dietitians and Nutritionists,2023,73860.0,69680.0,71280.0,44910.0,58290.0,81860.0,98830.0
29-1041,Optometrists,2023,41390.0,131860.0,143000.0,64980.0,101650.0,162070.0,204100.0
29-1051,Pharmacists,2023,331700.0,136030.0,134790.0,89980.0,125860.0,155550.0,168650.0
29-1071,Physician Assistants,2023,145740.0,130020.0,130490.0,86280.0,108100.0,151720.0,170790.0
29-1081,Podiatrists,2023,9470.0,141650.0,162520.0,58550.0,87200.0,216070.0,
29-1122,Occupational Therapists,2023,144840.0,96370.0,96790.0,65210.0,79290.0,109480.0,129620.0
29-1123,Physical Therapists,2023,240820.0,99710.0,100440.0,72260.0,81970.0,113630.0,130870.0
29-1124,Radiation Therapists,2023,16640.0,98300.0,104420.0,72280.0,82300.0,112040.0,136910.0
29-1125,Recreational Therapists,2023,15540.0,57120.0,60910.0,37960.0,46420.0,73150.0,92080.0
29-1126,Respiratory Therapists,2023,129750.0,77960.0,80340.0,59180.0,65530.0,88820.0,104480.0
29-1127,Speech-Language Pathologists,2023,172100.0,89290.0,92630.0,57910.0,71140.0,107710.0,129930.0
29-1128,Exercise Physiologists,2023,8060.0,54860.0,57050.0,35460.0,45870.0,64110.0,77680.0
29-1129,"Therapists, All Other",2023,16490.0,63650.0,75660.0,40790.0,50760.0,89050.0,124530.0
29-1131,Veterinarians,2023,78220.0,119100.0,136300.0,72360.0,94860.0,155230.0,201440.0
29-1141,Registered Nurses,2023,3175390.0,86070.0,94480.0,63720.0,75990.0,104670.0,132680.0
29-1151,Nurse Anesthetists,2023,47810.0,212650.0,214200.0,139980.0,180840.0,,
29-1161,Nurse Midwives,2023,6960.0,129650.0,131570.0,87320.0,110000.0,146770.0,177530.0
29-1171,Nurse Practitioners,2023,280140.0,126260.0,128490.0,94530.0,106960.0,140610.0,168030.0
29-1181,Audiologists,2023,13880.0,87740.0,92620.0,56090.0,74440.0,105480.0,124800.0
29-1211,Anesthesiologists,2023,33470.0,,339470.0,84940.0,191980.0,,
29-1212,Cardiologists,2023,15190.0,,423250.0,102530.0,235000.0,,
29-1213,Dermatologists,2023,12040.0,,342860.0,103000.0,180750.0,,
29-1214,Emergency Medicine Physicians,2023,35100.0,,306640.0,127350.0,224540.0,,
29-1215,Family Medicine Physicians,2023,112010.0,224640.0,240790.0,68890.0,152810.0,,
29-1216,General Internal Medicine Physicians,2023,67210.0,223310.0,245450.0,70120.0,108380.0,,
29-1217,Neurologists,2023,9350.0,,271470.0,82990.0,130790.0,,
29-1218,Obstetricians and Gynecologists,2023,19820.0,,278660.0,89850.0,186290.0,,
29-1221,"Pediatricians, General",2023,34870.0,198690.0,205860.0,85120.0,141050.0,,
29-1222,"Physicians, Pathologists",2023,11020.0,,270560.0,74220.0,181090.0,,
29-1223,Psychiatrists,2023,24830.0,,256930.0,73280.0,124070.0,,
29-1224,Radiologists,2023,31960.0,,353960.0,79760.0,206430.0,,
29-1229,"Physicians, All Other",2023,310080.0,236000.0,248640.0,66260.0,85110.0,,
29-1241,"Ophthalmologists, Except Pediatric",2023,11530.0,,312120.0,115520.0,200000.0,,
29-1242,"Orthopedic Surgeons, Except Pediatric",2023,14820.0,,378250.0,129360.0,212760.0,,
29-1243,Pediatric Surgeons,2023,1180.0,,449320.0,172810.0,,,
29-1249,"Surgeons, All Other",2023,26370.0,,343990.0,78000.0,120000.0,,
29-1291,Acupuncturists,2023,9370.0,78220.0,84260.0,41600.0,52000.0,99740.0,140660.0
29-1292,Dental Hygienists,2023,211630.0,87530.0,89890.0,65110.0,78010.0,100630.0,118400.0
29-1299,"Healthcare Diagnosing or Treating Practitioners, All Other",2023,31100.0,107990.0,123840.0,62400.0,78670.0,154420.0,194670.0
29-2010,Clinical Laboratory Technologists and Technicians,2023,334380.0,60780.0,62870.0,36770.0,45080.0,78120.0,93900.0
29-2031,Cardiovascular Technologists and Technicians,2023,55660.0,66170.0,70270.0,36620.0,44160.0,85930.0,105140.0
29-2032,Diagnostic Medical Sonographers,2023,82780.0,84470.0,89020.0,63680.0,75640.0,100580.0,116300.0
29-2033,Nuclear Medicine Technologists,2023,16560.0,92500.0,95080.0,69300.0,80050.0,104540.0,123910.0
29-2034,Radiologic Technologists and Technicians,2023,221170.0,73410.0,75250.0,50020.0,60690.0,84670.0,102380.0
29-2035,Magnetic Resonance Imaging Technologists,2023,41340.0,83740.0,86600.0,61470.0,75360.0,99340.0,112420.0
29-2036,Medical Dosimetrists,2023,3900.0,132880.0,131850.0,86480.0,113880.0,153360.0,170330.0
29-2042,Emergency Medical Technicians,2023,167040.0,38930.0,43100.0,29910.0,34730.0,46760.0,59390.0
29-2043,Paramedics,2023,98770.0,53180.0,57450.0,38520.0,45990.0,64370.0,79430.0
29-2051,Dietetic Technicians,2023,24240.0,36520.0,38440.0,27670.0,31420.0,43090.0,50790.0
29-2052,Pharmacy Technicians,2023,460280.0,40300.0,43330.0,32720.0,36290.0,47680.0,57130.0
29-2053,Psychiatric Technicians,2023,115940.0,39700.0,43650.0,31150.0,35730.0,47960.0,59990.0
29-2055,Surgical Technologists,2023,110320.0,60610.0,62250.0,40640.0,49940.0,72520.0,83150.0
29-2056,Veterinary Technologists and Technicians,2023,122000.0,43740.0,44040.0,30180.0,36340.0,48900.0,59310.0
29-2057,Ophthalmic Medical Technicians,2023,73390.0,41780.0,44290.0,31200.0,36330.0,49740.0,59930.0
29-2061,Licensed Practical and Licensed Vocational Nurses,2023,630250.0,59730.0,60790.0,45670.0,50640.0,67140.0,77870.0
29-2072,Medical Records Specialists,2023,185690.0,48780.0,53690.0,35080.0,39620.0,61960.0,77810.0
29-2081,"Opticians, Dispensing",2023,76770.0,44170.0,47560.0,31560.0,36380.0,57490.0,69900.0
29-2091,Orthotists and Prosthetists,2023,8820.0,78100.0,80500.0,42020.0,57120.0,98160.0,117250.0
29-2092,Hearing Aid Specialists,2023,10250.0,58670.0,61550.0,34480.0,42520.0,74900.0,85870.0
29-2099,"Health Technologists and Technicians, All Other",2023,171110.0,47470.0,54220.0,35890.0,38710.0,60980.0,79860.0
29-9021,Health Information Technologists and Medical Registrars,2023,34430.0,62990.0,70260.0,38310.0,46580.0,86950.0,107650.0
29-9091,Athletic Trainers,2023,28480.0,57930.0,61540.0,43180.0,49750.0,66580.0,80640.0
29-9092,Genetic Counselors,2023,3050.0,95770.0,98130.0,72530.0,83380.0,108090.0,132190.0
29-9093,Surgical Assistants,2023,18780.0,59160.0,65190.0,37210.0,45100.0,79190.0,101180.0
29-9099,"Healthcare Practitioners and Technical Workers, All Other",2023,36900.0,63630.0,70800.0,35250.0,44250.0,86830.0,120000.0
31-1120,Home Health and Personal Care Aides,2023,3689350.0,33530.0,33380.0,23910.0,29120.0,36550.0,42450.0
31-1131,Nursing Assistants,2023,1351760.0,38200.0,39610.0,30020.0,34990.0,44540.0,48780.0
31-1132,Orderlies,2023,48710.0,36830.0,38440.0,30260.0,33780.0,40810.0,48000.0
31-1133,Psychiatric Aides,2023,32310.0,39160.0,41000.0,27660.0,32590.0,47630.0,55240.0
31-2011,Occupational Therapy Assistants,2023,46090.0,67010.0,68170.0,48670.0,59400.0,77290.0,89230.0
31-2012,Occupational Therapy Aides,2023,4430.0,36970.0,42060.0,25150.0,31940.0,48720.0,68720.0
31-2021,Physical Therapist Assistants,2023,104000.0,64080.0,65860.0,42110.0,56490.0,76610.0,88830.0
31-2022,Physical Therapist Aides,2023,42390.0,33520.0,34810.0,23070.0,28550.0,37010.0,43980.0
31-9011,Massage Therapists,2023,92650.0,55310.0,62560.0,32240.0,41600.0,74970.0,95700.0
31-9091,Dental Assistants,2023,370690.0,46540.0,47350.0,35470.0,38220.0,54430.0,61060.0
31-9092,Medical Assistants,2023,763040.0,42000.0,43350.0,33500.0,36780.0,47220.0,56480.0
31-9093,Medical Equipment Preparers,2023,66790.0,45280.0,47410.0,34020.0,38060.0,53310.0,63980.0
31-9094,Medical Transcriptionists,2023,52420.0,37060.0,39090.0,27190.0,31200.0,45780.0,52880.0
31-9095,Pharmacy Aides,2023,43830.0,36200.0,38980.0,27560.0,32240.0,42580.0,56800.0
31-9096,Veterinary Assistants and Laboratory Animal Caretakers,2023,115770.0,36440.0,37310.0,28550.0,31120.0,42290.0,46630.0
31-9097,Phlebotomists,2023,137080.0,41810.0,43130.0,33310.0,36720.0,47410.0,55330.0
31-9099,"Healthcare Support Workers, All Other",2023,102230.0,44490.0,47010.0,31630.0,36540.0,54630.0,65250.0
33-1011,First-Line Supervisors of Correctional Officers,2023,52280.0,70530.0,76840.0,42600.0,53890.0,95870.0,116750.0
33-1012,First-Line Supervisors of Police and Detectives,2023,138140.0,101750.0,106000.0,60090.0,77750.0,128460.0,160710.0
33-1021,First-Line Supervisors of Firefighting and Prevention Workers,2023,84120.0,86220.0,90740.0,49910.0,66390.0,108380.0,135050.0
33-1091,First-Line Supervisors of Security Workers,2023,64900.0,54580.0,59580.0,36560.0,43460.0,70040.0,87400.0
33-1099,"First-Line Supervisors of Protective Service Workers, All Other",2023,19620.0,65050.0,67870.0,39130.0,51070.0,80220.0,96370.0
33-2011,Firefighters,2023,315460.0,57120.0,60390.0,31600.0,40230.0,75320.0,93720.0
33-2021,Fire Inspectors and Investigators,2023,14200.0,74160.0,82510.0,46360.0,57110.0,101530.0,137220.0
33-2022,Forest Fire Inspectors and Prevention Specialists,2023,2270.0,54080.0,61090.0,35000.0,39250.0,76540.0,92170.0
33-3011,Bailiffs,2023,15900.0,53040.0,58460.0,29540.0,40360.0,75520.0,87670.0
33-3012,Correctional Officers and Jailers,2023,351420.0,53300.0,58810.0,38340.0,44890.0,68580.0,87250.0
33-3021,Detectives and Criminal Investigators,2023,106730.0,91100.0,95930.0,50670.0,64830.0,116170.0,154360.0
33-3031,Fish and Game Wardens,2023,6290.0,60380.0,61120.0,33260.0,48250.0,72900.0,86880.0
33-3041,Parking Enforcement Workers,2023,7420.0,46840.0,50430.0,32260.0,38030.0,60370.0,75440.0
33-3051,Police and Sheriff's Patrol Officers,2023,646310.0,72280.0,76550.0,45200.0,54770.0,92410.0,111700.0
33-3052,Transit and Railroad Police,2023,2360.0,72250.0,78230.0,52550.0,62230.0,100170.0,108090.0
33-9011,Animal Control Workers,2023,11600.0,43170.0,48150.0,30820.0,36030.0,54490.0,67930.0
33-9021,Private Detectives and Investigators,2023,34600.0,49540.0,60270.0,36060.0,40130.0,74830.0,96600.0
33-9031,Gambling Surveillance Officers and Gambling Investigators,2023,10660.0,39210.0,42460.0,29790.0,35080.0,46590.0,57870.0
33-9032,Security Guards,2023,1202940.0,37070.0,40440.0,28500.0,31660.0,44630.0,57400.0
33-9091,Crossing Guards and Flaggers,2023,90780.0,36370.0,40650.0,28400.0,31680.0,44750.0,60690.0
33-9092,"Lifeguards, Ski Patrol, and Other Recreational Protective Service Workers",2023,123560.0,30380.0,31340.0,22750.0,26150.0,35300.0,39150.0
33-9093,Transportation Security Screeners,2023,47950.0,50020.0,51040.0,40270.0,44570.0,55810.0,62800.0
33-9094,School Bus Monitors,2023,72320.0,33130.0,33970.0,26530.0,29540.0,37890.0,41090.0
33-9099,"Protective Service Workers, All Other",2023,82500.0,39360.0,47420.0,30920.0,34690.0,51540.0,70990.0
35-1011,Chefs and Head Cooks,2023,172370.0,58920.0,62640.0,36040.0,45590.0,75590.0,93900.0
35-1012,First-Line Supervisors of Food Preparation and Serving Workers,2023,1176540.0,38520.0,43310.0,28830.0,34480.0,48680.0,62320.0
35-2011,"Cooks, Fast Food",2023,673490.0,29260.0,29760.0,21800.0,24960.0,34320.0,36510.0
35-2012,"Cooks, Institution and Cafeteria",2023,435640.0,35320.0,35920.0,25290.0,29280.0,40320.0,47310.0
35-2013,"Cooks, Private Household",2023,740.0,42590.0,49790.0,27140.0,34120.0,57370.0,87410.0
35-2014,"Cooks, Restaurant",2023,1412350.0,35780.0,36060.0,26980.0,29860.0,39630.0,46420.0
35-2015,"Cooks, Short Order",2023,126370.0,34130.0,33920.0,23320.0,28430.0,38240.0,44010.0
35-2019,"Cooks, All Other",2023,18650.0,35920.0,37610.0,26720.0,31550.0,40960.0,48880.0
35-2021,Food Preparation Workers,2023,879610.0,32420.0,32960.0,22970.0,27920.0,36780.0,42990.0
35-3011,Bartenders,2023,711140.0,31510.0,37090.0,19870.0,23860.0,42800.0,61210.0
35-3023,Fast Food and Counter Workers,2023,3676580.0,29540.0,30110.0,22190.0,26280.0,34430.0,36880.0
35-3031,Waiters and Waitresses,2023,2237850.0,31940.0,36530.0,18600.0,23770.0,41600.0,60100.0
35-3041,"Food Servers, Nonrestaurant",2023,267840.0,33110.0,33840.0,24480.0,28640.0,36780.0,43740.0
35-9011,Dining Room and Cafeteria Attendants and Bartender Helpers,2023,483390.0,31180.0,32730.0,21490.0,26290.0,35820.0,44580.0
35-9021,Dishwashers,2023,463940.0,31200.0,31650.0,22880.0,27500.0,35610.0,38620.0
35-9031,"Hosts and Hostesses, Restaurant, Lounge, and Coffee Shop",2023,425020.0,29220.0,30750.0,21530.0,24690.0,34670.0,38830.0
35-9099,"Food Preparation and Serving Related Workers, All Other",2023,86350.0,33870.0,35430.0,24260.0,29460.0,37880.0,45570.0
37-1011,First-Line Supervisors of Housekeeping and Janitorial Workers,2023,171120.0,46650.0,49980.0,33060.0,37790.0,59290.0,71870.0
37-1012,"First-Line Supervisors of Landscaping, Lawn Service, and Groundskeeping Workers",2023,126020.0,55740.0,58920.0,39030.0,45980.0,69200.0,82880.0
37-2011,"Janitors and Cleaners, Except Maids and Housekeeping Cleaners",2023,2172500.0,35020.0,36250.0,25770.0,29570.0,39630.0,48210.0
37-2012,Maids and Housekeeping Cleaners,2023,836230.0,33450.0,34650.0,24520.0,28600.0,37640.0,45680.0
37-2019,"Building Cleaning Workers, All Other",2023,13740.0,39900.0,43740.0,29410.0,34910.0,47860.0,60840.0
37-2021,Pest Control Workers,2023,93760.0,43470.0,44650.0,30670.0,36710.0,48400.0,60430.0
37-3011,Landscaping and Groundskeeping Workers,2023,929930.0,37360.0,39790.0,29070.0,33810.0,45350.0,51290.0
37-3012,"Pesticide Handlers, Sprayers, and Applicators, Vegetation",2023,23520.0,44070.0,44480.0,31550.0,37210.0,49120.0,57370.0
37-3013,Tree Trimmers and Pruners,2023,50270.0,49070.0,52850.0,34450.0,40720.0,60450.0,75870.0
37-3019,"Grounds Maintenance Workers, All Other",2023,11980.0,43310.0,46540.0,29410.0,35080.0,53800.0,74940.0
39-1013,First-Line Supervisors of Gambling Services Workers,2023,25100.0,61210.0,62110.0,37230.0,48510.0,74080.0,82290.0
39-1014,"First-Line Supervisors of Entertainment and Recreation Workers, Except Gambling Services",2023,88140.0,46060.0,50650.0,31400.0,37220.0,59540.0,75550.0
39-1022,First-Line Supervisors of Personal Service Workers,2023,106440.0,46690.0,50090.0,31330.0,37430.0,58410.0,72000.0
39-2011,Animal Trainers,2023,19240.0,38810.0,44910.0,28960.0,33120.0,49080.0,65320.0
39-2021,Animal Caretakers,2023,268830.0,31200.0,33530.0,23180.0,28030.0,36220.0,45080.0
39-3011,Gambling Dealers,2023,80570.0,32240.0,40030.0,21410.0,23350.0,47010.0,75200.0
39-3012,Gambling and Sports Book Writers and Runners,2023,8700.0,29170.0,32030.0,21580.0,24260.0,35880.0,43440.0
39-3019,"Gambling Service Workers, All Other",2023,13300.0,32710.0,35650.0,22880.0,27290.0,38260.0,51070.0
39-3021,Motion Picture Projectionists,2023,2610.0,35160.0,43800.0,22840.0,27040.0,46260.0,81490.0
39-3031,"Ushers, Lobby Attendants, and Ticket Takers",2023,117560.0,29780.0,30520.0,21730.0,25170.0,34800.0,37780.0
39-3091,Amusement and Recreation Attendants,2023,361680.0,29390.0,30240.0,21450.0,24750.0,34490.0,38080.0
39-3092,Costume Attendants,2023,6300.0,52370.0,60230.0,33430.0,38860.0,76170.0,95070.0
39-3093,"Locker Room, Coatroom, and Dressing Room Attendants",2023,14720.0,33450.0,34590.0,21580.0,27210.0,38490.0,47320.0
39-3099,"Entertainment Attendants and Related Workers, All Other",2023,7320.0,33280.0,34670.0,22170.0,26650.0,39110.0,49500.0
39-4011,Embalmers,2023,3380.0,54090.0,56690.0,35360.0,45130.0,63100.0,79650.0
39-4012,Crematory Operators,2023,3220.0,41670.0,44290.0,31200.0,34980.0,50120.0,60600.0
39-4021,Funeral Attendants,2023,32620.0,33850.0,35200.0,24120.0,28820.0,38110.0,46580.0
39-4031,"Morticians, Undertakers, and Funeral Arrangers",2023,24200.0,51030.0,58020.0,30660.0,39320.0,71300.0,91870.0
39-5011,Barbers,2023,15990.0,36150.0,41570.0,26770.0,30130.0,49220.0,61090.0
39-5012,"Hairdressers, Hairstylists, and Cosmetologists",2023,294840.0,34970.0,41780.0,23520.0,28850.0,47420.0,63310.0
39-5091,"Makeup Artists, Theatrical and Performance",2023,4130.0,47390.0,68590.0,21540.0,22720.0,101330.0,141060.0
39-5092,Manicurists and Pedicurists,2023,144810.0,34250.0,36480.0,27260.0,31180.0,36920.0,48080.0
39-5093,Shampooers,2023,7360.0,29530.0,29260.0,22190.0,26620.0,32600.0,35850.0
39-5094,Skincare Specialists,2023,65270.0,43200.0,51100.0,27600.0,33310.0,58730.0,81320.0
39-6011,Baggage Porters and Bellhops,2023,28780.0,34840.0,36100.0,24710.0,30180.0,39290.0,47610.0
39-6012,Concierges,2023,41020.0,37150.0,40230.0,29510.0,33300.0,45440.0,57270.0
39-7010,Tour and Travel Guides,2023,46760.0,36060.0,40280.0,25930.0,30530.0,44520.0,58620.0
39-9011,Childcare Workers,2023,497450.0,30370.0,32070.0,22450.0,27040.0,36200.0,43270.0
39-9031,Exercise Trainers and Group Fitness Instructors,2023,279450.0,46480.0,51270.0,26840.0,33700.0,61610.0,80740.0
39-9032,Recreation Workers,2023,281750.0,34410.0,36270.0,24040.0,29120.0,39840.0,49690.0
39-9041,Residential Advisors,2023,88700.0,37950.0,40200.0,27520.0,32510.0,46310.0,55640.0
39-9099,"Personal Care and Service Workers, All Other",2023,60390.0,36980.0,37190.0,24210.0,31570.0,37690.0,48000.0
41-1011,First-Line Supervisors of Retail Sales Workers,2023,1087890.0,46730.0,52030.0,30350.0,37090.0,59720.0,76350.0
41-1012,First-Line Supervisors of Non-Retail Sales Workers,2023,227150.0,84570.0,99020.0,48640.0,63510.0,119530.0,164420.0
41-2011,Cashiers,2023,3298660.0,29720.0,30710.0,22580.0,26870.0,34500.0,37190.0
41-2012,Gambling Change Persons and Booth Cashiers,2023,20560.0,33230.0,36030.0,22630.0,27570.0,39340.0,53540.0
41-2021,Counter and Rental Clerks,2023,390300.0,37400.0,41630.0,27330.0,32240.0,46790.0,59600.0
41-2022,Parts Salespersons,2023,260770.0,36860.0,41080.0,26700.0,29830.0,47470.0,60480.0
41-2031,Retail Salespersons,2023,3684740.0,33680.0,36690.0,23740.0,28600.0,37390.0,48110.0
41-3011,Advertising Sales Agents,2023,108100.0,61270.0,75820.0,31200.0,43740.0,90930.0,133150.0
41-3021,Insurance Sales Agents,2023,457510.0,59080.0,79700.0,34940.0,43440.0,83420.0,134420.0
41-3031,"Securities, Commodities, and Financial Services Sales Agents",2023,479630.0,76900.0,109710.0,45420.0,50080.0,127670.0,212180.0
41-3041,Travel Agents,2023,58250.0,47410.0,50040.0,30580.0,37720.0,59290.0,69640.0
41-3091,"Sales Representatives of Services, Except Advertising, Insurance, Financial Services, and Travel",2023,1142020.0,64600.0,81080.0,36430.0,47220.0,97920.0,143550.0
41-4011,"Sales Representatives, Wholesale and Manufacturing, Technical and Scientific Products",2023,311780.0,99710.0,113520.0,48140.0,64700.0,143220.0,193470.0
41-4012,"Sales Representatives, Wholesale and Manufacturing, Except Technical and Scientific Products",2023,1288920.0,65630.0,80490.0,37240.0,48520.0,96090.0,133010.0
41-9011,Demonstrators and Product Promoters,2023,50790.0,36970.0,41090.0,29460.0,32330.0,45650.0,58180.0
41-9012,Models,2023,3090.0,47430.0,68700.0,31680.0,34390.0,64480.0,140310.0
41-9021,Real Estate Brokers,2023,51350.0,63060.0,86130.0,36490.0,47200.0,98060.0,160980.0
41-9022,Real Estate Sales Agents,2023,197720.0,54300.0,69610.0,31410.0,38050.0,81460.0,119590.0
41-9031,Sales Engineers,2023,59340.0,116950.0,130550.0,67760.0,87030.0,160720.0,202660.0
41-9041,Telemarketers,2023,81580.0,34480.0,36680.0,24430.0,28810.0,40380.0,49700.0
41-9091,"Door-to-Door Sales Workers, News and Street Vendors, and Related Workers",2023,6220.0,34910.0,42200.0,22140.0,29540.0,46140.0,62400.0
41-9099,"Sales and Related Workers, All Other",2023,114280.0,44610.0,54150.0,27250.0,33580.0,63560.0,91940.0
43-1011,First-Line Supervisors of Office and Administrative Support Workers,2023,1504570.0,63450.0,68620.0,41060.0,50160.0,79690.0,100270.0
43-2011,"Switchboard Operators, Including Answering Service",2023,43830.0,36750.0,40020.0,28030.0,31600.0,43840.0,58810.0
43-2021,Telephone Operators,2023,4600.0,38080.0,42100.0,29770.0,33820.0,48590.0,59230.0
43-2099,"Communications Equipment Operators, All Other",2023,1380.0,49310.0,53240.0,36130.0,43620.0,61710.0,75960.0
43-3011,Bill and Account Collectors,2023,190910.0,44250.0,46020.0,31960.0,37260.0,50680.0,62360.0
43-3021,Billing and Posting Clerks,2023,430220.0,45590.0,47120.0,34360.0,38390.0,52170.0,62530.0
43-3031,"Bookkeeping, Accounting, and Auditing Clerks",2023,1501910.0,47440.0,49580.0,32460.0,38790.0,58040.0,68860.0
43-3041,Gambling Cage Workers,2023,12560.0,36110.0,36750.0,25790.0,29590.0,41180.0,48450.0
43-3051,Payroll and Timekeeping Clerks,2023,157230.0,52240.0,54690.0,35960.0,43680.0,63330.0,75820.0
43-3061,Procurement Clerks,2023,61580.0,46670.0,47940.0,34520.0,38940.0,54790.0,63140.0
43-3071,Tellers,2023,340820.0,37640.0,38850.0,29720.0,34970.0,43900.0,46950.0
43-3099,"Financial Clerks, All Other",2023,44520.0,49940.0,52690.0,36800.0,44340.0,58050.0,72120.0
43-4011,Brokerage Clerks,2023,48060.0,60150.0,63130.0,45750.0,50830.0,72080.0,86300.0
43-4021,Correspondence Clerks,2023,4650.0,42120.0,46940.0,31200.0,36250.0,57660.0,68650.0
43-4031,"Court, Municipal, and License Clerks",2023,157960.0,46110.0,48760.0,32190.0,37850.0,57010.0,67330.0
43-4041,"Credit Authorizers, Checkers, and Clerks",2023,14290.0,48000.0,50380.0,32950.0,39110.0,57130.0,65460.0
43-4051,Customer Service Representatives,2023,2858710.0,39680.0,43520.0,29560.0,34780.0,48480.0,61250.0
43-4061,"Eligibility Interviewers, Government Programs",2023,150190.0,50270.0,51840.0,36720.0,41290.0,61510.0,68180.0
43-4071,File Clerks,2023,82290.0,38130.0,40730.0,27040.0,32350.0,47180.0,58140.0
43-4081,"Hotel, Motel, and Resort Desk Clerks",2023,263800.0,30790.0,32570.0,23500.0,28100.0,36040.0,41820.0
43-4111,"Interviewers, Except Eligibility and Loan",2023,160550.0,40300.0,42750.0,30110.0,35600.0,48350.0,58090.0
43-4121,"Library Assistants, Clerical",2023,83680.0,34020.0,35970.0,23510.0,28670.0,41300.0,50200.0
43-4131,Loan Interviewers and Clerks,2023,203940.0,47380.0,48660.0,35010.0,39270.0,57150.0,63070.0
43-4141,New Accounts Clerks,2023,41180.0,44630.0,44670.0,35040.0,37970.0,48730.0,56420.0
43-4151,Order Clerks,2023,91830.0,41600.0,43530.0,30730.0,35590.0,49660.0,59560.0
43-4161,"Human Resources Assistants, Except Payroll and Timekeeping",2023,101440.0,47710.0,48800.0,34490.0,40070.0,56010.0,64250.0
43-4171,Receptionists and Information Clerks,2023,1003820.0,35840.0,36590.0,26940.0,30450.0,40720.0,47360.0
43-4181,Reservation and Transportation Ticket Agents and Travel Clerks,2023,119270.0,40610.0,46820.0,31900.0,36070.0,57030.0,71680.0
43-4199,"Information and Record Clerks, All Other",2023,151760.0,46210.0,47840.0,31390.0,37610.0,55800.0,65730.0
43-5011,Cargo and Freight Agents,2023,105220.0,48330.0,52460.0,36520.0,40410.0,60140.0,72820.0
43-5021,Couriers and Messengers,2023,72010.0,36710.0,38350.0,28040.0,32870.0,42270.0,49310.0
43-5031,Public Safety Telecommunicators,2023,97820.0,48890.0,52140.0,33490.0,39560.0,61460.0,75910.0
43-5032,"Dispatchers, Except Police, Fire, and Ambulance",2023,206090.0,46860.0,50830.0,32110.0,37800.0,59500.0,75840.0
43-5041,"Meter Readers, Utilities",2023,19900.0,47720.0,53610.0,31320.0,37660.0,65600.0,82150.0
43-5051,Postal Service Clerks,2023,78130.0,59570.0,59240.0,41700.0,53440.0,71840.0,73150.0
43-5052,Postal Service Mail Carriers,2023,331600.0,56330.0,59340.0,41480.0,46030.0,75300.0,75920.0
43-5053,"Postal Service Mail Sorters, Processors, and Processing Machine Operators",2023,116540.0,53440.0,56350.0,41700.0,42810.0,70740.0,71840.0
43-5061,"Production, Planning, and Expediting Clerks",2023,393980.0,53900.0,57610.0,36640.0,44330.0,67290.0,81410.0
43-5071,"Shipping, Receiving, and Inventory Clerks",2023,844120.0,39780.0,42730.0,30620.0,35470.0,47600.0,58310.0
43-5111,"Weighers, Measurers, Checkers, and Samplers, Recordkeeping",2023,51250.0,43270.0,44240.0,32440.0,36830.0,50080.0,57050.0
43-6011,Executive Secretaries and Executive Administrative Assistants,2023,483570.0,70310.0,73680.0,45910.0,56960.0,84860.0,104000.0
43-6012,Legal Secretaries and Administrative Assistants,2023,152790.0,50680.0,56330.0,34780.0,41450.0,66510.0,82890.0
43-6013,Medical Secretaries and Administrative Assistants,2023,749500.0,40640.0,43380.0,31900.0,36540.0,47930.0,58340.0
43-6014,"Secretaries and Administrative Assistants, Except Legal, Medical, and Executive",2023,1785430.0,44280.0,45490.0,30280.0,36330.0,52200.0,62340.0
43-9021,Data Entry Keyers,2023,154230.0,37790.0,40130.0,28250.0,32660.0,46020.0,55330.0
43-9022,Word Processors and Typists,2023,37200.0,46450.0,47170.0,33160.0,38460.0,53020.0,62280.0
43-9031,Desktop Publishers,2023,5220.0,51290.0,57680.0,31880.0,38350.0,71420.0,97870.0
43-9041,Insurance Claims and Policy Processing Clerks,2023,241650.0,46900.0,49530.0,35510.0,38810.0,57420.0,68370.0
43-9051,"Mail Clerks and Mail Machine Operators, Except Postal Service",2023,66600.0,36880.0,38370.0,28390.0,32540.0,42860.0,49700.0
43-9061,"Office Clerks, General",2023,2496370.0,40480.0,43560.0,28230.0,33660.0,49820.0,61690.0
43-9071,"Office Machine Operators, Except Computer",2023,27960.0,37450.0,39600.0,28450.0,32040.0,44790.0,53560.0
43-9081,Proofreaders and Copy Markers,2023,5490.0,48790.0,51100.0,31730.0,37940.0,59090.0,75510.0
43-9111,Statistical Assistants,2023,7200.0,50510.0,53900.0,35460.0,43440.0,61960.0,76880.0
43-9199,"Office and Administrative Support Workers, All Other",2023,172020.0,43230.0,46620.0,29100.0,34520.0,53740.0,67060.0
45-1011,"First-Line Supervisors of Farming, Fishing, and Forestry Workers",2023,27150.0,57320.0,60790.0,37980.0,45510.0,73460.0,88360.0
45-2011,Agricultural Inspectors,2023,12660.0,48010.0,52170.0,35360.0,39640.0,60690.0,75270.0
45-2021,Animal Breeders,2023,1360.0,47540.0,53520.0,33710.0,39980.0,61330.0,77410.0
45-2041,"Graders and Sorters, Agricultural Products",2023,23430.0,34360.0,34880.0,28400.0,32240.0,37020.0,42090.0
45-2091,Agricultural Equipment Operators,2023,28910.0,39690.0,41850.0,30050.0,35190.0,46650.0,54550.0
45-2092,"Farmworkers and Laborers, Crop, Nursery, and Greenhouse",2023,258730.0,34470.0,36140.0,30590.0,32980.0,37010.0,44010.0
45-2093,"Farmworkers, Farm, Ranch, and Aquacultural Animals",2023,32590.0,35120.0,37060.0,25500.0,29600.0,42850.0,50300.0
45-2099,"Agricultural Workers, All Other",2023,6040.0,40620.0,45660.0,26720.0,32840.0,54170.0,77420.0
45-4011,Forest and Conservation Workers,2023,5750.0,33940.0,36860.0,28600.0,31200.0,40100.0,50450.0
45-4021,Fallers,2023,4800.0,53170.0,61190.0,32920.0,44510.0,69780.0,90930.0
45-4022,Logging Equipment Operators,2023,23720.0,48240.0,49790.0,30930.0,37900.0,60000.0,68750.0
45-4023,Log Graders and Scalers,2023,3640.0,45600.0,47120.0,33060.0,37970.0,55100.0,62360.0
45-4029,"Logging Workers, All Other",2023,2540.0,52480.0,52950.0,34520.0,40560.0,61930.0,70890.0
47-1011,First-Line Supervisors of Construction Trades and Extraction Workers,2023,777420.0,76760.0,81340.0,49420.0,60870.0,97750.0,122260.0
47-2011,Boilermakers,2023,11130.0,71140.0,73840.0,49510.0,61220.0,85270.0,102120.0
47-2021,Brickmasons and Blockmasons,2023,56830.0,59640.0,63430.0,38360.0,48250.0,74900.0,94220.0
47-2022,Stonemasons,2023,9790.0,51830.0,56930.0,36530.0,45940.0,64700.0,80850.0
47-2031,Carpenters,2023,700290.0,56350.0,60970.0,37440.0,46130.0,72290.0,94580.0
47-2041,Carpet Installers,2023,15560.0,47520.0,52290.0,31160.0,36930.0,61580.0,80650.0
47-2042,"Floor Layers, Except Carpet, Wood, and Hard Tiles",2023,25150.0,48840.0,56680.0,35340.0,40840.0,66170.0,91840.0
47-2043,Floor Sanders and Finishers,2023,5070.0,47760.0,49910.0,33080.0,38530.0,57520.0,69540.0
47-2044,Tile and Stone Setters,2023,42420.0,48910.0,53920.0,33120.0,38330.0,62230.0,80030.0
47-2051,Cement Masons and Concrete Finishers,2023,203560.0,50720.0,57410.0,37440.0,44690.0,63750.0,83580.0
47-2053,Terrazzo Workers and Finishers,2023,1460.0,48900.0,54220.0,34990.0,39010.0,60320.0,78610.0
47-2061,Construction Laborers,2023,1019090.0,45300.0,49280.0,31510.0,37070.0,56780.0,76010.0
47-2071,"Paving, Surfacing, and Tamping Equipment Operators",2023,43080.0,48980.0,55170.0,36470.0,41600.0,62400.0,81730.0
47-2072,Pile Driver Operators,2023,3010.0,63550.0,70260.0,40840.0,49370.0,91460.0,109030.0
47-2073,Operating Engineers and Other Construction Equipment Operators,2023,450370.0,56160.0,62180.0,38410.0,46270.0,72970.0,95570.0
47-2081,Drywall and Ceiling Tile Installers,2023,90860.0,55700.0,61480.0,36730.0,45860.0,71780.0,103310.0
47-2082,Tapers,2023,15560.0,63350.0,69300.0,43870.0,52000.0,84610.0,103130.0
47-2111,Electricians,2023,712580.0,61590.0,67810.0,38470.0,48100.0,80260.0,104180.0
47-2121,Glaziers,2023,53390.0,51100.0,58320.0,36440.0,43840.0,64470.0,97030.0
47-2131,"Insulation Workers, Floor, Ceiling, and Wall",2023,38510.0,47540.0,52080.0,33210.0,38330.0,60510.0,78000.0
47-2132,"Insulation Workers, Mechanical",2023,22850.0,53920.0,60530.0,38910.0,46090.0,71200.0,90760.0
47-2141,"Painters, Construction and Maintenance",2023,215910.0,47700.0,52110.0,35570.0,38970.0,59480.0,76030.0
47-2142,Paperhangers,2023,1830.0,48460.0,54020.0,36400.0,40760.0,60820.0,79390.0
47-2151,Pipelayers,2023,34840.0,47330.0,52840.0,35820.0,39660.0,60480.0,79150.0
47-2152,"Plumbers, Pipefitters, and Steamfitters",2023,436160.0,61550.0,67840.0,38690.0,47810.0,80190.0,103140.0
47-2161,Plasterers and Stucco Masons,2023,22310.0,52640.0,59050.0,36880.0,44810.0,68650.0,92780.0
47-2171,Reinforcing Iron and Rebar Workers,2023,17400.0,54850.0,60290.0,38260.0,46460.0,65490.0,96370.0
47-2181,Roofers,2023,135140.0,50030.0,55840.0,36240.0,44150.0,62330.0,79850.0
47-2211,Sheet Metal Workers,2023,116190.0,58780.0,64270.0,37000.0,45840.0,78620.0,100850.0
47-2221,Structural Iron and Steel Workers,2023,63780.0,62760.0,68220.0,40510.0,48860.0,80040.0,105010.0
47-2231,Solar Photovoltaic Installers,2023,24510.0,48800.0,53140.0,37920.0,42740.0,60180.0,73560.0
47-3011,"Helpers--Brickmasons, Blockmasons, Stonemasons, and Tile and Marble Setters",2023,16460.0,42470.0,45590.0,33270.0,37070.0,50430.0,61930.0
47-3012,Helpers--Carpenters,2023,21770.0,39380.0,40860.0,29930.0,34450.0,46540.0,53780.0
47-3013,Helpers--Electricians,2023,68670.0,38340.0,41240.0,29970.0,35040.0,46470.0,55900.0
47-3014,"Helpers--Painters, Paperhangers, Plasterers, and Stucco Masons",2023,7700.0,37010.0,38750.0,29060.0,32180.0,43680.0,50750.0
47-3015,"Helpers--Pipelayers, Plumbers, Pipefitters, and Steamfitters",2023,45300.0,37650.0,39460.0,29780.0,34320.0,44140.0,50920.0
47-3016,Helpers--Roofers,2023,4540.0,38620.0,42280.0,30040.0,35010.0,45400.0,55250.0
47-3019,"Helpers, Construction Trades, All Other",2023,27250.0,40220.0,43090.0,30670.0,35910.0,48050.0,57660.0
47-4011,Construction and Building Inspectors,2023,133640.0,67700.0,72880.0,43740.0,53400.0,86530.0,106200.0
47-4021,Elevator and Escalator Installers and Repairers,2023,23990.0,102420.0,100060.0,51960.0,75570.0,127310.0,138910.0
47-4031,Fence Erectors,2023,21470.0,44410.0,46650.0,32120.0,37220.0,50950.0,64170.0
47-4041,Hazardous Materials Removal Workers,2023,49960.0,47280.0,53430.0,35550.0,39200.0,60870.0,81610.0
47-4051,Highway Maintenance Workers,2023,150860.0,47360.0,49070.0,32280.0,38810.0,57260.0,66450.0
47-4061,Rail-Track Laying and Maintenance Equipment Operators,2023,18770.0,67000.0,67330.0,46350.0,59350.0,80480.0,82340.0
47-4071,Septic Tank Servicers and Sewer Pipe Cleaners,2023,27900.0,46910.0,49590.0,33890.0,38590.0,57270.0,68700.0
47-4090,Miscellaneous Construction and Related Workers,2023,28930.0,47090.0,51670.0,34840.0,38800.0,58690.0,77500.0
47-5011,"Derrick Operators, Oil and Gas",2023,11510.0,58210.0,58330.0,42230.0,47420.0,66800.0,75750.0
47-5012,"Rotary Drill Operators, Oil and Gas",2023,12180.0,61770.0,67320.0,40290.0,50060.0,79560.0,89810.0
47-5013,"Service Unit Operators, Oil and Gas",2023,46150.0,55750.0,59390.0,38090.0,45570.0,67790.0,87350.0
47-5022,"Excavating and Loading Machine and Dragline Operators, Surface Mining",2023,32630.0,50050.0,55500.0,38080.0,44460.0,61760.0,77240.0
47-5023,"Earth Drillers, Except Oil and Gas",2023,18010.0,56660.0,60250.0,40560.0,47840.0,67700.0,82280.0
47-5032,"Explosives Workers, Ordnance Handling Experts, and Blasters",2023,4610.0,61590.0,65600.0,42670.0,49710.0,79580.0,89400.0
47-5041,Continuous Mining Machine Operators,2023,15700.0,61420.0,62110.0,40120.0,49450.0,75730.0,80840.0
47-5043,"Roof Bolters, Mining",2023,1960.0,66660.0,68540.0,53970.0,59520.0,75540.0,78030.0
47-5044,"Loading and Moving Machine Operators, Underground Mining",2023,5160.0,64070.0,63620.0,45250.0,56740.0,72590.0,75400.0
47-5049,"Underground Mining Machine Operators, All Other",2023,2560.0,68910.0,65290.0,40140.0,54560.0,77390.0,79240.0
47-5051,"Rock Splitters, Quarry",2023,3610.0,46530.0,47830.0,32050.0,37440.0,56940.0,64020.0
47-5071,"Roustabouts, Oil and Gas",2023,43830.0,46340.0,47730.0,35150.0,38410.0,53590.0,61350.0
47-5081,Helpers--Extraction Workers,2023,7360.0,45520.0,46990.0,34970.0,38280.0,55100.0,63320.0
47-5099,"Extraction Workers, All Other",2023,7120.0,49580.0,53050.0,34180.0,38830.0,62610.0,76570.0
49-1011,"First-Line Supervisors of Mechanics, Installers, and Repairers",2023,589880.0,75820.0,79020.0,46070.0,58900.0,96310.0,118980.0
49-2011,"Computer, Automated Teller, and Office Machine Repairers",2023,77580.0,45760.0,48290.0,33430.0,37210.0,58240.0,65820.0
49-2021,"Radio, Cellular, and Tower Equipment Installers and Repairers",2023,11810.0,61310.0,64360.0,38880.0,48380.0,79800.0,95680.0
49-2022,"Telecommunications Equipment Installers and Repairers, Except Line Installers",2023,159670.0,61270.0,64010.0,38360.0,47870.0,78230.0,91740.0
49-2091,Avionics Technicians,2023,21280.0,77420.0,77080.0,46570.0,61880.0,91910.0,107370.0
49-2092,"Electric Motor, Power Tool, and Related Repairers",2023,16010.0,49230.0,52550.0,34590.0,40440.0,61160.0,74520.0
49-2093,"Electrical and Electronics Installers and Repairers, Transportation Equipment",2023,7920.0,79160.0,76380.0,46720.0,64060.0,86500.0,99570.0
49-2094,"Electrical and Electronics Repairers, Commercial and Industrial Equipment",2023,58320.0,66680.0,69810.0,41600.0,53350.0,81330.0,100510.0
49-2095,"Electrical and Electronics Repairers, Powerhouse, Substation, and Relay",2023,24790.0,96600.0,92840.0,58890.0,78340.0,107830.0,122840.0
49-2096,"Electronic Equipment Installers and Repairers, Motor Vehicles",2023,8900.0,45570.0,47570.0,32380.0,37790.0,54690.0,64880.0
49-2097,Audiovisual Equipment Installers and Repairers,2023,24720.0,48380.0,52720.0,33260.0,39940.0,62340.0,78780.0
49-2098,Security and Fire Alarm Systems Installers,2023,83540.0,56430.0,57400.0,36790.0,45580.0,65570.0,79650.0
49-3011,Aircraft Mechanics and Service Technicians,2023,137630.0,75020.0,76260.0,45760.0,59190.0,88350.0,114750.0
49-3021,Automotive Body and Related Repairers,2023,151910.0,48740.0,55220.0,35250.0,41430.0,62060.0,80380.0
49-3022,Automotive Glass Installers and Repairers,2023,16890.0,45320.0,46010.0,31370.0,37180.0,51970.0,62000.0
49-3023,Automotive Service Technicians and Mechanics,2023,676570.0,47770.0,51940.0,30600.0,36910.0,62310.0,77630.0
49-3031,Bus and Truck Mechanics and Diesel Engine Specialists,2023,285030.0,58970.0,59920.0,39020.0,47730.0,70470.0,82430.0
49-3041,Farm Equipment Mechanics and Service Technicians,2023,36830.0,49210.0,52120.0,34870.0,41290.0,61310.0,72450.0
49-3042,"Mobile Heavy Equipment Mechanics, Except Engines",2023,177280.0,61900.0,64340.0,42990.0,50420.0,75260.0,85720.0
49-3043,Rail Car Repairers,2023,19480.0,65030.0,65690.0,44140.0,49900.0,78240.0,88280.0
49-3051,Motorboat Mechanics and Service Technicians,2023,23230.0,49990.0,52620.0,35010.0,41540.0,61210.0,73600.0
49-3052,Motorcycle Mechanics,2023,14330.0,46270.0,47960.0,30200.0,36980.0,58110.0,67730.0
49-3053,Outdoor Power Equipment and Other Small Engine Mechanics,2023,36080.0,44140.0,45180.0,30840.0,36430.0,51120.0,60900.0
49-3091,Bicycle Repairers,2023,13980.0,38320.0,39360.0,28670.0,34140.0,45130.0,48910.0
49-3092,Recreational Vehicle Service Technicians,2023,17360.0,47950.0,50690.0,33660.0,38690.0,60200.0,72500.0
49-3093,Tire Repairers and Changers,2023,101520.0,35790.0,37280.0,28820.0,31140.0,39910.0,47680.0
49-9011,Mechanical Door Repairers,2023,27800.0,48650.0,51640.0,36240.0,42330.0,59700.0,69750.0
49-9012,"Control and Valve Installers and Repairers, Except Mechanical Door",2023,47780.0,70100.0,72360.0,38820.0,49520.0,94670.0,105250.0
49-9021,"Heating, Air Conditioning, and Refrigeration Mechanics and Installers",2023,397450.0,57300.0,59620.0,37270.0,46550.0,71120.0,84250.0
49-9031,Home Appliance Repairers,2023,29950.0,47170.0,50640.0,31100.0,37660.0,59240.0,72660.0
49-9041,Industrial Machinery Mechanics,2023,412650.0,61420.0,63690.0,42390.0,49780.0,75030.0,85970.0
49-9043,"Maintenance Workers, Machinery",2023,58040.0,57350.0,58500.0,37440.0,46280.0,67320.0,80770.0
49-9044,Millwrights,2023,37930.0,62980.0,64310.0,43160.0,51530.0,76380.0,82700.0
49-9045,"Refractory Materials Repairers, Except Brickmasons",2023,540.0,48410.0,49900.0,31130.0,35730.0,62670.0,69990.0
49-9051,Electrical Power-Line Installers and Repairers,2023,120170.0,85420.0,85900.0,48220.0,63120.0,104230.0,119920.0
49-9052,Telecommunications Line Installers and Repairers,2023,98950.0,64640.0,69040.0,40180.0,48540.0,91500.0,101120.0
49-9061,Camera and Photographic Equipment Repairers,2023,2540.0,46850.0,58870.0,34710.0,42840.0,63940.0,120090.0
49-9062,Medical Equipment Repairers,2023,64400.0,60670.0,64140.0,36810.0,45180.0,78160.0,97780.0
49-9063,Musical Instrument Repairers and Tuners,2023,6170.0,42800.0,46250.0,29330.0,34980.0,52590.0,63970.0
49-9064,Watch and Clock Repairers,2023,1880.0,58140.0,56140.0,28390.0,43660.0,68340.0,79150.0
49-9069,"Precision Instrument and Equipment Repairers, All Other",2023,10330.0,62040.0,65710.0,41250.0,48380.0,79430.0,95620.0
49-9071,"Maintenance and Repair Workers, General",2023,1503150.0,46700.0,49650.0,30860.0,37160.0,59640.0,73490.0
49-9081,Wind Turbine Service Technicians,2023,9800.0,61770.0,65380.0,47360.0,52770.0,74940.0,90300.0
49-9091,"Coin, Vending, and Amusement Machine Servicers and Repairers",2023,36100.0,44980.0,45840.0,28840.0,35420.0,53550.0,63300.0
49-9092,Commercial Divers,2023,2790.0,61300.0,75570.0,39430.0,46440.0,89750.0,136990.0
49-9094,Locksmiths and Safe Repairers,2023,14790.0,48380.0,52130.0,31620.0,37950.0,62070.0,76460.0
49-9095,Manufactured Building and Mobile Home Installers,2023,2910.0,38980.0,39820.0,26560.0,33860.0,45650.0,54080.0
49-9096,Riggers,2023,23870.0,56220.0,62020.0,37420.0,45220.0,75350.0,97080.0
49-9097,Signal and Track Switch Repairers,2023,9200.0,82710.0,81810.0,61910.0,76760.0,91050.0,95460.0
49-9098,"Helpers--Installation, Maintenance, and Repair Workers",2023,101890.0,36710.0,38720.0,27080.0,31310.0,44230.0,52590.0
49-9099,"Installation, Maintenance, and Repair Workers, All Other",2023,175860.0,46500.0,50480.0,32400.0,37770.0,59250.0,74780.0
51-1011,First-Line Supervisors of Production and Operating Workers,2023,671160.0,65930.0,71730.0,43540.0,52000.0,82680.0,103780.0
51-2011,"Aircraft Structure, Surfaces, Rigging, and Systems Assemblers",2023,29810.0,61240.0,62860.0,39550.0,49080.0,78030.0,93180.0
51-2021,"Coil Winders, Tapers, and Finishers",2023,11900.0,44890.0,46020.0,32890.0,37480.0,52040.0,61220.0
51-2028,"Electrical, Electronic, and Electromechanical Assemblers, Except Coil Winders, Tapers, and Finishers",2023,267440.0,40490.0,43740.0,31290.0,36190.0,48230.0,59310.0
51-2031,Engine and Other Machine Assemblers,2023,47960.0,50270.0,53470.0,36250.0,40480.0,67210.0,72160.0
51-2041,Structural Metal Fabricators and Fitters,2023,57810.0,48480.0,50640.0,36180.0,41180.0,57520.0,66500.0
51-2051,Fiberglass Laminators and Fabricators,2023,20380.0,40200.0,43920.0,31400.0,36720.0,48430.0,58140.0
51-2061,Timing Device Assemblers and Adjusters,2023,400.0,48840.0,52840.0,37800.0,42190.0,59090.0,69240.0
51-2090,Miscellaneous Assemblers and Fabricators,2023,1489280.0,38920.0,42400.0,30030.0,34980.0,47310.0,59840.0
51-3011,Bakers,2023,220230.0,34950.0,35550.0,24960.0,29570.0,38760.0,46980.0
51-3021,Butchers and Meat Cutters,2023,136330.0,37650.0,39680.0,27500.0,32240.0,46020.0,54600.0
51-3022,"Meat, Poultry, and Fish Cutters and Trimmers",2023,138300.0,36300.0,36840.0,28700.0,31820.0,40670.0,46150.0
51-3023,Slaughterers and Meat Packers,2023,71310.0,38160.0,38710.0,30450.0,34560.0,44280.0,47120.0
51-3091,"Food and Tobacco Roasting, Baking, and Drying Machine Operators and Tenders",2023,19570.0,39850.0,42410.0,29650.0,34740.0,48480.0,59020.0
51-3092,Food Batchmakers,2023,169190.0,38460.0,40890.0,29480.0,33610.0,47170.0,55640.0
51-3093,Food Cooking Machine Operators and Tenders,2023,29730.0,38550.0,39770.0,28720.0,33430.0,45870.0,50910.0
51-3099,"Food Processing Workers, All Other",2023,63970.0,36890.0,37630.0,28870.0,33930.0,40630.0,46100.0
51-4021,"Extruding and Drawing Machine Setters, Operators, and Tenders, Metal and Plastic",2023,63370.0,44390.0,45440.0,32050.0,37320.0,50800.0,59930.0
51-4022,"Forging Machine Setters, Operators, and Tenders, Metal and Plastic",2023,9170.0,46990.0,47350.0,31860.0,38390.0,54220.0,64070.0
51-4023,"Rolling Machine Setters, Operators, and Tenders, Metal and Plastic",2023,24750.0,47040.0,49290.0,35690.0,40240.0,55220.0,65830.0
51-4031,"Cutting, Punching, and Press Machine Setters, Operators, and Tenders, Metal and Plastic",2023,179230.0,42400.0,44260.0,32640.0,36620.0,49030.0,59810.0
51-4032,"Drilling and Boring Machine Tool Setters, Operators, and Tenders, Metal and Plastic",2023,5740.0,44620.0,47490.0,34550.0,38840.0,53410.0,62820.0
51-4033,"Grinding, Lapping, Polishing, and Buffing Machine Tool Setters, Operators, and Tenders, Metal and Plastic",2023,75260.0,42610.0,44450.0,32960.0,37020.0,48800.0,59990.0
51-4034,"Lathe and Turning Machine Tool Setters, Operators, and Tenders, Metal and Plastic",2023,19560.0,47110.0,48850.0,35760.0,39460.0,55860.0,64470.0
51-4035,"Milling and Planing Machine Setters, Operators, and Tenders, Metal and Plastic",2023,13990.0,47200.0,50020.0,35140.0,38390.0,59280.0,69920.0
51-4041,Machinists,2023,290720.0,50840.0,54600.0,36690.0,43680.0,62860.0,75820.0
51-4051,Metal-Refining Furnace Operators and Tenders,2023,20870.0,50250.0,54340.0,37180.0,44080.0,63820.0,82530.0
51-4052,"Pourers and Casters, Metal",2023,5460.0,48690.0,50110.0,36220.0,40140.0,57780.0,68280.0
51-4061,"Model Makers, Metal and Plastic",2023,2840.0,64190.0,64920.0,42470.0,49270.0,76960.0,88420.0
51-4062,"Patternmakers, Metal and Plastic",2023,2150.0,49670.0,54550.0,36280.0,44090.0,64830.0,77230.0
51-4071,Foundry Mold and Coremakers,2023,11780.0,44300.0,45130.0,33070.0,37390.0,50380.0,61300.0
51-4072,"Molding, Coremaking, and Casting Machine Setters, Operators, and Tenders, Metal and Plastic",2023,158980.0,38870.0,42060.0,30280.0,34900.0,47320.0,57970.0
51-4081,"Multiple Machine Tool Setters, Operators, and Tenders, Metal and Plastic",2023,127790.0,41600.0,43990.0,31240.0,36330.0,49660.0,59700.0
51-4111,Tool and Die Makers,2023,58150.0,61490.0,62020.0,40560.0,49070.0,74030.0,81720.0
51-4121,"Welders, Cutters, Solderers, and Brazers",2023,421730.0,48940.0,52640.0,36830.0,42760.0,59900.0,72970.0
51-4122,"Welding, Soldering, and Brazing Machine Setters, Operators, and Tenders",2023,33020.0,45350.0,47120.0,35270.0,38600.0,52430.0,63260.0
51-4191,"Heat Treating Equipment Setters, Operators, and Tenders, Metal and Plastic",2023,14950.0,44240.0,46540.0,34850.0,38330.0,51570.0,61410.0
51-4192,"Layout Workers, Metal and Plastic",2023,6660.0,62270.0,60110.0,41480.0,48180.0,66580.0,79370.0
51-4193,"Plating Machine Setters, Operators, and Tenders, Metal and Plastic",2023,31970.0,39740.0,42550.0,30730.0,35480.0,47530.0,57550.0
51-4194,"Tool Grinders, Filers, and Sharpeners",2023,6660.0,46410.0,48520.0,32020.0,38030.0,56950.0,68150.0
51-4199,"Metal Workers and Plastic Workers, All Other",2023,20370.0,41200.0,44780.0,32580.0,36910.0,48910.0,61080.0
51-5111,Prepress Technicians and Workers,2023,23590.0,45070.0,46540.0,31330.0,36390.0,54330.0,63440.0
51-5112,Printing Press Operators,2023,151450.0,41860.0,44450.0,29790.0,35560.0,50160.0,61500.0
51-5113,Print Binding and Finishing Workers,2023,38880.0,38100.0,40860.0,29220.0,34520.0,46740.0,56090.0
51-6011,Laundry and Dry-Cleaning Workers,2023,185000.0,31050.0,31880.0,23670.0,27690.0,35460.0,38920.0
51-6021,"Pressers, Textile, Garment, and Related Materials",2023,28700.0,32240.0,32340.0,23650.0,28460.0,36050.0,39360.0
51-6031,Sewing Machine Operators,2023,116130.0,34440.0,35000.0,25360.0,29690.0,38340.0,45360.0
51-6041,Shoe and Leather Workers and Repairers,2023,7230.0,36020.0,37030.0,25620.0,29600.0,41990.0,48440.0
51-6042,Shoe Machine Operators and Tenders,2023,4630.0,36970.0,36570.0,27950.0,30420.0,42650.0,45380.0
51-6051,"Sewers, Hand",2023,3390.0,32240.0,33860.0,26000.0,29020.0,37170.0,43880.0
51-6052,"Tailors, Dressmakers, and Custom Sewers",2023,14950.0,36650.0,40190.0,27560.0,31820.0,44510.0,55810.0
51-6061,Textile Bleaching and Dyeing Machine Operators and Tenders,2023,6650.0,35340.0,37570.0,27580.0,30410.0,40520.0,46260.0
51-6062,"Textile Cutting Machine Setters, Operators, and Tenders",2023,9760.0,36620.0,37040.0,27540.0,31490.0,41100.0,46790.0
51-6063,"Textile Knitting and Weaving Machine Setters, Operators, and Tenders",2023,15980.0,37130.0,37880.0,28700.0,31950.0,41860.0,46940.0
51-6064,"Textile Winding, Twisting, and Drawing Out Machine Setters, Operators, and Tenders",2023,23550.0,35530.0,37100.0,29530.0,32950.0,39780.0,46840.0
51-6091,"Extruding and Forming Machine Setters, Operators, and Tenders, Synthetic and Glass Fibers",2023,14520.0,44030.0,45270.0,33510.0,37980.0,49990.0,60380.0
51-6092,Fabric and Apparel Patternmakers,2023,2670.0,62510.0,66750.0,31780.0,40760.0,82340.0,106870.0
51-6093,Upholsterers,2023,25740.0,42730.0,44820.0,30450.0,36090.0,49740.0,61800.0
51-6099,"Textile, Apparel, and Furnishings Workers, All Other",2023,15080.0,35130.0,37430.0,28030.0,30150.0,40710.0,49810.0
51-7011,Cabinetmakers and Bench Carpenters,2023,88460.0,43260.0,44620.0,30850.0,36550.0,49470.0,60800.0
51-7021,Furniture Finishers,2023,14380.0,39790.0,42490.0,29660.0,34980.0,47640.0,57120.0
51-7031,"Model Makers, Wood",2023,590.0,45040.0,52510.0,33880.0,37440.0,63740.0,84090.0
51-7032,"Patternmakers, Wood",2023,260.0,48630.0,52330.0,38700.0,43730.0,55030.0,75460.0
51-7041,"Sawing Machine Setters, Operators, and Tenders, Wood",2023,43570.0,38000.0,40120.0,28790.0,33470.0,45970.0,51780.0
51-7042,"Woodworking Machine Setters, Operators, and Tenders, Except Sawing",2023,61250.0,38260.0,40360.0,29620.0,34500.0,46100.0,52280.0
51-7099,"Woodworkers, All Other",2023,7830.0,37760.0,39520.0,28250.0,32540.0,44840.0,54660.0
51-8011,Nuclear Power Reactor Operators,2023,5760.0,120350.0,121240.0,92270.0,103880.0,134100.0,151980.0
51-8012,Power Distributors and Dispatchers,2023,9040.0,104750.0,105460.0,68360.0,87440.0,122830.0,138950.0
51-8013,Power Plant Operators,2023,31490.0,97010.0,91880.0,54080.0,72860.0,106780.0,123120.0
51-8021,Stationary Engineers and Boiler Operators,2023,33840.0,67640.0,73170.0,41360.0,51970.0,89160.0,113660.0
51-8031,Water and Wastewater Treatment Plant and System Operators,2023,120710.0,54890.0,58050.0,36680.0,44720.0,67790.0,83090.0
51-8091,Chemical Plant and System Operators,2023,17980.0,80030.0,79450.0,47650.0,59830.0,99960.0,108470.0
51-8092,Gas Plant Operators,2023,15930.0,82560.0,83020.0,53330.0,66250.0,99180.0,108340.0
51-8093,"Petroleum Pump System Operators, Refinery Operators, and Gaugers",2023,33360.0,94580.0,88120.0,57970.0,76130.0,102410.0,110220.0
51-8099,"Plant and System Operators, All Other",2023,15370.0,56940.0,59890.0,36120.0,45390.0,71500.0,85950.0
51-9011,Chemical Equipment Operators and Tenders,2023,120260.0,51720.0,57350.0,36200.0,43580.0,66810.0,84310.0
51-9012,"Separating, Filtering, Clarifying, Precipitating, and Still Machine Setters, Operators, and Tenders",2023,53170.0,48120.0,51960.0,34100.0,39010.0,59560.0,72950.0
51-9021,"Crushing, Grinding, and Polishing Machine Setters, Operators, and Tenders",2023,26210.0,44510.0,46390.0,32650.0,36920.0,53850.0,63180.0
51-9022,"Grinding and Polishing Workers, Hand",2023,12290.0,38940.0,41490.0,30140.0,34600.0,47050.0,57990.0
51-9023,"Mixing and Blending Machine Setters, Operators, and Tenders",2023,105740.0,46100.0,47950.0,34090.0,38610.0,55470.0,63700.0
51-9031,"Cutters and Trimmers, Hand",2023,7220.0,37040.0,39260.0,28770.0,32090.0,43400.0,54350.0
51-9032,"Cutting and Slicing Machine Setters, Operators, and Tenders",2023,52720.0,44310.0,44700.0,32760.0,37430.0,50570.0,58240.0
51-9041,"Extruding, Forming, Pressing, and Compacting Machine Setters, Operators, and Tenders",2023,57080.0,42670.0,44610.0,32100.0,36810.0,49730.0,61350.0
51-9051,"Furnace, Kiln, Oven, Drier, and Kettle Operators and Tenders",2023,14820.0,45640.0,47540.0,34430.0,38200.0,54660.0,63340.0
51-9061,"Inspectors, Testers, Sorters, Samplers, and Weighers",2023,584630.0,45850.0,49260.0,31950.0,37190.0,58030.0,72210.0
51-9071,Jewelers and Precious Stone and Metal Workers,2023,24060.0,47450.0,52000.0,30790.0,36510.0,62070.0,78500.0
51-9081,Dental Laboratory Technicians,2023,34190.0,47690.0,52390.0,33940.0,38250.0,60880.0,77460.0
51-9082,Medical Appliance Technicians,2023,12550.0,44960.0,48860.0,35160.0,38220.0,52880.0,70060.0
51-9083,Ophthalmic Laboratory Technicians,2023,18240.0,37720.0,41280.0,30030.0,34630.0,45540.0,55580.0
51-9111,Packaging and Filling Machine Operators and Tenders,2023,371600.0,38330.0,41200.0,30050.0,34440.0,46540.0,56070.0
51-9123,"Painting, Coating, and Decorating Workers",2023,10700.0,40230.0,44050.0,30660.0,34980.0,48980.0,59160.0
51-9124,"Coating, Painting, and Spraying Machine Setters, Operators, and Tenders",2023,155880.0,45560.0,48480.0,33300.0,37790.0,54440.0,66390.0
51-9141,Semiconductor Processing Technicians,2023,26450.0,45850.0,48970.0,31610.0,38510.0,56660.0,67870.0
51-9151,Photographic Process Workers and Processing Machine Operators,2023,5770.0,35620.0,41900.0,29390.0,31950.0,44650.0,65480.0
51-9161,Computer Numerically Controlled Tool Operators,2023,187670.0,48550.0,51030.0,36380.0,40390.0,59630.0,66970.0
51-9162,Computer Numerically Controlled Tool Programmers,2023,28030.0,63440.0,67650.0,45980.0,53750.0,78200.0,94880.0
51-9191,Adhesive Bonding Machine Operators and Tenders,2023,12510.0,43540.0,44400.0,31200.0,35660.0,50350.0,58840.0
51-9192,"Cleaning, Washing, and Metal Pickling Equipment Operators and Tenders",2023,15210.0,39340.0,41500.0,31370.0,35370.0,46530.0,54180.0
51-9193,Cooling and Freezing Equipment Operators and Tenders,2023,6500.0,42420.0,44840.0,31370.0,36760.0,51530.0,62120.0
51-9194,Etchers and Engravers,2023,8140.0,40040.0,42780.0,29120.0,33280.0,47920.0,61360.0
51-9195,"Molders, Shapers, and Casters, Except Metal and Plastic",2023,38480.0,43310.0,44710.0,32540.0,37150.0,49330.0,59740.0
51-9196,"Paper Goods Machine Setters, Operators, and Tenders",2023,96460.0,47250.0,48910.0,35590.0,39040.0,56690.0,64290.0
51-9197,Tire Builders,2023,20660.0,54080.0,53930.0,37940.0,46280.0,62330.0,66700.0
51-9198,Helpers--Production Workers,2023,181810.0,36700.0,38160.0,28630.0,32400.0,42600.0,49910.0
51-9199,"Production Workers, All Other",2023,243500.0,37430.0,41400.0,29220.0,33070.0,46520.0,59090.0
53-1041,Aircraft Cargo Handling Supervisors,2023,9020.0,58920.0,64950.0,45770.0,50390.0,76270.0,91400.0
53-1047,"First-Line Supervisors of Transportation and Material Moving Workers, Except Aircraft Cargo Handling Supervisors",2023,594330.0,60510.0,63840.0,39440.0,47560.0,75940.0,92140.0
53-2011,"Airline Pilots, Copilots, and Flight Engineers",2023,93670.0,219140.0,250050.0,101710.0,142770.0,,
53-2012,Commercial Pilots,2023,52750.0,113080.0,138010.0,56260.0,79440.0,168700.0,
53-2021,Air Traffic Controllers,2023,22310.0,137380.0,136790.0,76190.0,96870.0,176720.0,200990.0
53-2022,Airfield Operations Specialists,2023,18320.0,51140.0,62140.0,33870.0,39700.0,74410.0,106860.0
53-2031,Flight Attendants,2023,126020.0,68370.0,70980.0,39580.0,49690.0,86610.0,104100.0
53-3011,"Ambulance Drivers and Attendants, Except Emergency Medical Technicians",2023,11520.0,32580.0,34420.0,23410.0,27850.0,36900.0,45930.0
53-3031,Driver/Sales Workers,2023,463120.0,35420.0,38230.0,20800.0,25900.0,46640.0,61080.0
53-3032,Heavy and Tractor-Trailer Truck Drivers,2023,2044400.0,54320.0,55990.0,37440.0,45920.0,63010.0,76780.0
53-3033,Light Truck Drivers,2023,1003960.0,42470.0,46090.0,28070.0,35110.0,51110.0,75090.0
53-3051,"Bus Drivers, School",2023,371530.0,45660.0,45210.0,27380.0,36290.0,52900.0,61320.0
53-3052,"Bus Drivers, Transit and Intercity",2023,184990.0,60170.0,59860.0,37630.0,46210.0,76700.0,82660.0
53-3053,Shuttle Drivers and Chauffeurs,2023,204930.0,35240.0,36920.0,25750.0,29790.0,41600.0,49920.0
53-3054,Taxi Drivers,2023,17770.0,34680.0,35120.0,27040.0,29920.0,37280.0,40630.0
53-3099,"Motor Vehicle Operators, All Other",2023,51140.0,35690.0,39970.0,24550.0,28890.0,46440.0,63410.0
53-4011,Locomotive Engineers,2023,32390.0,74770.0,75870.0,59450.0,73240.0,80340.0,92670.0
53-4013,"Rail Yard Engineers, Dinkey Operators, and Hostlers",2023,2430.0,57070.0,57580.0,38800.0,49080.0,63050.0,76470.0
53-4022,"Railroad Brake, Signal, and Switch Operators and Locomotive Firers",2023,13610.0,63540.0,62840.0,44350.0,57220.0,67540.0,78120.0
53-4031,Railroad Conductors and Yardmasters,2023,46490.0,71130.0,72220.0,54610.0,62180.0,78490.0,99210.0
53-4041,Subway and Streetcar Operators,2023,14860.0,84270.0,77370.0,54690.0,73570.0,84310.0,87110.0
53-4099,"Rail Transportation Workers, All Other",2023,1830.0,44660.0,50730.0,35420.0,39330.0,54320.0,85490.0
53-5011,Sailors and Marine Oilers,2023,29960.0,48400.0,53470.0,32240.0,37960.0,62700.0,79180.0
53-5021,"Captains, Mates, and Pilots of Water Vessels",2023,34520.0,88730.0,97820.0,44600.0,60550.0,123640.0,161510.0
53-5022,Motorboat Operators,2023,2710.0,46420.0,51810.0,28890.0,35860.0,64490.0,80960.0
53-5031,Ship Engineers,2023,8860.0,94270.0,100550.0,57140.0,68880.0,122390.0,141910.0
53-6011,Bridge and Lock Tenders,2023,3460.0,49120.0,50070.0,28990.0,33340.0,64250.0,69880.0
53-6021,Parking Attendants,2023,118130.0,32840.0,32700.0,22890.0,28470.0,36420.0,40500.0
53-6031,Automotive and Watercraft Service Attendants,2023,92530.0,33820.0,34530.0,27430.0,29640.0,37170.0,43830.0
53-6032,Aircraft Service Attendants,2023,24940.0,39110.0,42110.0,32040.0,35980.0,46010.0,53820.0
53-6041,Traffic Technicians,2023,7530.0,52240.0,56680.0,36290.0,42770.0,67370.0,78840.0
53-6051,Transportation Inspectors,2023,27670.0,87290.0,83920.0,39790.0,60110.0,97630.0,129020.0
53-6061,Passenger Attendants,2023,20190.0,35620.0,36780.0,27040.0,32020.0,39470.0,47680.0
53-6099,"Transportation Workers, All Other",2023,10940.0,40300.0,43530.0,27340.0,31700.0,52000.0,63680.0
53-7011,Conveyor Operators and Tenders,2023,24660.0,39260.0,42900.0,32770.0,35290.0,47000.0,59910.0
53-7021,Crane and Tower Operators,2023,42260.0,64690.0,68040.0,39200.0,48380.0,78720.0,98820.0
53-7031,Dredge Operators,2023,940.0,50440.0,53700.0,37870.0,43670.0,60670.0,72570.0
53-7041,Hoist and Winch Operators,2023,2230.0,55950.0,65810.0,33760.0,40490.0,93630.0,111470.0
53-7051,Industrial Truck and Tractor Operators,2023,778920.0,44470.0,45720.0,35260.0,38270.0,50010.0,59860.0
53-7061,Cleaners of Vehicles and Equipment,2023,365290.0,34150.0,35250.0,24560.0,28880.0,38500.0,46450.0
53-7062,"Laborers and Freight, Stock, and Material Movers, Hand",2023,3008300.0,37660.0,39760.0,29480.0,34040.0,44950.0,50280.0
53-7063,Machine Feeders and Offbearers,2023,44500.0,39250.0,41000.0,29880.0,34610.0,46590.0,53320.0
53-7064,"Packers and Packagers, Hand",2023,645210.0,34830.0,35450.0,25880.0,30220.0,39580.0,45100.0
53-7065,Stockers and Order Fillers,2023,2872680.0,36390.0,37990.0,29150.0,32160.0,41370.0,48890.0
53-7071,Gas Compressor and Gas Pumping Station Operators,2023,4400.0,61870.0,63810.0,36480.0,47470.0,75370.0,93450.0
53-7072,"Pump Operators, Except Wellhead Pumpers",2023,11570.0,54690.0,58650.0,36290.0,43720.0,72680.0,85430.0
53-7073,Wellhead Pumpers,2023,18230.0,71830.0,69930.0,38490.0,55700.0,81080.0,96600.0
53-7081,Refuse and Recyclable Material Collectors,2023,135430.0,45760.0,47810.0,30050.0,36100.0,58360.0,67970.0
53-7121,"Tank Car, Truck, and Ship Loaders",2023,11400.0,58620.0,60530.0,38850.0,46500.0,72710.0,88810.0
53-7199,"Material Moving Workers, All Other",2023,23970.0,40310.0,45840.0,32240.0,34830.0,48460.0,63430.0
11-1011,Chief Executives,2024,211850.0,206420.0,262930.0,73710.0,126080.0,,
11-1021,General and Operations Managers,2024,3584420.0,102950.0,133120.0,47420.0,67160.0,164130.0,
11-1031,Legislators,2024,26510.0,44810.0,67390.0,20380.0,29120.0,80350.0,137820.0
11-2011,Advertising and Promotions Managers,2024,21100.0,126960.0,149270.0,63000.0,85990.0,178570.0,
11-2021,Marketing Managers,2024,384980.0,161030.0,171520.0,81900.0,111210.0,211080.0,
11-2022,Sales Managers,2024,603710.0,138060.0,160930.0,66910.0,95910.0,201490.0,
11-2032,Public Relations Managers,2024,76060.0,138520.0,163520.0,78880.0,102300.0,198000.0,
11-2033,Fundraising Managers,2024,36920.0,123480.0,137290.0,73700.0,92880.0,166420.0,216660.0
11-3012,Administrative Services Managers,2024,254140.0,108390.0,126030.0,64740.0,83660.0,147150.0,200010.0
11-3013,Facilities Managers,2024,141090.0,104690.0,114520.0,62550.0,80150.0,135650.0,173080.0
11-3021,Computer and Information Systems Managers,2024,645970.0,171200.0,187990.0,104450.0,134350.0,216220.0,
11-3031,Financial Managers,2024,818620.0,161700.0,180470.0,86490.0,118360.0,214210.0,
11-3051,Industrial Production Managers,2024,234380.0,121440.0,129180.0,74900.0,94620.0,156330.0,197310.0
11-3061,Purchasing Managers,2024,81240.0,139510.0,150630.0,85500.0,107430.0,175460.0,219140.0
11-3071,"Transportation, Storage, and Distribution Managers",2024,213000.0,102010.0,116010.0,61200.0,78360.0,136050.0,180590.0
11-3111,Compensation and Benefits Managers,2024,20070.0,140360.0,156230.0,81660.0,105210.0,190890.0,
11-3121,Human Resources Managers,2024,215520.0,140030.0,160480.0,83790.0,105590.0,189960.0,
11-3131,Training and Development Managers,2024,44960.0,127090.0,140590.0,75810.0,96110.0,169310.0,219990.0
11-9013,"Farmers, Ranchers, and Other Agricultural Managers",2024,5910.0,87980.0,97240.0,51700.0,67970.0,115200.0,156530.0
11-9021,Construction Managers,2024,348330.0,106980.0,119660.0,65160.0,83480.0,139330.0,176990.0
11-9031,"Education and Childcare Administrators, Preschool and Daycare",2024,71620.0,56270.0,62640.0,37060.0,45310.0,72690.0,96400.0
11-9032,"Education Administrators, Kindergarten through Secondary",2024,319630.0,104070.0,113360.0,72400.0,83840.0,132550.0,165820.0
11-9033,"Education Administrators, Postsecondary",2024,176420.0,103960.0,124450.0,63820.0,79880.0,140940.0,212420.0
11-9039,"Education Administrators, All Other",2024,53330.0,89040.0,99460.0,49490.0,65180.0,121720.0,158050.0
11-9041,Architectural and Engineering Managers,2024,210340.0,167740.0,175710.0,111450.0,134930.0,207210.0,
11-9051,Food Service Managers,2024,244230.0,65310.0,72370.0,42380.0,53090.0,82300.0,105420.0
11-9071,Gambling Managers,2024,4620.0,85580.0,102480.0,51670.0,70190.0,120490.0,165220.0
11-9072,"Entertainment and Recreation Managers, Except Gambling",2024,36700.0,77180.0,87060.0,45320.0,58380.0,101750.0,134680.0
11-9081,Lodging Managers,2024,41350.0,68130.0,77460.0,39490.0,50040.0,90670.0,126990.0
11-9111,Medical and Health Services Managers,2024,565840.0,117960.0,137730.0,69680.0,88560.0,162420.0,219080.0
11-9121,Natural Sciences Managers,2024,100870.0,161180.0,173500.0,79830.0,114110.0,214820.0,
11-9131,Postmasters and Mail Superintendents,2024,13810.0,92730.0,93760.0,81430.0,87150.0,99590.0,109140.0
11-9141,"Property, Real Estate, and Community Association Managers",2024,296640.0,66700.0,82720.0,39360.0,49530.0,95760.0,141040.0
11-9151,Social and Community Service Managers,2024,195490.0,78240.0,86100.0,50020.0,62420.0,100600.0,129820.0
11-9161,Emergency Management Directors,2024,12570.0,86130.0,97700.0,51260.0,64470.0,119690.0,160420.0
11-9171,Funeral Home Managers,2024,13120.0,76830.0,85650.0,45820.0,59780.0,99330.0,132470.0
11-9179,"Personal Service Managers, All Other",2024,10490.0,61340.0,70620.0,36880.0,47670.0,82890.0,111130.0
11-9199,"Managers, All Other",2024,630980.0,136550.0,149890.0,68860.0,100010.0,179190.0,227590.0
13-1011,"Agents and Business Managers of Artists, Performers, and Athletes",2024,14220.0,96310.0,165600.0,48530.0,63100.0,168850.0,
13-1020,Buyers and Purchasing Agents,2024,486900.0,75650.0,81720.0,46460.0,58670.0,99190.0,127520.0
13-1031,"Claims Adjusters, Examiners, and Investigators",2024,305020.0,76790.0,78770.0,47810.0,60100.0,95990.0,112150.0
13-1032,"Insurance Appraisers, Auto Damage",2024,7790.0,76650.0,77050.0,56690.0,64280.0,86430.0,101800.0
13-1041,Compliance Officers,2024,397770.0,78420.0,84980.0,46230.0,59130.0,104800.0,130030.0
13-1051,Cost Estimators,2024,219530.0,77070.0,83160.0,46330.0,59830.0,99630.0,128640.0
13-1071,Human Resources Specialists,2024,917460.0,72910.0,79730.0,45440.0,55870.0,97270.0,126540.0
13-1074,Farm Labor Contractors,2024,410.0,48690.0,51910.0,29800.0,32860.0,58250.0,86860.0
13-1075,Labor Relations Specialists,2024,64590.0,93500.0,97130.0,49880.0,67670.0,123090.0,153440.0
13-1081,Logisticians,2024,235640.0,80880.0,87600.0,49260.0,62920.0,104330.0,132110.0
13-1082,Project Management Specialists,2024,1006160.0,100750.0,108100.0,59830.0,76950.0,131660.0,165790.0
13-1111,Management Analysts,2024,893900.0,101190.0,114710.0,59720.0,76770.0,133140.0,174140.0
13-1121,"Meeting, Convention, and Event Planners",2024,134670.0,59440.0,65090.0,35990.0,45610.0,77150.0,101310.0
13-1131,Fundraisers,2024,105930.0,66490.0,73130.0,43200.0,52590.0,85280.0,106960.0
13-1141,"Compensation, Benefits, and Job Analysis Specialists",2024,102370.0,77020.0,82920.0,48300.0,59700.0,99210.0,128830.0
13-1151,Training and Development Specialists,2024,436610.0,65850.0,73760.0,37510.0,48900.0,91550.0,120190.0
13-1161,Market Research Analysts and Marketing Specialists,2024,861140.0,76950.0,86480.0,42070.0,56220.0,104870.0,144610.0
13-1199,"Business Operations Specialists, All Other",2024,1128200.0,81270.0,92380.0,46230.0,60820.0,110030.0,147830.0
13-2011,Accountants and Auditors,2024,1448290.0,81680.0,93520.0,52780.0,64660.0,106450.0,141420.0
13-2020,Property Appraisers and Assessors,2024,59070.0,65420.0,77160.0,38480.0,49310.0,90810.0,122760.0
13-2031,Budget Analysts,2024,47170.0,87930.0,93920.0,60510.0,72240.0,110380.0,134640.0
13-2041,Credit Analysts,2024,67370.0,80970.0,98040.0,52930.0,63850.0,113850.0,168840.0
13-2051,Financial and Investment Analysts,2024,340580.0,101350.0,116490.0,62410.0,78300.0,132050.0,180550.0
13-2052,Personal Financial Advisors,2024,270480.0,102140.0,160210.0,49990.0,70620.0,172540.0,
13-2053,Insurance Underwriters,2024,107820.0,79880.0,90830.0,51640.0,63070.0,104820.0,138020.0
13-2054,Financial Risk Specialists,2024,56320.0,106000.0,119930.0,62270.0,80280.0,145020.0,182310.0
13-2061,Financial Examiners,2024,62830.0,90400.0,103650.0,53420.0,66800.0,127210.0,171540.0
13-2071,Credit Counselors,2024,28110.0,50480.0,55890.0,38980.0,45420.0,61760.0,77920.0
13-2072,Loan Officers,2024,290530.0,74180.0,86020.0,38490.0,50460.0,101920.0,145780.0
13-2081,"Tax Examiners and Collectors, and Revenue Agents",2024,53530.0,59740.0,67570.0,40020.0,46820.0,79330.0,110300.0
13-2082,Tax Preparers,2024,73570.0,50560.0,58860.0,30500.0,37750.0,75590.0,96240.0
13-2099,"Financial Specialists, All Other",2024,127450.0,80190.0,93890.0,46420.0,60140.0,109120.0,151780.0
15-1211,Computer Systems Analysts,2024,497800.0,103790.0,111960.0,63160.0,80900.0,132360.0,166030.0
15-1212,Information Security Analysts,2024,179430.0,124910.0,127730.0,69660.0,92160.0,159600.0,186420.0
15-1221,Computer and Information Research Scientists,2024,38480.0,140910.0,152310.0,80670.0,102710.0,181210.0,232120.0
15-1231,Computer Network Support Specialists,2024,146450.0,73340.0,79610.0,46010.0,56720.0,95710.0,124470.0
15-1232,Computer User Support Specialists,2024,697210.0,60340.0,64990.0,38780.0,47580.0,77010.0,98010.0
15-1241,Computer Network Architects,2024,177010.0,130390.0,135890.0,79520.0,102120.0,164440.0,198030.0
15-1242,Database Administrators,2024,73180.0,104620.0,107440.0,56820.0,76100.0,132850.0,160890.0
15-1243,Database Architects,2024,64770.0,135980.0,142620.0,81630.0,107900.0,169480.0,209990.0
15-1244,Network and Computer Systems Administrators,2024,318570.0,96800.0,101190.0,60320.0,75860.0,123390.0,150320.0
15-1251,Computer Programmers,2024,109870.0,98670.0,103640.0,52190.0,71860.0,128960.0,162090.0
15-1252,Software Developers,2024,1654440.0,133080.0,144570.0,79850.0,103050.0,169000.0,211450.0
15-1253,Software Quality Assurance Analysts and Testers,2024,199800.0,102610.0,110260.0,60690.0,79520.0,131870.0,166960.0
15-1254,Web Developers,2024,78860.0,90930.0,98790.0,48560.0,63140.0,124300.0,162870.0
15-1255,Web and Digital Interface Designers,2024,111400.0,98090.0,111450.0,47840.0,64990.0,141860.0,192180.0
15-1299,"Computer Occupations, All Other",2024,439380.0,108970.0,116700.0,52650.0,76360.0,147530.0,176800.0
15-2011,Actuaries,2024,28340.0,125770.0,134990.0,75240.0,90970.0,164860.0,206430.0
15-2021,Mathematicians,2024,2220.0,121680.0,122520.0,63430.0,85720.0,153340.0,187660.0
15-2031,Operations Research Analysts,2024,107760.0,91290.0,99120.0,53910.0,66910.0,124120.0,159280.0
15-2041,Statisticians,2024,29800.0,103300.0,112330.0,60390.0,79210.0,137610.0,170700.0
15-2051,Data Scientists,2024,233440.0,112590.0,124590.0,63650.0,82630.0,155810.0,194410.0
15-2099,"Mathematical Science Occupations, All Other",2024,4660.0,71490.0,84700.0,40330.0,52440.0,101920.0,154140.0
17-1011,"Architects, Except Landscape and Naval",2024,111140.0,96690.0,103390.0,60510.0,76110.0,123300.0,159800.0
17-1012,Landscape Architects,2024,19580.0,79660.0,88000.0,51990.0,62650.0,101580.0,132250.0
17-1021,Cartographers and Photogrammetrists,2024,12790.0,78380.0,82860.0,50500.0,62860.0,99650.0,121440.0
17-1022,Surveyors,2024,53080.0,72740.0,76730.0,43680.0,53590.0,94550.0,116330.0
17-2011,Aerospace Engineers,2024,68440.0,134830.0,141180.0,85350.0,104740.0,174480.0,205850.0
17-2021,Agricultural Engineers,2024,1680.0,84630.0,84240.0,43020.0,49930.0,103940.0,132700.0
17-2031,Bioengineers and Biomedical Engineers,2024,21860.0,106950.0,115020.0,71860.0,86630.0,133570.0,165060.0
17-2041,Chemical Engineers,2024,20330.0,121860.0,128430.0,78520.0,96040.0,152290.0,182150.0
17-2051,Civil Engineers,2024,355410.0,99590.0,107050.0,65920.0,78790.0,128290.0,160990.0
17-2061,Computer Hardware Engineers,2024,75710.0,155020.0,156770.0,85430.0,115500.0,185380.0,223820.0
17-2071,Electrical Engineers,2024,188790.0,111910.0,120980.0,74670.0,87590.0,141630.0,175460.0
17-2072,"Electronics Engineers, Except Computer",2024,93940.0,127590.0,132500.0,79390.0,98920.0,164000.0,199060.0
17-2081,Environmental Engineers,2024,37950.0,104170.0,110570.0,64950.0,80510.0,130830.0,161910.0
17-2111,"Health and Safety Engineers, Except Mining Safety Engineers and Inspectors",2024,23220.0,109660.0,113770.0,62050.0,85400.0,136150.0,166670.0
17-2112,Industrial Engineers,2024,350230.0,101140.0,107900.0,70000.0,81910.0,127480.0,157140.0
17-2121,Marine Engineers and Naval Architects,2024,8440.0,105670.0,116680.0,79700.0,88480.0,133780.0,167660.0
17-2131,Materials Engineers,2024,22770.0,108310.0,116380.0,68040.0,85820.0,138370.0,172000.0
17-2141,Mechanical Engineers,2024,286760.0,102320.0,110080.0,68740.0,81800.0,130290.0,161240.0
17-2151,"Mining and Geological Engineers, Including Mining Safety Engineers",2024,6770.0,101020.0,108940.0,62500.0,81040.0,129860.0,163740.0
17-2161,Nuclear Engineers,2024,14740.0,127520.0,134980.0,88290.0,103010.0,157600.0,187430.0
17-2171,Petroleum Engineers,2024,18970.0,141280.0,153560.0,78840.0,107330.0,191100.0,228790.0
17-2199,"Engineers, All Other",2024,150750.0,117750.0,121720.0,62840.0,85750.0,152670.0,183510.0
17-3011,Architectural and Civil Drafters,2024,109550.0,64280.0,68860.0,44040.0,52880.0,79510.0,98190.0
17-3012,Electrical and Electronics Drafters,2024,20020.0,73720.0,77960.0,48680.0,58800.0,91780.0,110180.0
17-3013,Mechanical Drafters,2024,39900.0,68510.0,74040.0,46500.0,56470.0,85580.0,107600.0
17-3019,"Drafters, All Other",2024,16010.0,62010.0,66530.0,42170.0,50970.0,77750.0,96620.0
17-3021,Aerospace Engineering and Operations Technologists and Technicians,2024,9060.0,79830.0,86330.0,53730.0,64570.0,102220.0,120440.0
17-3022,Civil Engineering Technologists and Technicians,2024,62130.0,64200.0,68450.0,43550.0,51730.0,79550.0,97840.0
17-3023,Electrical and Electronic Engineering Technologists and Technicians,2024,92710.0,77180.0,78580.0,48250.0,60610.0,94810.0,111790.0
17-3024,Electro-Mechanical and Mechatronics Technologists and Technicians,2024,14680.0,70760.0,75710.0,47770.0,58570.0,87320.0,109580.0
17-3025,Environmental Engineering Technologists and Technicians,2024,12500.0,58890.0,63070.0,39670.0,48250.0,75290.0,92280.0
17-3026,Industrial Engineering Technologists and Technicians,2024,73410.0,64790.0,69780.0,46370.0,53230.0,79040.0,97670.0
17-3027,Mechanical Engineering Technologists and Technicians,2024,37450.0,68730.0,72450.0,46940.0,57330.0,82980.0,100890.0
17-3028,Calibration Technologists and Technicians,2024,15320.0,65040.0,71080.0,44730.0,52250.0,83600.0,105440.0
17-3029,"Engineering Technologists and Technicians, Except Drafters, All Other",2024,64410.0,77390.0,79740.0,47010.0,59700.0,97760.0,114630.0
17-3031,Surveying and Mapping Technicians,2024,56720.0,51940.0,56890.0,36910.0,44180.0,65240.0,80870.0
19-1011,Animal Scientists,2024,2470.0,79120.0,104970.0,48440.0,59610.0,128450.0,235750.0
19-1012,Food Scientists and Technologists,2024,14370.0,85310.0,92190.0,49580.0,65240.0,111700.0,141860.0
19-1013,Soil and Plant Scientists,2024,16600.0,71410.0,83040.0,45320.0,57950.0,98110.0,131440.0
19-1021,Biochemists and Biophysicists,2024,34520.0,103650.0,115570.0,64890.0,78730.0,134460.0,168900.0
19-1022,Microbiologists,2024,19760.0,87330.0,95200.0,51220.0,63920.0,120750.0,150650.0
19-1023,Zoologists and Wildlife Biologists,2024,16920.0,72860.0,77920.0,48240.0,58360.0,90590.0,113350.0
19-1029,"Biological Scientists, All Other",2024,59710.0,93330.0,100440.0,54500.0,67950.0,121350.0,159780.0
19-1031,Conservation Scientists,2024,25590.0,67950.0,74310.0,45260.0,53190.0,87980.0,107720.0
19-1032,Foresters,2024,9650.0,70660.0,74670.0,49240.0,58810.0,85450.0,103220.0
19-1041,Epidemiologists,2024,11460.0,83980.0,94160.0,56950.0,68040.0,106040.0,134860.0
19-1042,"Medical Scientists, Except Epidemiologists",2024,156300.0,100590.0,112690.0,61860.0,77260.0,133870.0,168210.0
19-1099,"Life Scientists, All Other",2024,7320.0,87800.0,101940.0,52360.0,66340.0,123720.0,168860.0
19-2011,Astronomers,2024,1560.0,132170.0,134430.0,70730.0,94990.0,177690.0,191880.0
19-2012,Physicists,2024,21340.0,166290.0,166000.0,80020.0,117450.0,210260.0,
19-2021,Atmospheric and Space Scientists,2024,8780.0,97450.0,103980.0,49990.0,69440.0,128940.0,160710.0
19-2031,Chemists,2024,83250.0,84150.0,95940.0,53210.0,63930.0,120210.0,154430.0
19-2032,Materials Scientists,2024,8330.0,104160.0,111410.0,61460.0,79980.0,134140.0,168500.0
19-2041,"Environmental Scientists and Specialists, Including Health",2024,84930.0,80060.0,88640.0,50130.0,62090.0,103730.0,134830.0
19-2042,"Geoscientists, Except Hydrologists and Geographers",2024,22510.0,99240.0,111310.0,58790.0,72440.0,134350.0,178880.0
19-2043,Hydrologists,2024,5720.0,92060.0,98130.0,60010.0,73330.0,114940.0,139420.0
19-2099,"Physical Scientists, All Other",2024,22580.0,117960.0,123070.0,61990.0,82450.0,154900.0,191880.0
19-3011,Economists,2024,15880.0,115440.0,130910.0,62340.0,82260.0,166030.0,212710.0
19-3022,Survey Researchers,2024,7720.0,63380.0,73470.0,36950.0,46110.0,85370.0,118730.0
19-3032,Industrial-Organizational Psychologists,2024,1050.0,109840.0,134400.0,51880.0,80790.0,198170.0,224590.0
19-3033,Clinical and Counseling Psychologists,2024,72190.0,95830.0,106850.0,50470.0,67470.0,131510.0,170150.0
19-3034,School Psychologists,2024,63830.0,86930.0,93610.0,60880.0,73240.0,108210.0,132320.0
19-3039,"Psychologists, All Other",2024,17790.0,117580.0,111340.0,51410.0,73820.0,145200.0,163570.0
19-3041,Sociologists,2024,2950.0,101690.0,111670.0,60710.0,78150.0,134780.0,168590.0
19-3051,Urban and Regional Planners,2024,43040.0,83720.0,89730.0,55590.0,66210.0,104450.0,128550.0
19-3091,Anthropologists and Archeologists,2024,8070.0,64910.0,71070.0,44510.0,51240.0,83080.0,104510.0
19-3092,Geographers,2024,1380.0,97200.0,98160.0,62390.0,75590.0,117190.0,133680.0
19-3093,Historians,2024,3140.0,74050.0,78470.0,38630.0,55190.0,96330.0,128500.0
19-3094,Political Scientists,2024,5950.0,139380.0,137600.0,74750.0,103030.0,172050.0,191880.0
19-3099,"Social Scientists and Related Workers, All Other",2024,36970.0,100340.0,106440.0,62570.0,79210.0,127880.0,160810.0
19-4012,Agricultural Technicians,2024,14340.0,46790.0,49680.0,32860.0,38480.0,59370.0,69010.0
19-4013,Food Science Technicians,2024,14200.0,49430.0,54400.0,37760.0,43990.0,60940.0,75100.0
19-4021,Biological Technicians,2024,76190.0,52000.0,58020.0,38060.0,45380.0,66410.0,81990.0
19-4031,Chemical Technicians,2024,55640.0,57790.0,61300.0,39030.0,46680.0,72940.0,90990.0
19-4042,"Environmental Science and Protection Technicians, Including Health",2024,39390.0,49490.0,56770.0,36130.0,38050.0,64170.0,85630.0
19-4043,"Geological Technicians, Except Hydrologic Technicians",2024,9710.0,48390.0,58220.0,32830.0,39200.0,64470.0,92210.0
19-4044,Hydrologic Technicians,2024,2940.0,58570.0,64410.0,40330.0,47450.0,79790.0,94310.0
19-4051,Nuclear Technicians,2024,5990.0,104240.0,100730.0,64370.0,83330.0,113710.0,126890.0
19-4061,Social Science Research Assistants,2024,32940.0,58040.0,63560.0,36410.0,46190.0,73060.0,100620.0
19-4071,Forest and Conservation Technicians,2024,31080.0,54310.0,56660.0,36190.0,42560.0,66020.0,80790.0
19-4092,Forensic Science Technicians,2024,19450.0,67440.0,75260.0,45560.0,53310.0,88710.0,110710.0
19-4099,"Life, Physical, and Social Science Technicians, All Other",2024,71400.0,60130.0,64640.0,37310.0,46270.0,77990.0,101870.0
19-5011,Occupational Health and Safety Specialists,2024,128430.0,83910.0,88660.0,50610.0,64410.0,105390.0,130460.0
19-5012,Occupational Health and Safety Technicians,2024,31450.0,58440.0,63800.0,40550.0,49510.0,74810.0,94670.0
21-1012,"Educational, Guidance, and Career Counselors and Advisors",2024,342350.0,65140.0,71520.0,43580.0,51690.0,83490.0,105870.0
21-1013,Marriage and Family Therapists,2024,65870.0,63780.0,72720.0,42610.0,48600.0,85020.0,111610.0
21-1015,Rehabilitation Counselors,2024,88930.0,46110.0,51260.0,34480.0,38700.0,59040.0,77200.0
21-1018,"Substance Abuse, Behavioral Disorder, and Mental Health Counselors",2024,440380.0,59190.0,65100.0,39090.0,47170.0,76230.0,98210.0
21-1019,"Counselors, All Other",2024,33340.0,49830.0,58070.0,36160.0,42760.0,66510.0,91420.0
21-1021,"Child, Family, and School Social Workers",2024,382960.0,58570.0,62920.0,40580.0,47480.0,74060.0,94030.0
21-1022,Healthcare Social Workers,2024,185940.0,68090.0,72030.0,45030.0,55360.0,83410.0,100870.0
21-1023,Mental Health and Substance Abuse Social Workers,2024,125910.0,60060.0,68290.0,39620.0,46550.0,78980.0,104130.0
21-1029,"Social Workers, All Other",2024,64940.0,69480.0,74680.0,44530.0,52010.0,95390.0,112740.0
21-1091,Health Education Specialists,2024,65150.0,63000.0,71700.0,42210.0,49880.0,84460.0,112900.0
21-1092,Probation Officers and Correctional Treatment Specialists,2024,86820.0,64520.0,71530.0,45390.0,52580.0,84030.0,106290.0
21-1093,Social and Human Service Assistants,2024,424220.0,45120.0,47090.0,33280.0,37770.0,53040.0,63850.0
21-1094,Community Health Workers,2024,60730.0,51030.0,55970.0,37930.0,44370.0,63150.0,78560.0
21-1099,"Community and Social Service Specialists, All Other",2024,110390.0,54940.0,58360.0,36470.0,45420.0,67590.0,83210.0
21-2011,Clergy,2024,58080.0,60820.0,67160.0,37140.0,47220.0,76340.0,99720.0
21-2021,"Directors, Religious Activities and Education",2024,21460.0,54840.0,65040.0,33990.0,42210.0,74990.0,106530.0
21-2099,"Religious Workers, All Other",2024,12170.0,45120.0,49830.0,29120.0,34700.0,60310.0,75920.0
23-1011,Lawyers,2024,747750.0,151160.0,182760.0,72780.0,99760.0,215420.0,
23-1012,Judicial Law Clerks,2024,13220.0,60400.0,69850.0,42000.0,49840.0,78060.0,113150.0
23-1021,"Administrative Law Judges, Adjudicators, and Hearing Officers",2024,16230.0,115230.0,122620.0,56970.0,76920.0,161290.0,203990.0
23-1022,"Arbitrators, Mediators, and Conciliators",2024,7860.0,67710.0,91170.0,46200.0,60030.0,101010.0,133480.0
23-1023,"Judges, Magistrate Judges, and Magistrates",2024,25580.0,156210.0,143110.0,46520.0,86060.0,189890.0,216540.0
23-2011,Paralegals and Legal Assistants,2024,367220.0,61010.0,66510.0,39710.0,48190.0,78280.0,98990.0
23-2093,"Title Examiners, Abstractors, and Searchers",2024,48170.0,54980.0,59600.0,36710.0,45020.0,70290.0,87240.0
23-2099,"Legal Support Workers, All Other",2024,47380.0,68760.0,86220.0,41510.0,50960.0,103460.0,176950.0
25-1011,"Business Teachers, Postsecondary",2024,81780.0,97270.0,113840.0,46460.0,63040.0,140360.0,210530.0
25-1021,"Computer Science Teachers, Postsecondary",2024,36240.0,96690.0,105830.0,48910.0,65200.0,132200.0,172380.0
25-1022,"Mathematical Science Teachers, Postsecondary",2024,48820.0,79350.0,92880.0,48150.0,60880.0,106270.0,161020.0
25-1031,"Architecture Teachers, Postsecondary",2024,9120.0,101480.0,110360.0,59590.0,78090.0,129310.0,166720.0
25-1032,"Engineering Teachers, Postsecondary",2024,39910.0,106120.0,119340.0,59790.0,80060.0,136400.0,200650.0
25-1041,"Agricultural Sciences Teachers, Postsecondary",2024,8700.0,86350.0,97790.0,49080.0,63980.0,123290.0,160870.0
25-1042,"Biological Science Teachers, Postsecondary",2024,53250.0,83460.0,101340.0,50760.0,64010.0,125310.0,169560.0
25-1043,"Forestry and Conservation Science Teachers, Postsecondary",2024,1310.0,100830.0,103780.0,58670.0,81380.0,125080.0,154630.0
25-1051,"Atmospheric, Earth, Marine, and Space Sciences Teachers, Postsecondary",2024,11480.0,101390.0,112950.0,53310.0,66620.0,135500.0,199260.0
25-1052,"Chemistry Teachers, Postsecondary",2024,20390.0,86220.0,103030.0,52870.0,64980.0,125920.0,171600.0
25-1053,"Environmental Science Teachers, Postsecondary",2024,7130.0,87710.0,100360.0,50670.0,64360.0,124680.0,164290.0
25-1054,"Physics Teachers, Postsecondary",2024,13590.0,97360.0,105460.0,54880.0,66730.0,130150.0,169740.0
25-1061,"Anthropology and Archeology Teachers, Postsecondary",2024,5260.0,95770.0,102530.0,51380.0,67410.0,122870.0,169090.0
25-1062,"Area, Ethnic, and Cultural Studies Teachers, Postsecondary",2024,11430.0,84290.0,97350.0,51130.0,64320.0,107810.0,164650.0
25-1063,"Economics Teachers, Postsecondary",2024,12420.0,119980.0,133140.0,57550.0,80850.0,166600.0,217160.0
25-1064,"Geography Teachers, Postsecondary",2024,3290.0,86730.0,99020.0,49990.0,66400.0,120220.0,164350.0
25-1065,"Political Science Teachers, Postsecondary",2024,17170.0,94680.0,105160.0,50490.0,65330.0,127480.0,173380.0
25-1066,"Psychology Teachers, Postsecondary",2024,41610.0,80330.0,93530.0,47870.0,62290.0,106640.0,158900.0
25-1067,"Sociology Teachers, Postsecondary",2024,12380.0,82540.0,97270.0,49330.0,64130.0,113000.0,167240.0
25-1069,"Social Sciences Teachers, Postsecondary, All Other",2024,17540.0,75040.0,92950.0,45280.0,59550.0,105390.0,176350.0
25-1071,"Health Specialties Teachers, Postsecondary",2024,229720.0,105620.0,137900.0,51760.0,74400.0,176090.0,
25-1072,"Nursing Instructors and Teachers, Postsecondary",2024,74250.0,79940.0,87090.0,47950.0,62210.0,102020.0,130040.0
25-1081,"Education Teachers, Postsecondary",2024,59090.0,72090.0,78500.0,38650.0,50630.0,96260.0,126450.0
25-1082,"Library Science Teachers, Postsecondary",2024,4100.0,78630.0,84320.0,53590.0,62130.0,97020.0,126200.0
25-1111,"Criminal Justice and Law Enforcement Teachers, Postsecondary",2024,13560.0,71470.0,84820.0,45640.0,56100.0,99730.0,143130.0
25-1112,"Law Teachers, Postsecondary",2024,22800.0,126650.0,139950.0,58330.0,84540.0,173580.0,
25-1113,"Social Work Teachers, Postsecondary",2024,13350.0,76210.0,81880.0,45370.0,57080.0,98570.0,129280.0
25-1121,"Art, Drama, and Music Teachers, Postsecondary",2024,97890.0,80190.0,102240.0,47040.0,60730.0,121600.0,194530.0
25-1122,"Communications Teachers, Postsecondary",2024,29260.0,77800.0,90340.0,47100.0,60060.0,103230.0,160210.0
25-1123,"English Language and Literature Teachers, Postsecondary",2024,59590.0,78270.0,90400.0,47540.0,59780.0,103730.0,154800.0
25-1124,"Foreign Language and Literature Teachers, Postsecondary",2024,21170.0,77010.0,87670.0,47090.0,59790.0,101680.0,134960.0
25-1125,"History Teachers, Postsecondary",2024,19860.0,81500.0,93710.0,47730.0,62370.0,106770.0,158140.0
25-1126,"Philosophy and Religion Teachers, Postsecondary",2024,20840.0,78050.0,88210.0,47550.0,60980.0,101680.0,134910.0
25-1192,"Family and Consumer Sciences Teachers, Postsecondary",2024,2630.0,77280.0,84450.0,47580.0,56870.0,99530.0,133180.0
25-1193,"Recreation and Fitness Studies Teachers, Postsecondary",2024,12680.0,75890.0,87980.0,44150.0,57290.0,101420.0,158240.0
25-1194,"Career/Technical Education Teachers, Postsecondary",2024,111150.0,61490.0,68710.0,38680.0,48030.0,80070.0,106580.0
25-1199,"Postsecondary Teachers, All Other",2024,151530.0,78490.0,94470.0,39720.0,55500.0,122510.0,172850.0
25-2011,"Preschool Teachers, Except Special Education",2024,445080.0,37120.0,41450.0,28300.0,31250.0,46550.0,60070.0
25-2012,"Kindergarten Teachers, Except Special Education",2024,114410.0,61430.0,67020.0,45750.0,50290.0,77720.0,99360.0
25-2021,"Elementary School Teachers, Except Special Education",2024,1393310.0,62340.0,69790.0,46440.0,50680.0,79410.0,102010.0
25-2022,"Middle School Teachers, Except Special and Career/Technical Education",2024,620370.0,62970.0,70040.0,47050.0,53540.0,79380.0,100980.0
25-2023,"Career/Technical Education Teachers, Middle School",2024,14200.0,63620.0,68690.0,47090.0,55920.0,78270.0,98430.0
25-2031,"Secondary School Teachers, Except Special and Career/Technical Education",2024,1072540.0,64580.0,73700.0,47330.0,57800.0,83010.0,104670.0
25-2032,"Career/Technical Education Teachers, Secondary School",2024,104450.0,63910.0,70550.0,48840.0,58840.0,78650.0,98720.0
25-2051,"Special Education Teachers, Preschool",2024,28200.0,62190.0,72610.0,38740.0,49370.0,81330.0,132530.0
25-2052,"Special Education Teachers, Kindergarten and Elementary School",2024,231570.0,63000.0,70150.0,47590.0,57050.0,79320.0,100620.0
25-2057,"Special Education Teachers, Middle School",2024,95330.0,64880.0,72310.0,48070.0,58590.0,81940.0,102730.0
25-2058,"Special Education Teachers, Secondary School",2024,162780.0,69590.0,74610.0,47930.0,58180.0,87140.0,106050.0
25-2059,"Special Education Teachers, All Other",2024,39350.0,67430.0,74180.0,43220.0,53470.0,87890.0,109360.0
25-3011,"Adult Basic Education, Adult Secondary Education, and English as a Second Language Instructors",2024,36260.0,59950.0,64660.0,39750.0,47950.0,76580.0,95750.0
25-3021,Self-Enrichment Teachers,2024,308520.0,45590.0,53330.0,28980.0,35410.0,62180.0,90780.0
25-3031,"Substitute Teachers, Short-Term",2024,481300.0,38470.0,44930.0,26240.0,31310.0,51930.0,63460.0
25-3041,Tutors,2024,174660.0,40090.0,47780.0,28430.0,33410.0,55380.0,78810.0
25-3099,"Teachers and Instructors, All Other",2024,125010.0,64690.0,71610.0,33280.0,46700.0,93180.0,116690.0
25-4011,Archivists,2024,7050.0,61570.0,67620.0,39330.0,47890.0,79850.0,104780.0
25-4012,Curators,2024,12280.0,61770.0,70060.0,37110.0,47270.0,81350.0,105520.0
25-4013,Museum Technicians and Conservators,2024,13070.0,47460.0,53630.0,30720.0,37460.0,62990.0,82790.0
25-4022,Librarians and Media Collections Specialists,2024,131830.0,64320.0,69180.0,38920.0,50920.0,80640.0,100880.0
25-4031,Library Technicians,2024,73770.0,39970.0,43050.0,27890.0,33510.0,49740.0,60960.0
25-9021,Farm and Home Management Educators,2024,10260.0,58120.0,60470.0,36780.0,46010.0,69110.0,85230.0
25-9031,Instructional Coordinators,2024,210850.0,74720.0,77600.0,46560.0,59120.0,94780.0,115410.0
25-9044,"Teaching Assistants, Postsecondary",2024,155010.0,44930.0,47560.0,28020.0,32640.0,60410.0,73560.0
25-9045,"Teaching Assistants, Except Postsecondary",2024,1375300.0,35240.0,35960.0,23710.0,29120.0,40400.0,48140.0
25-9099,"Educational Instruction and Library Workers, All Other",2024,114640.0,48400.0,55700.0,24160.0,33280.0,68800.0,95310.0
27-1011,Art Directors,2024,50370.0,111040.0,128100.0,61060.0,80130.0,160460.0,211410.0
27-1012,Craft Artists,2024,4370.0,38480.0,45340.0,22620.0,31350.0,52070.0,65850.0
27-1013,"Fine Artists, Including Painters, Sculptors, and Illustrators",2024,10000.0,60560.0,76450.0,26420.0,39740.0,89630.0,140660.0
27-1014,Special Effects Artists and Animators,2024,21280.0,99800.0,110110.0,57220.0,73030.0,135600.0,174630.0
27-1019,"Artists and Related Workers, All Other",2024,7370.0,72760.0,79490.0,33720.0,44760.0,112420.0,133180.0
27-1021,Commercial and Industrial Designers,2024,30250.0,79450.0,88000.0,49390.0,62040.0,103170.0,134840.0
27-1022,Fashion Designers,2024,20910.0,80690.0,122430.0,35970.0,53730.0,107990.0,169620.0
27-1023,Floral Designers,2024,40160.0,36120.0,37700.0,27260.0,30200.0,43420.0,48690.0
27-1024,Graphic Designers,2024,214260.0,61300.0,68610.0,37600.0,47200.0,79000.0,103030.0
27-1025,Interior Designers,2024,69580.0,63490.0,71430.0,38480.0,49770.0,80830.0,106090.0
27-1026,Merchandise Displayers and Window Trimmers,2024,192480.0,37350.0,40540.0,30050.0,33580.0,44750.0,53800.0
27-1027,Set and Exhibit Designers,2024,10850.0,66280.0,78450.0,35990.0,48920.0,100020.0,129420.0
27-1029,"Designers, All Other",2024,9680.0,66220.0,78000.0,36530.0,46850.0,95330.0,131950.0
27-2011,Actors,2024,38800.0,,,,,,
27-2012,Producers and Directors,2024,145270.0,83480.0,114280.0,43060.0,59810.0,131160.0,198530.0
27-2021,Athletes and Sports Competitors,2024,14370.0,62360.0,259750.0,24960.0,36750.0,130770.0,
27-2022,Coaches and Scouts,2024,250940.0,45920.0,58910.0,27490.0,33960.0,61930.0,93980.0
27-2023,"Umpires, Referees, and Other Sports Officials",2024,15080.0,38820.0,52800.0,25070.0,30920.0,53560.0,93180.0
27-2031,Dancers,2024,9060.0,,,,,,
27-2032,Choreographers,2024,3430.0,55600.0,62020.0,33080.0,39600.0,71190.0,94090.0
27-2041,Music Directors and Composers,2024,12330.0,63670.0,84230.0,34990.0,47330.0,96590.0,157010.0
27-2042,Musicians and Singers,2024,38350.0,,,,,,
27-2091,"Disc Jockeys, Except Radio",2024,8170.0,,,,,,
27-2099,"Entertainers and Performers, Sports and Related Workers, All Other",2024,15040.0,,,,,,
27-3011,Broadcast Announcers and Radio Disc Jockeys,2024,23880.0,45680.0,80110.0,26000.0,33280.0,72080.0,131780.0
27-3023,"News Analysts, Reporters, and Journalists",2024,41550.0,60280.0,106030.0,34590.0,40420.0,97460.0,162430.0
27-3031,Public Relations Specialists,2024,280590.0,69780.0,80310.0,40750.0,51970.0,95940.0,129480.0
27-3041,Editors,2024,95480.0,75260.0,85700.0,36200.0,50210.0,101210.0,140840.0
27-3042,Technical Writers,2024,55530.0,91670.0,92330.0,54400.0,68640.0,102740.0,130430.0
27-3043,Writers and Authors,2024,47800.0,72270.0,85780.0,41080.0,52890.0,98320.0,133680.0
27-3091,Interpreters and Translators,2024,53360.0,59440.0,64950.0,35630.0,45020.0,80020.0,99830.0
27-3092,Court Reporters and Simultaneous Captioners,2024,12630.0,67310.0,74630.0,39100.0,50210.0,92710.0,127020.0
27-3099,"Media and Communication Workers, All Other",2024,23590.0,71770.0,84870.0,38530.0,52690.0,99520.0,148070.0
27-4011,Audio and Video Technicians,2024,70080.0,54830.0,61370.0,35290.0,43860.0,73590.0,98190.0
27-4012,Broadcast Technicians,2024,21080.0,53920.0,64220.0,29190.0,36900.0,80390.0,115400.0
27-4014,Sound Engineering Technicians,2024,13050.0,66430.0,79280.0,36600.0,47680.0,99950.0,134980.0
27-4015,Lighting Technicians,2024,10130.0,60560.0,70000.0,36340.0,47100.0,83340.0,117690.0
27-4021,Photographers,2024,51230.0,42520.0,55650.0,29610.0,34790.0,62370.0,94760.0
27-4031,"Camera Operators, Television, Video, and Film",2024,24460.0,68810.0,79870.0,36240.0,48060.0,102400.0,131420.0
27-4032,Film and Video Editors,2024,28860.0,70980.0,83530.0,39170.0,50230.0,101570.0,145900.0
27-4099,"Media and Communication Equipment Workers, All Other",2024,13020.0,67190.0,78350.0,35670.0,48490.0,102650.0,133650.0
29-1011,Chiropractors,2024,37630.0,79000.0,91830.0,44780.0,59320.0,104000.0,149990.0
29-1021,"Dentists, General",2024,113490.0,172790.0,196100.0,83860.0,126090.0,220380.0,
29-1022,Oral and Maxillofacial Surgeons,2024,5330.0,,360240.0,82960.0,236780.0,,
29-1023,Orthodontists,2024,5150.0,,254620.0,98560.0,137320.0,,
29-1024,Prosthodontists,2024,760.0,,258660.0,97370.0,232000.0,,
29-1029,"Dentists, All Other Specialists",2024,5900.0,225770.0,246530.0,75360.0,172780.0,,
29-1031,Dietitians and Nutritionists,2024,76570.0,73850.0,74770.0,48830.0,61260.0,85200.0,101760.0
29-1041,Optometrists,2024,41890.0,134830.0,140940.0,70060.0,103310.0,163710.0,203210.0
29-1051,Pharmacists,2024,328870.0,137480.0,137210.0,86930.0,127250.0,158620.0,172040.0
29-1071,Physician Assistants,2024,155540.0,133260.0,136900.0,95240.0,113770.0,160160.0,182200.0
29-1081,Podiatrists,2024,9520.0,152800.0,163960.0,57500.0,91130.0,217960.0,
29-1122,Occupational Therapists,2024,152280.0,98340.0,98240.0,67090.0,80490.0,110460.0,129830.0
29-1123,Physical Therapists,2024,248630.0,101020.0,102400.0,74420.0,83470.0,117190.0,132500.0
29-1124,Radiation Therapists,2024,18700.0,101990.0,110820.0,77860.0,86520.0,120360.0,141550.0
29-1125,Recreational Therapists,2024,15060.0,60280.0,65350.0,39520.0,48230.0,77680.0,96600.0
29-1126,Respiratory Therapists,2024,136420.0,80450.0,84260.0,61900.0,68410.0,95530.0,108820.0
29-1127,Speech-Language Pathologists,2024,178790.0,95410.0,95840.0,60480.0,75310.0,112510.0,132850.0
29-1128,Exercise Physiologists,2024,8110.0,58160.0,59620.0,40930.0,48650.0,65430.0,79830.0
29-1129,"Therapists, All Other",2024,19320.0,65010.0,73800.0,38840.0,49510.0,85010.0,120050.0
29-1131,Veterinarians,2024,80630.0,125510.0,140270.0,70350.0,98420.0,161610.0,212890.0
29-1141,Registered Nurses,2024,3282010.0,93600.0,98430.0,66030.0,78610.0,107960.0,135320.0
29-1151,Nurse Anesthetists,2024,50350.0,223210.0,231700.0,137230.0,187110.0,,
29-1161,Nurse Midwives,2024,8280.0,128790.0,128110.0,74670.0,104260.0,146520.0,177040.0
29-1171,Nurse Practitioners,2024,307390.0,129210.0,132000.0,97960.0,109940.0,149570.0,169950.0
29-1181,Audiologists,2024,14730.0,92120.0,95320.0,61930.0,76440.0,109330.0,129830.0
29-1211,Anesthesiologists,2024,41890.0,,336640.0,124450.0,186680.0,,
29-1212,Cardiologists,2024,18020.0,,432490.0,119970.0,230100.0,,
29-1213,Dermatologists,2024,10080.0,,347810.0,118540.0,172510.0,,
29-1214,Emergency Medicine Physicians,2024,33680.0,,320700.0,114680.0,181070.0,,
29-1215,Family Medicine Physicians,2024,107950.0,238380.0,256830.0,81330.0,167580.0,,
29-1216,General Internal Medicine Physicians,2024,66640.0,236350.0,262710.0,70100.0,135240.0,,
29-1217,Neurologists,2024,7700.0,,286310.0,83500.0,140970.0,,
29-1218,Obstetricians and Gynecologists,2024,19900.0,,281130.0,94750.0,188130.0,,
29-1221,"Pediatricians, General",2024,42960.0,210130.0,222340.0,96240.0,159510.0,,
29-1222,"Physicians, Pathologists",2024,11800.0,,266020.0,83930.0,165940.0,,
29-1223,Psychiatrists,2024,24800.0,,269120.0,77360.0,141290.0,,
29-1224,Radiologists,2024,26290.0,,359820.0,82810.0,204330.0,,
29-1229,"Physicians, All Other",2024,315360.0,,253470.0,66860.0,95080.0,,
29-1241,"Ophthalmologists, Except Pediatric",2024,12110.0,,301500.0,104240.0,181490.0,,
29-1242,"Orthopedic Surgeons, Except Pediatric",2024,14160.0,,365060.0,83390.0,209730.0,,
29-1243,Pediatric Surgeons,2024,1050.0,,450810.0,189720.0,,,
29-1249,"Surgeons, All Other",2024,24080.0,,371280.0,77290.0,139070.0,,
29-1291,Acupuncturists,2024,8440.0,78140.0,89750.0,41840.0,54090.0,107120.0,158540.0
29-1292,Dental Hygienists,2024,219070.0,94260.0,93890.0,66470.0,80060.0,102920.0,120060.0
29-1299,"Healthcare Diagnosing or Treating Practitioners, All Other",2024,30870.0,113730.0,128680.0,65210.0,83350.0,161350.0,194000.0
29-2010,Clinical Laboratory Technologists and Technicians,2024,343040.0,61890.0,65320.0,38020.0,46580.0,80010.0,97990.0
29-2031,Cardiovascular Technologists and Technicians,2024,61180.0,67260.0,72890.0,37890.0,46470.0,91430.0,108900.0
29-2032,Diagnostic Medical Sonographers,2024,86460.0,89340.0,92550.0,64760.0,78080.0,103630.0,123170.0
29-2033,Nuclear Medicine Technologists,2024,16960.0,97020.0,99690.0,75570.0,83020.0,108190.0,128090.0
29-2034,Radiologic Technologists and Technicians,2024,223460.0,77660.0,79760.0,52360.0,62910.0,93610.0,106990.0
29-2035,Magnetic Resonance Imaging Technologists,2024,41530.0,88180.0,91020.0,64910.0,78150.0,102440.0,121420.0
29-2036,Medical Dosimetrists,2024,3970.0,138110.0,141420.0,103760.0,125600.0,157840.0,176360.0
29-2042,Emergency Medical Technicians,2024,177980.0,41340.0,44790.0,31410.0,36730.0,48160.0,60780.0
29-2043,Paramedics,2024,99530.0,58410.0,60610.0,40130.0,47920.0,68420.0,82420.0
29-2051,Dietetic Technicians,2024,29950.0,37040.0,39560.0,28280.0,32460.0,44290.0,53440.0
29-2052,Pharmacy Technicians,2024,487920.0,43460.0,44800.0,35100.0,36920.0,48580.0,59450.0
29-2053,Psychiatric Technicians,2024,136300.0,42590.0,45000.0,32980.0,37170.0,48910.0,60150.0
29-2055,Surgical Technologists,2024,113890.0,62830.0,65810.0,43290.0,51740.0,77140.0,90700.0
29-2056,Veterinary Technologists and Technicians,2024,131320.0,45980.0,46280.0,32120.0,37390.0,50960.0,60880.0
29-2057,Ophthalmic Medical Technicians,2024,76520.0,44080.0,45360.0,34210.0,37100.0,49730.0,60810.0
29-2061,Licensed Practical and Licensed Vocational Nurses,2024,632430.0,62340.0,64150.0,47960.0,55220.0,73160.0,80510.0
29-2072,Medical Records Specialists,2024,187910.0,50250.0,55970.0,35780.0,41600.0,64070.0,80950.0
29-2081,"Opticians, Dispensing",2024,79690.0,46560.0,49970.0,34470.0,37900.0,59680.0,73240.0
29-2091,Orthotists and Prosthetists,2024,9930.0,78310.0,81330.0,46220.0,59990.0,98880.0,118730.0
29-2092,Hearing Aid Specialists,2024,10580.0,61560.0,63930.0,36950.0,47150.0,78110.0,91000.0
29-2099,"Health Technologists and Technicians, All Other",2024,174060.0,48790.0,56370.0,37290.0,40740.0,62280.0,81290.0
29-9021,Health Information Technologists and Medical Registrars,2024,37620.0,67310.0,73410.0,39120.0,48400.0,92410.0,112130.0
29-9091,Athletic Trainers,2024,28950.0,60250.0,63960.0,45380.0,51590.0,70880.0,84100.0
29-9092,Genetic Counselors,2024,3510.0,98910.0,102890.0,78680.0,87060.0,113220.0,137780.0
29-9093,Surgical Assistants,2024,22860.0,60290.0,67190.0,39540.0,49140.0,80860.0,102390.0
29-9099,"Healthcare Practitioners and Technical Workers, All Other",2024,36970.0,64030.0,73200.0,37220.0,45250.0,91000.0,127340.0
31-1120,Home Health and Personal Care Aides,2024,3988140.0,34900.0,34990.0,25600.0,30370.0,37980.0,44190.0
31-1131,Nursing Assistants,2024,1388430.0,39530.0,41270.0,31390.0,36260.0,46070.0,50140.0
31-1132,Orderlies,2024,53020.0,37700.0,40070.0,31610.0,34850.0,43160.0,49570.0
31-1133,Psychiatric Aides,2024,34900.0,41590.0,43610.0,30920.0,35930.0,48770.0,58530.0
31-2011,Occupational Therapy Assistants,2024,47910.0,68340.0,68540.0,49070.0,59950.0,77340.0,86930.0
31-2012,Occupational Therapy Aides,2024,5000.0,37370.0,41850.0,27970.0,34840.0,44190.0,65580.0
31-2021,Physical Therapist Assistants,2024,108010.0,65510.0,67160.0,46020.0,58240.0,77270.0,87630.0
31-2022,Physical Therapist Aides,2024,44010.0,34520.0,35510.0,24960.0,29710.0,38240.0,46930.0
31-9011,Massage Therapists,2024,96040.0,57950.0,63430.0,33280.0,44870.0,77170.0,97450.0
31-9091,Dental Assistants,2024,375430.0,47300.0,48860.0,36190.0,39520.0,56910.0,61780.0
31-9092,Medical Assistants,2024,793460.0,44200.0,44720.0,35020.0,37610.0,48160.0,57830.0
31-9093,Medical Equipment Preparers,2024,72760.0,46490.0,48990.0,35400.0,38910.0,56160.0,67070.0
31-9094,Medical Transcriptionists,2024,43070.0,37550.0,39210.0,26370.0,31200.0,45680.0,53890.0
31-9095,Pharmacy Aides,2024,41100.0,37000.0,40290.0,29360.0,34450.0,42570.0,58660.0
31-9096,Veterinary Assistants and Laboratory Animal Caretakers,2024,114190.0,37320.0,38990.0,29160.0,34320.0,44550.0,48150.0
31-9097,Phlebotomists,2024,138880.0,43660.0,44390.0,34860.0,37540.0,48170.0,57750.0
31-9099,"Healthcare Support Workers, All Other",2024,103650.0,46050.0,48760.0,32450.0,37570.0,57650.0,68180.0
33-1011,First-Line Supervisors of Correctional Officers,2024,53390.0,76310.0,82260.0,50340.0,56890.0,102190.0,125170.0
33-1012,First-Line Supervisors of Police and Detectives,2024,153130.0,105980.0,110990.0,62370.0,80940.0,133520.0,165050.0
33-1021,First-Line Supervisors of Firefighting and Prevention Workers,2024,93680.0,92430.0,97030.0,53970.0,72240.0,115990.0,142300.0
33-1091,First-Line Supervisors of Security Workers,2024,70310.0,58610.0,62990.0,37800.0,46070.0,74700.0,93930.0
33-1099,"First-Line Supervisors of Protective Service Workers, All Other",2024,20460.0,74960.0,73320.0,40750.0,51860.0,90600.0,102360.0
33-2011,Firefighters,2024,332240.0,59530.0,63890.0,34490.0,44180.0,77410.0,101330.0
33-2021,Fire Inspectors and Investigators,2024,14050.0,78060.0,87440.0,47580.0,60700.0,105390.0,149870.0
33-2022,Forest Fire Inspectors and Prevention Specialists,2024,2780.0,52380.0,61820.0,33590.0,41000.0,77780.0,100450.0
33-3011,Bailiffs,2024,16910.0,57050.0,62180.0,32950.0,43420.0,77880.0,93950.0
33-3012,Correctional Officers and Jailers,2024,365380.0,57970.0,62760.0,41750.0,47520.0,75330.0,93000.0
33-3021,Detectives and Criminal Investigators,2024,110790.0,93580.0,98770.0,54160.0,68390.0,120080.0,159410.0
33-3031,Fish and Game Wardens,2024,6420.0,68180.0,67990.0,35670.0,53260.0,82100.0,94470.0
33-3041,Parking Enforcement Workers,2024,7770.0,47150.0,51840.0,35410.0,39930.0,61210.0,76030.0
33-3051,Police and Sheriff's Patrol Officers,2024,666990.0,76290.0,79320.0,47640.0,58980.0,97190.0,115280.0
33-3052,Transit and Railroad Police,2024,3000.0,82320.0,91820.0,58370.0,65920.0,114040.0,141870.0
33-9011,Animal Control Workers,2024,11790.0,45830.0,49240.0,32880.0,38160.0,57110.0,69990.0
33-9021,Private Detectives and Investigators,2024,38700.0,52370.0,61680.0,37250.0,41940.0,75310.0,98770.0
33-9031,Gambling Surveillance Officers and Gambling Investigators,2024,10000.0,43900.0,46710.0,34020.0,37410.0,50610.0,62360.0
33-9032,Security Guards,2024,1241770.0,38370.0,42890.0,29800.0,35100.0,46660.0,59580.0
33-9091,Crossing Guards and Flaggers,2024,90180.0,37700.0,42910.0,29940.0,34280.0,46920.0,61440.0
33-9092,"Lifeguards, Ski Patrol, and Other Recreational Protective Service Workers",2024,143590.0,33720.0,34700.0,24860.0,28840.0,37750.0,44600.0
33-9093,Transportation Security Screeners,2024,46340.0,63360.0,61840.0,45010.0,52210.0,69990.0,75940.0
33-9094,School Bus Monitors,2024,72140.0,34980.0,35270.0,27250.0,31200.0,38840.0,43240.0
33-9099,"Protective Service Workers, All Other",2024,83110.0,41600.0,48210.0,30620.0,35540.0,54310.0,72670.0
35-1011,Chefs and Head Cooks,2024,182320.0,60990.0,64720.0,36000.0,47710.0,76790.0,96030.0
35-1012,First-Line Supervisors of Food Preparation and Serving Workers,2024,1187460.0,42010.0,44900.0,29340.0,35400.0,50920.0,63420.0
35-2011,"Cooks, Fast Food",2024,668230.0,30160.0,31140.0,22370.0,26540.0,35710.0,38980.0
35-2012,"Cooks, Institution and Cafeteria",2024,448260.0,36450.0,37310.0,26800.0,30530.0,42860.0,48320.0
35-2013,"Cooks, Private Household",2024,900.0,44530.0,51290.0,38240.0,42800.0,47150.0,92480.0
35-2014,"Cooks, Restaurant",2024,1452130.0,36830.0,37730.0,28010.0,31310.0,43610.0,47340.0
35-2015,"Cooks, Short Order",2024,150420.0,35620.0,35660.0,23770.0,30160.0,39990.0,46010.0
35-2019,"Cooks, All Other",2024,23590.0,36210.0,38000.0,26430.0,31200.0,42230.0,49600.0
35-2021,Food Preparation Workers,2024,888770.0,34220.0,33940.0,23490.0,28740.0,37540.0,44260.0
35-3011,Bartenders,2024,745610.0,33530.0,39880.0,19930.0,25790.0,46790.0,71920.0
35-3023,Fast Food and Counter Workers,2024,3780930.0,30480.0,31350.0,22620.0,27150.0,35440.0,38800.0
35-3031,Waiters and Waitresses,2024,2302690.0,33760.0,38360.0,18500.0,25690.0,45350.0,62510.0
35-3041,"Food Servers, Nonrestaurant",2024,271780.0,34460.0,35030.0,26590.0,29800.0,37550.0,44770.0
35-9011,Dining Room and Cafeteria Attendants and Bartender Helpers,2024,522010.0,32670.0,34190.0,22260.0,27830.0,36880.0,46380.0
35-9021,Dishwashers,2024,471670.0,33670.0,33220.0,23960.0,28740.0,36750.0,41600.0
35-9031,"Hosts and Hostesses, Restaurant, Lounge, and Coffee Shop",2024,427150.0,30380.0,32030.0,22010.0,26630.0,35840.0,42600.0
35-9099,"Food Preparation and Serving Related Workers, All Other",2024,89580.0,34830.0,35990.0,24040.0,29890.0,38860.0,47360.0
37-1011,First-Line Supervisors of Housekeeping and Janitorial Workers,2024,174660.0,47520.0,51170.0,34390.0,38600.0,60330.0,74190.0
37-1012,"First-Line Supervisors of Landscaping, Lawn Service, and Groundskeeping Workers",2024,124130.0,56170.0,59380.0,39270.0,46350.0,70320.0,83080.0
37-2011,"Janitors and Cleaners, Except Maids and Housekeeping Cleaners",2024,2199900.0,35930.0,37460.0,27570.0,30830.0,41650.0,49040.0
37-2012,Maids and Housekeeping Cleaners,2024,854910.0,34660.0,36180.0,26800.0,29630.0,38510.0,47590.0
37-2019,"Building Cleaning Workers, All Other",2024,16370.0,42360.0,44150.0,30640.0,35610.0,48400.0,61640.0
37-2021,Pest Control Workers,2024,96110.0,44730.0,45800.0,32460.0,37060.0,49300.0,61410.0
37-3011,Landscaping and Groundskeeping Workers,2024,943430.0,38090.0,40880.0,29990.0,35250.0,45870.0,53900.0
37-3012,"Pesticide Handlers, Sprayers, and Applicators, Vegetation",2024,25200.0,45200.0,45960.0,34590.0,38040.0,50960.0,58910.0
37-3013,Tree Trimmers and Pruners,2024,47870.0,50430.0,54970.0,37660.0,43690.0,63130.0,78900.0
37-3019,"Grounds Maintenance Workers, All Other",2024,13580.0,43410.0,47180.0,30790.0,37810.0,52830.0,76090.0
39-1013,First-Line Supervisors of Gambling Services Workers,2024,25530.0,61590.0,62600.0,38360.0,49190.0,74080.0,82370.0
39-1014,"First-Line Supervisors of Entertainment and Recreation Workers, Except Gambling Services",2024,92830.0,46900.0,51400.0,32960.0,37960.0,60190.0,76430.0
39-1022,First-Line Supervisors of Personal Service Workers,2024,107060.0,47080.0,50920.0,32150.0,37800.0,59330.0,73800.0
39-2011,Animal Trainers,2024,20110.0,38750.0,45780.0,29120.0,32870.0,48900.0,70800.0
39-2021,Animal Caretakers,2024,277300.0,33470.0,34750.0,24500.0,28870.0,37160.0,46480.0
39-3011,Gambling Dealers,2024,82980.0,33280.0,40420.0,22340.0,24480.0,45430.0,73530.0
39-3012,Gambling and Sports Book Writers and Runners,2024,7600.0,30460.0,32570.0,22200.0,24960.0,36310.0,45900.0
39-3019,"Gambling Service Workers, All Other",2024,14920.0,34530.0,37590.0,22880.0,27570.0,38950.0,56740.0
39-3021,Motion Picture Projectionists,2024,1950.0,38180.0,50290.0,24160.0,29250.0,75380.0,82040.0
39-3031,"Ushers, Lobby Attendants, and Ticket Takers",2024,119210.0,31150.0,31770.0,22880.0,27140.0,35650.0,40210.0
39-3091,Amusement and Recreation Attendants,2024,371590.0,30490.0,31350.0,21940.0,26430.0,35360.0,39940.0
39-3092,Costume Attendants,2024,6290.0,54810.0,65890.0,33610.0,39240.0,83090.0,115240.0
39-3093,"Locker Room, Coatroom, and Dressing Room Attendants",2024,14960.0,34800.0,36490.0,23530.0,29120.0,41530.0,50790.0
39-3099,"Entertainment Attendants and Related Workers, All Other",2024,8060.0,34550.0,36180.0,22700.0,28180.0,40360.0,52860.0
39-4011,Embalmers,2024,3420.0,56280.0,57520.0,35160.0,46160.0,64760.0,78740.0
39-4012,Crematory Operators,2024,2950.0,42880.0,44790.0,31970.0,35890.0,49800.0,60260.0
39-4021,Funeral Attendants,2024,30560.0,34610.0,35900.0,26820.0,29420.0,39230.0,46690.0
39-4031,"Morticians, Undertakers, and Funeral Arrangers",2024,25700.0,49800.0,56340.0,31470.0,38470.0,67140.0,85940.0
39-5011,Barbers,2024,18100.0,38960.0,47800.0,27770.0,32050.0,59180.0,78440.0
39-5012,"Hairdressers, Hairstylists, and Cosmetologists",2024,295460.0,35250.0,43460.0,24580.0,29060.0,48300.0,70220.0
39-5091,"Makeup Artists, Theatrical and Performance",2024,3320.0,50280.0,75410.0,22010.0,28850.0,132530.0,157090.0
39-5092,Manicurists and Pedicurists,2024,147820.0,34660.0,36910.0,27910.0,31510.0,37660.0,47990.0
39-5093,Shampooers,2024,8890.0,31470.0,30830.0,22880.0,27390.0,35610.0,35970.0
39-5094,Skincare Specialists,2024,70240.0,41560.0,48670.0,27160.0,34130.0,55860.0,77330.0
39-6011,Baggage Porters and Bellhops,2024,31220.0,36020.0,36960.0,25480.0,29830.0,40780.0,48490.0
39-6012,Concierges,2024,44200.0,37320.0,40770.0,30770.0,33860.0,45700.0,58050.0
39-7010,Tour and Travel Guides,2024,49010.0,36660.0,43090.0,26890.0,31250.0,45910.0,59930.0
39-9011,Childcare Workers,2024,520180.0,32050.0,33140.0,22900.0,28000.0,36960.0,44560.0
39-9031,Exercise Trainers and Group Fitness Instructors,2024,303620.0,46180.0,51360.0,27580.0,34090.0,60920.0,82050.0
39-9032,Recreation Workers,2024,309640.0,35380.0,37170.0,25640.0,30460.0,41120.0,49460.0
39-9041,Residential Advisors,2024,82810.0,39180.0,41590.0,28490.0,33890.0,47590.0,58350.0
39-9099,"Personal Care and Service Workers, All Other",2024,62390.0,37900.0,37990.0,24980.0,32450.0,39190.0,49300.0
41-1011,First-Line Supervisors of Retail Sales Workers,2024,1113160.0,47320.0,52350.0,31120.0,37580.0,60510.0,76560.0
41-1012,First-Line Supervisors of Non-Retail Sales Workers,2024,219010.0,84130.0,97870.0,48880.0,62730.0,118190.0,162120.0
41-2011,Cashiers,2024,3148030.0,31190.0,31810.0,23070.0,27780.0,35410.0,38220.0
41-2012,Gambling Change Persons and Booth Cashiers,2024,21930.0,34810.0,36820.0,22810.0,28870.0,39350.0,49190.0
41-2021,Counter and Rental Clerks,2024,398620.0,38540.0,43700.0,28580.0,34200.0,48290.0,62030.0
41-2022,Parts Salespersons,2024,265060.0,37440.0,42390.0,27770.0,30630.0,48410.0,61750.0
41-2031,Retail Salespersons,2024,3800250.0,34580.0,37150.0,25600.0,29140.0,37850.0,47930.0
41-3011,Advertising Sales Agents,2024,97470.0,61460.0,76350.0,33480.0,44980.0,91430.0,133540.0
41-3021,Insurance Sales Agents,2024,469480.0,60370.0,81510.0,36390.0,45520.0,91150.0,135660.0
41-3031,"Securities, Commodities, and Financial Services Sales Agents",2024,472300.0,78140.0,110400.0,47080.0,51600.0,129480.0,215210.0
41-3041,Travel Agents,2024,59150.0,48450.0,52690.0,33280.0,38760.0,60880.0,74160.0
41-3091,"Sales Representatives of Services, Except Advertising, Insurance, Financial Services, and Travel",2024,1189330.0,66260.0,81260.0,36930.0,47120.0,98780.0,142040.0
41-4011,"Sales Representatives, Wholesale and Manufacturing, Technical and Scientific Products",2024,293930.0,100070.0,114520.0,48840.0,65640.0,146150.0,194890.0
41-4012,"Sales Representatives, Wholesale and Manufacturing, Except Technical and Scientific Products",2024,1266860.0,66780.0,81470.0,37860.0,49040.0,97570.0,134470.0
41-9011,Demonstrators and Product Promoters,2024,64770.0,37960.0,43730.0,30910.0,33860.0,50100.0,60320.0
41-9012,Models,2024,5350.0,89990.0,81540.0,38010.0,45760.0,89990.0,124380.0
41-9021,Real Estate Brokers,2024,49590.0,72280.0,91660.0,36920.0,48200.0,114220.0,166730.0
41-9022,Real Estate Sales Agents,2024,190600.0,56320.0,70970.0,31940.0,38940.0,85440.0,125140.0
41-9031,Sales Engineers,2024,56690.0,121520.0,130410.0,70580.0,90690.0,159200.0,202670.0
41-9041,Telemarketers,2024,66430.0,34410.0,36340.0,24620.0,29120.0,38640.0,48930.0
41-9091,"Door-to-Door Sales Workers, News and Street Vendors, and Related Workers",2024,4590.0,34530.0,39890.0,23440.0,31200.0,42970.0,55970.0
41-9099,"Sales and Related Workers, All Other",2024,99070.0,46370.0,57030.0,28060.0,35040.0,66240.0,95850.0
43-1011,First-Line Supervisors of Office and Administrative Support Workers,2024,1495580.0,66140.0,71560.0,43920.0,53190.0,82340.0,102980.0
43-2011,"Switchboard Operators, Including Answering Service",2024,35730.0,38370.0,42130.0,29820.0,34250.0,46330.0,60940.0
43-2021,Telephone Operators,2024,3950.0,39130.0,42880.0,31440.0,35860.0,48530.0,57510.0
43-2099,"Communications Equipment Operators, All Other",2024,1390.0,49910.0,55890.0,35980.0,44620.0,64310.0,89110.0
43-3011,Bill and Account Collectors,2024,165020.0,46040.0,48370.0,33960.0,38290.0,54990.0,65830.0
43-3021,Billing and Posting Clerks,2024,417500.0,47170.0,49490.0,35760.0,40260.0,56350.0,64990.0
43-3031,"Bookkeeping, Accounting, and Auditing Clerks",2024,1455770.0,49210.0,52020.0,34600.0,41390.0,60220.0,72660.0
43-3041,Gambling Cage Workers,2024,13490.0,36990.0,38600.0,27940.0,31870.0,43840.0,49350.0
43-3051,Payroll and Timekeeping Clerks,2024,156950.0,55290.0,56870.0,36670.0,45440.0,65750.0,78830.0
43-3061,Procurement Clerks,2024,59900.0,48510.0,50430.0,36810.0,41240.0,57680.0,65890.0
43-3071,Tellers,2024,339340.0,39340.0,40940.0,31270.0,36420.0,45550.0,48270.0
43-3099,"Financial Clerks, All Other",2024,37030.0,52150.0,55330.0,38770.0,46350.0,61190.0,75860.0
43-4011,Brokerage Clerks,2024,40090.0,62940.0,67680.0,47730.0,53880.0,77400.0,91650.0
43-4021,Correspondence Clerks,2024,6260.0,46740.0,46610.0,33530.0,38510.0,52480.0,62200.0
43-4031,"Court, Municipal, and License Clerks",2024,170010.0,47700.0,51200.0,34860.0,39730.0,59590.0,72370.0
43-4041,"Credit Authorizers, Checkers, and Clerks",2024,11960.0,49130.0,51270.0,34590.0,40850.0,59530.0,71730.0
43-4051,Customer Service Representatives,2024,2725930.0,42830.0,45380.0,30690.0,35970.0,50140.0,62730.0
43-4061,"Eligibility Interviewers, Government Programs",2024,156260.0,51500.0,53970.0,37690.0,43850.0,61680.0,72280.0
43-4071,File Clerks,2024,78980.0,41270.0,43700.0,29620.0,35120.0,50020.0,61080.0
43-4081,"Hotel, Motel, and Resort Desk Clerks",2024,261430.0,34270.0,34740.0,26600.0,29210.0,37430.0,44720.0
43-4111,"Interviewers, Except Eligibility and Loan",2024,157310.0,43830.0,45400.0,31980.0,37380.0,50440.0,60960.0
43-4121,"Library Assistants, Clerical",2024,80070.0,36010.0,37910.0,25090.0,30190.0,44200.0,52790.0
43-4131,Loan Interviewers and Clerks,2024,173100.0,48950.0,51050.0,36360.0,42720.0,59520.0,65910.0
43-4141,New Accounts Clerks,2024,38030.0,46610.0,47610.0,36980.0,40050.0,51510.0,60110.0
43-4151,Order Clerks,2024,83420.0,44660.0,46270.0,33530.0,38110.0,51890.0,61680.0
43-4161,"Human Resources Assistants, Except Payroll and Timekeeping",2024,92580.0,49440.0,50950.0,36090.0,42360.0,58560.0,67140.0
43-4171,Receptionists and Information Clerks,2024,964530.0,37230.0,38480.0,28280.0,32660.0,44070.0,48870.0
43-4181,Reservation and Transportation Ticket Agents and Travel Clerks,2024,127440.0,41460.0,47720.0,34550.0,37200.0,54930.0,75050.0
43-4199,"Information and Record Clerks, All Other",2024,143910.0,48360.0,50200.0,34170.0,39610.0,58680.0,68850.0
43-5011,Cargo and Freight Agents,2024,97800.0,49900.0,55420.0,37240.0,43490.0,62230.0,76350.0
43-5021,Couriers and Messengers,2024,71920.0,38340.0,40060.0,29880.0,35130.0,44630.0,50590.0
43-5031,Public Safety Telecommunicators,2024,101140.0,50730.0,54800.0,35640.0,42140.0,62840.0,78110.0
43-5032,"Dispatchers, Except Police, Fire, and Ambulance",2024,211000.0,48880.0,53150.0,34600.0,40240.0,61520.0,76130.0
43-5041,"Meter Readers, Utilities",2024,19620.0,49180.0,55810.0,33980.0,39620.0,68030.0,86480.0
43-5051,Postal Service Clerks,2024,78060.0,61630.0,61070.0,42600.0,55410.0,74050.0,74050.0
43-5052,Postal Service Mail Carriers,2024,336040.0,57490.0,59880.0,42390.0,46030.0,75300.0,76880.0
43-5053,"Postal Service Mail Sorters, Processors, and Processing Machine Operators",2024,111930.0,56530.0,58310.0,42600.0,47380.0,72970.0,74050.0
43-5061,"Production, Planning, and Expediting Clerks",2024,385000.0,57770.0,60420.0,38570.0,46600.0,71480.0,84810.0
43-5071,"Shipping, Receiving, and Inventory Clerks",2024,857630.0,43190.0,44890.0,32900.0,37040.0,49390.0,60300.0
43-5111,"Weighers, Measurers, Checkers, and Samplers, Recordkeeping",2024,49720.0,45650.0,46660.0,34580.0,38650.0,53060.0,60120.0
43-6011,Executive Secretaries and Executive Administrative Assistants,2024,472770.0,74260.0,77060.0,48300.0,60000.0,90440.0,107710.0
43-6012,Legal Secretaries and Administrative Assistants,2024,154540.0,54140.0,60320.0,35530.0,42720.0,72090.0,87660.0
43-6013,Medical Secretaries and Administrative Assistants,2024,830760.0,44640.0,45580.0,35050.0,37880.0,49720.0,60050.0
43-6014,"Secretaries and Administrative Assistants, Except Legal, Medical, and Executive",2024,1737820.0,46290.0,47640.0,31600.0,37770.0,55650.0,64150.0
43-9021,Data Entry Keyers,2024,135280.0,39850.0,42070.0,30100.0,34900.0,47260.0,56930.0
43-9022,Word Processors and Typists,2024,36030.0,47850.0,49730.0,35300.0,39740.0,56000.0,64370.0
43-9031,Desktop Publishers,2024,4000.0,53620.0,60250.0,34650.0,42680.0,71990.0,92880.0
43-9041,Insurance Claims and Policy Processing Clerks,2024,229070.0,48450.0,51980.0,36900.0,41600.0,59500.0,73100.0
43-9051,"Mail Clerks and Mail Machine Operators, Except Postal Service",2024,62730.0,38150.0,40200.0,29460.0,34440.0,44940.0,52150.0
43-9061,"Office Clerks, General",2024,2510550.0,43630.0,45470.0,29120.0,35350.0,52560.0,63840.0
43-9071,"Office Machine Operators, Except Computer",2024,24740.0,39020.0,41620.0,29850.0,34420.0,46680.0,56340.0
43-9081,Proofreaders and Copy Markers,2024,5160.0,49210.0,52730.0,33530.0,38590.0,62380.0,78040.0
43-9111,Statistical Assistants,2024,5900.0,51440.0,55470.0,38050.0,45970.0,63620.0,79410.0
43-9199,"Office and Administrative Support Workers, All Other",2024,195890.0,46040.0,48700.0,30480.0,35390.0,57500.0,71840.0
45-1011,"First-Line Supervisors of Farming, Fishing, and Forestry Workers",2024,29530.0,59330.0,63360.0,39610.0,47660.0,76640.0,90840.0
45-2011,Agricultural Inspectors,2024,12090.0,50990.0,55650.0,37440.0,42740.0,64960.0,80240.0
45-2021,Animal Breeders,2024,1730.0,52000.0,56150.0,37130.0,43310.0,59630.0,89970.0
45-2041,"Graders and Sorters, Agricultural Products",2024,26870.0,35430.0,36080.0,30490.0,33550.0,38010.0,43280.0
45-2091,Agricultural Equipment Operators,2024,30940.0,42580.0,43920.0,31240.0,36640.0,48690.0,57790.0
45-2092,"Farmworkers and Laborers, Crop, Nursery, and Greenhouse",2024,261690.0,35690.0,37850.0,32260.0,34280.0,38950.0,46370.0
45-2093,"Farmworkers, Farm, Ranch, and Aquacultural Animals",2024,35420.0,36150.0,38580.0,27110.0,31220.0,44280.0,51840.0
45-2099,"Agricultural Workers, All Other",2024,4980.0,40390.0,45780.0,27860.0,33870.0,52730.0,76730.0
45-4011,Forest and Conservation Workers,2024,5630.0,43680.0,42830.0,33050.0,36400.0,45200.0,54190.0
45-4021,Fallers,2024,4110.0,53900.0,59120.0,35620.0,43670.0,65040.0,84510.0
45-4022,Logging Equipment Operators,2024,22520.0,49210.0,52020.0,35050.0,43750.0,60640.0,72280.0
45-4023,Log Graders and Scalers,2024,3310.0,46710.0,48130.0,35050.0,38390.0,56200.0,63370.0
45-4029,"Logging Workers, All Other",2024,2160.0,52000.0,53820.0,37260.0,42010.0,62000.0,72070.0
47-1011,First-Line Supervisors of Construction Trades and Extraction Workers,2024,806080.0,78690.0,84500.0,51290.0,62400.0,100200.0,126690.0
47-2011,Boilermakers,2024,10170.0,73340.0,76900.0,48390.0,62230.0,93520.0,107600.0
47-2021,Brickmasons and Blockmasons,2024,53520.0,60800.0,65390.0,41330.0,49430.0,77290.0,95560.0
47-2022,Stonemasons,2024,8750.0,51990.0,57220.0,37420.0,44820.0,64120.0,83200.0
47-2031,Carpenters,2024,697740.0,59310.0,64040.0,38760.0,47550.0,75620.0,98370.0
47-2041,Carpet Installers,2024,14980.0,49850.0,55860.0,32830.0,39140.0,65530.0,83200.0
47-2042,"Floor Layers, Except Carpet, Wood, and Hard Tiles",2024,24850.0,54340.0,60550.0,37190.0,44760.0,72390.0,97180.0
47-2043,Floor Sanders and Finishers,2024,4140.0,49150.0,50880.0,35790.0,41320.0,58230.0,66510.0
47-2044,Tile and Stone Setters,2024,38740.0,52240.0,57590.0,36140.0,44540.0,64980.0,82960.0
47-2051,Cement Masons and Concrete Finishers,2024,205230.0,54660.0,59360.0,38290.0,46020.0,65840.0,87620.0
47-2053,Terrazzo Workers and Finishers,2024,1450.0,57260.0,62330.0,39360.0,46940.0,73490.0,104510.0
47-2061,Construction Laborers,2024,1057660.0,46730.0,51260.0,34200.0,38100.0,58910.0,77530.0
47-2071,"Paving, Surfacing, and Tamping Equipment Operators",2024,45680.0,51650.0,58660.0,38030.0,44740.0,66060.0,90110.0
47-2072,Pile Driver Operators,2024,3040.0,70510.0,79000.0,46690.0,54750.0,103960.0,121990.0
47-2073,Operating Engineers and Other Construction Equipment Operators,2024,469270.0,58710.0,65180.0,40080.0,47780.0,75750.0,100690.0
47-2081,Drywall and Ceiling Tile Installers,2024,82900.0,58140.0,62810.0,37810.0,46880.0,72660.0,101380.0
47-2082,Tapers,2024,12500.0,64700.0,70390.0,43450.0,50780.0,82990.0,106160.0
47-2111,Electricians,2024,742580.0,62350.0,69630.0,39430.0,48820.0,81730.0,106030.0
47-2121,Glaziers,2024,57000.0,55440.0,60260.0,37710.0,45530.0,68300.0,98780.0
47-2131,"Insulation Workers, Floor, Ceiling, and Wall",2024,38610.0,48680.0,53440.0,35950.0,40270.0,60420.0,77160.0
47-2132,"Insulation Workers, Mechanical",2024,25640.0,57250.0,63540.0,39450.0,47480.0,75300.0,94110.0
47-2141,"Painters, Construction and Maintenance",2024,224180.0,48660.0,53710.0,36680.0,42510.0,60270.0,76550.0
47-2142,Paperhangers,2024,1520.0,48260.0,51900.0,35020.0,40930.0,58470.0,69470.0
47-2151,Pipelayers,2024,33580.0,48710.0,54270.0,36840.0,42320.0,60980.0,80710.0
47-2152,"Plumbers, Pipefitters, and Steamfitters",2024,455940.0,62970.0,69940.0,40670.0,48860.0,81900.0,105150.0
47-2161,Plasterers and Stucco Masons,2024,20880.0,56020.0,61000.0,38610.0,46990.0,72210.0,92930.0
47-2171,Reinforcing Iron and Rebar Workers,2024,14140.0,59280.0,62640.0,39470.0,47300.0,74190.0,95530.0
47-2181,Roofers,2024,136740.0,50970.0,57090.0,37060.0,45300.0,64010.0,80780.0
47-2211,Sheet Metal Workers,2024,117470.0,60850.0,66110.0,38030.0,47290.0,79620.0,102680.0
47-2221,Structural Iron and Steel Workers,2024,64720.0,62700.0,69270.0,42000.0,49090.0,82780.0,107520.0
47-2231,Solar Photovoltaic Installers,2024,28280.0,51860.0,57380.0,39070.0,46040.0,63020.0,80150.0
47-3011,"Helpers--Brickmasons, Blockmasons, Stonemasons, and Tile and Marble Setters",2024,15660.0,46480.0,49730.0,35570.0,38600.0,58080.0,68330.0
47-3012,Helpers--Carpenters,2024,24610.0,41600.0,42080.0,31540.0,35870.0,46780.0,52380.0
47-3013,Helpers--Electricians,2024,64440.0,39890.0,42900.0,31200.0,36400.0,47520.0,56770.0
47-3014,"Helpers--Painters, Paperhangers, Plasterers, and Stucco Masons",2024,7220.0,38140.0,40880.0,31360.0,35230.0,45290.0,51720.0
47-3015,"Helpers--Pipelayers, Plumbers, Pipefitters, and Steamfitters",2024,43640.0,39270.0,41720.0,31050.0,35750.0,46550.0,54860.0
47-3016,Helpers--Roofers,2024,5170.0,40590.0,42070.0,27780.0,34800.0,47570.0,55310.0
47-3019,"Helpers, Construction Trades, All Other",2024,25510.0,40760.0,44040.0,31200.0,36400.0,48500.0,59280.0
47-4011,Construction and Building Inspectors,2024,137210.0,72120.0,76430.0,46560.0,57300.0,92330.0,112320.0
47-4021,Elevator and Escalator Installers and Repairers,2024,23340.0,106580.0,104860.0,54720.0,76700.0,131740.0,149250.0
47-4031,Fence Erectors,2024,22640.0,46940.0,50550.0,35090.0,39040.0,57070.0,74660.0
47-4041,Hazardous Materials Removal Workers,2024,50570.0,48490.0,55740.0,37330.0,42710.0,62150.0,82480.0
47-4051,Highway Maintenance Workers,2024,151750.0,49070.0,51410.0,35030.0,41540.0,59600.0,69210.0
47-4061,Rail-Track Laying and Maintenance Equipment Operators,2024,16480.0,67370.0,68270.0,45720.0,51630.0,79330.0,84840.0
47-4071,Septic Tank Servicers and Sewer Pipe Cleaners,2024,29050.0,49140.0,52730.0,36500.0,42700.0,60320.0,73670.0
47-4090,Miscellaneous Construction and Related Workers,2024,33530.0,48120.0,52910.0,35160.0,39990.0,60960.0,77540.0
47-5011,"Derrick Operators, Oil and Gas",2024,11040.0,62740.0,62490.0,42930.0,49440.0,72820.0,84620.0
47-5012,"Rotary Drill Operators, Oil and Gas",2024,13090.0,65010.0,70080.0,42750.0,52600.0,81550.0,98510.0
47-5013,"Service Unit Operators, Oil and Gas",2024,44120.0,57980.0,61530.0,40010.0,47330.0,70510.0,93820.0
47-5022,"Excavating and Loading Machine and Dragline Operators, Surface Mining",2024,34210.0,52550.0,57860.0,39650.0,46290.0,63630.0,80970.0
47-5023,"Earth Drillers, Except Oil and Gas",2024,17410.0,59600.0,63260.0,44450.0,49720.0,73530.0,87760.0
47-5032,"Explosives Workers, Ordnance Handling Experts, and Blasters",2024,5680.0,59110.0,66840.0,45160.0,49860.0,80050.0,104210.0
47-5041,Continuous Mining Machine Operators,2024,14340.0,63380.0,63920.0,41450.0,50850.0,76850.0,84420.0
47-5043,"Roof Bolters, Mining",2024,2230.0,76640.0,74760.0,50880.0,67110.0,80230.0,87420.0
47-5044,"Loading and Moving Machine Operators, Underground Mining",2024,6130.0,68860.0,68470.0,48310.0,59130.0,76820.0,82900.0
47-5049,"Underground Mining Machine Operators, All Other",2024,3480.0,67220.0,67830.0,46930.0,50660.0,80440.0,82750.0
47-5051,"Rock Splitters, Quarry",2024,3080.0,47460.0,50540.0,37240.0,39990.0,58290.0,68380.0
47-5071,"Roustabouts, Oil and Gas",2024,45330.0,47510.0,49060.0,35650.0,38330.0,57170.0,64010.0
47-5081,Helpers--Extraction Workers,2024,6720.0,48400.0,50330.0,35770.0,39980.0,57560.0,68240.0
47-5099,"Extraction Workers, All Other",2024,6070.0,50110.0,54780.0,35720.0,39120.0,65350.0,80780.0
49-1011,"First-Line Supervisors of Mechanics, Installers, and Repairers",2024,600680.0,78300.0,82930.0,48460.0,61240.0,99630.0,124280.0
49-2011,"Computer, Automated Teller, and Office Machine Repairers",2024,73010.0,46860.0,49820.0,35120.0,38290.0,59420.0,69560.0
49-2021,"Radio, Cellular, and Tower Equipment Installers and Repairers",2024,11400.0,64190.0,69180.0,42360.0,50610.0,84770.0,102550.0
49-2022,"Telecommunications Equipment Installers and Repairers, Except Line Installers",2024,153890.0,62630.0,66650.0,42440.0,50580.0,80040.0,94970.0
49-2091,Avionics Technicians,2024,20900.0,81390.0,82350.0,49770.0,65170.0,98990.0,113580.0
49-2092,"Electric Motor, Power Tool, and Related Repairers",2024,16570.0,53990.0,56820.0,36310.0,44480.0,66180.0,79230.0
49-2093,"Electrical and Electronics Installers and Repairers, Transportation Equipment",2024,7310.0,82730.0,80980.0,49490.0,65750.0,95730.0,106110.0
49-2094,"Electrical and Electronics Repairers, Commercial and Industrial Equipment",2024,59990.0,71300.0,72950.0,44980.0,56750.0,85160.0,103060.0
49-2095,"Electrical and Electronics Repairers, Powerhouse, Substation, and Relay",2024,23040.0,100940.0,97460.0,60820.0,79930.0,114740.0,127970.0
49-2096,"Electronic Equipment Installers and Repairers, Motor Vehicles",2024,10140.0,47940.0,50240.0,31680.0,39970.0,58900.0,70480.0
49-2097,Audiovisual Equipment Installers and Repairers,2024,22170.0,50620.0,55740.0,36310.0,43330.0,63250.0,82150.0
49-2098,Security and Fire Alarm Systems Installers,2024,81510.0,59300.0,60040.0,38410.0,47330.0,71340.0,81980.0
49-3011,Aircraft Mechanics and Service Technicians,2024,136390.0,78680.0,80780.0,47790.0,61920.0,95050.0,120080.0
49-3021,Automotive Body and Related Repairers,2024,155220.0,51680.0,58830.0,36390.0,45000.0,64780.0,87040.0
49-3022,Automotive Glass Installers and Repairers,2024,18940.0,47260.0,49580.0,35080.0,39990.0,58160.0,67480.0
49-3023,Automotive Service Technicians and Mechanics,2024,688840.0,49670.0,55260.0,33660.0,38140.0,65660.0,80850.0
49-3031,Bus and Truck Mechanics and Diesel Engine Specialists,2024,287230.0,60640.0,62480.0,41670.0,49240.0,73690.0,85980.0
49-3041,Farm Equipment Mechanics and Service Technicians,2024,36880.0,52080.0,55290.0,36920.0,45660.0,63070.0,76860.0
49-3042,"Mobile Heavy Equipment Mechanics, Except Engines",2024,180270.0,63980.0,67580.0,45450.0,53500.0,78090.0,92360.0
49-3043,Rail Car Repairers,2024,18300.0,65680.0,67610.0,45670.0,51640.0,80150.0,92000.0
49-3051,Motorboat Mechanics and Service Technicians,2024,24250.0,54950.0,56450.0,35950.0,45070.0,65120.0,78820.0
49-3052,Motorcycle Mechanics,2024,14010.0,47200.0,49650.0,31770.0,38270.0,58880.0,70210.0
49-3053,Outdoor Power Equipment and Other Small Engine Mechanics,2024,34240.0,46560.0,48200.0,33600.0,38260.0,56080.0,64540.0
49-3091,Bicycle Repairers,2024,12590.0,40360.0,41550.0,30640.0,35880.0,47560.0,52130.0
49-3092,Recreational Vehicle Service Technicians,2024,18710.0,50540.0,55380.0,35480.0,43370.0,63300.0,76650.0
49-3093,Tire Repairers and Changers,2024,106620.0,37120.0,39140.0,29880.0,33990.0,43810.0,48900.0
49-9011,Mechanical Door Repairers,2024,27970.0,51050.0,54110.0,37160.0,44720.0,61350.0,73160.0
49-9012,"Control and Valve Installers and Repairers, Except Mechanical Door",2024,46920.0,74690.0,75970.0,43840.0,53060.0,97400.0,109050.0
49-9021,"Heating, Air Conditioning, and Refrigeration Mechanics and Installers",2024,396870.0,59810.0,62690.0,39130.0,47850.0,74820.0,91020.0
49-9031,Home Appliance Repairers,2024,31940.0,49410.0,53580.0,33280.0,40280.0,61750.0,77800.0
49-9041,Industrial Machinery Mechanics,2024,421940.0,63760.0,67160.0,45090.0,52710.0,78070.0,92730.0
49-9043,"Maintenance Workers, Machinery",2024,56540.0,60500.0,61820.0,40080.0,48600.0,72260.0,83560.0
49-9044,Millwrights,2024,40660.0,65170.0,68640.0,45100.0,55420.0,80580.0,93740.0
49-9045,"Refractory Materials Repairers, Except Brickmasons",2024,1100.0,58540.0,61480.0,37050.0,48380.0,73940.0,81440.0
49-9051,Electrical Power-Line Installers and Repairers,2024,123680.0,92560.0,90110.0,50020.0,65740.0,107940.0,126610.0
49-9052,Telecommunications Line Installers and Repairers,2024,98360.0,70500.0,72440.0,42940.0,50620.0,95520.0,104840.0
49-9061,Camera and Photographic Equipment Repairers,2024,2010.0,49300.0,53420.0,36020.0,42590.0,62400.0,76550.0
49-9062,Medical Equipment Repairers,2024,60830.0,62630.0,66810.0,39060.0,48100.0,79440.0,99290.0
49-9063,Musical Instrument Repairers and Tuners,2024,5730.0,45320.0,49020.0,30130.0,35820.0,56960.0,73430.0
49-9064,Watch and Clock Repairers,2024,1300.0,60690.0,62450.0,39920.0,46530.0,77340.0,92570.0
49-9069,"Precision Instrument and Equipment Repairers, All Other",2024,9680.0,67080.0,70420.0,44530.0,52090.0,82030.0,100730.0
49-9071,"Maintenance and Repair Workers, General",2024,1531700.0,48620.0,52430.0,33860.0,39050.0,61710.0,76110.0
49-9081,Wind Turbine Service Technicians,2024,11220.0,62580.0,67580.0,49110.0,58910.0,75640.0,88090.0
49-9091,"Coin, Vending, and Amusement Machine Servicers and Repairers",2024,28260.0,47350.0,48530.0,31420.0,38580.0,56290.0,64720.0
49-9092,Commercial Divers,2024,3430.0,61130.0,78110.0,39130.0,49370.0,93840.0,152580.0
49-9094,Locksmiths and Safe Repairers,2024,15550.0,50490.0,55200.0,34750.0,40650.0,64330.0,79340.0
49-9095,Manufactured Building and Mobile Home Installers,2024,2610.0,41080.0,42620.0,30280.0,35290.0,48410.0,57190.0
49-9096,Riggers,2024,24190.0,62060.0,66600.0,38930.0,47940.0,79340.0,100480.0
49-9097,Signal and Track Switch Repairers,2024,8210.0,83600.0,84940.0,57410.0,75680.0,95620.0,104860.0
49-9098,"Helpers--Installation, Maintenance, and Repair Workers",2024,97540.0,38860.0,40750.0,28770.0,33760.0,46600.0,54650.0
49-9099,"Installation, Maintenance, and Repair Workers, All Other",2024,183690.0,48640.0,53270.0,35270.0,40700.0,61090.0,77150.0
51-1011,First-Line Supervisors of Production and Operating Workers,2024,685140.0,71190.0,74540.0,45790.0,56330.0,86770.0,106960.0
51-2011,"Aircraft Structure, Surfaces, Rigging, and Systems Assemblers",2024,32890.0,61680.0,66510.0,46040.0,53180.0,75240.0,94950.0
51-2021,"Coil Winders, Tapers, and Finishers",2024,12170.0,47260.0,48940.0,35180.0,39380.0,57800.0,62790.0
51-2028,"Electrical, Electronic, and Electromechanical Assemblers, Except Coil Winders, Tapers, and Finishers",2024,261140.0,44040.0,45930.0,34110.0,37450.0,49830.0,61080.0
51-2031,Engine and Other Machine Assemblers,2024,38420.0,52540.0,56040.0,37950.0,42790.0,70050.0,74300.0
51-2041,Structural Metal Fabricators and Fitters,2024,53380.0,49900.0,52740.0,37370.0,44290.0,59810.0,70510.0
51-2051,Fiberglass Laminators and Fabricators,2024,18520.0,45760.0,47320.0,35950.0,39230.0,51530.0,61370.0
51-2061,Timing Device Assemblers and Adjusters,2024,230.0,40790.0,42410.0,26240.0,27850.0,58440.0,65580.0
51-2090,Miscellaneous Assemblers and Fabricators,2024,1457800.0,42210.0,44860.0,31650.0,36660.0,49410.0,62030.0
51-3011,Bakers,2024,231890.0,36650.0,37670.0,27560.0,31470.0,42570.0,48260.0
51-3021,Butchers and Meat Cutters,2024,140040.0,38960.0,41300.0,28850.0,34460.0,47200.0,57130.0
51-3022,"Meat, Poultry, and Fish Cutters and Trimmers",2024,141090.0,37700.0,38640.0,29200.0,34050.0,43450.0,48680.0
51-3023,Slaughterers and Meat Packers,2024,67500.0,39790.0,40710.0,31470.0,35940.0,45930.0,49460.0
51-3091,"Food and Tobacco Roasting, Baking, and Drying Machine Operators and Tenders",2024,19500.0,42730.0,44140.0,32390.0,36610.0,48680.0,60070.0
51-3092,Food Batchmakers,2024,171660.0,40790.0,42830.0,30850.0,35340.0,49010.0,57800.0
51-3093,Food Cooking Machine Operators and Tenders,2024,27660.0,40550.0,41930.0,30540.0,35310.0,47420.0,54170.0
51-3099,"Food Processing Workers, All Other",2024,57920.0,38420.0,39260.0,30290.0,35360.0,43020.0,47470.0
51-4021,"Extruding and Drawing Machine Setters, Operators, and Tenders, Metal and Plastic",2024,65700.0,46980.0,48170.0,35390.0,39370.0,54360.0,62470.0
51-4022,"Forging Machine Setters, Operators, and Tenders, Metal and Plastic",2024,8760.0,49240.0,50900.0,35150.0,41350.0,59270.0,69540.0
51-4023,"Rolling Machine Setters, Operators, and Tenders, Metal and Plastic",2024,22350.0,48630.0,50940.0,37090.0,41600.0,57730.0,67500.0
51-4031,"Cutting, Punching, and Press Machine Setters, Operators, and Tenders, Metal and Plastic",2024,174430.0,45590.0,47060.0,35000.0,38400.0,52150.0,62650.0
51-4032,"Drilling and Boring Machine Tool Setters, Operators, and Tenders, Metal and Plastic",2024,5310.0,46630.0,50330.0,35360.0,41100.0,56820.0,65200.0
51-4033,"Grinding, Lapping, Polishing, and Buffing Machine Tool Setters, Operators, and Tenders, Metal and Plastic",2024,70110.0,45190.0,46600.0,34980.0,38420.0,51380.0,61550.0
51-4034,"Lathe and Turning Machine Tool Setters, Operators, and Tenders, Metal and Plastic",2024,18970.0,48620.0,50190.0,36200.0,41180.0,58100.0,65450.0
51-4035,"Milling and Planing Machine Setters, Operators, and Tenders, Metal and Plastic",2024,13810.0,48310.0,52940.0,36810.0,41650.0,61290.0,75000.0
51-4041,Machinists,2024,298790.0,56150.0,57390.0,38100.0,46250.0,64910.0,78760.0
51-4051,Metal-Refining Furnace Operators and Tenders,2024,20330.0,55770.0,57290.0,38760.0,46550.0,65070.0,80280.0
51-4052,"Pourers and Casters, Metal",2024,5830.0,48940.0,51320.0,37250.0,41410.0,59850.0,68030.0
51-4061,"Model Makers, Metal and Plastic",2024,3230.0,62700.0,65840.0,38430.0,48860.0,79470.0,95780.0
51-4062,"Patternmakers, Metal and Plastic",2024,1570.0,54540.0,57930.0,39150.0,47520.0,66590.0,79690.0
51-4071,Foundry Mold and Coremakers,2024,12720.0,45700.0,46910.0,36220.0,39370.0,51360.0,61390.0
51-4072,"Molding, Coremaking, and Casting Machine Setters, Operators, and Tenders, Metal and Plastic",2024,154820.0,41230.0,44130.0,31990.0,36290.0,49100.0,60110.0
51-4081,"Multiple Machine Tool Setters, Operators, and Tenders, Metal and Plastic",2024,129850.0,46060.0,48590.0,34130.0,38320.0,56220.0,72850.0
51-4111,Tool and Die Makers,2024,55130.0,63180.0,65100.0,44200.0,51200.0,77430.0,87660.0
51-4121,"Welders, Cutters, Solderers, and Brazers",2024,424040.0,51000.0,55100.0,38130.0,45580.0,61610.0,75850.0
51-4122,"Welding, Soldering, and Brazing Machine Setters, Operators, and Tenders",2024,36290.0,47060.0,49270.0,35780.0,39480.0,55870.0,66190.0
51-4191,"Heat Treating Equipment Setters, Operators, and Tenders, Metal and Plastic",2024,14590.0,47450.0,49030.0,35260.0,39900.0,56330.0,64290.0
51-4192,"Layout Workers, Metal and Plastic",2024,5610.0,61870.0,65770.0,40430.0,51810.0,76980.0,93230.0
51-4193,"Plating Machine Setters, Operators, and Tenders, Metal and Plastic",2024,31510.0,41600.0,43820.0,31940.0,36620.0,48990.0,58320.0
51-4194,"Tool Grinders, Filers, and Sharpeners",2024,5730.0,48970.0,51790.0,33770.0,39520.0,60210.0,74120.0
51-4199,"Metal Workers and Plastic Workers, All Other",2024,20270.0,42750.0,45850.0,33850.0,36890.0,49930.0,62800.0
51-5111,Prepress Technicians and Workers,2024,23070.0,47300.0,49130.0,34270.0,39000.0,57530.0,65530.0
51-5112,Printing Press Operators,2024,145110.0,45160.0,46620.0,31450.0,36970.0,54340.0,63060.0
51-5113,Print Binding and Finishing Workers,2024,36470.0,39820.0,43040.0,31110.0,36070.0,48240.0,57980.0
51-6011,Laundry and Dry-Cleaning Workers,2024,195360.0,33800.0,33990.0,26270.0,29530.0,36760.0,42370.0
51-6021,"Pressers, Textile, Garment, and Related Materials",2024,26830.0,33880.0,33370.0,24960.0,29060.0,36830.0,41410.0
51-6031,Sewing Machine Operators,2024,109590.0,36000.0,36680.0,26860.0,31200.0,40810.0,47060.0
51-6041,Shoe and Leather Workers and Repairers,2024,7640.0,35950.0,36280.0,25170.0,29400.0,41400.0,48090.0
51-6042,Shoe Machine Operators and Tenders,2024,3270.0,38160.0,37230.0,24160.0,30450.0,43390.0,47860.0
51-6051,"Sewers, Hand",2024,2240.0,33760.0,34810.0,25530.0,29210.0,38180.0,46320.0
51-6052,"Tailors, Dressmakers, and Custom Sewers",2024,16290.0,40860.0,44050.0,27110.0,33480.0,49780.0,62490.0
51-6061,Textile Bleaching and Dyeing Machine Operators and Tenders,2024,5820.0,37320.0,39000.0,28990.0,32350.0,43230.0,47660.0
51-6062,"Textile Cutting Machine Setters, Operators, and Tenders",2024,8960.0,37940.0,38500.0,27230.0,32380.0,43710.0,49080.0
51-6063,"Textile Knitting and Weaving Machine Setters, Operators, and Tenders",2024,14530.0,38260.0,39470.0,29640.0,34530.0,44180.0,48070.0
51-6064,"Textile Winding, Twisting, and Drawing Out Machine Setters, Operators, and Tenders",2024,20600.0,37660.0,38440.0,30380.0,35270.0,40970.0,46940.0
51-6091,"Extruding and Forming Machine Setters, Operators, and Tenders, Synthetic and Glass Fibers",2024,14900.0,44980.0,47420.0,35590.0,38990.0,54690.0,63650.0
51-6092,Fabric and Apparel Patternmakers,2024,2860.0,67670.0,71630.0,34590.0,44110.0,91080.0,112540.0
51-6093,Upholsterers,2024,20990.0,46190.0,46960.0,32190.0,37200.0,51740.0,63600.0
51-6099,"Textile, Apparel, and Furnishings Workers, All Other",2024,14450.0,37010.0,40410.0,30290.0,32850.0,44810.0,53710.0
51-7011,Cabinetmakers and Bench Carpenters,2024,79540.0,46020.0,47460.0,34700.0,38240.0,54010.0,63220.0
51-7021,Furniture Finishers,2024,14230.0,42530.0,44310.0,31200.0,36770.0,49020.0,59820.0
51-7031,"Model Makers, Wood",2024,360.0,51850.0,59780.0,24710.0,40420.0,80380.0,95850.0
51-7032,"Patternmakers, Wood",2024,180.0,52520.0,57920.0,40730.0,45450.0,77410.0,83330.0
51-7041,"Sawing Machine Setters, Operators, and Tenders, Wood",2024,43140.0,39950.0,42390.0,29670.0,35550.0,47770.0,56560.0
51-7042,"Woodworking Machine Setters, Operators, and Tenders, Except Sawing",2024,63350.0,40440.0,42290.0,30920.0,36260.0,47650.0,54340.0
51-7099,"Woodworkers, All Other",2024,6590.0,41220.0,43730.0,30470.0,35890.0,48820.0,60870.0
51-8011,Nuclear Power Reactor Operators,2024,5720.0,122610.0,122830.0,99300.0,107170.0,131520.0,152690.0
51-8012,Power Distributors and Dispatchers,2024,9180.0,107240.0,109620.0,70760.0,91670.0,128690.0,144900.0
51-8013,Power Plant Operators,2024,30720.0,99670.0,95990.0,59930.0,77400.0,111980.0,128760.0
51-8021,Stationary Engineers and Boiler Operators,2024,30780.0,75190.0,79710.0,47310.0,60110.0,96420.0,121200.0
51-8031,Water and Wastewater Treatment Plant and System Operators,2024,126750.0,58260.0,60620.0,37870.0,47020.0,71280.0,86160.0
51-8091,Chemical Plant and System Operators,2024,17840.0,73540.0,76290.0,48000.0,57080.0,98050.0,107790.0
51-8092,Gas Plant Operators,2024,15910.0,83400.0,85470.0,59040.0,73150.0,100000.0,109350.0
51-8093,"Petroleum Pump System Operators, Refinery Operators, and Gaugers",2024,34860.0,97540.0,90970.0,59790.0,77970.0,104660.0,112920.0
51-8099,"Plant and System Operators, All Other",2024,15950.0,61710.0,64490.0,40250.0,47860.0,76910.0,92750.0
51-9011,Chemical Equipment Operators and Tenders,2024,127410.0,57090.0,59800.0,37270.0,45660.0,71400.0,88460.0
51-9012,"Separating, Filtering, Clarifying, Precipitating, and Still Machine Setters, Operators, and Tenders",2024,54200.0,49500.0,53830.0,35810.0,41830.0,61350.0,75860.0
51-9021,"Crushing, Grinding, and Polishing Machine Setters, Operators, and Tenders",2024,28550.0,46890.0,49400.0,35380.0,38990.0,58440.0,65980.0
51-9022,"Grinding and Polishing Workers, Hand",2024,11850.0,41690.0,43550.0,32120.0,36660.0,48410.0,57250.0
51-9023,"Mixing and Blending Machine Setters, Operators, and Tenders",2024,100840.0,47680.0,49990.0,35000.0,39800.0,57940.0,67570.0
51-9031,"Cutters and Trimmers, Hand",2024,7070.0,38800.0,41960.0,29910.0,33860.0,48790.0,57820.0
51-9032,"Cutting and Slicing Machine Setters, Operators, and Tenders",2024,47540.0,45700.0,46420.0,34890.0,38540.0,52000.0,60430.0
51-9041,"Extruding, Forming, Pressing, and Compacting Machine Setters, Operators, and Tenders",2024,57310.0,45130.0,47040.0,34790.0,38410.0,51970.0,64660.0
51-9051,"Furnace, Kiln, Oven, Drier, and Kettle Operators and Tenders",2024,16160.0,47010.0,49250.0,35010.0,39250.0,57840.0,66190.0
51-9061,"Inspectors, Testers, Sorters, Samplers, and Weighers",2024,591180.0,47460.0,51670.0,34590.0,38740.0,59970.0,75510.0
51-9071,Jewelers and Precious Stone and Metal Workers,2024,23420.0,49140.0,55030.0,33890.0,38030.0,63210.0,81610.0
51-9081,Dental Laboratory Technicians,2024,33920.0,48310.0,54060.0,36100.0,39250.0,62320.0,78680.0
51-9082,Medical Appliance Technicians,2024,11490.0,47060.0,51410.0,36560.0,40300.0,58710.0,74570.0
51-9083,Ophthalmic Laboratory Technicians,2024,18740.0,38420.0,41760.0,31250.0,35580.0,45410.0,55480.0
51-9111,Packaging and Filling Machine Operators and Tenders,2024,383860.0,40900.0,43630.0,31890.0,36250.0,48440.0,58910.0
51-9123,"Painting, Coating, and Decorating Workers",2024,8470.0,40860.0,44130.0,28490.0,34540.0,50700.0,62770.0
51-9124,"Coating, Painting, and Spraying Machine Setters, Operators, and Tenders",2024,159500.0,47590.0,51610.0,35480.0,39470.0,58740.0,72800.0
51-9141,Semiconductor Processing Technicians,2024,32150.0,51180.0,59640.0,35980.0,45320.0,74640.0,87190.0
51-9151,Photographic Process Workers and Processing Machine Operators,2024,5550.0,40100.0,46050.0,30840.0,34460.0,51590.0,69290.0
51-9161,Computer Numerically Controlled Tool Operators,2024,176950.0,49970.0,52900.0,37160.0,42710.0,60980.0,71160.0
51-9162,Computer Numerically Controlled Tool Programmers,2024,28230.0,65670.0,69880.0,45760.0,55960.0,80300.0,97930.0
51-9191,Adhesive Bonding Machine Operators and Tenders,2024,12170.0,45210.0,45670.0,31290.0,36420.0,52060.0,60420.0
51-9192,"Cleaning, Washing, and Metal Pickling Equipment Operators and Tenders",2024,13890.0,41460.0,43380.0,32770.0,37140.0,48280.0,56590.0
51-9193,Cooling and Freezing Equipment Operators and Tenders,2024,6590.0,40160.0,44290.0,33710.0,36150.0,49150.0,62760.0
51-9194,Etchers and Engravers,2024,8390.0,40450.0,43280.0,29530.0,35650.0,48510.0,60430.0
51-9195,"Molders, Shapers, and Casters, Except Metal and Plastic",2024,34750.0,45690.0,46730.0,34950.0,38500.0,51340.0,61050.0
51-9196,"Paper Goods Machine Setters, Operators, and Tenders",2024,96950.0,49390.0,51750.0,36610.0,43520.0,59220.0,68640.0
51-9197,Tire Builders,2024,20970.0,55580.0,56230.0,39990.0,48740.0,65410.0,70250.0
51-9198,Helpers--Production Workers,2024,167490.0,38220.0,40080.0,30060.0,34390.0,44980.0,52120.0
51-9199,"Production Workers, All Other",2024,277060.0,38820.0,42940.0,30370.0,35080.0,47550.0,59600.0
53-1041,Aircraft Cargo Handling Supervisors,2024,10160.0,63940.0,66190.0,38010.0,49020.0,79600.0,96300.0
53-1047,"First-Line Supervisors of Transportation and Material Moving Workers, Except Aircraft Cargo Handling Supervisors",2024,605510.0,61890.0,65670.0,41290.0,48750.0,77520.0,94830.0
53-2011,"Airline Pilots, Copilots, and Flight Engineers",2024,99300.0,226600.0,280570.0,98560.0,154360.0,,
53-2012,Commercial Pilots,2024,51830.0,122670.0,142960.0,59330.0,81660.0,175050.0,
53-2021,Air Traffic Controllers,2024,22400.0,144580.0,142740.0,76090.0,101150.0,186510.0,210410.0
53-2022,Airfield Operations Specialists,2024,16640.0,56750.0,67120.0,35200.0,41220.0,78320.0,111030.0
53-2031,Flight Attendants,2024,130110.0,67130.0,78950.0,34030.0,52280.0,98160.0,138040.0
53-3011,"Ambulance Drivers and Attendants, Except Emergency Medical Technicians",2024,12080.0,34330.0,35550.0,25460.0,29580.0,38000.0,46630.0
53-3031,Driver/Sales Workers,2024,417420.0,37130.0,39670.0,21760.0,29120.0,47590.0,59730.0
53-3032,Heavy and Tractor-Trailer Truck Drivers,2024,2070480.0,57440.0,58400.0,38640.0,47230.0,65520.0,78800.0
53-3033,Light Truck Drivers,2024,994410.0,44140.0,47950.0,29580.0,36670.0,52460.0,79630.0
53-3051,"Bus Drivers, School",2024,387920.0,47040.0,46660.0,27680.0,37490.0,56140.0,63810.0
53-3052,"Bus Drivers, Transit and Intercity",2024,148980.0,57440.0,58390.0,38250.0,46050.0,69090.0,82640.0
53-3053,Shuttle Drivers and Chauffeurs,2024,229630.0,36670.0,39070.0,27490.0,31460.0,44510.0,52910.0
53-3054,Taxi Drivers,2024,17510.0,36220.0,39310.0,27280.0,31320.0,40630.0,61920.0
53-3099,"Motor Vehicle Operators, All Other",2024,50330.0,36260.0,40980.0,25690.0,30250.0,47130.0,64940.0
53-4011,Locomotive Engineers,2024,31990.0,77400.0,81540.0,60980.0,73410.0,84230.0,100690.0
53-4013,"Rail Yard Engineers, Dinkey Operators, and Hostlers",2024,3300.0,58030.0,60810.0,44510.0,51770.0,65530.0,79070.0
53-4022,"Railroad Brake, Signal, and Switch Operators and Locomotive Firers",2024,12460.0,65480.0,63170.0,43750.0,51730.0,70130.0,80840.0
53-4031,Railroad Conductors and Yardmasters,2024,42710.0,74080.0,75490.0,53490.0,63480.0,82060.0,103350.0
53-4041,Subway and Streetcar Operators,2024,9200.0,84830.0,75620.0,52260.0,59500.0,87940.0,87940.0
53-4099,"Rail Transportation Workers, All Other",2024,1520.0,49330.0,53500.0,34690.0,40460.0,64710.0,82620.0
53-5011,Sailors and Marine Oilers,2024,31360.0,49610.0,55320.0,33350.0,38450.0,65370.0,81890.0
53-5021,"Captains, Mates, and Pilots of Water Vessels",2024,35390.0,85540.0,97660.0,46260.0,60800.0,124530.0,164230.0
53-5022,Motorboat Operators,2024,2380.0,51880.0,55370.0,31970.0,39860.0,68490.0,82330.0
53-5031,Ship Engineers,2024,8580.0,101320.0,105600.0,56620.0,71720.0,130380.0,162370.0
53-6011,Bridge and Lock Tenders,2024,2720.0,58490.0,56520.0,32690.0,43700.0,69530.0,74400.0
53-6021,Parking Attendants,2024,134650.0,34600.0,34190.0,24960.0,29590.0,37230.0,43840.0
53-6031,Automotive and Watercraft Service Attendants,2024,98270.0,34850.0,35800.0,27870.0,30600.0,38430.0,45240.0
53-6032,Aircraft Service Attendants,2024,27310.0,41540.0,43630.0,34320.0,37320.0,47390.0,55950.0
53-6041,Traffic Technicians,2024,7580.0,58480.0,61310.0,38060.0,46690.0,74480.0,85810.0
53-6051,Transportation Inspectors,2024,23320.0,85750.0,86490.0,40090.0,58650.0,105020.0,137120.0
53-6061,Passenger Attendants,2024,25340.0,37560.0,38480.0,29120.0,32090.0,41180.0,49510.0
53-6099,"Transportation Workers, All Other",2024,10960.0,39630.0,45040.0,27780.0,32630.0,53350.0,65810.0
53-7011,Conveyor Operators and Tenders,2024,26060.0,41230.0,44800.0,34940.0,37500.0,48640.0,60390.0
53-7021,Crane and Tower Operators,2024,42000.0,66370.0,71560.0,41670.0,50970.0,81630.0,102400.0
53-7031,Dredge Operators,2024,1030.0,48430.0,55820.0,42060.0,46120.0,60300.0,75050.0
53-7041,Hoist and Winch Operators,2024,2480.0,52310.0,64070.0,33910.0,39220.0,90200.0,116120.0
53-7051,Industrial Truck and Tractor Operators,2024,805770.0,46390.0,47830.0,36500.0,39780.0,53680.0,61540.0
53-7061,Cleaners of Vehicles and Equipment,2024,373960.0,35270.0,36290.0,26740.0,29790.0,39630.0,47150.0
53-7062,"Laborers and Freight, Stock, and Material Movers, Hand",2024,2982530.0,38940.0,41420.0,30810.0,35410.0,46370.0,53180.0
53-7063,Machine Feeders and Offbearers,2024,46690.0,39700.0,42840.0,31480.0,36020.0,48220.0,57010.0
53-7064,"Packers and Packagers, Hand",2024,601440.0,35580.0,36600.0,27050.0,31470.0,40960.0,46260.0
53-7065,Stockers and Order Fillers,2024,2779530.0,37090.0,38910.0,29850.0,33710.0,43140.0,49200.0
53-7071,Gas Compressor and Gas Pumping Station Operators,2024,5110.0,71510.0,71750.0,43950.0,57520.0,88090.0,98350.0
53-7072,"Pump Operators, Except Wellhead Pumpers",2024,12600.0,60020.0,61950.0,37850.0,47270.0,75160.0,89660.0
53-7073,Wellhead Pumpers,2024,17350.0,70010.0,70070.0,39110.0,54450.0,80720.0,97470.0
53-7081,Refuse and Recyclable Material Collectors,2024,139180.0,48350.0,51210.0,31810.0,38330.0,61010.0,75200.0
53-7121,"Tank Car, Truck, and Ship Loaders",2024,10920.0,58070.0,60010.0,38260.0,47260.0,71230.0,88120.0
53-7199,"Material Moving Workers, All Other",2024,25190.0,41690.0,46650.0,33280.0,35470.0,50850.0,64850.0
11-1011,Chief Executives,2025,204350.0,213990.0,269630.0,75700.0,129540.0,356200.0,507730.0
11-1021,General and Operations Managers,2025,3503020.0,105770.0,134940.0,50090.0,72320.0,167280.0,253390.0
11-2011,Advertising and Promotions Managers,2025,21470.0,133660.0,154280.0,63300.0,91370.0,201050.0,286240.0
11-2021,Marketing Managers,2025,395240.0,166790.0,177770.0,90260.0,123020.0,216410.0,293610.0
11-2022,Sales Managers,2025,637080.0,148270.0,164350.0,73170.0,100360.0,207340.0,290540.0
11-2032,Public Relations Managers,2025,74850.0,146910.0,164760.0,82410.0,106580.0,204520.0,284990.0
11-2033,Fundraising Managers,2025,38810.0,125470.0,140020.0,75130.0,95970.0,169990.0,222350.0
11-3012,Administrative Services Managers,2025,263960.0,114130.0,129870.0,67100.0,86460.0,157420.0,207720.0
11-3013,Facilities Managers,2025,156180.0,106660.0,116890.0,64480.0,82020.0,138870.0,176120.0
11-3021,Computer and Information Systems Managers,2025,670570.0,175140.0,192160.0,107550.0,138060.0,220730.0,297510.0
11-3031,Financial Managers,2025,841710.0,166570.0,186910.0,94310.0,125490.0,219980.0,323270.0
11-3051,Industrial Production Managers,2025,246250.0,126060.0,134170.0,78000.0,98160.0,161880.0,205520.0
11-3061,Purchasing Managers,2025,84320.0,148080.0,156360.0,92490.0,115550.0,182270.0,223280.0
11-3071,"Transportation, Storage, and Distribution Managers",2025,221180.0,107230.0,121600.0,65120.0,82440.0,146770.0,194900.0
11-3111,Compensation and Benefits Managers,2025,22940.0,149230.0,162640.0,89160.0,113170.0,200610.0,256570.0
11-3121,Human Resources Managers,2025,220660.0,149280.0,164230.0,88200.0,111110.0,199290.0,267810.0
11-3131,Training and Development Managers,2025,48050.0,133000.0,148370.0,79550.0,101850.0,176870.0,233600.0
11-9013,"Farmers, Ranchers, and Other Agricultural Managers",2025,6500.0,89900.0,99820.0,54320.0,66300.0,118860.0,160020.0
11-9021,Construction Managers,2025,380360.0,114990.0,124360.0,69690.0,88550.0,151640.0,189440.0
11-9031,"Education and Childcare Administrators, Preschool and Daycare",2025,73660.0,59300.0,64800.0,38580.0,47040.0,75500.0,98240.0
11-9032,"Education Administrators, Kindergarten through Secondary",2025,328330.0,105870.0,116100.0,76280.0,86040.0,134630.0,167770.0
11-9033,"Education Administrators, Postsecondary",2025,180470.0,104590.0,126540.0,64560.0,80870.0,144370.0,215620.0
11-9039,"Education Administrators, All Other",2025,55130.0,95200.0,101900.0,51910.0,68980.0,126590.0,161010.0
11-9041,Architectural and Engineering Managers,2025,220260.0,171270.0,181540.0,120810.0,139360.0,212500.0,262760.0
11-9051,Food Service Managers,2025,238430.0,69390.0,74880.0,45960.0,56870.0,86800.0,107640.0
11-9071,Gambling Managers,2025,5030.0,93220.0,103050.0,55960.0,72570.0,122990.0,164350.0
11-9072,"Entertainment and Recreation Managers, Except Gambling",2025,37980.0,79520.0,89750.0,46270.0,61060.0,104770.0,139110.0
11-9081,Lodging Managers,2025,42620.0,69250.0,78740.0,40070.0,49530.0,94030.0,128880.0
11-9111,Medical and Health Services Managers,2025,597080.0,123860.0,140970.0,73390.0,94700.0,166100.0,224340.0
11-9121,Natural Sciences Managers,2025,108690.0,167220.0,180250.0,79710.0,119430.0,221540.0,316850.0
11-9131,Postmasters and Mail Superintendents,2025,13810.0,96660.0,97360.0,85090.0,90650.0,102960.0,111740.0
11-9141,"Property, Real Estate, and Community Association Managers",2025,311180.0,69990.0,83710.0,41010.0,50720.0,97910.0,139680.0
11-9151,Social and Community Service Managers,2025,209330.0,80390.0,88880.0,53150.0,64290.0,103200.0,132260.0
11-9161,Emergency Management Directors,2025,13500.0,93330.0,102420.0,54210.0,67910.0,126490.0,166430.0
11-9171,Funeral Home Managers,2025,13910.0,78790.0,92840.0,49700.0,61890.0,103940.0,156400.0
11-9179,"Personal Service Managers, All Other",2025,10450.0,69770.0,78190.0,44910.0,54130.0,94440.0,118710.0
11-9199,"Managers, All Other",2025,622190.0,141900.0,153890.0,74300.0,102880.0,186300.0,238270.0
13-1011,"Agents and Business Managers of Artists, Performers, and Athletes",2025,12620.0,82890.0,141580.0,48010.0,63670.0,146430.0,284570.0
13-1020,Buyers and Purchasing Agents,2025,491430.0,77710.0,83770.0,48380.0,60800.0,100820.0,128870.0
13-1031,"Claims Adjusters, Examiners, and Investigators",2025,324230.0,78000.0,80470.0,48850.0,61160.0,98030.0,117040.0
13-1032,"Insurance Appraisers, Auto Damage",2025,11560.0,78240.0,78900.0,58360.0,65050.0,91880.0,101590.0
13-1041,Compliance Officers,2025,417070.0,80730.0,88400.0,48220.0,61280.0,109010.0,133720.0
13-1051,Cost Estimators,2025,224220.0,78740.0,85390.0,48530.0,61150.0,101850.0,130820.0
13-1071,Human Resources Specialists,2025,912430.0,75940.0,81990.0,47180.0,58610.0,99380.0,128720.0
13-1074,Farm Labor Contractors,2025,310.0,58460.0,58470.0,30930.0,35720.0,79590.0,84050.0
13-1075,Labor Relations Specialists,2025,64810.0,95420.0,98720.0,50490.0,71920.0,123420.0,156180.0
13-1081,Logisticians,2025,251040.0,82320.0,89730.0,50890.0,64440.0,106190.0,133160.0
13-1082,Project Management Specialists,2025,1066670.0,102320.0,110740.0,61580.0,78440.0,133100.0,167970.0
13-1111,Management Analysts,2025,898280.0,101860.0,113790.0,60640.0,77950.0,133370.0,171640.0
13-1121,"Meeting, Convention, and Event Planners",2025,142860.0,61160.0,66520.0,36830.0,46970.0,78790.0,101700.0
13-1131,Fundraisers,2025,111040.0,72550.0,77200.0,46630.0,57480.0,92180.0,115820.0
13-1141,"Compensation, Benefits, and Job Analysis Specialists",2025,112380.0,78210.0,84330.0,49480.0,60890.0,100400.0,128920.0
13-1151,Training and Development Specialists,2025,458300.0,69280.0,75550.0,38760.0,50110.0,95050.0,123250.0
13-1161,Market Research Analysts and Marketing Specialists,2025,899580.0,78760.0,89490.0,43390.0,58350.0,108310.0,155480.0
13-1199,"Business Operations Specialists, All Other",2025,1087090.0,83050.0,93970.0,47880.0,62640.0,114010.0,150010.0
13-2011,Accountants and Auditors,2025,1449500.0,83680.0,94750.0,56020.0,67020.0,109810.0,144090.0
13-2020,Property Appraisers and Assessors,2025,57070.0,67960.0,75770.0,40030.0,50970.0,92760.0,122660.0
13-2031,Budget Analysts,2025,47160.0,91640.0,96370.0,62250.0,75320.0,114220.0,136660.0
13-2041,Credit Analysts,2025,64390.0,83510.0,100850.0,56250.0,65210.0,122460.0,169230.0
13-2051,Financial and Investment Analysts,2025,361980.0,102740.0,116800.0,63720.0,79290.0,133340.0,180860.0
13-2052,Personal Financial Advisors,2025,266800.0,105070.0,156670.0,50190.0,72440.0,176790.0,357020.0
13-2053,Insurance Underwriters,2025,105420.0,81370.0,93700.0,55530.0,64620.0,110390.0,145160.0
13-2054,Financial Risk Specialists,2025,63850.0,117330.0,124420.0,64820.0,83980.0,158250.0,196110.0
13-2061,Financial Examiners,2025,67830.0,94160.0,106240.0,56230.0,70660.0,129600.0,174200.0
13-2071,Credit Counselors,2025,27770.0,52230.0,57210.0,38350.0,45720.0,64080.0,80440.0
13-2072,Loan Officers,2025,274330.0,76690.0,87790.0,39430.0,52730.0,104080.0,153180.0
13-2081,"Tax Examiners and Collectors, and Revenue Agents",2025,56610.0,62370.0,70520.0,42000.0,49450.0,83390.0,114550.0
13-2082,Tax Preparers,2025,76480.0,54920.0,60930.0,33760.0,38910.0,76300.0,99270.0
13-2099,"Financial Specialists, All Other",2025,132130.0,81100.0,93810.0,48460.0,61290.0,110410.0,151490.0
15-1211,Computer Systems Analysts,2025,519530.0,105850.0,114610.0,67340.0,82860.0,134110.0,167710.0
15-1212,Information Security Analysts,2025,190650.0,129180.0,132510.0,75090.0,97810.0,163500.0,199850.0
15-1221,Computer and Information Research Scientists,2025,37200.0,140300.0,153930.0,82200.0,103570.0,188700.0,230630.0
15-1231,Computer Network Support Specialists,2025,146190.0,76220.0,81870.0,47120.0,58240.0,98750.0,127780.0
15-1232,Computer User Support Specialists,2025,717190.0,61860.0,67330.0,40980.0,49000.0,79040.0,100540.0
15-1241,Computer Network Architects,2025,179740.0,134050.0,139580.0,79900.0,104620.0,168200.0,202680.0
15-1242,Database Administrators,2025,69990.0,104620.0,110090.0,60230.0,79610.0,135460.0,163320.0
15-1243,Database Architects,2025,67140.0,139500.0,144440.0,86240.0,109370.0,169290.0,204000.0
15-1244,Network and Computer Systems Administrators,2025,314340.0,99130.0,103680.0,62640.0,78010.0,126640.0,155050.0
15-1251,Computer Programmers,2025,92230.0,100390.0,105170.0,57710.0,75850.0,130680.0,160460.0
15-1252,Software Developers,2025,1687890.0,135980.0,148100.0,82460.0,105210.0,171980.0,214670.0
15-1253,Software Quality Assurance Analysts and Testers,2025,186740.0,104300.0,111490.0,61440.0,80310.0,133180.0,167010.0
15-1254,Web Developers,2025,70190.0,92650.0,98770.0,48100.0,64230.0,126230.0,162290.0
15-1255,Web and Digital Interface Designers,2025,113330.0,104000.0,117490.0,53750.0,73290.0,158820.0,201550.0
15-1299,"Computer Occupations, All Other",2025,435370.0,116580.0,122230.0,55940.0,79370.0,157500.0,188470.0
15-2011,Actuaries,2025,26670.0,130000.0,141480.0,78570.0,97680.0,170650.0,215100.0
15-2021,Mathematicians,2025,2030.0,126710.0,129260.0,69240.0,88570.0,157020.0,195190.0
15-2031,Operations Research Analysts,2025,108510.0,88940.0,99730.0,57060.0,68360.0,125990.0,159910.0
15-2041,Statisticians,2025,29030.0,105650.0,115700.0,64000.0,82220.0,141490.0,174050.0
15-2051,Data Scientists,2025,262440.0,120230.0,126800.0,67240.0,85660.0,158880.0,199130.0
15-2099,"Mathematical Science Occupations, All Other",2025,3720.0,81490.0,91550.0,47980.0,60750.0,107180.0,154580.0
17-1011,"Architects, Except Landscape and Naval",2025,106770.0,99280.0,106260.0,62300.0,77960.0,126550.0,161420.0
17-1012,Landscape Architects,2025,19600.0,79870.0,88780.0,54770.0,64170.0,104090.0,130190.0
17-1021,Cartographers and Photogrammetrists,2025,14260.0,81390.0,86690.0,53740.0,65670.0,101960.0,126950.0
17-1022,Surveyors,2025,50830.0,75440.0,80570.0,46880.0,58170.0,98130.0,125590.0
17-2011,Aerospace Engineers,2025,67710.0,134960.0,142060.0,86700.0,106110.0,169690.0,205890.0
17-2021,Agricultural Engineers,2025,1480.0,98590.0,108230.0,68060.0,82260.0,124880.0,166460.0
17-2031,Bioengineers and Biomedical Engineers,2025,23480.0,109370.0,116890.0,71850.0,86980.0,136600.0,168180.0
17-2041,Chemical Engineers,2025,21070.0,125040.0,129980.0,79420.0,97820.0,157190.0,182880.0
17-2051,Civil Engineers,2025,367840.0,100840.0,108670.0,68240.0,79930.0,129680.0,163220.0
17-2061,Computer Hardware Engineers,2025,76660.0,161740.0,162670.0,92940.0,126090.0,202990.0,225330.0
17-2071,Electrical Engineers,2025,198750.0,120630.0,125100.0,76550.0,92830.0,152950.0,184300.0
17-2072,"Electronics Engineers, Except Computer",2025,96900.0,130220.0,137280.0,81840.0,101680.0,167670.0,206960.0
17-2081,Environmental Engineers,2025,38340.0,107110.0,112910.0,69990.0,83570.0,134420.0,162220.0
17-2111,"Health and Safety Engineers, Except Mining Safety Engineers and Inspectors",2025,21450.0,115160.0,119770.0,68420.0,90930.0,142980.0,171250.0
17-2112,Industrial Engineers,2025,365740.0,102440.0,109900.0,74370.0,83600.0,129250.0,159860.0
17-2121,Marine Engineers and Naval Architects,2025,8250.0,112230.0,124180.0,83010.0,99250.0,137690.0,173330.0
17-2131,Materials Engineers,2025,22770.0,112860.0,120250.0,72300.0,88080.0,142720.0,175720.0
17-2141,Mechanical Engineers,2025,296810.0,104110.0,113610.0,73990.0,84130.0,132590.0,164340.0
17-2151,"Mining and Geological Engineers, Including Mining Safety Engineers",2025,6080.0,106220.0,115410.0,67490.0,85280.0,136590.0,169990.0
17-2161,Nuclear Engineers,2025,15280.0,133970.0,140420.0,92960.0,108690.0,163630.0,196290.0
17-2171,Petroleum Engineers,2025,18060.0,144910.0,157150.0,81440.0,106270.0,197920.0,253200.0
17-2199,"Engineers, All Other",2025,154070.0,122930.0,125330.0,66810.0,90970.0,158090.0,189950.0
17-3011,Architectural and Civil Drafters,2025,103700.0,66150.0,70740.0,46260.0,55650.0,80870.0,99710.0
17-3012,Electrical and Electronics Drafters,2025,17920.0,76870.0,81280.0,50040.0,61430.0,96730.0,120290.0
17-3013,Mechanical Drafters,2025,39960.0,71550.0,75060.0,48360.0,58080.0,86120.0,106580.0
17-3019,"Drafters, All Other",2025,14470.0,63520.0,68250.0,43420.0,51650.0,79700.0,99380.0
17-3021,Aerospace Engineering and Operations Technologists and Technicians,2025,11280.0,82890.0,91310.0,59050.0,67680.0,111280.0,125160.0
17-3022,Civil Engineering Technologists and Technicians,2025,68520.0,64950.0,68990.0,44220.0,51490.0,80650.0,98980.0
17-3023,Electrical and Electronic Engineering Technologists and Technicians,2025,95130.0,78190.0,80680.0,49510.0,61610.0,97650.0,115700.0
17-3024,Electro-Mechanical and Mechatronics Technologists and Technicians,2025,15520.0,73900.0,76420.0,47840.0,59780.0,88540.0,109890.0
17-3025,Environmental Engineering Technologists and Technicians,2025,12190.0,59920.0,64870.0,39910.0,48200.0,75960.0,96660.0
17-3026,Industrial Engineering Technologists and Technicians,2025,75570.0,66120.0,70700.0,47300.0,55760.0,80280.0,99150.0
17-3027,Mechanical Engineering Technologists and Technicians,2025,36190.0,74510.0,76380.0,48400.0,59510.0,88110.0,106050.0
17-3028,Calibration Technologists and Technicians,2025,16540.0,67820.0,74170.0,46680.0,56380.0,92080.0,106550.0
17-3029,"Engineering Technologists and Technicians, Except Drafters, All Other",2025,59930.0,78350.0,80960.0,47030.0,60390.0,99310.0,118330.0
17-3031,Surveying and Mapping Technicians,2025,58010.0,54240.0,58000.0,37520.0,45430.0,66700.0,81630.0
19-1011,Animal Scientists,2025,3100.0,68940.0,88350.0,44350.0,49770.0,103300.0,166000.0
19-1012,Food Scientists and Technologists,2025,13060.0,88720.0,95360.0,52920.0,68810.0,116650.0,145280.0
19-1013,Soil and Plant Scientists,2025,15730.0,78850.0,87720.0,48680.0,61660.0,103740.0,138120.0
19-1021,Biochemists and Biophysicists,2025,33830.0,127410.0,129840.0,74290.0,95000.0,163460.0,201110.0
19-1022,Microbiologists,2025,18940.0,87990.0,97600.0,54670.0,67100.0,122350.0,150000.0
19-1023,Zoologists and Wildlife Biologists,2025,18120.0,76780.0,83020.0,49100.0,61180.0,96100.0,126440.0
19-1029,"Biological Scientists, All Other",2025,55850.0,98920.0,106330.0,60430.0,76800.0,127670.0,168010.0
19-1031,Conservation Scientists,2025,25950.0,73010.0,77130.0,47550.0,57700.0,91560.0,110410.0
19-1032,Foresters,2025,10430.0,76400.0,79170.0,50790.0,62710.0,91640.0,109700.0
19-1041,Epidemiologists,2025,12090.0,87220.0,97890.0,61270.0,71090.0,112640.0,138800.0
19-1042,"Medical Scientists, Except Epidemiologists",2025,172340.0,103410.0,116840.0,64800.0,79840.0,139380.0,177780.0
19-1099,"Life Scientists, All Other",2025,7460.0,93750.0,107860.0,58670.0,68990.0,131910.0,186260.0
19-2011,Astronomers,2025,2120.0,128820.0,132920.0,78010.0,99920.0,166000.0,195190.0
19-2012,Physicists,2025,20430.0,172250.0,171180.0,82110.0,111720.0,222760.0,274110.0
19-2021,Atmospheric and Space Scientists,2025,10000.0,99070.0,106110.0,53060.0,73350.0,129960.0,161890.0
19-2031,Chemists,2025,82770.0,91240.0,100450.0,58460.0,69460.0,125550.0,160830.0
19-2032,Materials Scientists,2025,8470.0,117790.0,126180.0,66820.0,89990.0,150550.0,197290.0
19-2041,"Environmental Scientists and Specialists, Including Health",2025,89250.0,82220.0,91680.0,52520.0,64490.0,107970.0,140010.0
19-2042,"Geoscientists, Except Hydrologists and Geographers",2025,23470.0,101920.0,116150.0,59330.0,75110.0,139380.0,200230.0
19-2043,Hydrologists,2025,5850.0,96600.0,103600.0,64020.0,77210.0,122830.0,153130.0
19-2099,"Physical Scientists, All Other",2025,22300.0,122570.0,129230.0,67000.0,86620.0,161890.0,195190.0
19-3011,Economists,2025,17790.0,124720.0,142130.0,67360.0,89330.0,174720.0,238060.0
19-3022,Survey Researchers,2025,8290.0,69460.0,79580.0,39260.0,51270.0,99760.0,130860.0
19-3032,Industrial-Organizational Psychologists,2025,790.0,193950.0,170230.0,79010.0,107310.0,222280.0,247220.0
19-3033,Clinical and Counseling Psychologists,2025,75990.0,100580.0,112750.0,55170.0,73210.0,135200.0,180960.0
19-3034,School Psychologists,2025,63940.0,95990.0,99160.0,63070.0,77470.0,120310.0,142330.0
19-3039,"Psychologists, All Other",2025,18820.0,110840.0,111210.0,54990.0,68850.0,147240.0,168520.0
19-3041,Sociologists,2025,2260.0,106030.0,114920.0,65160.0,82300.0,137420.0,172550.0
19-3051,Urban and Regional Planners,2025,44230.0,89320.0,94750.0,60010.0,72020.0,110030.0,134490.0
19-3091,Anthropologists and Archeologists,2025,8990.0,70770.0,75620.0,49050.0,59400.0,89670.0,108060.0
19-3092,Geographers,2025,1400.0,102040.0,102350.0,66770.0,80290.0,121870.0,136660.0
19-3093,Historians,2025,3450.0,76750.0,81240.0,42730.0,57290.0,99990.0,131810.0
19-3094,Political Scientists,2025,5540.0,142080.0,142510.0,83350.0,114030.0,174180.0,195190.0
19-3099,"Social Scientists and Related Workers, All Other",2025,37100.0,101110.0,107690.0,66120.0,80860.0,129960.0,160300.0
19-4012,Agricultural Technicians,2025,15130.0,49630.0,53840.0,35980.0,40950.0,63630.0,76480.0
19-4013,Food Science Technicians,2025,14600.0,52130.0,56660.0,39820.0,46020.0,63270.0,78820.0
19-4021,Biological Technicians,2025,69620.0,57510.0,61380.0,40330.0,48130.0,71520.0,84940.0
19-4031,Chemical Technicians,2025,57540.0,60390.0,63900.0,41740.0,48530.0,75900.0,92040.0
19-4042,"Environmental Science and Protection Technicians, Including Health",2025,34670.0,55090.0,60800.0,38170.0,45820.0,69910.0,94160.0
19-4043,"Geological Technicians, Except Hydrologic Technicians",2025,6980.0,53350.0,61870.0,35770.0,44850.0,72110.0,99560.0
19-4044,Hydrologic Technicians,2025,2840.0,64790.0,69530.0,44950.0,52040.0,84680.0,100480.0
19-4051,Nuclear Technicians,2025,6470.0,110240.0,108940.0,73150.0,99110.0,123990.0,133600.0
19-4061,Social Science Research Assistants,2025,30640.0,61990.0,66140.0,38090.0,48620.0,77760.0,102070.0
19-4071,Forest and Conservation Technicians,2025,30410.0,54560.0,59060.0,40330.0,47360.0,68600.0,83630.0
19-4092,Forensic Science Technicians,2025,19120.0,72060.0,79200.0,48250.0,57830.0,94520.0,117250.0
19-4099,"Life, Physical, and Social Science Technicians, All Other",2025,73910.0,62280.0,66280.0,39000.0,48030.0,79780.0,102690.0
19-5011,Occupational Health and Safety Specialists,2025,140610.0,90150.0,93860.0,55000.0,69560.0,111690.0,134950.0
19-5012,Occupational Health and Safety Technicians,2025,30590.0,61560.0,68120.0,46280.0,52470.0,78850.0,100160.0
21-1012,"Educational, Guidance, and Career Counselors and Advisors",2025,353310.0,64330.0,71430.0,45020.0,51270.0,82870.0,104770.0
21-1013,Marriage and Family Therapists,2025,66740.0,66940.0,76960.0,44650.0,50070.0,93840.0,123730.0
21-1015,Rehabilitation Counselors,2025,94740.0,46850.0,51820.0,35060.0,38770.0,59260.0,77170.0
21-1018,"Substance Abuse, Behavioral Disorder, and Mental Health Counselors",2025,491930.0,59350.0,64440.0,38940.0,47100.0,76530.0,97590.0
21-1019,"Counselors, All Other",2025,28580.0,50860.0,58210.0,36240.0,43680.0,66520.0,91940.0
21-1021,"Child, Family, and School Social Workers",2025,392550.0,59550.0,64000.0,42280.0,48270.0,76070.0,95530.0
21-1022,Healthcare Social Workers,2025,187630.0,67880.0,71790.0,46220.0,56710.0,82240.0,100360.0
21-1023,Mental Health and Substance Abuse Social Workers,2025,132810.0,60280.0,68030.0,39740.0,47070.0,79730.0,104170.0
21-1029,"Social Workers, All Other",2025,62930.0,71900.0,75910.0,43620.0,51900.0,97040.0,115610.0
21-1091,Health Education Specialists,2025,65690.0,64070.0,73280.0,42990.0,50620.0,87130.0,118200.0
21-1092,Probation Officers and Correctional Treatment Specialists,2025,89390.0,66270.0,73130.0,46840.0,54250.0,84780.0,107790.0
21-1093,Social and Human Service Assistants,2025,437860.0,45930.0,47690.0,34200.0,38150.0,54350.0,63290.0
21-1094,Community Health Workers,2025,61660.0,51850.0,56180.0,38810.0,45640.0,62540.0,77180.0
21-1099,"Community and Social Service Specialists, All Other",2025,107730.0,56730.0,59590.0,37310.0,45920.0,69910.0,84210.0
21-2011,Clergy,2025,57200.0,60810.0,66860.0,37860.0,48260.0,76640.0,98890.0
21-2021,"Directors, Religious Activities and Education",2025,22160.0,52100.0,62100.0,34670.0,44010.0,73730.0,98310.0
21-2099,"Religious Workers, All Other",2025,15760.0,45280.0,53870.0,31200.0,35310.0,60390.0,93900.0
23-1011,Lawyers,2025,754500.0,159670.0,185840.0,78360.0,102990.0,221370.0,351600.0
23-1012,Judicial Law Clerks,2025,13290.0,64920.0,72950.0,46180.0,52870.0,80420.0,113140.0
23-1021,"Administrative Law Judges, Adjudicators, and Hearing Officers",2025,16370.0,117860.0,125990.0,61110.0,81140.0,159680.0,207480.0
23-1022,"Arbitrators, Mediators, and Conciliators",2025,9210.0,75530.0,91010.0,47220.0,57360.0,108000.0,155440.0
23-1023,"Judges, Magistrate Judges, and Magistrates",2025,24030.0,153990.0,143830.0,46950.0,85710.0,194950.0,221710.0
23-2011,Paralegals and Legal Assistants,2025,392880.0,62890.0,69700.0,44740.0,50340.0,80080.0,101500.0
23-2093,"Title Examiners, Abstractors, and Searchers",2025,48580.0,58650.0,62350.0,38170.0,47420.0,74810.0,90830.0
23-2099,"Legal Support Workers, All Other",2025,46760.0,72110.0,89660.0,43800.0,54940.0,109360.0,179960.0
25-1011,"Business Teachers, Postsecondary",2025,82150.0,99080.0,114720.0,47180.0,64150.0,141710.0,209470.0
25-1021,"Computer Science Teachers, Postsecondary",2025,35480.0,96980.0,104420.0,49460.0,66600.0,131320.0,170200.0
25-1022,"Mathematical Science Teachers, Postsecondary",2025,47670.0,79940.0,91550.0,49180.0,61690.0,105000.0,139340.0
25-1031,"Architecture Teachers, Postsecondary",2025,7700.0,96870.0,101250.0,58430.0,74970.0,128510.0,159030.0
25-1032,"Engineering Teachers, Postsecondary",2025,40270.0,109270.0,124520.0,61550.0,81570.0,150860.0,210370.0
25-1041,"Agricultural Sciences Teachers, Postsecondary",2025,8920.0,98700.0,102050.0,50870.0,66410.0,126850.0,163150.0
25-1042,"Biological Science Teachers, Postsecondary",2025,50190.0,84620.0,102840.0,52150.0,64350.0,126770.0,169900.0
25-1043,"Forestry and Conservation Science Teachers, Postsecondary",2025,1520.0,101420.0,102450.0,50100.0,77440.0,126930.0,148920.0
25-1051,"Atmospheric, Earth, Marine, and Space Sciences Teachers, Postsecondary",2025,9900.0,103170.0,116020.0,59700.0,77260.0,135510.0,203190.0
25-1052,"Chemistry Teachers, Postsecondary",2025,19980.0,93250.0,105210.0,57870.0,68530.0,127280.0,172110.0
25-1053,"Environmental Science Teachers, Postsecondary",2025,6690.0,94980.0,103610.0,57780.0,69880.0,126900.0,164190.0
25-1054,"Physics Teachers, Postsecondary",2025,13090.0,100310.0,111460.0,60200.0,74050.0,132650.0,177850.0
25-1061,"Anthropology and Archeology Teachers, Postsecondary",2025,5240.0,99650.0,106880.0,57840.0,75200.0,128750.0,171310.0
25-1062,"Area, Ethnic, and Cultural Studies Teachers, Postsecondary",2025,11300.0,85020.0,98330.0,52070.0,65660.0,110710.0,160420.0
25-1063,"Economics Teachers, Postsecondary",2025,11560.0,123920.0,138850.0,64060.0,86840.0,168770.0,224200.0
25-1064,"Geography Teachers, Postsecondary",2025,3330.0,97590.0,102350.0,52550.0,74690.0,123900.0,165460.0
25-1065,"Political Science Teachers, Postsecondary",2025,16970.0,98070.0,108100.0,56450.0,73260.0,129130.0,174660.0
25-1066,"Psychology Teachers, Postsecondary",2025,41530.0,80340.0,93860.0,49050.0,63400.0,105920.0,153600.0
25-1067,"Sociology Teachers, Postsecondary",2025,11850.0,84290.0,96980.0,49930.0,64990.0,110650.0,160140.0
25-1069,"Social Sciences Teachers, Postsecondary, All Other",2025,16580.0,72990.0,88390.0,40670.0,55910.0,102990.0,164420.0
25-1071,"Health Specialties Teachers, Postsecondary",2025,221270.0,107310.0,147570.0,59270.0,75690.0,210370.0,322020.0
25-1072,"Nursing Instructors and Teachers, Postsecondary",2025,77960.0,80250.0,86410.0,48800.0,63510.0,101090.0,129500.0
25-1081,"Education Teachers, Postsecondary",2025,60830.0,75350.0,79350.0,39530.0,53770.0,97590.0,126860.0
25-1082,"Library Science Teachers, Postsecondary",2025,3630.0,80340.0,88110.0,57200.0,64080.0,100910.0,129120.0
25-1111,"Criminal Justice and Law Enforcement Teachers, Postsecondary",2025,13150.0,76590.0,87550.0,45000.0,60020.0,100870.0,140240.0
25-1112,"Law Teachers, Postsecondary",2025,20060.0,128500.0,144770.0,64250.0,88700.0,176490.0,287900.0
25-1113,"Social Work Teachers, Postsecondary",2025,12610.0,77570.0,83940.0,48200.0,61170.0,100400.0,126790.0
25-1121,"Art, Drama, and Music Teachers, Postsecondary",2025,93560.0,78620.0,94700.0,47570.0,61620.0,103850.0,163350.0
25-1122,"Communications Teachers, Postsecondary",2025,29420.0,78580.0,90010.0,47590.0,61250.0,102450.0,143720.0
25-1123,"English Language and Literature Teachers, Postsecondary",2025,57720.0,78760.0,89580.0,48270.0,60900.0,103130.0,137250.0
25-1124,"Foreign Language and Literature Teachers, Postsecondary",2025,19830.0,79350.0,89990.0,49060.0,62510.0,102730.0,136050.0
25-1125,"History Teachers, Postsecondary",2025,18790.0,83820.0,96580.0,48410.0,63920.0,112090.0,162160.0
25-1126,"Philosophy and Religion Teachers, Postsecondary",2025,20460.0,80260.0,92040.0,49140.0,62600.0,104770.0,139580.0
25-1192,"Family and Consumer Sciences Teachers, Postsecondary",2025,2770.0,75870.0,81940.0,47830.0,57410.0,99320.0,130790.0
25-1193,"Recreation and Fitness Studies Teachers, Postsecondary",2025,12630.0,77270.0,86620.0,44900.0,59990.0,101450.0,134890.0
25-1194,"Career/Technical Education Teachers, Postsecondary",2025,114110.0,63820.0,72060.0,41960.0,50320.0,82360.0,108620.0
25-1199,"Postsecondary Teachers, All Other",2025,149840.0,77640.0,90630.0,44300.0,59290.0,106770.0,160700.0
25-2011,"Preschool Teachers, Except Special Education",2025,478780.0,38140.0,43030.0,28990.0,34530.0,47550.0,61390.0
25-2012,"Kindergarten Teachers, Except Special Education",2025,108870.0,62680.0,69370.0,46990.0,52180.0,79910.0,101830.0
25-2021,"Elementary School Teachers, Except Special Education",2025,1388390.0,63970.0,72650.0,47960.0,57710.0,81450.0,104340.0
25-2022,"Middle School Teachers, Except Special and Career/Technical Education",2025,620090.0,64370.0,72030.0,48080.0,58530.0,80490.0,102540.0
25-2023,"Career/Technical Education Teachers, Middle School",2025,16870.0,65030.0,71590.0,49200.0,58690.0,79990.0,101890.0
25-2031,"Secondary School Teachers, Except Special and Career/Technical Education",2025,1065210.0,72040.0,76320.0,48780.0,59980.0,92570.0,107600.0
25-2032,"Career/Technical Education Teachers, Secondary School",2025,111420.0,66270.0,72680.0,50040.0,60590.0,80060.0,101340.0
25-2051,"Special Education Teachers, Preschool",2025,29510.0,64830.0,76380.0,45620.0,52210.0,91660.0,130040.0
25-2052,"Special Education Teachers, Kindergarten and Elementary School",2025,260870.0,65120.0,72650.0,49350.0,59710.0,80280.0,103010.0
25-2057,"Special Education Teachers, Middle School",2025,95200.0,66810.0,73780.0,49420.0,60000.0,82800.0,102510.0
25-2058,"Special Education Teachers, Secondary School",2025,163930.0,74260.0,77260.0,49800.0,60180.0,93730.0,109100.0
25-2059,"Special Education Teachers, All Other",2025,33930.0,76580.0,79750.0,48440.0,60930.0,99690.0,120080.0
25-3011,"Adult Basic Education, Adult Secondary Education, and English as a Second Language Instructors",2025,37310.0,61540.0,65860.0,41810.0,49100.0,77690.0,98030.0
25-3021,Self-Enrichment Teachers,2025,332110.0,46800.0,54740.0,30050.0,36380.0,63210.0,92840.0
25-3031,"Substitute Teachers, Short-Term",2025,524770.0,41670.0,46420.0,28560.0,34170.0,54890.0,65790.0
25-3041,Tutors,2025,175070.0,43350.0,48050.0,29430.0,35000.0,54860.0,75990.0
25-3099,"Teachers and Instructors, All Other",2025,113790.0,66140.0,73880.0,37010.0,48490.0,95890.0,118020.0
25-4011,Archivists,2025,7970.0,64550.0,70640.0,39970.0,50680.0,83020.0,110550.0
25-4012,Curators,2025,12150.0,63420.0,71560.0,40470.0,48870.0,83080.0,107140.0
25-4013,Museum Technicians and Conservators,2025,12310.0,51440.0,57410.0,33780.0,41050.0,67640.0,87530.0
25-4022,Librarians and Media Collections Specialists,2025,133790.0,68270.0,72840.0,43660.0,56310.0,84480.0,103990.0
25-4031,Library Technicians,2025,68690.0,44580.0,45500.0,29300.0,35740.0,52430.0,63080.0
25-9021,Farm and Home Management Educators,2025,8220.0,60220.0,61060.0,37650.0,46990.0,73130.0,85060.0
25-9031,Instructional Coordinators,2025,227760.0,77440.0,80920.0,47980.0,60780.0,98820.0,121670.0
25-9044,"Teaching Assistants, Postsecondary",2025,164090.0,42910.0,47670.0,28600.0,35270.0,60510.0,76420.0
25-9045,"Teaching Assistants, Except Postsecondary",2025,1420350.0,36780.0,38290.0,27150.0,31060.0,45360.0,50040.0
25-9099,"Educational Instruction and Library Workers, All Other",2025,118590.0,50890.0,59060.0,25180.0,36050.0,73920.0,98740.0
27-1011,Art Directors,2025,53070.0,114850.0,129440.0,64900.0,82480.0,162640.0,213050.0
27-1012,Craft Artists,2025,4580.0,46080.0,49740.0,25960.0,35020.0,58240.0,71990.0
27-1013,"Fine Artists, Including Painters, Sculptors, and Illustrators",2025,11220.0,55490.0,73150.0,31630.0,37560.0,83200.0,144210.0
27-1014,Special Effects Artists and Animators,2025,19970.0,102030.0,112870.0,58600.0,75490.0,139130.0,177110.0
27-1019,"Artists and Related Workers, All Other",2025,6930.0,71240.0,80530.0,36580.0,42010.0,115150.0,136660.0
27-1021,Commercial and Industrial Designers,2025,33490.0,83910.0,93260.0,53460.0,66450.0,109050.0,139770.0
27-1022,Fashion Designers,2025,21450.0,80960.0,91230.0,39490.0,51940.0,106470.0,146870.0
27-1023,Floral Designers,2025,40590.0,37360.0,39520.0,28600.0,32810.0,45700.0,51000.0
27-1024,Graphic Designers,2025,197830.0,62960.0,70560.0,39520.0,49040.0,81830.0,104910.0
27-1025,Interior Designers,2025,71500.0,67190.0,74540.0,41420.0,51840.0,85740.0,114140.0
27-1026,Merchandise Displayers and Window Trimmers,2025,165220.0,39390.0,42830.0,30760.0,35130.0,47220.0,58370.0
27-1027,Set and Exhibit Designers,2025,10630.0,75240.0,83160.0,41750.0,52830.0,104030.0,135410.0
27-1029,"Designers, All Other",2025,9480.0,64950.0,79090.0,43030.0,51020.0,95860.0,129110.0
27-2011,Actors,2025,55000.0,,,,,,
27-2012,Producers and Directors,2025,143120.0,90360.0,113300.0,45780.0,62670.0,134800.0,198540.0
27-2021,Athletes and Sports Competitors,2025,15070.0,66710.0,206180.0,26500.0,36790.0,109880.0,742310.0
27-2022,Coaches and Scouts,2025,248950.0,47320.0,60160.0,28790.0,35330.0,64710.0,98860.0
27-2023,"Umpires, Referees, and Other Sports Officials",2025,15780.0,40710.0,53010.0,26540.0,32260.0,57160.0,82960.0
27-2031,Dancers,2025,8130.0,,,,,,
27-2032,Choreographers,2025,2860.0,55310.0,73100.0,34090.0,41600.0,75710.0,138630.0
27-2041,Music Directors and Composers,2025,12540.0,73710.0,90470.0,39880.0,53110.0,104090.0,165760.0
27-2042,Musicians and Singers,2025,36180.0,,,,,,
27-2091,"Disc Jockeys, Except Radio",2025,7920.0,,,,,,
27-2099,"Entertainers and Performers, Sports and Related Workers, All Other",2025,16550.0,,,,,,
27-3011,Broadcast Announcers and Radio Disc Jockeys,2025,21240.0,47340.0,78720.0,28190.0,35360.0,75480.0,138440.0
27-3023,"News Analysts, Reporters, and Journalists",2025,39250.0,62200.0,102460.0,36240.0,45370.0,98450.0,144140.0
27-3031,Public Relations Specialists,2025,283380.0,74750.0,84120.0,44110.0,56260.0,100370.0,135150.0
27-3041,Editors,2025,91690.0,77920.0,90060.0,41250.0,57300.0,106100.0,153700.0
27-3042,Technical Writers,2025,45500.0,90390.0,96970.0,57440.0,70880.0,115510.0,145270.0
27-3043,Writers and Authors,2025,47940.0,76910.0,86090.0,44310.0,58230.0,101950.0,139870.0
27-3091,Interpreters and Translators,2025,52060.0,60170.0,66360.0,37070.0,46530.0,80830.0,103660.0
27-3092,Court Reporters and Simultaneous Captioners,2025,12870.0,72420.0,78760.0,42130.0,53760.0,100780.0,130560.0
27-3099,"Media and Communication Workers, All Other",2025,19590.0,73620.0,83860.0,39120.0,49790.0,103820.0,134270.0
27-4011,Audio and Video Technicians,2025,70230.0,58100.0,64630.0,37990.0,46390.0,77560.0,100650.0
27-4012,Broadcast Technicians,2025,21110.0,59570.0,67960.0,31390.0,40320.0,83520.0,123670.0
27-4014,Sound Engineering Technicians,2025,13080.0,73130.0,81390.0,37570.0,49910.0,100280.0,137370.0
27-4015,Lighting Technicians,2025,8900.0,68060.0,78380.0,42310.0,52770.0,95640.0,130760.0
27-4021,Photographers,2025,51760.0,44660.0,55410.0,30820.0,36050.0,62740.0,91810.0
27-4031,"Camera Operators, Television, Video, and Film",2025,21550.0,74990.0,83210.0,38520.0,50920.0,106660.0,135180.0
27-4032,Film and Video Editors,2025,25610.0,75420.0,86130.0,40280.0,52720.0,105310.0,148550.0
27-4099,"Media and Communication Equipment Workers, All Other",2025,12450.0,70720.0,81040.0,38870.0,49340.0,106780.0,135470.0
29-1011,Chiropractors,2025,39630.0,79200.0,90520.0,43460.0,60070.0,105050.0,146080.0
29-1021,"Dentists, General",2025,124390.0,170950.0,191350.0,86250.0,125710.0,224040.0,319630.0
29-1022,Oral and Maxillofacial Surgeons,2025,4910.0,352220.0,346490.0,86250.0,204610.0,428710.0,622640.0
29-1023,Orthodontists,2025,6210.0,289140.0,259400.0,99850.0,146580.0,342300.0,416000.0
29-1024,Prosthodontists,2025,870.0,311180.0,268630.0,103510.0,252050.0,333480.0,344750.0
29-1029,"Dentists, All Other Specialists",2025,5230.0,224990.0,247930.0,104120.0,166130.0,280590.0,402700.0
29-1031,Dietitians and Nutritionists,2025,77570.0,76400.0,77130.0,49090.0,63080.0,89340.0,103720.0
29-1041,Optometrists,2025,42790.0,136570.0,141550.0,74870.0,109400.0,165120.0,202180.0
29-1051,Pharmacists,2025,321970.0,140910.0,140920.0,99290.0,129380.0,161840.0,174230.0
29-1071,Physician Assistants,2025,162150.0,135880.0,141280.0,99380.0,120670.0,163980.0,190280.0
29-1081,Podiatrists,2025,9680.0,160300.0,175480.0,66010.0,103730.0,225910.0,309670.0
29-1122,Occupational Therapists,2025,162450.0,100330.0,101280.0,71690.0,82510.0,116670.0,131950.0
29-1123,Physical Therapists,2025,267330.0,102760.0,105280.0,77140.0,86160.0,121160.0,135140.0
29-1124,Radiation Therapists,2025,17070.0,105310.0,114990.0,80560.0,92060.0,126340.0,156710.0
29-1125,Recreational Therapists,2025,14930.0,61960.0,67630.0,40990.0,50240.0,79930.0,100420.0
29-1126,Respiratory Therapists,2025,139790.0,82280.0,87300.0,63660.0,74520.0,98730.0,118050.0
29-1127,Speech-Language Pathologists,2025,183390.0,97870.0,98170.0,62900.0,77730.0,114570.0,134160.0
29-1128,Exercise Physiologists,2025,8560.0,59460.0,60940.0,42760.0,49620.0,67230.0,80560.0
29-1129,"Therapists, All Other",2025,22640.0,77930.0,90420.0,46540.0,58850.0,105760.0,152530.0
29-1131,Veterinarians,2025,83900.0,130100.0,142680.0,73920.0,101460.0,166120.0,215700.0
29-1141,Registered Nurses,2025,3379720.0,97550.0,101420.0,68940.0,80330.0,112350.0,137470.0
29-1151,Nurse Anesthetists,2025,51840.0,236590.0,248320.0,155250.0,206730.0,294350.0,339500.0
29-1161,Nurse Midwives,2025,7920.0,134040.0,136980.0,93620.0,116510.0,157400.0,188320.0
29-1171,Nurse Practitioners,2025,323040.0,132300.0,137300.0,101340.0,117990.0,156700.0,174420.0
29-1181,Audiologists,2025,13660.0,95780.0,97740.0,64610.0,79340.0,111300.0,133120.0
29-1211,Anesthesiologists,2025,38760.0,391490.0,360570.0,101460.0,207000.0,490530.0,557130.0
29-1212,Cardiologists,2025,17290.0,496010.0,454940.0,107190.0,274280.0,610060.0,712130.0
29-1213,Dermatologists,2025,11370.0,328730.0,323530.0,102810.0,139990.0,452450.0,578560.0
29-1214,Emergency Medicine Physicians,2025,32880.0,335550.0,317480.0,103610.0,184830.0,418890.0,495910.0
29-1215,Family Medicine Physicians,2025,107510.0,244180.0,255820.0,76830.0,162420.0,334270.0,428550.0
29-1216,General Internal Medicine Physicians,2025,67150.0,256560.0,267200.0,73570.0,124470.0,374850.0,475430.0
29-1217,Neurologists,2025,10590.0,248560.0,267630.0,83370.0,155990.0,357990.0,450780.0
29-1218,Obstetricians and Gynecologists,2025,21260.0,292910.0,279040.0,94680.0,179810.0,369390.0,437300.0
29-1221,"Pediatricians, General",2025,39390.0,210040.0,212110.0,91470.0,138290.0,273700.0,338500.0
29-1222,"Physicians, Pathologists",2025,11110.0,312400.0,285420.0,92540.0,186300.0,372780.0,449970.0
29-1223,Psychiatrists,2025,27980.0,281870.0,269940.0,84060.0,154150.0,362740.0,446520.0
29-1224,Radiologists,2025,26770.0,420860.0,381530.0,89010.0,216800.0,506010.0,594410.0
29-1229,"Physicians, All Other",2025,342720.0,265930.0,262040.0,69170.0,102930.0,378770.0,452360.0
29-1241,"Ophthalmologists, Except Pediatric",2025,8950.0,300080.0,304650.0,100180.0,173650.0,421530.0,489710.0
29-1242,"Orthopedic Surgeons, Except Pediatric",2025,14100.0,358550.0,373570.0,84170.0,180610.0,530700.0,659290.0
29-1243,Pediatric Surgeons,2025,1190.0,559030.0,502050.0,215410.0,336380.0,583200.0,726660.0
29-1249,"Surgeons, All Other",2025,25140.0,414010.0,373930.0,80320.0,134850.0,511420.0,655320.0
29-1291,Acupuncturists,2025,7830.0,76040.0,87020.0,38830.0,55380.0,102280.0,161470.0
29-1292,Dental Hygienists,2025,222740.0,98100.0,98990.0,74880.0,83570.0,108480.0,126050.0
29-1299,"Healthcare Diagnosing or Treating Practitioners, All Other",2025,28630.0,115210.0,127660.0,65210.0,83780.0,161470.0,195190.0
29-2010,Clinical Laboratory Technologists and Technicians,2025,332940.0,62930.0,67350.0,38910.0,47650.0,81450.0,100990.0
29-2031,Cardiovascular Technologists and Technicians,2025,62960.0,74310.0,76940.0,39000.0,47890.0,98110.0,121350.0
29-2032,Diagnostic Medical Sonographers,2025,90160.0,96590.0,97240.0,67820.0,80430.0,106930.0,129370.0
29-2033,Nuclear Medicine Technologists,2025,17080.0,101370.0,105160.0,78080.0,86720.0,117120.0,134500.0
29-2034,Radiologic Technologists and Technicians,2025,230490.0,80110.0,83840.0,55980.0,64810.0,98750.0,118660.0
29-2035,Magnetic Resonance Imaging Technologists,2025,43390.0,95480.0,96120.0,68890.0,81040.0,106340.0,127670.0
29-2036,Medical Dosimetrists,2025,3410.0,147470.0,148500.0,111670.0,132080.0,167030.0,185450.0
29-2042,Emergency Medical Technicians,2025,180510.0,44470.0,46830.0,34130.0,37960.0,50100.0,62500.0
29-2043,Paramedics,2025,100610.0,60600.0,63360.0,44230.0,49660.0,73470.0,84850.0
29-2051,Dietetic Technicians,2025,31560.0,37640.0,40630.0,29720.0,33880.0,45750.0,54020.0
29-2052,Pharmacy Technicians,2025,471680.0,45750.0,46620.0,36020.0,37850.0,49990.0,61040.0
29-2053,Psychiatric Technicians,2025,156960.0,45130.0,46610.0,35090.0,38430.0,50160.0,60750.0
29-2055,Surgical Technologists,2025,117460.0,64650.0,68710.0,45940.0,54690.0,79750.0,96940.0
29-2056,Veterinary Technologists and Technicians,2025,129140.0,47380.0,49120.0,35710.0,38910.0,57650.0,63180.0
29-2057,Ophthalmic Medical Technicians,2025,71010.0,45570.0,47060.0,35700.0,38170.0,51390.0,61940.0
29-2061,Licensed Practical and Licensed Vocational Nurses,2025,648410.0,64400.0,67050.0,49740.0,59000.0,76030.0,83440.0
29-2072,Medical Records Specialists,2025,194720.0,51140.0,56790.0,37000.0,43490.0,64820.0,81150.0
29-2081,"Opticians, Dispensing",2025,73530.0,47260.0,51770.0,35610.0,38820.0,61700.0,76750.0
29-2091,Orthotists and Prosthetists,2025,9390.0,81110.0,83740.0,46350.0,61290.0,99990.0,119810.0
29-2092,Hearing Aid Specialists,2025,11270.0,65160.0,66370.0,38400.0,48390.0,80010.0,94020.0
29-2099,"Health Technologists and Technicians, All Other",2025,182610.0,50290.0,58710.0,38180.0,44170.0,64340.0,85270.0
29-9021,Health Information Technologists and Medical Registrars,2025,38100.0,68020.0,74970.0,39830.0,48940.0,95630.0,117420.0
29-9091,Athletic Trainers,2025,30500.0,62520.0,66620.0,48180.0,55130.0,74630.0,88760.0
29-9092,Genetic Counselors,2025,3740.0,100040.0,104620.0,78270.0,88900.0,116140.0,138760.0
29-9093,Surgical Assistants,2025,22270.0,66800.0,72710.0,39690.0,50170.0,88010.0,107610.0
29-9099,"Healthcare Practitioners and Technical Workers, All Other",2025,35010.0,65790.0,76720.0,38660.0,47750.0,97000.0,129830.0
31-1120,Home Health and Personal Care Aides,2025,4305810.0,35800.0,36120.0,27040.0,31920.0,39470.0,45040.0
31-1131,Nursing Assistants,2025,1448910.0,42260.0,42700.0,33940.0,37260.0,47220.0,51980.0
31-1132,Orderlies,2025,52440.0,38290.0,40660.0,32240.0,35570.0,44560.0,50600.0
31-1133,Psychiatric Aides,2025,35520.0,44910.0,45690.0,32090.0,37750.0,49950.0,60440.0
31-2011,Occupational Therapy Assistants,2025,51290.0,72300.0,70710.0,51490.0,61710.0,79160.0,89780.0
31-2012,Occupational Therapy Aides,2025,4310.0,39160.0,44110.0,29430.0,35920.0,46780.0,70200.0
31-2021,Physical Therapist Assistants,2025,112430.0,68380.0,68730.0,47750.0,59820.0,78680.0,89510.0
31-2022,Physical Therapist Aides,2025,48150.0,35240.0,36430.0,25360.0,30410.0,38810.0,47780.0
31-9011,Massage Therapists,2025,98790.0,58450.0,63830.0,33640.0,43480.0,78320.0,100200.0
31-9091,Dental Assistants,2025,387790.0,48070.0,50200.0,37130.0,44340.0,58090.0,62250.0
31-9092,Medical Assistants,2025,817870.0,45690.0,46120.0,36050.0,38470.0,49180.0,59310.0
31-9093,Medical Equipment Preparers,2025,77420.0,47700.0,50510.0,36410.0,39800.0,58570.0,69950.0
31-9094,Medical Transcriptionists,2025,41550.0,40410.0,41710.0,28250.0,34150.0,48000.0,55950.0
31-9095,Pharmacy Aides,2025,39530.0,37680.0,40450.0,29820.0,34980.0,43640.0,56010.0
31-9096,Veterinary Assistants and Laboratory Animal Caretakers,2025,126580.0,38150.0,40340.0,30120.0,35660.0,45710.0,49150.0
31-9097,Phlebotomists,2025,143540.0,45230.0,45520.0,35780.0,38190.0,48930.0,58780.0
31-9099,"Healthcare Support Workers, All Other",2025,109740.0,48430.0,50810.0,34770.0,39470.0,59710.0,71470.0
33-1011,First-Line Supervisors of Correctional Officers,2025,53380.0,77970.0,84380.0,52330.0,59890.0,103320.0,127780.0
33-1012,First-Line Supervisors of Police and Detectives,2025,154610.0,106040.0,112190.0,63350.0,81860.0,132620.0,165110.0
33-1021,First-Line Supervisors of Firefighting and Prevention Workers,2025,99140.0,93530.0,96930.0,53430.0,72140.0,119500.0,140010.0
33-1091,First-Line Supervisors of Security Workers,2025,81480.0,55940.0,59900.0,37300.0,45030.0,71950.0,92260.0
33-1099,"First-Line Supervisors of Protective Service Workers, All Other",2025,20690.0,76400.0,74390.0,41110.0,52400.0,92890.0,103420.0
33-2011,Firefighters,2025,345990.0,59280.0,63630.0,34910.0,44490.0,77250.0,101040.0
33-2021,Fire Inspectors and Investigators,2025,13800.0,75920.0,78670.0,46530.0,58690.0,95120.0,118750.0
33-2022,Forest Fire Inspectors and Prevention Specialists,2025,2780.0,56870.0,66640.0,35420.0,43760.0,81500.0,105460.0
33-3011,Bailiffs,2025,17310.0,56600.0,61660.0,32140.0,43720.0,74630.0,96770.0
33-3012,Correctional Officers and Jailers,2025,380500.0,58940.0,63630.0,42760.0,48640.0,75850.0,93220.0
33-3021,Detectives and Criminal Investigators,2025,114430.0,93790.0,99430.0,55390.0,69330.0,120520.0,160540.0
33-3031,Fish and Game Wardens,2025,5770.0,74060.0,74950.0,50990.0,61430.0,89110.0,100980.0
33-3041,Parking Enforcement Workers,2025,9050.0,46730.0,51190.0,35130.0,39870.0,60490.0,75340.0
33-3051,Police and Sheriff's Patrol Officers,2025,670520.0,76210.0,79200.0,47510.0,59290.0,97600.0,115120.0
33-3052,Transit and Railroad Police,2025,4390.0,90230.0,91810.0,57690.0,68990.0,119290.0,125910.0
33-9011,Animal Control Workers,2025,12070.0,45660.0,48440.0,33090.0,37750.0,57060.0,68070.0
33-9021,Private Detectives and Investigators,2025,35580.0,51220.0,60150.0,36740.0,40700.0,73990.0,97630.0
33-9031,Gambling Surveillance Officers and Gambling Investigators,2025,9520.0,43370.0,45630.0,32730.0,36270.0,49210.0,61970.0
33-9032,Security Guards,2025,1283470.0,38020.0,42470.0,30210.0,35210.0,46200.0,58840.0
33-9091,Crossing Guards and Flaggers,2025,94360.0,38100.0,43350.0,30840.0,34430.0,47540.0,61690.0
33-9092,"Lifeguards, Ski Patrol, and Other Recreational Protective Service Workers",2025,157550.0,33580.0,34470.0,25780.0,28880.0,37520.0,43970.0
33-9093,Transportation Security Screeners,2025,50290.0,66770.0,64310.0,44700.0,57050.0,72820.0,78350.0
33-9094,School Bus Monitors,2025,78420.0,35100.0,35150.0,28130.0,31760.0,37760.0,43250.0
33-9099,"Protective Service Workers, All Other",2025,81500.0,42540.0,48070.0,32470.0,35420.0,54910.0,74590.0
35-1011,Chefs and Head Cooks,2025,200040.0,62470.0,66700.0,37900.0,48440.0,78750.0,98560.0
35-1012,First-Line Supervisors of Food Preparation and Serving Workers,2025,1223240.0,44080.0,46180.0,29940.0,35980.0,54570.0,65570.0
35-2011,"Cooks, Fast Food",2025,641070.0,30890.0,32390.0,22580.0,27260.0,37260.0,42910.0
35-2012,"Cooks, Institution and Cafeteria",2025,441050.0,37450.0,38810.0,28480.0,32440.0,44800.0,49670.0
35-2013,"Cooks, Private Household",2025,1100.0,47940.0,53680.0,36090.0,40630.0,55450.0,91130.0
35-2014,"Cooks, Restaurant",2025,1409890.0,37390.0,38730.0,28700.0,34010.0,44620.0,47900.0
35-2015,"Cooks, Short Order",2025,138650.0,35880.0,36120.0,23440.0,30610.0,42450.0,46460.0
35-2019,"Cooks, All Other",2025,19350.0,37690.0,39150.0,27040.0,32150.0,43680.0,51140.0
35-2021,Food Preparation Workers,2025,893600.0,35320.0,35290.0,25810.0,29950.0,38550.0,45340.0
35-3011,Bartenders,2025,756390.0,34340.0,40790.0,20110.0,27400.0,47570.0,73770.0
35-3023,Fast Food and Counter Workers,2025,3854050.0,31200.0,32150.0,22840.0,27700.0,36070.0,42650.0
35-3031,Waiters and Waitresses,2025,2270910.0,35230.0,40060.0,18100.0,27750.0,47110.0,64720.0
35-3041,"Food Servers, Nonrestaurant",2025,293900.0,35360.0,36140.0,28030.0,31190.0,38500.0,46120.0
35-9011,Dining Room and Cafeteria Attendants and Bartender Helpers,2025,542750.0,33980.0,34230.0,21300.0,28330.0,37250.0,46570.0
35-9021,Dishwashers,2025,477450.0,34810.0,34310.0,26200.0,29690.0,37440.0,42860.0
35-9031,"Hosts and Hostesses, Restaurant, Lounge, and Coffee Shop",2025,432690.0,31200.0,32690.0,22340.0,27570.0,36250.0,43990.0
35-9099,"Food Preparation and Serving Related Workers, All Other",2025,84630.0,35840.0,36810.0,25470.0,31200.0,39880.0,47550.0
37-1011,First-Line Supervisors of Housekeeping and Janitorial Workers,2025,178760.0,49100.0,53320.0,35520.0,40100.0,62600.0,76430.0
37-1012,"First-Line Supervisors of Landscaping, Lawn Service, and Groundskeeping Workers",2025,130760.0,58430.0,60960.0,40560.0,47390.0,72590.0,85650.0
37-2011,"Janitors and Cleaners, Except Maids and Housekeeping Cleaners",2025,2209760.0,36840.0,38760.0,28640.0,32240.0,44060.0,50270.0
37-2012,Maids and Housekeeping Cleaners,2025,860670.0,35510.0,37080.0,27640.0,30350.0,39590.0,48570.0
37-2019,"Building Cleaning Workers, All Other",2025,17210.0,44040.0,46420.0,32370.0,37440.0,50410.0,64030.0
37-2021,Pest Control Workers,2025,102620.0,45250.0,46400.0,34680.0,37440.0,49600.0,61890.0
37-3011,Landscaping and Groundskeeping Workers,2025,952640.0,39150.0,42290.0,31150.0,36190.0,46830.0,56730.0
37-3012,"Pesticide Handlers, Sprayers, and Applicators, Vegetation",2025,27050.0,46340.0,47070.0,35570.0,39160.0,51240.0,61420.0
37-3013,Tree Trimmers and Pruners,2025,55160.0,50960.0,55970.0,37940.0,44840.0,63900.0,80310.0
37-3019,"Grounds Maintenance Workers, All Other",2025,13630.0,46860.0,48830.0,31650.0,37520.0,57820.0,74820.0
39-1013,First-Line Supervisors of Gambling Services Workers,2025,26010.0,63820.0,64830.0,41400.0,51340.0,75770.0,84750.0
39-1014,"First-Line Supervisors of Entertainment and Recreation Workers, Except Gambling Services",2025,103190.0,48560.0,53550.0,34760.0,39400.0,62320.0,79060.0
39-1022,First-Line Supervisors of Personal Service Workers,2025,114110.0,48590.0,52360.0,34010.0,39050.0,61100.0,75330.0
39-2011,Animal Trainers,2025,18770.0,39990.0,47020.0,29600.0,33740.0,53580.0,75490.0
39-2021,Animal Caretakers,2025,266910.0,35360.0,37300.0,27250.0,29820.0,40050.0,50060.0
39-3011,Gambling Dealers,2025,83910.0,34320.0,42550.0,24040.0,25810.0,49180.0,77090.0
39-3012,Gambling and Sports Book Writers and Runners,2025,8950.0,34980.0,36450.0,22090.0,28150.0,44840.0,48270.0
39-3019,"Gambling Service Workers, All Other",2025,14140.0,36310.0,41380.0,23160.0,28390.0,46330.0,65470.0
39-3021,Motion Picture Projectionists,2025,1480.0,38270.0,51480.0,23390.0,30040.0,77730.0,88310.0
39-3031,"Ushers, Lobby Attendants, and Ticket Takers",2025,121770.0,32910.0,33080.0,23560.0,28310.0,36940.0,42470.0
39-3091,Amusement and Recreation Attendants,2025,397830.0,32150.0,32640.0,22350.0,27660.0,36590.0,42490.0
39-3092,Costume Attendants,2025,6510.0,50400.0,63440.0,32150.0,38610.0,77680.0,109520.0
39-3093,"Locker Room, Coatroom, and Dressing Room Attendants",2025,15560.0,36300.0,38460.0,26590.0,31200.0,43880.0,54260.0
39-3099,"Entertainment Attendants and Related Workers, All Other",2025,7060.0,32640.0,34980.0,23310.0,26790.0,38740.0,48440.0
39-4011,Embalmers,2025,3890.0,58780.0,58390.0,38310.0,48010.0,66130.0,77570.0
39-4012,Crematory Operators,2025,2970.0,43650.0,45670.0,33270.0,37020.0,50380.0,62460.0
39-4021,Funeral Attendants,2025,31090.0,35680.0,37190.0,28070.0,30380.0,42870.0,48460.0
39-4031,"Morticians, Undertakers, and Funeral Arrangers",2025,25100.0,55010.0,58160.0,33350.0,42430.0,72010.0,88620.0
39-5011,Barbers,2025,15000.0,38210.0,47070.0,28600.0,31570.0,58960.0,76460.0
39-5012,"Hairdressers, Hairstylists, and Cosmetologists",2025,305710.0,35790.0,43960.0,27040.0,30120.0,48830.0,71190.0
39-5091,"Makeup Artists, Theatrical and Performance",2025,2340.0,97150.0,102240.0,23360.0,34530.0,143230.0,167470.0
39-5092,Manicurists and Pedicurists,2025,152770.0,35760.0,38570.0,28920.0,34010.0,41650.0,50140.0
39-5093,Shampooers,2025,8070.0,32600.0,31980.0,23110.0,28550.0,35550.0,38240.0
39-5094,Skincare Specialists,2025,72890.0,45330.0,51850.0,29580.0,36040.0,59700.0,82050.0
39-6011,Baggage Porters and Bellhops,2025,28510.0,37080.0,38570.0,27040.0,31200.0,44130.0,51600.0
39-6012,Concierges,2025,49240.0,38950.0,42510.0,31620.0,35660.0,47350.0,57570.0
39-7010,Tour and Travel Guides,2025,53500.0,38120.0,43720.0,28520.0,32910.0,47700.0,60930.0
39-9011,Childcare Workers,2025,518910.0,34980.0,35030.0,24260.0,29360.0,38570.0,46010.0
39-9031,Exercise Trainers and Group Fitness Instructors,2025,322930.0,47160.0,52420.0,28800.0,35280.0,61730.0,83100.0
39-9032,Recreation Workers,2025,331490.0,36560.0,38520.0,27600.0,31780.0,43470.0,50410.0
39-9041,Residential Advisors,2025,84760.0,42240.0,43990.0,29870.0,35510.0,49920.0,61060.0
39-9099,"Personal Care and Service Workers, All Other",2025,60420.0,41600.0,40120.0,27480.0,34180.0,42710.0,48910.0
41-1011,First-Line Supervisors of Retail Sales Workers,2025,1121800.0,48520.0,53380.0,33120.0,38590.0,62130.0,77080.0
41-1012,First-Line Supervisors of Non-Retail Sales Workers,2025,214390.0,87520.0,99370.0,50320.0,63940.0,122050.0,164070.0
41-2011,Cashiers,2025,3089410.0,32880.0,33180.0,24530.0,28720.0,36330.0,40410.0
41-2012,Gambling Change Persons and Booth Cashiers,2025,21530.0,36220.0,39100.0,24460.0,29630.0,41530.0,60330.0
41-2021,Counter and Rental Clerks,2025,400810.0,41300.0,45700.0,29800.0,35630.0,50190.0,65370.0
41-2022,Parts Salespersons,2025,270070.0,38630.0,43830.0,28240.0,33110.0,49850.0,62890.0
41-2031,Retail Salespersons,2025,3897860.0,35410.0,37310.0,27210.0,29900.0,38670.0,47890.0
41-3011,Advertising Sales Agents,2025,91700.0,64820.0,80670.0,35240.0,47020.0,99990.0,146010.0
41-3021,Insurance Sales Agents,2025,479100.0,62280.0,81480.0,37330.0,46870.0,96950.0,138140.0
41-3031,"Securities, Commodities, and Financial Services Sales Agents",2025,489570.0,78660.0,109150.0,48040.0,56540.0,129950.0,212880.0
41-3041,Travel Agents,2025,55110.0,50160.0,54660.0,34610.0,41950.0,63060.0,76660.0
41-3091,"Sales Representatives of Services, Except Advertising, Insurance, Financial Services, and Travel",2025,1256010.0,69990.0,82430.0,37980.0,47670.0,100480.0,148840.0
41-4011,"Sales Representatives, Wholesale and Manufacturing, Technical and Scientific Products",2025,284800.0,104920.0,119730.0,52600.0,75030.0,158160.0,200440.0
41-4012,"Sales Representatives, Wholesale and Manufacturing, Except Technical and Scientific Products",2025,1238190.0,72080.0,82530.0,39090.0,50470.0,99640.0,137550.0
41-9011,Demonstrators and Product Promoters,2025,64520.0,39320.0,45580.0,31200.0,35160.0,53640.0,63850.0
41-9012,Models,2025,3780.0,48470.0,72800.0,34190.0,35710.0,99320.0,131470.0
41-9021,Real Estate Brokers,2025,46100.0,73220.0,83950.0,37110.0,46480.0,103360.0,143300.0
41-9022,Real Estate Sales Agents,2025,193370.0,52830.0,69510.0,32970.0,40040.0,82020.0,123590.0
41-9031,Sales Engineers,2025,51790.0,124900.0,130140.0,73870.0,92890.0,161230.0,195270.0
41-9041,Telemarketers,2025,58430.0,35450.0,37370.0,27040.0,29640.0,40230.0,50350.0
41-9091,"Door-to-Door Sales Workers, News and Street Vendors, and Related Workers",2025,2760.0,41380.0,43850.0,32010.0,36470.0,47390.0,51470.0
41-9099,"Sales and Related Workers, All Other",2025,93180.0,48280.0,58510.0,29720.0,36860.0,70650.0,97910.0
43-1011,First-Line Supervisors of Office and Administrative Support Workers,2025,1436680.0,69500.0,73490.0,45610.0,55950.0,85090.0,104710.0
43-2011,"Switchboard Operators, Including Answering Service",2025,34280.0,38630.0,42300.0,29990.0,34820.0,46530.0,59470.0
43-2021,Telephone Operators,2025,3430.0,41740.0,44970.0,31510.0,36920.0,51510.0,62950.0
43-2099,"Communications Equipment Operators, All Other",2025,1200.0,54680.0,62130.0,38900.0,46460.0,78470.0,94640.0
43-3011,Bill and Account Collectors,2025,158830.0,47030.0,49060.0,34400.0,39010.0,56740.0,65580.0
43-3021,Billing and Posting Clerks,2025,404060.0,48500.0,51070.0,37290.0,42840.0,58290.0,67710.0
43-3031,"Bookkeeping, Accounting, and Auditing Clerks",2025,1373680.0,50670.0,53560.0,36000.0,43520.0,61470.0,74550.0
43-3041,Gambling Cage Workers,2025,14430.0,37580.0,39510.0,29100.0,34510.0,44680.0,49430.0
43-3051,Payroll and Timekeeping Clerks,2025,153140.0,58260.0,59630.0,39500.0,47990.0,69600.0,81350.0
43-3061,Procurement Clerks,2025,55810.0,50580.0,52370.0,38040.0,43420.0,60080.0,68620.0
43-3071,Tellers,2025,329480.0,43030.0,42350.0,34360.0,37040.0,46580.0,49680.0
43-3099,"Financial Clerks, All Other",2025,36260.0,53830.0,56450.0,40360.0,47510.0,62310.0,76290.0
43-4011,Brokerage Clerks,2025,35940.0,65750.0,72850.0,50260.0,58620.0,79800.0,102010.0
43-4021,Correspondence Clerks,2025,4290.0,46800.0,48090.0,33300.0,38610.0,56090.0,64510.0
43-4031,"Court, Municipal, and License Clerks",2025,179750.0,48700.0,52320.0,36300.0,40810.0,60840.0,73820.0
43-4041,"Credit Authorizers, Checkers, and Clerks",2025,12030.0,50080.0,51420.0,30260.0,40520.0,60860.0,72700.0
43-4051,Customer Service Representatives,2025,2595750.0,44770.0,46590.0,31750.0,36870.0,51780.0,63590.0
43-4061,"Eligibility Interviewers, Government Programs",2025,154800.0,54210.0,56090.0,38900.0,45910.0,63610.0,74690.0
43-4071,File Clerks,2025,73440.0,43600.0,45590.0,31200.0,36420.0,51770.0,63490.0
43-4081,"Hotel, Motel, and Resort Desk Clerks",2025,261420.0,35070.0,35550.0,27120.0,29810.0,38100.0,45470.0
43-4111,"Interviewers, Except Eligibility and Loan",2025,148060.0,45920.0,47240.0,33900.0,38330.0,53090.0,62810.0
43-4121,"Library Assistants, Clerical",2025,85520.0,36910.0,39370.0,27730.0,31820.0,45620.0,55310.0
43-4131,Loan Interviewers and Clerks,2025,164790.0,50020.0,52520.0,37330.0,45120.0,60600.0,69770.0
43-4141,New Accounts Clerks,2025,36860.0,47670.0,49370.0,38180.0,43920.0,55100.0,60910.0
43-4151,Order Clerks,2025,75200.0,46170.0,48220.0,35530.0,39660.0,54310.0,63530.0
43-4161,"Human Resources Assistants, Except Payroll and Timekeeping",2025,90220.0,50610.0,52250.0,37340.0,44030.0,59800.0,68280.0
43-4171,Receptionists and Information Clerks,2025,910180.0,38010.0,39460.0,28760.0,33960.0,45130.0,49950.0
43-4181,Reservation and Transportation Ticket Agents and Travel Clerks,2025,118710.0,44390.0,49630.0,32140.0,37850.0,59640.0,78150.0
43-4199,"Information and Record Clerks, All Other",2025,134920.0,49500.0,51490.0,33870.0,40910.0,59970.0,71420.0
43-5011,Cargo and Freight Agents,2025,97670.0,52260.0,57230.0,38340.0,45710.0,63390.0,79810.0
43-5021,Couriers and Messengers,2025,68640.0,39200.0,40970.0,31550.0,36070.0,45280.0,50330.0
43-5031,Public Safety Telecommunicators,2025,102500.0,53040.0,56740.0,37320.0,45210.0,64260.0,79830.0
43-5032,"Dispatchers, Except Police, Fire, and Ambulance",2025,202810.0,50340.0,54740.0,36030.0,42750.0,62450.0,78140.0
43-5041,"Meter Readers, Utilities",2025,19430.0,48150.0,55380.0,34720.0,39410.0,65750.0,85930.0
43-5051,Postal Service Clerks,2025,73720.0,62130.0,61860.0,42600.0,56740.0,70890.0,75030.0
43-5052,Postal Service Mail Carriers,2025,328820.0,60550.0,62540.0,42390.0,48940.0,81000.0,81040.0
43-5053,"Postal Service Mail Sorters, Processors, and Processing Machine Operators",2025,105200.0,58470.0,59430.0,45530.0,48880.0,75030.0,75280.0
43-5061,"Production, Planning, and Expediting Clerks",2025,390160.0,59650.0,62150.0,40080.0,47820.0,75000.0,86000.0
43-5071,"Shipping, Receiving, and Inventory Clerks",2025,816870.0,45260.0,46810.0,34650.0,38200.0,51570.0,62190.0
43-5111,"Weighers, Measurers, Checkers, and Samplers, Recordkeeping",2025,53300.0,46380.0,47630.0,35290.0,39180.0,54850.0,60910.0
43-6011,Executive Secretaries and Executive Administrative Assistants,2025,459910.0,76590.0,79140.0,50560.0,61390.0,94390.0,109850.0
43-6012,Legal Secretaries and Administrative Assistants,2025,156280.0,55570.0,60620.0,36500.0,44450.0,71970.0,91730.0
43-6013,Medical Secretaries and Administrative Assistants,2025,961610.0,45930.0,46800.0,35930.0,38570.0,50580.0,60530.0
43-6014,"Secretaries and Administrative Assistants, Except Legal, Medical, and Executive",2025,1706790.0,47540.0,49350.0,33280.0,38830.0,58000.0,66350.0
43-9021,Data Entry Keyers,2025,127080.0,41340.0,43310.0,31200.0,35760.0,48410.0,58790.0
43-9022,Word Processors and Typists,2025,35010.0,49280.0,51120.0,36810.0,40800.0,57670.0,65150.0
43-9031,Desktop Publishers,2025,3350.0,55290.0,61970.0,35680.0,43730.0,73840.0,96170.0
43-9041,Insurance Claims and Policy Processing Clerks,2025,214260.0,49230.0,52920.0,37560.0,44270.0,60490.0,73590.0
43-9051,"Mail Clerks and Mail Machine Operators, Except Postal Service",2025,55230.0,39280.0,41650.0,30780.0,35470.0,46450.0,54820.0
43-9061,"Office Clerks, General",2025,2464940.0,45010.0,46420.0,30310.0,36350.0,54300.0,64680.0
43-9071,"Office Machine Operators, Except Computer",2025,25130.0,40960.0,43220.0,31750.0,36090.0,47910.0,57960.0
43-9081,Proofreaders and Copy Markers,2025,4580.0,51120.0,54800.0,34510.0,41170.0,62390.0,79290.0
43-9111,Statistical Assistants,2025,4710.0,50330.0,55650.0,35990.0,42840.0,63950.0,81990.0
43-9199,"Office and Administrative Support Workers, All Other",2025,192260.0,45670.0,48670.0,31090.0,34320.0,58460.0,71940.0
45-1011,"First-Line Supervisors of Farming, Fishing, and Forestry Workers",2025,27960.0,59320.0,62730.0,38990.0,46670.0,75290.0,91770.0
45-2011,Agricultural Inspectors,2025,14410.0,49940.0,54910.0,37020.0,42330.0,64500.0,79580.0
45-2021,Animal Breeders,2025,1330.0,51130.0,57010.0,38480.0,44320.0,62080.0,90550.0
45-2041,"Graders and Sorters, Agricultural Products",2025,25180.0,35730.0,36430.0,29580.0,34320.0,38260.0,44490.0
45-2091,Agricultural Equipment Operators,2025,28500.0,41730.0,43710.0,33500.0,36810.0,48100.0,58650.0
45-2092,"Farmworkers and Laborers, Crop, Nursery, and Greenhouse",2025,265500.0,35660.0,37630.0,32900.0,34320.0,38840.0,45690.0
45-2093,"Farmworkers, Farm, Ranch, and Aquacultural Animals",2025,32810.0,36670.0,39260.0,27360.0,31020.0,45700.0,54080.0
45-2099,"Agricultural Workers, All Other",2025,3620.0,39850.0,45510.0,27760.0,33140.0,53290.0,76940.0
45-4011,Forest and Conservation Workers,2025,6050.0,43680.0,43680.0,33780.0,37440.0,45760.0,57220.0
45-4021,Fallers,2025,3130.0,52100.0,57110.0,35180.0,41360.0,63390.0,82360.0
45-4022,Logging Equipment Operators,2025,21060.0,49740.0,53190.0,35170.0,43970.0,61050.0,74300.0
45-4023,Log Graders and Scalers,2025,3070.0,46330.0,47770.0,34950.0,37780.0,56250.0,62400.0
45-4029,"Logging Workers, All Other",2025,1700.0,50840.0,52910.0,36380.0,41900.0,61450.0,69350.0
47-1011,First-Line Supervisors of Construction Trades and Extraction Workers,2025,812210.0,79920.0,86450.0,53280.0,63400.0,101460.0,128260.0
47-2011,Boilermakers,2025,10190.0,76410.0,80090.0,50490.0,64760.0,95430.0,110370.0
47-2021,Brickmasons and Blockmasons,2025,52550.0,62120.0,68280.0,44820.0,51110.0,79350.0,100010.0
47-2022,Stonemasons,2025,7820.0,57390.0,60710.0,39300.0,45450.0,71630.0,86180.0
47-2031,Carpenters,2025,670090.0,60580.0,65630.0,40410.0,48510.0,76830.0,99910.0
47-2041,Carpet Installers,2025,13780.0,50340.0,56990.0,35450.0,41970.0,66320.0,82140.0
47-2042,"Floor Layers, Except Carpet, Wood, and Hard Tiles",2025,23640.0,56460.0,61760.0,37600.0,45660.0,73840.0,96700.0
47-2043,Floor Sanders and Finishers,2025,3720.0,50440.0,52460.0,37070.0,41600.0,59620.0,70340.0
47-2044,Tile and Stone Setters,2025,35850.0,55690.0,59250.0,37140.0,45200.0,70220.0,86110.0
47-2051,Cement Masons and Concrete Finishers,2025,206170.0,57020.0,60050.0,39190.0,47010.0,66870.0,85480.0
47-2053,Terrazzo Workers and Finishers,2025,1180.0,76170.0,84920.0,46090.0,54830.0,114780.0,126130.0
47-2061,Construction Laborers,2025,1096780.0,47120.0,52030.0,35090.0,38620.0,59740.0,78090.0
47-2071,"Paving, Surfacing, and Tamping Equipment Operators",2025,41820.0,53340.0,59000.0,38230.0,45610.0,64720.0,92230.0
47-2072,Pile Driver Operators,2025,2310.0,73300.0,80710.0,48790.0,58510.0,106430.0,124600.0
47-2073,Operating Engineers and Other Construction Equipment Operators,2025,478090.0,59850.0,66290.0,42190.0,48680.0,77170.0,101090.0
47-2081,Drywall and Ceiling Tile Installers,2025,83080.0,58930.0,63600.0,38460.0,47440.0,74230.0,102010.0
47-2082,Tapers,2025,12840.0,68270.0,72710.0,43670.0,52730.0,88540.0,107110.0
47-2111,Electricians,2025,757220.0,63190.0,71490.0,42640.0,49430.0,83940.0,108510.0
47-2121,Glaziers,2025,58480.0,57080.0,59720.0,37300.0,46320.0,66610.0,89790.0
47-2131,"Insulation Workers, Floor, Ceiling, and Wall",2025,44440.0,49120.0,54740.0,37030.0,43200.0,60980.0,78190.0
47-2132,"Insulation Workers, Mechanical",2025,25660.0,58340.0,65530.0,42470.0,48100.0,77360.0,100220.0
47-2141,"Painters, Construction and Maintenance",2025,225190.0,49400.0,55420.0,37440.0,44640.0,61660.0,78810.0
47-2142,Paperhangers,2025,1570.0,52140.0,53730.0,36020.0,44890.0,60180.0,69050.0
47-2151,Pipelayers,2025,33050.0,49000.0,54700.0,37730.0,43980.0,61400.0,80170.0
47-2152,"Plumbers, Pipefitters, and Steamfitters",2025,465840.0,63800.0,72170.0,44150.0,50190.0,85110.0,108420.0
47-2161,Plasterers and Stucco Masons,2025,19310.0,57660.0,62050.0,39560.0,47970.0,71310.0,96710.0
47-2171,Reinforcing Iron and Rebar Workers,2025,13800.0,58970.0,66060.0,43310.0,47990.0,77320.0,104540.0
47-2181,Roofers,2025,135490.0,55440.0,58140.0,37460.0,46260.0,65390.0,81720.0
47-2211,Sheet Metal Workers,2025,119770.0,61800.0,67850.0,38630.0,47830.0,81610.0,105650.0
47-2221,Structural Iron and Steel Workers,2025,68380.0,62780.0,70280.0,44580.0,49880.0,82660.0,108260.0
47-2231,Solar Photovoltaic Installers,2025,31350.0,53140.0,57900.0,41600.0,46700.0,62870.0,79970.0
47-3011,"Helpers--Brickmasons, Blockmasons, Stonemasons, and Tile and Marble Setters",2025,14170.0,47550.0,50920.0,36230.0,40100.0,57980.0,70080.0
47-3012,Helpers--Carpenters,2025,21680.0,43780.0,44050.0,31660.0,36730.0,49400.0,57670.0
47-3013,Helpers--Electricians,2025,63630.0,42670.0,44080.0,33020.0,36830.0,48470.0,58340.0
47-3014,"Helpers--Painters, Paperhangers, Plasterers, and Stucco Masons",2025,7490.0,40470.0,42440.0,31200.0,36830.0,49090.0,52000.0
47-3015,"Helpers--Pipelayers, Plumbers, Pipefitters, and Steamfitters",2025,44330.0,42360.0,43730.0,33590.0,36940.0,47720.0,57780.0
47-3016,Helpers--Roofers,2025,6030.0,44160.0,45150.0,30140.0,37030.0,48970.0,62400.0
47-3019,"Helpers, Construction Trades, All Other",2025,24770.0,42670.0,45140.0,32900.0,37030.0,48880.0,60080.0
47-4011,Construction and Building Inspectors,2025,146720.0,74690.0,77730.0,47140.0,58860.0,94710.0,114200.0
47-4021,Elevator and Escalator Installers and Repairers,2025,23790.0,109910.0,109820.0,59270.0,79290.0,135720.0,158890.0
47-4031,Fence Erectors,2025,24480.0,47980.0,50530.0,35810.0,40400.0,58610.0,70010.0
47-4041,Hazardous Materials Removal Workers,2025,51710.0,49450.0,56430.0,38460.0,44720.0,61530.0,82410.0
47-4051,Highway Maintenance Workers,2025,154960.0,50260.0,53080.0,36230.0,43500.0,61040.0,71970.0
47-4061,Rail-Track Laying and Maintenance Equipment Operators,2025,19580.0,70070.0,68740.0,45640.0,51280.0,81670.0,87420.0
47-4071,Septic Tank Servicers and Sewer Pipe Cleaners,2025,30650.0,49880.0,53500.0,37040.0,43530.0,61060.0,73490.0
47-4090,Miscellaneous Construction and Related Workers,2025,28380.0,49910.0,55130.0,36510.0,42810.0,62440.0,78700.0
47-5011,"Derrick Operators, Oil and Gas",2025,10590.0,58620.0,60210.0,43380.0,49880.0,71610.0,81800.0
47-5012,"Rotary Drill Operators, Oil and Gas",2025,12600.0,67890.0,72130.0,47010.0,53810.0,81360.0,101860.0
47-5013,"Service Unit Operators, Oil and Gas",2025,43140.0,58160.0,62470.0,38940.0,47480.0,73230.0,97560.0
47-5022,"Excavating and Loading Machine and Dragline Operators, Surface Mining",2025,34480.0,57430.0,59930.0,41600.0,47890.0,65730.0,82400.0
47-5023,"Earth Drillers, Except Oil and Gas",2025,19450.0,60190.0,62830.0,44460.0,49900.0,72450.0,83800.0
47-5032,"Explosives Workers, Ordnance Handling Experts, and Blasters",2025,5100.0,61390.0,66640.0,40480.0,49630.0,80370.0,99360.0
47-5041,Continuous Mining Machine Operators,2025,14000.0,61810.0,65050.0,46770.0,51610.0,77570.0,86210.0
47-5043,"Roof Bolters, Mining",2025,2160.0,78540.0,78100.0,63750.0,71390.0,81860.0,92830.0
47-5044,"Loading and Moving Machine Operators, Underground Mining",2025,5930.0,74500.0,71240.0,52030.0,61410.0,79150.0,87730.0
47-5049,"Underground Mining Machine Operators, All Other",2025,3180.0,70130.0,69860.0,49020.0,51670.0,83120.0,85010.0
47-5051,"Rock Splitters, Quarry",2025,3320.0,48740.0,51500.0,37340.0,42670.0,60030.0,67710.0
47-5071,"Roustabouts, Oil and Gas",2025,44970.0,46960.0,49200.0,36420.0,38850.0,58120.0,64530.0
47-5081,Helpers--Extraction Workers,2025,6700.0,47730.0,50620.0,36960.0,41430.0,57920.0,68020.0
47-5099,"Extraction Workers, All Other",2025,5540.0,57010.0,57890.0,37530.0,44370.0,65380.0,82160.0
49-1011,"First-Line Supervisors of Mechanics, Installers, and Repairers",2025,617500.0,79860.0,85220.0,49600.0,62690.0,101360.0,126790.0
49-2011,"Computer, Automated Teller, and Office Machine Repairers",2025,65600.0,47810.0,50880.0,35910.0,38900.0,59870.0,71730.0
49-2021,"Radio, Cellular, and Tower Equipment Installers and Repairers",2025,11140.0,63520.0,69870.0,44460.0,50580.0,82370.0,103990.0
49-2022,"Telecommunications Equipment Installers and Repairers, Except Line Installers",2025,140920.0,63890.0,68500.0,44240.0,51830.0,81690.0,96730.0
49-2091,Avionics Technicians,2025,18830.0,82280.0,83380.0,49410.0,63900.0,99110.0,113680.0
49-2092,"Electric Motor, Power Tool, and Related Repairers",2025,14450.0,56210.0,58610.0,37100.0,45190.0,69090.0,85200.0
49-2093,"Electrical and Electronics Installers and Repairers, Transportation Equipment",2025,6940.0,84890.0,83300.0,50750.0,63560.0,98850.0,116810.0
49-2094,"Electrical and Electronics Repairers, Commercial and Industrial Equipment",2025,65010.0,74090.0,75570.0,46840.0,60040.0,88710.0,105590.0
49-2095,"Electrical and Electronics Repairers, Powerhouse, Substation, and Relay",2025,20720.0,103020.0,100760.0,65730.0,81860.0,118870.0,129920.0
49-2096,"Electronic Equipment Installers and Repairers, Motor Vehicles",2025,8550.0,48420.0,51560.0,35590.0,43310.0,58500.0,70170.0
49-2097,Audiovisual Equipment Installers and Repairers,2025,19780.0,52600.0,57930.0,36760.0,44490.0,67300.0,84190.0
49-2098,Security and Fire Alarm Systems Installers,2025,86340.0,60070.0,60960.0,38800.0,47820.0,73690.0,81150.0
49-3011,Aircraft Mechanics and Service Technicians,2025,138090.0,79870.0,84740.0,48780.0,62630.0,99130.0,128890.0
49-3021,Automotive Body and Related Repairers,2025,149310.0,54890.0,59690.0,36910.0,45750.0,69200.0,87940.0
49-3022,Automotive Glass Installers and Repairers,2025,20310.0,47630.0,50430.0,35390.0,40110.0,59550.0,70650.0
49-3023,Automotive Service Technicians and Mechanics,2025,704640.0,50620.0,56420.0,34660.0,38900.0,70430.0,81790.0
49-3031,Bus and Truck Mechanics and Diesel Engine Specialists,2025,289960.0,61770.0,64320.0,44530.0,50540.0,75470.0,88740.0
49-3041,Farm Equipment Mechanics and Service Technicians,2025,37870.0,56550.0,57290.0,37470.0,46450.0,65580.0,78740.0
49-3042,"Mobile Heavy Equipment Mechanics, Except Engines",2025,176600.0,65510.0,69240.0,46820.0,56970.0,79270.0,94460.0
49-3043,Rail Car Repairers,2025,21350.0,67530.0,70680.0,46800.0,54520.0,84570.0,95100.0
49-3051,Motorboat Mechanics and Service Technicians,2025,23220.0,57550.0,58070.0,36950.0,46750.0,66620.0,79330.0
49-3052,Motorcycle Mechanics,2025,13510.0,48580.0,52370.0,34770.0,39550.0,61510.0,74400.0
49-3053,Outdoor Power Equipment and Other Small Engine Mechanics,2025,36060.0,47880.0,49990.0,34670.0,40670.0,58560.0,67260.0
49-3091,Bicycle Repairers,2025,12170.0,42780.0,42730.0,31220.0,36360.0,48020.0,55000.0
49-3092,Recreational Vehicle Service Technicians,2025,17430.0,52000.0,56440.0,36120.0,44920.0,63890.0,77960.0
49-3093,Tire Repairers and Changers,2025,108410.0,37710.0,40170.0,30010.0,34690.0,45300.0,50230.0
49-9011,Mechanical Door Repairers,2025,27120.0,55720.0,57540.0,38490.0,46610.0,65630.0,78260.0
49-9012,"Control and Valve Installers and Repairers, Except Mechanical Door",2025,48240.0,74340.0,76210.0,45910.0,54950.0,97120.0,112500.0
49-9021,"Heating, Air Conditioning, and Refrigeration Mechanics and Installers",2025,409670.0,61010.0,64780.0,40050.0,48360.0,77060.0,95210.0
49-9031,Home Appliance Repairers,2025,32150.0,50990.0,56040.0,36190.0,43780.0,63390.0,80660.0
49-9041,Industrial Machinery Mechanics,2025,439640.0,64520.0,68460.0,46120.0,55010.0,78780.0,95170.0
49-9043,"Maintenance Workers, Machinery",2025,60020.0,60850.0,64610.0,42000.0,48920.0,75200.0,88550.0
49-9044,Millwrights,2025,40330.0,65700.0,69780.0,46290.0,56390.0,81500.0,93600.0
49-9045,"Refractory Materials Repairers, Except Brickmasons",2025,1080.0,61290.0,63770.0,40590.0,50050.0,75000.0,86510.0
49-9051,Electrical Power-Line Installers and Repairers,2025,131070.0,95320.0,91970.0,51470.0,67270.0,109740.0,128690.0
49-9052,Telecommunications Line Installers and Repairers,2025,97720.0,74330.0,73940.0,45310.0,54310.0,95850.0,103680.0
49-9061,Camera and Photographic Equipment Repairers,2025,1650.0,52720.0,56040.0,34320.0,41630.0,66070.0,83940.0
49-9062,Medical Equipment Repairers,2025,65990.0,61660.0,65930.0,38490.0,47470.0,78500.0,98280.0
49-9063,Musical Instrument Repairers and Tuners,2025,5380.0,46420.0,49960.0,31220.0,37670.0,58430.0,71600.0
49-9064,Watch and Clock Repairers,2025,1310.0,67230.0,70840.0,34240.0,47650.0,91490.0,109990.0
49-9069,"Precision Instrument and Equipment Repairers, All Other",2025,9400.0,68990.0,71180.0,40140.0,51070.0,84390.0,102990.0
49-9071,"Maintenance and Repair Workers, General",2025,1529700.0,49590.0,53780.0,35350.0,40840.0,62620.0,77180.0
49-9081,Wind Turbine Service Technicians,2025,9980.0,64120.0,68980.0,49230.0,58840.0,78010.0,92460.0
49-9091,"Coin, Vending, and Amusement Machine Servicers and Repairers",2025,26410.0,47450.0,49770.0,34320.0,39760.0,58110.0,66370.0
49-9092,Commercial Divers,2025,3450.0,72990.0,88320.0,43330.0,54810.0,101550.0,157790.0
49-9094,Locksmiths and Safe Repairers,2025,15040.0,51320.0,55470.0,35530.0,43160.0,64560.0,79400.0
49-9095,Manufactured Building and Mobile Home Installers,2025,3020.0,45990.0,45410.0,27120.0,35800.0,51970.0,60810.0
49-9096,Riggers,2025,22530.0,62640.0,66810.0,40680.0,48210.0,80180.0,97850.0
49-9097,Signal and Track Switch Repairers,2025,8720.0,92460.0,90410.0,62610.0,79720.0,99320.0,119550.0
49-9098,"Helpers--Installation, Maintenance, and Repair Workers",2025,95580.0,39630.0,41490.0,29310.0,34910.0,46890.0,55890.0
49-9099,"Installation, Maintenance, and Repair Workers, All Other",2025,176300.0,49230.0,53850.0,36080.0,42170.0,61900.0,77040.0
51-1011,First-Line Supervisors of Production and Operating Workers,2025,673430.0,74450.0,76600.0,47130.0,58630.0,91680.0,108750.0
51-2011,"Aircraft Structure, Surfaces, Rigging, and Systems Assemblers",2025,34020.0,65380.0,71420.0,47310.0,58600.0,83410.0,107500.0
51-2021,"Coil Winders, Tapers, and Finishers",2025,12840.0,48220.0,50470.0,37540.0,42050.0,58770.0,63300.0
51-2028,"Electrical, Electronic, and Electromechanical Assemblers, Except Coil Winders, Tapers, and Finishers",2025,246970.0,45850.0,47660.0,35350.0,38380.0,51670.0,62950.0
51-2031,Engine and Other Machine Assemblers,2025,34000.0,53710.0,57790.0,38500.0,45230.0,74920.0,77750.0
51-2041,Structural Metal Fabricators and Fitters,2025,52360.0,51330.0,54030.0,37960.0,45610.0,61250.0,72280.0
51-2051,Fiberglass Laminators and Fabricators,2025,16170.0,46880.0,49550.0,36910.0,39430.0,54490.0,63760.0
51-2061,Timing Device Assemblers and Adjusters,2025,250.0,62620.0,56720.0,27880.0,29040.0,72740.0,78270.0
51-2090,Miscellaneous Assemblers and Fabricators,2025,1405030.0,44650.0,46660.0,33280.0,37380.0,51200.0,64880.0
51-3011,Bakers,2025,236200.0,37160.0,38480.0,28120.0,32660.0,44360.0,49020.0
51-3021,Butchers and Meat Cutters,2025,136430.0,40140.0,42380.0,29460.0,35510.0,48050.0,58110.0
51-3022,"Meat, Poultry, and Fish Cutters and Trimmers",2025,145700.0,38300.0,39280.0,29980.0,35350.0,44170.0,48150.0
51-3023,Slaughterers and Meat Packers,2025,69950.0,40130.0,41770.0,33340.0,36150.0,46870.0,51090.0
51-3091,"Food and Tobacco Roasting, Baking, and Drying Machine Operators and Tenders",2025,20370.0,44810.0,45930.0,33250.0,37540.0,50680.0,62680.0
51-3092,Food Batchmakers,2025,174520.0,42290.0,43750.0,31990.0,36350.0,49670.0,58940.0
51-3093,Food Cooking Machine Operators and Tenders,2025,31250.0,41590.0,42570.0,31680.0,36190.0,47380.0,54410.0
51-3099,"Food Processing Workers, All Other",2025,65000.0,39680.0,40300.0,32210.0,36410.0,44130.0,47950.0
51-4021,"Extruding and Drawing Machine Setters, Operators, and Tenders, Metal and Plastic",2025,60840.0,47720.0,49480.0,36700.0,40450.0,56840.0,63710.0
51-4022,"Forging Machine Setters, Operators, and Tenders, Metal and Plastic",2025,8930.0,49030.0,51680.0,36800.0,42440.0,60130.0,68720.0
51-4023,"Rolling Machine Setters, Operators, and Tenders, Metal and Plastic",2025,25250.0,50140.0,53220.0,37690.0,44020.0,61880.0,70310.0
51-4031,"Cutting, Punching, and Press Machine Setters, Operators, and Tenders, Metal and Plastic",2025,171200.0,46330.0,48430.0,35760.0,38870.0,55410.0,65510.0
51-4032,"Drilling and Boring Machine Tool Setters, Operators, and Tenders, Metal and Plastic",2025,4680.0,49080.0,51810.0,36300.0,41710.0,57940.0,68410.0
51-4033,"Grinding, Lapping, Polishing, and Buffing Machine Tool Setters, Operators, and Tenders, Metal and Plastic",2025,67000.0,46550.0,48170.0,36110.0,39390.0,54290.0,62600.0
51-4034,"Lathe and Turning Machine Tool Setters, Operators, and Tenders, Metal and Plastic",2025,16710.0,50620.0,52490.0,36670.0,43250.0,60700.0,69700.0
51-4035,"Milling and Planing Machine Setters, Operators, and Tenders, Metal and Plastic",2025,12460.0,52800.0,56740.0,37840.0,45210.0,64900.0,81030.0
51-4041,Machinists,2025,287050.0,58750.0,59320.0,39200.0,47570.0,67700.0,80010.0
51-4051,Metal-Refining Furnace Operators and Tenders,2025,16780.0,54430.0,55490.0,39200.0,46080.0,62810.0,74470.0
51-4052,"Pourers and Casters, Metal",2025,4560.0,51810.0,54290.0,38480.0,45190.0,61700.0,72040.0
51-4061,"Model Makers, Metal and Plastic",2025,2610.0,63340.0,68570.0,39760.0,47360.0,86740.0,99010.0
51-4062,"Patternmakers, Metal and Plastic",2025,1470.0,58000.0,60610.0,42460.0,49070.0,69960.0,82590.0
51-4071,Foundry Mold and Coremakers,2025,12790.0,48110.0,49860.0,37160.0,41870.0,57350.0,62640.0
51-4072,"Molding, Coremaking, and Casting Machine Setters, Operators, and Tenders, Metal and Plastic",2025,150470.0,44350.0,45960.0,34170.0,37270.0,51020.0,61600.0
51-4081,"Multiple Machine Tool Setters, Operators, and Tenders, Metal and Plastic",2025,124590.0,47180.0,50030.0,35780.0,39420.0,57800.0,74450.0
51-4111,Tool and Die Makers,2025,56930.0,64050.0,66860.0,44680.0,51490.0,78770.0,92680.0
51-4121,"Welders, Cutters, Solderers, and Brazers",2025,416210.0,53750.0,56760.0,39240.0,46790.0,63010.0,77530.0
51-4122,"Welding, Soldering, and Brazing Machine Setters, Operators, and Tenders",2025,31600.0,47920.0,50220.0,36860.0,40560.0,57390.0,66540.0
51-4191,"Heat Treating Equipment Setters, Operators, and Tenders, Metal and Plastic",2025,14000.0,48750.0,50450.0,35180.0,40660.0,58400.0,66350.0
51-4192,"Layout Workers, Metal and Plastic",2025,5970.0,63870.0,66520.0,39980.0,50910.0,79470.0,93860.0
51-4193,"Plating Machine Setters, Operators, and Tenders, Metal and Plastic",2025,32410.0,43960.0,45100.0,33790.0,37260.0,49600.0,60370.0
51-4194,"Tool Grinders, Filers, and Sharpeners",2025,5600.0,50060.0,53240.0,35350.0,40800.0,62150.0,77170.0
51-4199,"Metal Workers and Plastic Workers, All Other",2025,15900.0,45950.0,48580.0,35350.0,39190.0,54100.0,65510.0
51-5111,Prepress Technicians and Workers,2025,23840.0,48690.0,50800.0,35810.0,40930.0,58580.0,66080.0
51-5112,Printing Press Operators,2025,144260.0,45780.0,47360.0,33330.0,37390.0,55740.0,63520.0
51-5113,Print Binding and Finishing Workers,2025,33180.0,42290.0,44460.0,32220.0,36910.0,49130.0,59150.0
51-6011,Laundry and Dry-Cleaning Workers,2025,198040.0,34890.0,34920.0,27440.0,30360.0,37560.0,43190.0
51-6021,"Pressers, Textile, Garment, and Related Materials",2025,26120.0,35060.0,34640.0,27180.0,29870.0,37940.0,43050.0
51-6031,Sewing Machine Operators,2025,104880.0,36670.0,37600.0,27860.0,31960.0,42830.0,47840.0
51-6041,Shoe and Leather Workers and Repairers,2025,7450.0,37800.0,39160.0,28210.0,31270.0,45670.0,52550.0
51-6042,Shoe Machine Operators and Tenders,2025,3280.0,35650.0,36280.0,26560.0,29090.0,43090.0,47700.0
51-6051,"Sewers, Hand",2025,2190.0,36480.0,37210.0,27680.0,33330.0,40720.0,47570.0
51-6052,"Tailors, Dressmakers, and Custom Sewers",2025,13920.0,41640.0,45140.0,29920.0,35230.0,50200.0,63670.0
51-6061,Textile Bleaching and Dyeing Machine Operators and Tenders,2025,5310.0,38180.0,40380.0,30300.0,35680.0,45280.0,48100.0
51-6062,"Textile Cutting Machine Setters, Operators, and Tenders",2025,9000.0,38760.0,39530.0,28650.0,34230.0,45220.0,49420.0
51-6063,"Textile Knitting and Weaving Machine Setters, Operators, and Tenders",2025,13030.0,39530.0,40720.0,29960.0,36390.0,45220.0,49130.0
51-6064,"Textile Winding, Twisting, and Drawing Out Machine Setters, Operators, and Tenders",2025,22020.0,38670.0,40120.0,31790.0,36420.0,42940.0,49420.0
51-6091,"Extruding and Forming Machine Setters, Operators, and Tenders, Synthetic and Glass Fibers",2025,12850.0,46350.0,48580.0,35890.0,39360.0,57280.0,63910.0
51-6092,Fabric and Apparel Patternmakers,2025,2950.0,62750.0,71420.0,33790.0,42620.0,93930.0,123540.0
51-6093,Upholsterers,2025,20140.0,46340.0,47340.0,31690.0,37340.0,54580.0,63770.0
51-6099,"Textile, Apparel, and Furnishings Workers, All Other",2025,13530.0,37280.0,40560.0,31270.0,34320.0,44620.0,52730.0
51-7011,Cabinetmakers and Bench Carpenters,2025,77170.0,46680.0,48290.0,35650.0,38830.0,55760.0,63720.0
51-7021,Furniture Finishers,2025,14480.0,44540.0,45300.0,32160.0,37670.0,49730.0,61020.0
51-7031,"Model Makers, Wood",2025,280.0,56550.0,63670.0,34800.0,37660.0,87150.0,98050.0
51-7032,"Patternmakers, Wood",2025,220.0,49630.0,54240.0,37600.0,41170.0,59350.0,83780.0
51-7041,"Sawing Machine Setters, Operators, and Tenders, Wood",2025,40850.0,42770.0,43580.0,30890.0,36510.0,48620.0,58170.0
51-7042,"Woodworking Machine Setters, Operators, and Tenders, Except Sawing",2025,61420.0,43380.0,43570.0,32110.0,37100.0,48720.0,56830.0
51-7099,"Woodworkers, All Other",2025,5490.0,44530.0,46070.0,30510.0,36320.0,55180.0,64150.0
51-8011,Nuclear Power Reactor Operators,2025,5150.0,122890.0,121380.0,98640.0,109440.0,130490.0,149310.0
51-8012,Power Distributors and Dispatchers,2025,8520.0,106730.0,111320.0,72440.0,90200.0,130940.0,154270.0
51-8013,Power Plant Operators,2025,29320.0,102040.0,99790.0,61790.0,79690.0,119080.0,131940.0
51-8021,Stationary Engineers and Boiler Operators,2025,28250.0,78620.0,83960.0,50590.0,63160.0,101150.0,125390.0
51-8031,Water and Wastewater Treatment Plant and System Operators,2025,128490.0,60020.0,62540.0,39110.0,48040.0,74780.0,91060.0
51-8091,Chemical Plant and System Operators,2025,16610.0,78120.0,79970.0,48400.0,60330.0,98660.0,111930.0
51-8092,Gas Plant Operators,2025,18030.0,87820.0,88710.0,61350.0,76870.0,100870.0,115520.0
51-8093,"Petroleum Pump System Operators, Refinery Operators, and Gaugers",2025,33160.0,96710.0,90630.0,57110.0,77510.0,106320.0,115880.0
51-8099,"Plant and System Operators, All Other",2025,14080.0,62470.0,65700.0,40700.0,48900.0,78480.0,94560.0
51-9011,Chemical Equipment Operators and Tenders,2025,139630.0,58040.0,60710.0,37440.0,45970.0,74080.0,92250.0
51-9012,"Separating, Filtering, Clarifying, Precipitating, and Still Machine Setters, Operators, and Tenders",2025,60100.0,51610.0,56030.0,36200.0,44410.0,63930.0,79750.0
51-9021,"Crushing, Grinding, and Polishing Machine Setters, Operators, and Tenders",2025,26000.0,48540.0,51380.0,36520.0,40430.0,60040.0,69240.0
51-9022,"Grinding and Polishing Workers, Hand",2025,10510.0,42660.0,45020.0,33480.0,37450.0,49980.0,60810.0
51-9023,"Mixing and Blending Machine Setters, Operators, and Tenders",2025,94920.0,48990.0,52090.0,36790.0,42850.0,59860.0,70200.0
51-9031,"Cutters and Trimmers, Hand",2025,6060.0,38020.0,41050.0,26630.0,34050.0,47850.0,57870.0
51-9032,"Cutting and Slicing Machine Setters, Operators, and Tenders",2025,44980.0,46570.0,47460.0,35930.0,39440.0,53800.0,61120.0
51-9041,"Extruding, Forming, Pressing, and Compacting Machine Setters, Operators, and Tenders",2025,58770.0,45760.0,47260.0,34630.0,38360.0,52580.0,63450.0
51-9051,"Furnace, Kiln, Oven, Drier, and Kettle Operators and Tenders",2025,14280.0,48040.0,50940.0,35960.0,41130.0,59830.0,69800.0
51-9061,"Inspectors, Testers, Sorters, Samplers, and Weighers",2025,597370.0,48570.0,53450.0,35510.0,39890.0,61440.0,77860.0
51-9071,Jewelers and Precious Stone and Metal Workers,2025,22440.0,52540.0,57960.0,35580.0,39520.0,69810.0,87540.0
51-9081,Dental Laboratory Technicians,2025,34410.0,49610.0,54290.0,36660.0,40420.0,62070.0,76940.0
51-9082,Medical Appliance Technicians,2025,11280.0,48030.0,52730.0,36510.0,42210.0,60580.0,75740.0
51-9083,Ophthalmic Laboratory Technicians,2025,18660.0,39460.0,43190.0,33530.0,36470.0,47010.0,57380.0
51-9111,Packaging and Filling Machine Operators and Tenders,2025,379060.0,43220.0,44590.0,33390.0,36850.0,49070.0,60030.0
51-9123,"Painting, Coating, and Decorating Workers",2025,7940.0,41600.0,45210.0,31470.0,37030.0,50360.0,60820.0
51-9124,"Coating, Painting, and Spraying Machine Setters, Operators, and Tenders",2025,158740.0,48250.0,52620.0,36260.0,40590.0,59680.0,74730.0
51-9141,Semiconductor Processing Technicians,2025,31460.0,51430.0,60180.0,37690.0,45640.0,65010.0,82540.0
51-9151,Photographic Process Workers and Processing Machine Operators,2025,4800.0,40610.0,46050.0,30090.0,35170.0,50150.0,68800.0
51-9161,Computer Numerically Controlled Tool Operators,2025,169450.0,50690.0,54320.0,38140.0,44930.0,61760.0,73890.0
51-9162,Computer Numerically Controlled Tool Programmers,2025,28500.0,68120.0,72210.0,47530.0,58270.0,81890.0,100320.0
51-9191,Adhesive Bonding Machine Operators and Tenders,2025,11500.0,46460.0,46850.0,31460.0,37220.0,53610.0,60810.0
51-9192,"Cleaning, Washing, and Metal Pickling Equipment Operators and Tenders",2025,14760.0,43530.0,44600.0,33790.0,37310.0,49320.0,58570.0
51-9193,Cooling and Freezing Equipment Operators and Tenders,2025,6900.0,41330.0,44940.0,33430.0,36380.0,49550.0,62340.0
51-9194,Etchers and Engravers,2025,7750.0,43310.0,46320.0,32210.0,37400.0,53050.0,63360.0
51-9195,"Molders, Shapers, and Casters, Except Metal and Plastic",2025,33190.0,46170.0,47500.0,35850.0,39280.0,53000.0,61530.0
51-9196,"Paper Goods Machine Setters, Operators, and Tenders",2025,96130.0,50270.0,52840.0,37300.0,44920.0,60180.0,70320.0
51-9197,Tire Builders,2025,20770.0,57390.0,57160.0,40150.0,47900.0,64380.0,74680.0
51-9198,Helpers--Production Workers,2025,165700.0,39070.0,41120.0,31140.0,35220.0,45990.0,53410.0
51-9199,"Production Workers, All Other",2025,251700.0,40110.0,44380.0,31200.0,36030.0,49010.0,61530.0
53-1041,Aircraft Cargo Handling Supervisors,2025,9760.0,58170.0,65010.0,41690.0,49820.0,78530.0,92160.0
53-1047,"First-Line Supervisors of Transportation and Material Moving Workers, Except Aircraft Cargo Handling Supervisors",2025,623640.0,62890.0,66860.0,43360.0,50070.0,78160.0,96150.0
53-2011,"Airline Pilots, Copilots, and Flight Engineers",2025,103560.0,232140.0,288650.0,106710.0,182280.0,384440.0,463830.0
53-2012,Commercial Pilots,2025,47630.0,123220.0,146080.0,58850.0,84540.0,190440.0,266620.0
53-2021,Air Traffic Controllers,2025,22510.0,148080.0,146490.0,78420.0,104520.0,190570.0,215610.0
53-2022,Airfield Operations Specialists,2025,15190.0,56850.0,63610.0,35870.0,42000.0,77340.0,102120.0
53-2031,Flight Attendants,2025,131650.0,63580.0,77440.0,35110.0,51760.0,95640.0,136430.0
53-3011,"Ambulance Drivers and Attendants, Except Emergency Medical Technicians",2025,12630.0,35450.0,36210.0,27350.0,30750.0,38410.0,45960.0
53-3031,Driver/Sales Workers,2025,409180.0,38770.0,40730.0,22590.0,30200.0,49000.0,59980.0
53-3032,Heavy and Tractor-Trailer Truck Drivers,2025,2062040.0,58640.0,59710.0,40140.0,47960.0,69120.0,79380.0
53-3033,Light Truck Drivers,2025,983300.0,44860.0,48770.0,30800.0,37270.0,52310.0,80310.0
53-3051,"Bus Drivers, School",2025,402930.0,47920.0,48430.0,29240.0,38650.0,58430.0,65730.0
53-3052,"Bus Drivers, Transit and Intercity",2025,159240.0,59050.0,60280.0,40030.0,47530.0,70700.0,84700.0
53-3053,Shuttle Drivers and Chauffeurs,2025,248530.0,37290.0,39880.0,28090.0,32710.0,45700.0,55070.0
53-3054,Taxi Drivers,2025,41050.0,42100.0,49930.0,34650.0,37790.0,60960.0,75800.0
53-3099,"Motor Vehicle Operators, All Other",2025,46880.0,37180.0,42430.0,26540.0,31220.0,48980.0,66500.0
53-4011,Locomotive Engineers,2025,33470.0,81410.0,85900.0,60680.0,75190.0,93260.0,109220.0
53-4013,"Rail Yard Engineers, Dinkey Operators, and Hostlers",2025,3920.0,60600.0,68450.0,44540.0,52780.0,80360.0,100270.0
53-4022,"Railroad Brake, Signal, and Switch Operators and Locomotive Firers",2025,12400.0,68840.0,69030.0,45660.0,57820.0,76590.0,86590.0
53-4031,Railroad Conductors and Yardmasters,2025,46440.0,78000.0,79100.0,58740.0,65610.0,83820.0,109770.0
53-4041,Subway and Streetcar Operators,2025,10200.0,86380.0,77170.0,55180.0,61980.0,90140.0,90140.0
53-4099,"Rail Transportation Workers, All Other",2025,1120.0,56360.0,60140.0,40080.0,47570.0,74090.0,83190.0
53-5011,Sailors and Marine Oilers,2025,31670.0,51520.0,56830.0,34560.0,41430.0,67590.0,83620.0
53-5021,"Captains, Mates, and Pilots of Water Vessels",2025,36850.0,92460.0,103720.0,47420.0,63880.0,127180.0,170640.0
53-5022,Motorboat Operators,2025,2480.0,47520.0,56270.0,34510.0,42760.0,69010.0,84530.0
53-5031,Ship Engineers,2025,8400.0,109530.0,111790.0,57870.0,82130.0,135760.0,165490.0
53-6011,Bridge and Lock Tenders,2025,3040.0,57700.0,55370.0,28090.0,38640.0,69620.0,75360.0
53-6021,Parking Attendants,2025,137880.0,35150.0,34990.0,27040.0,29960.0,37670.0,44550.0
53-6031,Automotive and Watercraft Service Attendants,2025,102010.0,35670.0,36780.0,28630.0,31300.0,39320.0,46060.0
53-6032,Aircraft Service Attendants,2025,31300.0,40450.0,43330.0,33830.0,35740.0,46830.0,57610.0
53-6041,Traffic Technicians,2025,7860.0,59090.0,62050.0,39090.0,46440.0,75850.0,85130.0
53-6051,Transportation Inspectors,2025,24500.0,92100.0,88540.0,40330.0,58780.0,108890.0,138670.0
53-6061,Passenger Attendants,2025,27110.0,37720.0,37820.0,27970.0,31240.0,41680.0,46590.0
53-6099,"Transportation Workers, All Other",2025,13550.0,45650.0,50890.0,33080.0,38240.0,60400.0,79540.0
53-7011,Conveyor Operators and Tenders,2025,22930.0,42420.0,45080.0,36180.0,38180.0,48530.0,59470.0
53-7021,Crane and Tower Operators,2025,42890.0,68080.0,72130.0,42640.0,52600.0,83200.0,103570.0
53-7031,Dredge Operators,2025,1040.0,49640.0,56120.0,41080.0,46430.0,62070.0,74140.0
53-7041,Hoist and Winch Operators,2025,2600.0,56450.0,67710.0,35640.0,42690.0,94350.0,118210.0
53-7051,Industrial Truck and Tractor Operators,2025,774420.0,46420.0,48370.0,36840.0,40030.0,54770.0,62520.0
53-7061,Cleaners of Vehicles and Equipment,2025,380430.0,35830.0,36980.0,27380.0,30420.0,41040.0,47610.0
53-7062,"Laborers and Freight, Stock, and Material Movers, Hand",2025,2950280.0,40240.0,42260.0,31270.0,36090.0,46920.0,55140.0
53-7063,Machine Feeders and Offbearers,2025,42330.0,41220.0,43660.0,32220.0,36420.0,48480.0,58160.0
53-7064,"Packers and Packagers, Hand",2025,559820.0,36280.0,37540.0,27890.0,32220.0,43060.0,47100.0
53-7065,Stockers and Order Fillers,2025,2833810.0,37330.0,39540.0,30110.0,34450.0,44650.0,49260.0
53-7071,Gas Compressor and Gas Pumping Station Operators,2025,3510.0,77320.0,74610.0,46180.0,58580.0,91020.0,99510.0
53-7072,"Pump Operators, Except Wellhead Pumpers",2025,9780.0,61770.0,63960.0,39420.0,47560.0,77210.0,91820.0
53-7073,Wellhead Pumpers,2025,17990.0,69960.0,70370.0,44100.0,52330.0,82200.0,98170.0
53-7081,Refuse and Recyclable Material Collectors,2025,147240.0,49690.0,52820.0,33590.0,39080.0,62020.0,75900.0
53-7121,"Tank Car, Truck, and Ship Loaders",2025,10700.0,58870.0,59970.0,39460.0,46300.0,70060.0,83160.0
53-7199,"Material Moving Workers, All Other",2025,23480.0,41800.0,45640.0,34330.0,36600.0,50220.0,62820.0
